ACC,ENTRY,ENS,SPEC,COUNT,InParanoid,InParanoidCore,OMA_Groups,OMA_Pairs,PANTHER8_LDO,RBH,RSD,Orthoinspector,Hieranoid_2,EnsemblCompara_v2,PANTHER8_all,Metaphors,PhylomeDB,EggNOG
Q8RGU9,Q8RGU9_FUSNN,nan,FUSNN,12.0,1,1,1,1,1,,1,,1,1,1,1,1,1
A6V4W6,A6V4W6_PSEA7,nan,PSEA7,5.0,1,1,,,,,1,,1,,,1,,
P72763,P72763_SYNY3,nan,SYNY3,4.0,1,,,1,,,1,,1,,,,,
Q748V5,Q748V5_GEOSL,nan,GEOSL,4.0,1,1,,,,,,,1,,,,1,
A2DGU5,A2DGU5_TRIVA,nan,TRIVA,3.0,,,,,,,,,1,1,,,1,
Q9VQI1,Q9VQI1_DROME,nan,DROME,3.0,1,,,1,,,,,,,,1,,
A2F1T3,A2F1T3_TRIVA,nan,TRIVA,3.0,,,,,,,,,1,1,,,1,
A2DBB9,A2DBB9_TRIVA,nan,TRIVA,3.0,,,,,,,,,1,1,,,1,
A2EXK8,A2EXK8_TRIVA,nan,TRIVA,3.0,,,,,,,,,1,1,,,1,
Q9LYA6,Q9LYA6_ARATH,nan,ARATH,3.0,1,1,,,,,1,,,,,,,
A2H1V6,A2H1V6_TRIVA,nan,TRIVA,3.0,,,,,,,,,1,1,,,1,
A2EPA2,A2EPA2_TRIVA,nan,TRIVA,3.0,,,,,,,,,1,1,,,1,
A2DFF3,A2DFF3_TRIVA,nan,TRIVA,3.0,,,,,,,,,1,1,,,1,
Q8F6E9,Q8F6E9_LEPIN,nan,LEPIN,3.0,,,,,,,1,,1,,,,1,
Q8BXZ6,Q8BXZ6_MOUSE,nan,MOUSE,3.0,1,,,,,,,,,,,,1,1
A2EFP9,A2EFP9_TRIVA,nan,TRIVA,3.0,,,,,,,,,1,1,,,1,
A2D8N4,A2D8N4_TRIVA,nan,TRIVA,3.0,,,,,,,,,1,1,,,1,
A2EF65,A2EF65_TRIVA,nan,TRIVA,3.0,,,,,,,,,1,1,,,1,
Q6CDE2,Q6CDE2_YARLI,nan,YARLI,3.0,,,1,1,,,1,,,,,,,
A2E6V8,A2E6V8_TRIVA,nan,TRIVA,3.0,,,,,,,,,1,1,,,1,
Q5K9G6,Q5K9G6_CRYNJ,nan,CRYNJ,3.0,1,,,,,,1,,,,,,1,
A2E4X3,A2E4X3_TRIVA,nan,TRIVA,3.0,,,,,,,,,1,1,,,1,
A2DLK8,A2DLK8_TRIVA,nan,TRIVA,3.0,,,,,,,,,1,1,,,1,
F7FM70,F7FM70_MACMU,ENSMMUP00000005876,MACMU,3.0,,,,1,,,,,1,,,,1,
A2DMT8,A2DMT8_TRIVA,nan,TRIVA,3.0,,,,,,,,,1,1,,,1,
A2DT09,A2DT09_TRIVA,nan,TRIVA,3.0,,,,,,,,,1,1,,,1,
A2DP53,A2DP53_TRIVA,nan,TRIVA,3.0,,,,,,,,,1,1,,,1,
P77736,YAHD_ECOLI,nan,ECOLI,3.0,1,,,,,,,,1,,,1,,
A2FTQ7,A2FTQ7_TRIVA,nan,TRIVA,3.0,,,,,,,,,,1,,,1,1
A2FJC7,A2FJC7_TRIVA,nan,TRIVA,3.0,,,,,,,,,1,1,,,1,
A2HM04,A2HM04_TRIVA,nan,TRIVA,3.0,,,,,,,,,1,1,,,1,
A2D7Z1,A2D7Z1_TRIVA,nan,TRIVA,3.0,,,,,,,,,1,1,,,1,
A2ECK3,A2ECK3_TRIVA,nan,TRIVA,2.0,,,,,,,,,1,1,,,,
A2E8V2,A2E8V2_TRIVA,nan,TRIVA,2.0,,,,,,,,,1,,,,1,
A2EAG3,A2EAG3_TRIVA,nan,TRIVA,2.0,,,,,,,,,1,,,,1,
A2EBH8,A2EBH8_TRIVA,nan,TRIVA,2.0,,,,,,,,,1,1,,,,
A2ECD0,A2ECD0_TRIVA,nan,TRIVA,2.0,,,,,,,,,1,1,,,,
D4A4Q9,D4A4Q9_RAT,nan,RAT,2.0,1,,,,,,,,,,,,1,
A2ECP1,A2ECP1_TRIVA,nan,TRIVA,2.0,,,,,,,,,1,,,,1,
A2E8A1,A2E8A1_TRIVA,nan,TRIVA,2.0,,,,,,,,,1,1,,,,
A2FG88,A2FG88_TRIVA,nan,TRIVA,2.0,,,,,,,,,1,,,,1,
A2ECQ9,A2ECQ9_TRIVA,nan,TRIVA,2.0,,,,,,,,,1,,,,1,
A2ECX5,A2ECX5_TRIVA,nan,TRIVA,2.0,,,,,,,,,1,,,,1,
A2ECY5,A2ECY5_TRIVA,nan,TRIVA,2.0,,,,,,,,,1,,,,1,
A2ED16,A2ED16_TRIVA,nan,TRIVA,2.0,,,,,,,,,1,,,,1,
D3ZGA7,nan,nan,nan,2.0,,,,,,,1,,,1,,,,
A2E8T5,A2E8T5_TRIVA,nan,TRIVA,2.0,,,,,,,,,1,,,,1,
A2E857,A2E857_TRIVA,nan,TRIVA,2.0,,,,,,,,,1,,,,1,
A2EDT8,A2EDT8_TRIVA,nan,TRIVA,2.0,,,,,,,,,1,,,,1,
A2E841,A2E841_TRIVA,nan,TRIVA,2.0,,,,,,,,,1,,,,1,
A2E7L1,A2E7L1_TRIVA,nan,TRIVA,2.0,,,,,,,,,1,,,,1,
A2E797,A2E797_TRIVA,nan,TRIVA,2.0,,,,,,,,,1,1,,,,
A2E743,A2E743_TRIVA,nan,TRIVA,2.0,,,,,,,,,1,,,,1,
A2E715,A2E715_TRIVA,nan,TRIVA,2.0,,,,,,,,,1,,,,1,
A2E6X8,A2E6X8_TRIVA,nan,TRIVA,2.0,,,,,,,,,1,,,,1,
A2FGM3,A2FGM3_TRIVA,nan,TRIVA,2.0,,,,,,,,,1,,,,1,
A2FGV0,A2FGV0_TRIVA,nan,TRIVA,2.0,,,,,,,,,1,,,,1,
F1MI56,F1MI56_BOVIN,ENSBTAP00000006467,BOVIN,2.0,,,,,,,1,,,,,,,1
A2E6E8,A2E6E8_TRIVA,nan,TRIVA,2.0,,,,,,,,,1,,,,1,
F1MPD8,F1MPD8_BOVIN,ENSBTAP00000018579,BOVIN,2.0,,,1,1,,,,,,,,,,
A2E524,A2E524_TRIVA,nan,TRIVA,2.0,,,,,,,,,1,,,,1,
A2E4Y1,A2E4Y1_TRIVA,nan,TRIVA,2.0,,,,,,,,,1,1,,,,
A2EDT5,A2EDT5_TRIVA,nan,TRIVA,2.0,,,,,,,,,1,,,,1,
A2EDV1,A2EDV1_TRIVA,nan,TRIVA,2.0,,,,,,,,,1,,,,1,
A2E4V2,A2E4V2_TRIVA,nan,TRIVA,2.0,,,,,,,,,1,,,,1,
A2EGD3,A2EGD3_TRIVA,nan,TRIVA,2.0,,,,,,,,,1,,,,1,
A9SGN9,A9SGN9_PHYPA,nan,PHYPA,2.0,,,,,,,,,,,,1,1,
A2EJ53,A2EJ53_TRIVA,nan,TRIVA,2.0,,,,,,,,,,1,,,1,
A2EIP7,A2EIP7_TRIVA,nan,TRIVA,2.0,,,,,,,,,1,,,,1,
A2EIF7,A2EIF7_TRIVA,nan,TRIVA,2.0,,,,,,,,,1,,,,1,
A2EHT6,A2EHT6_TRIVA,nan,TRIVA,2.0,,,,,,,,,1,1,,,,
A9VCW5,A9VCW5_MONBE,nan,MONBE,2.0,,,,,,,1,,,1,,,,
A2EHF1,A2EHF1_TRIVA,nan,TRIVA,2.0,,,,,,,,,1,,,,1,
A2FEL6,A2FEL6_TRIVA,nan,TRIVA,2.0,,,,,,,,,1,,,,1,
A2EHE9,A2EHE9_TRIVA,nan,TRIVA,2.0,,,,,,,,,1,,,,1,
B0YAR7,B0YAR7_ASPFC,nan,ASPFC,2.0,,,,1,,,,,,1,,,,
B0YE33,B0YE33_ASPFC,nan,ASPFC,2.0,1,,,,,,,,,,,,1,
A2EGT8,A2EGT8_TRIVA,nan,TRIVA,2.0,,,,,,,,,1,,,,1,
A2EGQ7,A2EGQ7_TRIVA,nan,TRIVA,2.0,,,,,,,,,1,,,,1,
A2EG27,A2EG27_TRIVA,nan,TRIVA,2.0,,,,,,,,,1,,,,1,
A2EDW4,A2EDW4_TRIVA,nan,TRIVA,2.0,,,,,,,,,1,1,,,,
A2EG05,A2EG05_TRIVA,nan,TRIVA,2.0,,,,,,,,,,1,,,1,
B7PRW5,B7PRW5_IXOSC,nan,IXOSC,2.0,,,,,,,,,1,,,,1,
A2EFW5,A2EFW5_TRIVA,nan,TRIVA,2.0,,,,,,,,,1,,,,1,
B7QDY1,B7QDY1_IXOSC,nan,IXOSC,2.0,,,,1,,,,,,,,,1,
A2FEP4,A2FEP4_TRIVA,nan,TRIVA,2.0,,,,,,,,,1,,,,1,
A2FF07,A2FF07_TRIVA,nan,TRIVA,2.0,,,,,,,,,1,1,,,,
A2FN78,A2FN78_TRIVA,nan,TRIVA,2.0,,,,,,,,,1,,,,1,
A2EF64,A2EF64_TRIVA,nan,TRIVA,2.0,,,,,,,,,1,,,,1,
A2EF61,A2EF61_TRIVA,nan,TRIVA,2.0,,,,,,,,,1,,,,1,
A2EER1,A2EER1_TRIVA,nan,TRIVA,2.0,,,,,,,,,1,,,,1,
C3ZWW6,C3ZWW6_BRAFL,nan,BRAFL,2.0,,,,,,,1,,,,,1,,
A2EDY7,A2EDY7_TRIVA,nan,TRIVA,2.0,,,,,,,,,1,,,,1,
A2EDY5,A2EDY5_TRIVA,nan,TRIVA,2.0,,,,,,,,,1,,,,1,
A2FH04,A2FH04_TRIVA,nan,TRIVA,2.0,,,,,,,,,1,,,,1,
A2E4Q4,A2E4Q4_TRIVA,nan,TRIVA,2.0,,,,,,,,,1,,,,1,
A2EK91,A2EK91_TRIVA,nan,TRIVA,2.0,,,,,,,,,1,,,,1,
A2DV49,A2DV49_TRIVA,nan,TRIVA,2.0,,,,,,,,,1,,,,1,
A2DV22,A2DV22_TRIVA,nan,TRIVA,2.0,,,,,,,,,1,,,,1,
A2DUY7,A2DUY7_TRIVA,nan,TRIVA,2.0,,,,,,,,,1,,,,1,
A2DUD8,A2DUD8_TRIVA,nan,TRIVA,2.0,,,,,,,,,1,,,,1,
H2RRA6,H2RRA6_TAKRU,ENSTRUP00000002672,TAKRU,2.0,,,,,,,1,,,,,,,1
A2DTT9,A2DTT9_TRIVA,nan,TRIVA,2.0,,,,,,,,,1,,,,1,
A2DTG4,A2DTG4_TRIVA,nan,TRIVA,2.0,,,,,,,,,1,,,,1,
A2DTF6,A2DTF6_TRIVA,nan,TRIVA,2.0,,,,,,,,,1,,,,1,
A2DTD6,A2DTD6_TRIVA,nan,TRIVA,2.0,,,,,,,,,1,,,,1,
A2DT10,A2DT10_TRIVA,nan,TRIVA,2.0,,,,,,,,,1,,,,1,
A2FL71,A2FL71_TRIVA,nan,TRIVA,2.0,,,,,,,,,1,,,,1,
A2DSX7,A2DSX7_TRIVA,nan,TRIVA,2.0,,,,,,,,,1,,,,1,
A2DSU1,A2DSU1_TRIVA,nan,TRIVA,2.0,,,,,,,,,1,,,,1,
A2DSH9,A2DSH9_TRIVA,nan,TRIVA,2.0,,,,,,,,,1,,,,1,
H2UK60,H2UK60_TAKRU,ENSTRUP00000037331,TAKRU,2.0,,1,,,,,,,,,,,1,
A2DS67,A2DS67_TRIVA,nan,TRIVA,2.0,,,,,,,,,1,,,,1,
A2DRY4,A2DRY4_TRIVA,nan,TRIVA,2.0,,,,,,,,,1,,,,1,
A2DRW6,A2DRW6_TRIVA,nan,TRIVA,2.0,,,,,,,,,1,,,,1,
H9GWX7,H9GWX7_CANFA,ENSCAFP00000035462,CANFA,2.0,,,,,,,,,1,,,,1,
A2DRE8,A2DRE8_TRIVA,nan,TRIVA,2.0,,,,,,,,,1,,,,1,
A2FL60,A2FL60_TRIVA,nan,TRIVA,2.0,,,,,,,,,,1,,,1,
A2DRB0,A2DRB0_TRIVA,nan,TRIVA,2.0,,,,,,,,,1,,,,1,
A2DQX8,A2DQX8_TRIVA,nan,TRIVA,2.0,,,,,,,,,1,,,,1,
A2DQU7,A2DQU7_TRIVA,nan,TRIVA,2.0,,,,,,,,,1,,,,1,
A2DQP7,A2DQP7_TRIVA,nan,TRIVA,2.0,,,,,,,,,1,,,,1,
A2DQJ9,A2DQJ9_TRIVA,nan,TRIVA,2.0,,,,,,,,,1,,,,1,
A2DQJ8,A2DQJ8_TRIVA,nan,TRIVA,2.0,,,,,,,,,1,,,,1,
O75179,ANR17_HUMAN,nan,HUMAN,2.0,,,,,,,1,,,,,,,1
A2DQA1,A2DQA1_TRIVA,nan,TRIVA,2.0,,,,,,,,,1,,,,1,
A2FJZ2,A2FJZ2_TRIVA,nan,TRIVA,2.0,,,,,,,,,1,,,,1,
H2QPM8,H2QPM8_PANTR,ENSPTRP00000027757,PANTR,2.0,,,,,,,1,,,,,,,1
H2QE98,H2QE98_PANTR,ENSPTRP00000016804,PANTR,2.0,,,,,,,,,1,,,,1,
A2E4I4,A2E4I4_TRIVA,nan,TRIVA,2.0,,,,,,,,,1,,,,1,
A2FHG2,A2FHG2_TRIVA,nan,TRIVA,2.0,,,,,,,,,1,,,,1,
A2E4D4,A2E4D4_TRIVA,nan,TRIVA,2.0,,,,,,,,,1,,,,1,
A2E3P8,A2E3P8_TRIVA,nan,TRIVA,2.0,,,,,,,,,1,,,,1,
F6RA02,F6RA02_MACMU,ENSMMUP00000001078,MACMU,2.0,,,,,,,1,,,,,,1,
A2E2L0,A2E2L0_TRIVA,nan,TRIVA,2.0,,,,,,,,,,1,,,1,
A2E2B8,A2E2B8_TRIVA,nan,TRIVA,2.0,,,,,,,,,1,,,,1,
F6VQ54,F6VQ54_XENTR,ENSXETP00000017818,XENTR,2.0,,,,,,,1,,,,,,,1
A2E1S8,A2E1S8_TRIVA,nan,TRIVA,2.0,,,,,,,,,,1,,,1,
A2E1R1,A2E1R1_TRIVA,nan,TRIVA,2.0,,,,,,,,,1,,,,1,
F6WJD3,F6WJD3_MACMU,ENSMMUP00000035124,MACMU,2.0,,,,,,,,,,,,,1,1
A2E1J1,A2E1J1_TRIVA,nan,TRIVA,2.0,,,,,,,,,,1,,,1,
A2E1I7,A2E1I7_TRIVA,nan,TRIVA,2.0,,,,,,,,,1,,,,1,
A2E1G8,A2E1G8_TRIVA,nan,TRIVA,2.0,,,,,,,,,1,,,,1,
A2E1G0,A2E1G0_TRIVA,nan,TRIVA,2.0,,,,,,,,,1,,,,1,
A2FH86,A2FH86_TRIVA,nan,TRIVA,2.0,,,,,,,,,1,,,,1,
A2E159,A2E159_TRIVA,nan,TRIVA,2.0,,,,,,,,,1,,,,1,
A2E0X9,A2E0X9_TRIVA,nan,TRIVA,2.0,,,,,,,,,1,,,,1,
A2E0D3,A2E0D3_TRIVA,nan,TRIVA,2.0,,,,,,,,,1,,,,1,
F7BK37,F7BK37_MONDO,ENSMODP00000023906,MONDO,2.0,,,,,,,1,,,,,,,1
A2DZ87,A2DZ87_TRIVA,nan,TRIVA,2.0,,,,,,,,,1,,,,1,
A2DZ67,A2DZ67_TRIVA,nan,TRIVA,2.0,,,,,,,,,1,,,,1,
A2DYM1,A2DYM1_TRIVA,nan,TRIVA,2.0,,,,,,,,,1,,,,1,
A2DYJ2,A2DYJ2_TRIVA,nan,TRIVA,2.0,,,,,,,,,1,,,,1,
F7ER46,F7ER46_ORNAN,ENSOANP00000011001,ORNAN,2.0,,,,,,,1,,,,,,,1
A2FHB9,A2FHB9_TRIVA,nan,TRIVA,2.0,,,,,,,,,1,,,,1,
A2DY54,A2DY54_TRIVA,nan,TRIVA,2.0,,,,,,,,,1,,,,1,
A2DXU6,A2DXU6_TRIVA,nan,TRIVA,2.0,,,,,,,,,1,,,,1,
A2DXB5,A2DXB5_TRIVA,nan,TRIVA,2.0,,,,,,,,,,1,,,1,
A2DWR0,A2DWR0_TRIVA,nan,TRIVA,2.0,,,,,,,,,1,,,,1,
A2DWE9,A2DWE9_TRIVA,nan,TRIVA,2.0,,,,,,,,,1,,,,1,
A2EJI3,A2EJI3_TRIVA,nan,TRIVA,2.0,,,,,,,,,1,1,,,,
A2FAZ4,A2FAZ4_TRIVA,nan,TRIVA,2.0,,,,,,,,,1,,,,1,
A2FB62,A2FB62_TRIVA,nan,TRIVA,2.0,,,,,,,,,1,,,,1,
A2EWX0,A2EWX0_TRIVA,nan,TRIVA,2.0,,,,,,,,,1,,,,1,
A2F390,A2F390_TRIVA,nan,TRIVA,2.0,,,,,,,,,1,1,,,,
A2G0X6,A2G0X6_TRIVA,nan,TRIVA,2.0,,,,,,,,,,1,,,1,
A2F2X3,A2F2X3_TRIVA,nan,TRIVA,2.0,,,,,,,,,,1,,,1,
A2F2P4,A2F2P4_TRIVA,nan,TRIVA,2.0,,,,,,,,,1,1,,,,
A2F2L4,A2F2L4_TRIVA,nan,TRIVA,2.0,,,,,,,,,1,,,,1,
A2F270,A2F270_TRIVA,nan,TRIVA,2.0,,,,,,,,,1,,,,1,
A2G1B4,A2G1B4_TRIVA,nan,TRIVA,2.0,,,,,,,,,1,,,,1,
A2F204,A2F204_TRIVA,nan,TRIVA,2.0,,,,,,,,,1,,,,1,
A2G1F6,A2G1F6_TRIVA,nan,TRIVA,2.0,,,,,,,,,1,,,,1,
A2F1Z1,A2F1Z1_TRIVA,nan,TRIVA,2.0,,,,,,,,,1,,,,1,
A2G1H6,A2G1H6_TRIVA,nan,TRIVA,2.0,,,,,,,,,1,,,,1,
A2FCB9,A2FCB9_TRIVA,nan,TRIVA,2.0,,,,,,,,,1,,,,1,
A2FQE0,A2FQE0_TRIVA,nan,TRIVA,2.0,,,,,,,,,1,1,,,,
A2F1H8,A2F1H8_TRIVA,nan,TRIVA,2.0,,,,,,,,,1,,,,1,
A2F102,A2F102_TRIVA,nan,TRIVA,2.0,,,,,,,,,1,,,,1,
A2F0Q4,A2F0Q4_TRIVA,nan,TRIVA,2.0,,,,,,,,,1,,,,1,
A2F0N2,A2F0N2_TRIVA,nan,TRIVA,2.0,,,,,,,,,1,,,,1,
A2F0M2,A2F0M2_TRIVA,nan,TRIVA,2.0,,,,,,,,,1,,,,1,
A2G2L4,A2G2L4_TRIVA,nan,TRIVA,2.0,,,,,,,,,1,,,,1,
A2FCD2,A2FCD2_TRIVA,nan,TRIVA,2.0,,,,,,,,,1,,,,1,
A2F0D7,A2F0D7_TRIVA,nan,TRIVA,2.0,,,,,,,,,1,,,,1,
A2G326,A2G326_TRIVA,nan,TRIVA,2.0,,,,,,,,,1,,,,1,
A2G327,A2G327_TRIVA,nan,TRIVA,2.0,,,,,,,,,1,,,,1,
A2EZL4,A2EZL4_TRIVA,nan,TRIVA,2.0,,,,,,,,,1,,,,1,
A2EYC1,A2EYC1_TRIVA,nan,TRIVA,2.0,,,,,,,,,1,,,,1,
A2EY10,A2EY10_TRIVA,nan,TRIVA,2.0,,,,,,,,,1,,,,1,
A2EXV8,A2EXV8_TRIVA,nan,TRIVA,2.0,,,,,,,,,1,,,,1,
A2FQB3,A2FQB3_TRIVA,nan,TRIVA,2.0,,,,,,,,,1,,,,1,
A2EWZ1,A2EWZ1_TRIVA,nan,TRIVA,2.0,,,,,,,,,1,,,,1,
A2G022,A2G022_TRIVA,nan,TRIVA,2.0,,,,,,,,,1,,,,1,
A2F475,A2F475_TRIVA,nan,TRIVA,2.0,,,,,,,,,,1,,,1,
A2F4B4,A2F4B4_TRIVA,nan,TRIVA,2.0,,,,,,,,,,1,,,1,
A2F7N0,A2F7N0_TRIVA,nan,TRIVA,2.0,,,,,,,,,1,,,,1,
A2FAU3,A2FAU3_TRIVA,nan,TRIVA,2.0,,,,,,,,,1,,,,1,
A2FAR6,A2FAR6_TRIVA,nan,TRIVA,2.0,,,,,,,,,1,1,,,,
A2FRS8,A2FRS8_TRIVA,nan,TRIVA,2.0,,,,,,,,,1,,,,1,
A2FSI5,A2FSI5_TRIVA,nan,TRIVA,2.0,,,,,,,,,1,,,,1,
A2FSN0,A2FSN0_TRIVA,nan,TRIVA,2.0,,,,,,,,,1,1,,,,
A2FBF4,A2FBF4_TRIVA,nan,TRIVA,2.0,,,,,,,,,1,1,,,,
A2F9I2,A2F9I2_TRIVA,nan,TRIVA,2.0,,,,,,,,,1,1,,,,
A2FTR1,A2FTR1_TRIVA,nan,TRIVA,2.0,,,,,,,,,1,1,,,,
A2FU74,A2FU74_TRIVA,nan,TRIVA,2.0,,,,,,,,,1,,,,1,
A2FUD3,A2FUD3_TRIVA,nan,TRIVA,2.0,,,,,,,,,1,1,,,,
A2FUK2,A2FUK2_TRIVA,nan,TRIVA,2.0,,,,,,,,,1,,,,1,
A2FV55,A2FV55_TRIVA,nan,TRIVA,2.0,,,,,,,,,1,1,,,,
A2FVE2,A2FVE2_TRIVA,nan,TRIVA,2.0,,,,,,,,,1,,,,1,
A2F776,A2F776_TRIVA,nan,TRIVA,2.0,,,,,,,,,,1,,,1,
A2FZ81,A2FZ81_TRIVA,nan,TRIVA,2.0,,,,,,,,,1,,,,1,
A2FWE8,A2FWE8_TRIVA,nan,TRIVA,2.0,,,,,,,,,,1,,,1,
A2FWR4,A2FWR4_TRIVA,nan,TRIVA,2.0,,,,,,,,,1,,,,1,
A2FWY4,A2FWY4_TRIVA,nan,TRIVA,2.0,,,,,,,,,1,,,,1,
A2FXS5,A2FXS5_TRIVA,nan,TRIVA,2.0,,,,,,,,,1,,,,1,
A2F5N4,A2F5N4_TRIVA,nan,TRIVA,2.0,,,,,,,,,1,,,,1,
A2F5N0,A2F5N0_TRIVA,nan,TRIVA,2.0,,,,,,,,,1,,,,1,
A2FXU0,A2FXU0_TRIVA,nan,TRIVA,2.0,,,,,,,,,1,,,,1,
A2F595,A2F595_TRIVA,nan,TRIVA,2.0,,,,,,,,,1,,,,1,
A2F587,A2F587_TRIVA,nan,TRIVA,2.0,,,,,,,,,1,,,,1,
A2F579,A2F579_TRIVA,nan,TRIVA,2.0,,,,,,,,,1,,,,1,
A2FYD8,A2FYD8_TRIVA,nan,TRIVA,2.0,,,,,,,,,1,,,,1,
A2FYR1,A2FYR1_TRIVA,nan,TRIVA,2.0,,,,,,,,,1,,,,1,
A2FYR2,A2FYR2_TRIVA,nan,TRIVA,2.0,,,,,,,,,1,,,,1,
A2FQA5,A2FQA5_TRIVA,nan,TRIVA,2.0,,,,,,,,,1,,,,1,
A2EWS7,A2EWS7_TRIVA,nan,TRIVA,2.0,,,,,,,,,1,,,,1,
A2EKI3,A2EKI3_TRIVA,nan,TRIVA,2.0,,,,,,,1,,,1,,,,
A2G601,A2G601_TRIVA,nan,TRIVA,2.0,,,,,,,,,1,,,,,1
A2H3V1,A2H3V1_TRIVA,nan,TRIVA,2.0,,,,,,,,,1,,,,1,
A2H6U0,A2H6U0_TRIVA,nan,TRIVA,2.0,,,,,,,,,1,,,,1,
A2EPQ9,A2EPQ9_TRIVA,nan,TRIVA,2.0,,,,,,,,,1,,,,1,
A2EPQ3,A2EPQ3_TRIVA,nan,TRIVA,2.0,,,,,,,,,1,,,,1,
A2HCY1,A2HCY1_TRIVA,nan,TRIVA,2.0,,,,,,,,,1,,,,1,
A2EPK8,A2EPK8_TRIVA,nan,TRIVA,2.0,,,,,,,,,1,,,,1,
A2EPJ1,A2EPJ1_TRIVA,nan,TRIVA,2.0,,,,,,,,,1,,,,1,
A2FDJ0,A2FDJ0_TRIVA,nan,TRIVA,2.0,,,,,,,,,1,,,,1,
A2EPH8,A2EPH8_TRIVA,nan,TRIVA,2.0,,,,,,,,,1,,,,1,
A2HJN2,A2HJN2_TRIVA,nan,TRIVA,2.0,,,,,,,,,1,1,,,,
A2EPC3,A2EPC3_TRIVA,nan,TRIVA,2.0,,,,,,,,,1,,,,1,
A2EPB4,A2EPB4_TRIVA,nan,TRIVA,2.0,,,,,,,,,1,1,,,,
A2EPB2,A2EPB2_TRIVA,nan,TRIVA,2.0,,,,,,,,,1,1,,,,
A2FDP3,A2FDP3_TRIVA,nan,TRIVA,2.0,,,,,,,,,1,,,,1,
A2HL21,A2HL21_TRIVA,nan,TRIVA,2.0,,,,,,,,,1,1,,,,
A2FP09,A2FP09_TRIVA,nan,TRIVA,2.0,,,,,,,,,1,,,,1,
A2DQ01,A2DQ01_TRIVA,nan,TRIVA,2.0,,,,,,,,,1,,,,1,
A2ENW5,A2ENW5_TRIVA,nan,TRIVA,2.0,,,,,,,,,1,,,,1,
A2ENN0,A2ENN0_TRIVA,nan,TRIVA,2.0,,,,,,,,,1,,,,1,
A2END7,A2END7_TRIVA,nan,TRIVA,2.0,,,,,,,,,1,,,,1,
A6QPE7,ANR65_BOVIN,ENSBTAP00000051383,BOVIN,2.0,1,,,,,,,,,,,1,,
A2FNS2,A2FNS2_TRIVA,nan,TRIVA,2.0,,,,,,,,,1,,,,1,
A2EMH4,A2EMH4_TRIVA,nan,TRIVA,2.0,,,,,,,,,1,,,,1,
A2FNF7,A2FNF7_TRIVA,nan,TRIVA,2.0,,,,,,,,,1,1,,,,
A7E2S9,A30BL_HUMAN,nan,HUMAN,2.0,,,,,,,,,1,,,,1,
A7EPB8,A7EPB8_SCLS1,nan,SCLS1,2.0,,,,,,,1,,,,,,1,
A2ELJ6,A2ELJ6_TRIVA,nan,TRIVA,2.0,,,,,,,,,1,1,,,,
A2EKP8,A2EKP8_TRIVA,nan,TRIVA,2.0,,,,,,,,,1,,,,1,
A2EKK2,A2EKK2_TRIVA,nan,TRIVA,2.0,,,,,,,,,1,,,,1,
A2FD48,A2FD48_TRIVA,nan,TRIVA,2.0,,,,,,,,,1,,,,1,
A2ERD6,A2ERD6_TRIVA,nan,TRIVA,2.0,,,,,,,,,1,,,,1,
A2ERE2,A2ERE2_TRIVA,nan,TRIVA,2.0,,,,,,,,,1,,,,1,
A2GFC8,A2GFC8_TRIVA,nan,TRIVA,2.0,,,,,,,,,1,1,,,,
A2EWP2,A2EWP2_TRIVA,nan,TRIVA,2.0,,,,,,,,,1,1,,,,
A2G6Y3,A2G6Y3_TRIVA,nan,TRIVA,2.0,,,,,,,,,1,,,,1,
A2EWN9,A2EWN9_TRIVA,nan,TRIVA,2.0,,,,,,,,,1,,,,1,
A2EWB1,A2EWB1_TRIVA,nan,TRIVA,2.0,,,,,,,,,1,,,,1,
A2EW69,A2EW69_TRIVA,nan,TRIVA,2.0,,,,,,,,,1,,,,1,
A2EVV9,A2EVV9_TRIVA,nan,TRIVA,2.0,,,,,,,,,1,,,,1,
A2G8C6,A2G8C6_TRIVA,nan,TRIVA,2.0,,,,,,,,,1,,,,1,
A2EVR3,A2EVR3_TRIVA,nan,TRIVA,2.0,,,,,,,,,1,,,,1,
A2G8M7,A2G8M7_TRIVA,nan,TRIVA,2.0,,,,,,,,,1,,,,1,
A2G8M9,A2G8M9_TRIVA,nan,TRIVA,2.0,,,,,,,,,,1,,,1,
A2GBD7,A2GBD7_TRIVA,nan,TRIVA,2.0,,,,,,,,,1,,,,1,
A2EUU0,A2EUU0_TRIVA,nan,TRIVA,2.0,,,,,,,,,1,,,,1,
A2GDG4,A2GDG4_TRIVA,nan,TRIVA,2.0,,,,,,,,,1,,,,1,
A2GGG6,A2GGG6_TRIVA,nan,TRIVA,2.0,,,,,,,,,1,,,,1,
A2GUQ1,A2GUQ1_TRIVA,nan,TRIVA,2.0,,,,,,,,,,1,,,1,
A2GHK0,A2GHK0_TRIVA,nan,TRIVA,2.0,,,,,,,,,1,,,,1,
A2ETX9,A2ETX9_TRIVA,nan,TRIVA,2.0,,,,,,,,,1,,,,1,
A2ETT6,A2ETT6_TRIVA,nan,TRIVA,2.0,,,,,,,,,1,1,,,,
A2ETS1,A2ETS1_TRIVA,nan,TRIVA,2.0,,,,,,,,,1,,,,1,
A2GIR6,A2GIR6_TRIVA,nan,TRIVA,2.0,,,,,,,,,1,,,,1,
A2ET20,A2ET20_TRIVA,nan,TRIVA,2.0,,,,,,,,,1,,,,1,
A2GMC0,A2GMC0_TRIVA,nan,TRIVA,2.0,,,,,,,,,1,,,,1,
A2ESC3,A2ESC3_TRIVA,nan,TRIVA,2.0,,,,,,,,,1,,,,1,
A2GPJ4,A2GPJ4_TRIVA,nan,TRIVA,2.0,,,,,,,,,1,1,,,,
A2ERS8,A2ERS8_TRIVA,nan,TRIVA,2.0,,,,,,,,,,1,,,1,
A2ERL5,A2ERL5_TRIVA,nan,TRIVA,2.0,,,,,,,,,1,,,,1,
A2ERK2,A2ERK2_TRIVA,nan,TRIVA,2.0,,,,,,,,,,1,,,1,
A2GUI1,A2GUI1_TRIVA,nan,TRIVA,2.0,,,,,,,,,1,,,,1,
A2EK94,A2EK94_TRIVA,nan,TRIVA,2.0,,,,,,,,,1,1,,,,
A2E8U5,A2E8U5_TRIVA,nan,TRIVA,2.0,,,,,,,,,1,,,,1,
A2DIR8,A2DIR8_TRIVA,nan,TRIVA,2.0,,,,,,,,,1,,,,1,
Q8WXH4,ASB11_HUMAN,nan,HUMAN,2.0,,,,1,,,,,,,,,1,
A2D914,A2D914_TRIVA,nan,TRIVA,2.0,,,,,,,,,1,,,,1,
Q4QAW7,Q4QAW7_LEIMA,nan,LEIMA,2.0,1,,,,,,,,1,,,,,
A2DL82,A2DL82_TRIVA,nan,TRIVA,2.0,,,,,,,,,1,,,,1,
A2DAE6,A2DAE6_TRIVA,nan,TRIVA,2.0,,,,,,,,,1,,,,1,
A2DNL2,A2DNL2_TRIVA,nan,TRIVA,2.0,,,,,,,,,1,,,,1,
A2DFG8,A2DFG8_TRIVA,nan,TRIVA,2.0,,,,,,,,,1,1,,,,
A2D9Z2,A2D9Z2_TRIVA,nan,TRIVA,2.0,,,,,,,,,1,,,,1,
A2D948,A2D948_TRIVA,nan,TRIVA,2.0,,,,,,,,,1,,,,1,
Q5TT64,Q5TT64_ANOGA,nan,ANOGA,2.0,,,,,,,1,,,,,,1,
nan,nan,ENSCINP00000013472,CIOIN,2.0,,,,,,,1,,,,,,,1
A2D9X5,A2D9X5_TRIVA,nan,TRIVA,2.0,,,,,,,,,1,,,,1,
A2DNZ9,A2DNZ9_TRIVA,nan,TRIVA,2.0,,,,,,,,,1,,,,1,
A2DBW5,A2DBW5_TRIVA,nan,TRIVA,2.0,,,,,,,,,1,,,,1,
Q2V3Y6,nan,nan,nan,2.0,,,,,,,,,1,,,,1,
A2DGM1,A2DGM1_TRIVA,nan,TRIVA,2.0,,,,,,,,,1,,,,1,
A2DHH4,A2DHH4_TRIVA,nan,TRIVA,2.0,,,,,,,,,1,,,,1,
Q9EQG6,KDIS_RAT,nan,RAT,2.0,,,,,,,1,,,1,,,,
A2D9U3,A2D9U3_TRIVA,nan,TRIVA,2.0,,,,,,,,,,1,,,1,
A2DDU9,A2DDU9_TRIVA,nan,TRIVA,2.0,,,,,,,,,1,,,,1,
A2DEN4,A2DEN4_TRIVA,nan,TRIVA,2.0,,,,,,,,,1,,,,1,
A2DAA7,A2DAA7_TRIVA,nan,TRIVA,2.0,,,,,,,,,1,,,,1,
A2D8I6,A2D8I6_TRIVA,nan,TRIVA,2.0,,,,,,,,,1,1,,,,
A2DN31,A2DN31_TRIVA,nan,TRIVA,2.0,,,,,,,,,1,,,,1,
A2DAB3,A2DAB3_TRIVA,nan,TRIVA,2.0,,,,,,,,,1,,,,1,
A2D8F4,A2D8F4_TRIVA,nan,TRIVA,2.0,,,,,,,,,1,,,,1,
A2DA93,A2DA93_TRIVA,nan,TRIVA,2.0,,,,,,,,,1,,,,1,
A2DCA1,A2DCA1_TRIVA,nan,TRIVA,2.0,,,,,,,,,1,,,,1,
A2DET2,A2DET2_TRIVA,nan,TRIVA,2.0,,,,,,,,,1,,,,1,
A2DDA7,A2DDA7_TRIVA,nan,TRIVA,2.0,,,,,,,,,,1,,,1,
Q7NIW5,Q7NIW5_GLOVI,nan,GLOVI,2.0,,,,1,,,,,1,,,,,
Q7NIW6,Q7NIW6_GLOVI,nan,GLOVI,2.0,,,,,,,1,,1,,,,,
A2DLG6,A2DLG6_TRIVA,nan,TRIVA,2.0,,,,,,,,,1,1,,,,
A2DND8,A2DND8_TRIVA,nan,TRIVA,2.0,,,,,,,,,1,,,,1,
A2D860,A2D860_TRIVA,nan,TRIVA,2.0,,,,,,,,,1,,,,1,
Q52T38,ZDH22_ARATH,nan,ARATH,2.0,,,,,1,,,,,,1,,,
A2DJK7,A2DJK7_TRIVA,nan,TRIVA,2.0,,,,,,,,,1,1,,,,
A2DJZ2,A2DJZ2_TRIVA,nan,TRIVA,2.0,,,,,,,,,1,1,,,,
A2D7K0,A2D7K0_TRIVA,nan,TRIVA,2.0,,,,,,,,,1,,,,1,
A2DJV1,A2DJV1_TRIVA,nan,TRIVA,2.0,,,,,,,,,,1,,,1,
Q9P3P6,Q9P3P6_NEUCS,nan,NEUCR,2.0,1,,,,,,1,,,,,,,
A2DKM0,A2DKM0_TRIVA,nan,TRIVA,2.0,,,,,,,,,1,,,,1,
A2DPA7,A2DPA7_TRIVA,nan,TRIVA,2.0,,,,,,,,,1,,,,1,
A2D9J0,A2D9J0_TRIVA,nan,TRIVA,2.0,,,,,,,,,1,1,,,,
Q5ANE2,Q5ANE2_CANAL,nan,CANAL,2.0,1,,,1,,,,,,,,,,
A2DM07,A2DM07_TRIVA,nan,TRIVA,2.0,,,,,,,,,1,,,,1,
A2D770,A2D770_TRIVA,nan,TRIVA,2.0,,,,,,,,,1,,,,1,
A2D768,A2D768_TRIVA,nan,TRIVA,2.0,,,,,,,,,1,1,,,,
nan,nan,ENSBTAP00000046985,BOVIN,2.0,,,,,,,,,1,,,,1,
A2DBE0,A2DBE0_TRIVA,nan,TRIVA,2.0,,,,,,,,,1,,,,1,
A2DBF2,A2DBF2_TRIVA,nan,TRIVA,2.0,,,,,,,,,,1,,,1,
Q552J9,Q552J9_DICDI,nan,DICDI,2.0,,,,,,,,,,1,,,1,
Q55CR4,Q55CR4_DICDI,nan,DICDI,2.0,,,,1,,,,,1,,,,,
Q9SR03,Q9SR03_ARATH,nan,ARATH,2.0,,,,,,,,,1,,,,1,
A2DLX8,A2DLX8_TRIVA,nan,TRIVA,2.0,,,,,,,,,1,,,,1,
A2DG39,A2DG39_TRIVA,nan,TRIVA,2.0,,,,,,,,,1,,,,1,
A2DDU8,A2DDU8_TRIVA,nan,TRIVA,2.0,,,,,,,,,1,,,,1,
nan,nan,ENSGALP00000036042,CHICK,2.0,,,,1,,,,,,,,,1,
A2DP30,A2DP30_TRIVA,nan,TRIVA,2.0,,,,,,,,,1,1,,,,
A2DP37,A2DP37_TRIVA,nan,TRIVA,2.0,,,,,,,,,1,,,,1,
Q92527,ANKR7_HUMAN,nan,HUMAN,2.0,,,,,,,,,1,,,,1,
A2D7K9,A2D7K9_TRIVA,nan,TRIVA,2.0,,,,,,,,,1,,,,1,
Q7UYH5,Q7UYH5_RHOBA,nan,RHOBA,2.0,,,,,,,1,,1,,,,,
Q99NH0,ANR17_MOUSE,nan,MOUSE,2.0,,,,,,,1,,,,,,,1
A2DFW4,A2DFW4_TRIVA,nan,TRIVA,2.0,,,,,,,,,1,,,,1,
A2DDM8,A2DDM8_TRIVA,nan,TRIVA,2.0,,,,,,,,,1,,,,1,
A2GGZ9,A2GGZ9_TRIVA,nan,TRIVA,1.0,,,,,,,,,1,,,,,
A2GIR2,A2GIR2_TRIVA,nan,TRIVA,1.0,,,,,,,,,1,,,,,
A2GAT7,A2GAT7_TRIVA,nan,TRIVA,1.0,,,,,,,,,1,,,,,
A2GH03,A2GH03_TRIVA,nan,TRIVA,1.0,,,,,,,,,1,,,,,
A2G9F7,A2G9F7_TRIVA,nan,TRIVA,1.0,,,,,,,,,,,,,1,
A2GG09,A2GG09_TRIVA,nan,TRIVA,1.0,,,,,,,,,1,,,,,
A2G9E9,A2G9E9_TRIVA,nan,TRIVA,1.0,,,,,,,,,1,,,,,
Q9BPN3,Q9BPN3_CAEEL,nan,CAEEL,1.0,,,,,,,,,,1,,,,
A2G947,A2G947_TRIVA,nan,TRIVA,1.0,,,,,,,,,1,,,,,
A2GH04,A2GH04_TRIVA,nan,TRIVA,1.0,,,,,,,,,1,,,,,
Q9D1A4,ASB5_MOUSE,nan,MOUSE,1.0,,,,,,,,,,,,,1,
A2GED9,A2GED9_TRIVA,nan,TRIVA,1.0,,,,,,,,,1,,,,,
Q9CZK6,ANKS3_MOUSE,nan,MOUSE,1.0,,,,,,,,,,,,,1,
A2GBA5,A2GBA5_TRIVA,nan,TRIVA,1.0,,,,,,,,,1,,,,,
A2GHP8,A2GHP8_TRIVA,nan,TRIVA,1.0,,,,,,,,,1,,,,,
A2GDT2,A2GDT2_TRIVA,nan,TRIVA,1.0,,,,,,,,,1,,,,,
A2GF62,A2GF62_TRIVA,nan,TRIVA,1.0,,,,,,,,,1,,,,,
A2GBF4,A2GBF4_TRIVA,nan,TRIVA,1.0,,,,,,,,,1,,,,,
A2GHG6,A2GHG6_TRIVA,nan,TRIVA,1.0,,,,,,,,,1,,,,,
A2GBJ2,A2GBJ2_TRIVA,nan,TRIVA,1.0,,,,,,,,,,,,,1,
A2GEJ3,A2GEJ3_TRIVA,nan,TRIVA,1.0,,,,,,,,,1,,,,,
Q96Q27,ASB2_HUMAN,nan,HUMAN,1.0,,,,,,,,,,,,,1,
Q96DX5,ASB9_HUMAN,nan,HUMAN,1.0,,,,,,,,,,,,,1,
A2GD81,A2GD81_TRIVA,nan,TRIVA,1.0,,,,,,,,,1,,,,,
Q9CQ31,ASB11_MOUSE,nan,MOUSE,1.0,,,,,,,,,,,,,1,
A2GGG3,A2GGG3_TRIVA,nan,TRIVA,1.0,,,,,,,,,1,,,,,
P50086,PSD10_YEAST,nan,YEAST,1.0,,,,,,,1,,,,,,,
Q9D2X0,ANR39_MOUSE,nan,MOUSE,1.0,,,,,,,,,,,,1,,
Q9D4J9,Q9D4J9_MOUSE,nan,MOUSE,1.0,,,,,,,,,1,,,,,
A2G5R3,A2G5R3_TRIVA,nan,TRIVA,1.0,,,,,,,,,1,,,,,
A2G5Q1,A2G5Q1_TRIVA,nan,TRIVA,1.0,,,,,,,,,1,,,,,
A2G5P9,A2G5P9_TRIVA,nan,TRIVA,1.0,,,,,,,,,1,,,,,
A2G5J0,A2G5J0_TRIVA,nan,TRIVA,1.0,,,,,,,,,1,,,,,
Q9NU02,ANKE1_HUMAN,nan,HUMAN,1.0,,,,,,,,,,,,,1,
A2G5G8,A2G5G8_TRIVA,nan,TRIVA,1.0,,,,,,,,,1,,,,,
A2G5D1,A2G5D1_TRIVA,nan,TRIVA,1.0,,,,,,,,,1,,,,,
A2G574,A2G574_TRIVA,nan,TRIVA,1.0,,,,,,,,,1,,,,,
Q9NXR5,ANR10_HUMAN,nan,HUMAN,1.0,,,,,,,,,,,,,1,
A2G533,A2G533_TRIVA,nan,TRIVA,1.0,,,,,,,,,1,,,,,
A2G4V0,A2G4V0_TRIVA,nan,TRIVA,1.0,,,,,,,,,1,,,,,
Q9P2R3,ANFY1_HUMAN,nan,HUMAN,1.0,,,,,,,,,,1,,,,
A2G4U2,A2G4U2_TRIVA,nan,TRIVA,1.0,,,,,,,,,1,,,,,
A2G4B9,A2G4B9_TRIVA,nan,TRIVA,1.0,,,,,,,,,1,,,,,
A2G472,A2G472_TRIVA,nan,TRIVA,1.0,,,,,,,,,1,,,,,
A2G446,A2G446_TRIVA,nan,TRIVA,1.0,,,,,,,,,1,,,,,
A2G3U6,A2G3U6_TRIVA,nan,TRIVA,1.0,,,,,,,,,1,,,,,
A2G3U3,A2G3U3_TRIVA,nan,TRIVA,1.0,,,,,,,,,,,,,1,
A2G3U2,A2G3U2_TRIVA,nan,TRIVA,1.0,,,,,,,,,1,,,,,
A2G5X2,A2G5X2_TRIVA,nan,TRIVA,1.0,,,,,,,,,1,,,,,
Q9M1Z1,Q9M1Z1_ARATH,nan,ARATH,1.0,,,,,,,,,,,,,1,
A2G5X4,A2G5X4_TRIVA,nan,TRIVA,1.0,,,,,,,,,1,,,,,
A2G755,A2G755_TRIVA,nan,TRIVA,1.0,,,,,,,,,1,,,,,
Q9D504,ANKR7_MOUSE,nan,MOUSE,1.0,,,,,,,,,1,,,,,
A2G880,A2G880_TRIVA,nan,TRIVA,1.0,,,,,,,,,1,,,,,
A2G7T4,A2G7T4_TRIVA,nan,TRIVA,1.0,,,,,,,,,1,,,,,
A2G7S6,A2G7S6_TRIVA,nan,TRIVA,1.0,,,,,,,,,1,,,,,
A2G7Q6,A2G7Q6_TRIVA,nan,TRIVA,1.0,,,,,,,,,,,,,1,
Q9D738,ASB12_MOUSE,nan,MOUSE,1.0,,,,,,,,,,,,,1,
A2G7L7,A2G7L7_TRIVA,nan,TRIVA,1.0,,,,,,,,,1,,,,,
A2G787,A2G787_TRIVA,nan,TRIVA,1.0,,,,,,,,,1,,,,,
A2G715,A2G715_TRIVA,nan,TRIVA,1.0,,,,,,,,,,1,,,,
Q9KZB6,Q9KZB6_STRCO,nan,STRCO,1.0,,,,,,,1,,,,,,,
Q9GZV1,ANKR2_HUMAN,nan,HUMAN,1.0,,,,,,,,,,,,,1,
Q9H560,ANR19_HUMAN,nan,HUMAN,1.0,,,,,,,,,1,,,,,
A2G6T4,A2G6T4_TRIVA,nan,TRIVA,1.0,,,,,,,,,1,,,,,
Q9H672,ASB7_HUMAN,nan,HUMAN,1.0,,,,,,,,,,,,,1,
A2G6I7,A2G6I7_TRIVA,nan,TRIVA,1.0,,,,,,,,,1,,,,,
A2G6C7,A2G6C7_TRIVA,nan,TRIVA,1.0,,,,,,,,,1,,,,,
A2G647,A2G647_TRIVA,nan,TRIVA,1.0,,,,,,,,,1,,,,,
Q9H765,ASB8_HUMAN,nan,HUMAN,1.0,,,,,,,,,,,,1,,
A2G797,A2G797_TRIVA,nan,TRIVA,1.0,,,,,,,,,1,,,,,
A2GN94,A2GN94_TRIVA,nan,TRIVA,1.0,,,,,,,,,1,,,,,
A2GJX7,A2GJX7_TRIVA,nan,TRIVA,1.0,,,,,,,,,1,,,,,
A2HNA5,A2HNA5_TRIVA,nan,TRIVA,1.0,,,,,,,,,1,,,,,
A2I1N6,A2I1N6_TRIVA,nan,TRIVA,1.0,,,,,,,,,1,,,,,
A2HY24,A2HY24_TRIVA,nan,TRIVA,1.0,,,,,,,,,1,,,,,
Q8BY84,Q8BY84_MOUSE,nan,MOUSE,1.0,,,,,,,,,1,,,,,
A2HW45,A2HW45_TRIVA,nan,TRIVA,1.0,,,,,,,,,1,,,,,
A2HVM2,A2HVM2_TRIVA,nan,TRIVA,1.0,,,,,,,,,1,,,,,
A2HUF9,A2HUF9_TRIVA,nan,TRIVA,1.0,,,,,,,,,1,,,,,
A2HS92,A2HS92_TRIVA,nan,TRIVA,1.0,,,,,,,,,1,,,,,
A2HR08,A2HR08_TRIVA,nan,TRIVA,1.0,,,,,,,,,1,,,,,
A2HP18,A2HP18_TRIVA,nan,TRIVA,1.0,,,,,,,,,1,,,,,
Q8EZ05,Q8EZ05_LEPIN,nan,LEPIN,1.0,1,,,,,,,,,,,,,
A2HMW1,A2HMW1_TRIVA,nan,TRIVA,1.0,,,,,,,,,1,,,,,
A2HIK6,A2HIK6_TRIVA,nan,TRIVA,1.0,,,,,,,,,1,,,,,
Q8F8J6,Q8F8J6_LEPIN,nan,LEPIN,1.0,,,,,,,,,,,,1,,
A2HMB8,A2HMB8_TRIVA,nan,TRIVA,1.0,,,,,,,,,1,,,,,
A2HM14,A2HM14_TRIVA,nan,TRIVA,1.0,,,,,,,,,1,,,,,
A2HLX7,A2HLX7_TRIVA,nan,TRIVA,1.0,,,,,,,,,1,,,,,
Q8GX17,Q8GX17_ARATH,nan,ARATH,1.0,,,,,,,,,,1,,,,
Q8IJ72,Q8IJ72_PLAF7,nan,PLAF7,1.0,,,,,,,,,,,,,1,
Q8IJU0,Q8IJU0_PLAF7,nan,PLAF7,1.0,,,,,,,1,,,,,,,
Q8ILM1,Q8ILM1_PLAF7,nan,PLAF7,1.0,,,,,,,,,,1,,,,
Q8IWZ3,ANKH1_HUMAN,nan,HUMAN,1.0,,,,,,,,,,,,,,1
A2HK49,A2HK49_TRIVA,nan,TRIVA,1.0,,,,,,,,,1,,,,,
A4IGS0,A4IGS0_XENTR,ENSXETP00000007445,XENTR,1.0,,,,,,,,,,,,,1,
A5H0M4,A5H0M4_MOUSE,nan,MOUSE,1.0,,,,,,,,,1,,,,,
A6NI47,POTEM_HUMAN,nan,HUMAN,1.0,,,,,,,,,1,,,,,
A6NIK4,nan,nan,nan,1.0,,,,,,,,,1,,,,,
Q810B6,ANFY1_MOUSE,nan,MOUSE,1.0,,,,,,,,,,1,,,,
A7T7Y7,A7T7Y7_NEMVE,nan,NEMVE,1.0,,,,,,,,,,1,,,,
A7T238,A7T238_NEMVE,nan,NEMVE,1.0,,,,,,,,,,1,,,,
A7SNN7,A7SNN7_NEMVE,nan,NEMVE,1.0,,,,,,,,,1,,,,,
A7SK80,A7SK80_NEMVE,nan,NEMVE,1.0,,,,,,,,,,,,,1,
A7SC57,A7SC57_NEMVE,nan,NEMVE,1.0,,,,,,,1,,,,,,,
A7SB40,A7SB40_NEMVE,nan,NEMVE,1.0,,,,,,,,,,,,,1,
A7SB39,A7SB39_NEMVE,nan,NEMVE,1.0,,,,,,,,,,1,,,,
A7S8S0,A7S8S0_NEMVE,nan,NEMVE,1.0,,,,,,,,,,1,,,,
A7S8R8,A7S8R8_NEMVE,nan,NEMVE,1.0,,,,,,,,,,1,,,,
A7S3S7,A7S3S7_NEMVE,nan,NEMVE,1.0,,,,,,,,,,,,,,1
Q810C2,Q810C2_RAT,ENSRNOP00000015907,RAT,1.0,,,,,,,,,1,,,,,
A7RSW5,A7RSW5_NEMVE,nan,NEMVE,1.0,,,,,,,,,,1,,,,
A7RSW2,A7RSW2_NEMVE,nan,NEMVE,1.0,,,,,,,,,,1,,,,
A7F6M0,A7F6M0_SCLS1,nan,SCLS1,1.0,,,,,,,,,,1,,,,
A7F1K8,A7F1K8_SCLS1,nan,SCLS1,1.0,,,,,,,,,,,,,1,
Q810C2,Q810C2_RAT,nan,RAT,1.0,,,,,,,,,1,,,,,
A7EIM5,A7EIM5_SCLS1,nan,SCLS1,1.0,,,,,,,,,,1,,,,
Q86K42,Q86K42_DICDI,nan,DICDI,1.0,,,,,,,,,1,,,,,
Q86YR6,POTED_HUMAN,nan,HUMAN,1.0,,,,,,,,,1,,,,,
Q8BTZ5,ANR46_MOUSE,nan,MOUSE,1.0,,,,,,,,,,,,,1,
Q8N6D5,ANR29_HUMAN,nan,HUMAN,1.0,,,,,,,,,,,,1,,
Q8NFD2,ANKK1_HUMAN,nan,HUMAN,1.0,,,,,,,,,,,,,1,
A2GKD0,A2GKD0_TRIVA,nan,TRIVA,1.0,,,,,,,,,1,,,,,
Q91ZT8,ASB9_MOUSE,nan,MOUSE,1.0,,,,,,,,,,,,,1,
A2GZ71,A2GZ71_TRIVA,nan,TRIVA,1.0,,,,,,,,,1,,,,,
Q8WXK3,ASB13_HUMAN,nan,HUMAN,1.0,,,,,,,,,,,,1,,
Q8WXK4,ASB12_HUMAN,nan,HUMAN,1.0,,,,,,,,,,,,,1,
Q91974,IKBA_CHICK,nan,CHICK,1.0,,,,,,,,,,,,,1,
A2GT42,A2GT42_TRIVA,nan,TRIVA,1.0,,,,,,,,,1,,,,,
A2GRX6,A2GRX6_TRIVA,nan,TRIVA,1.0,,,,,,,,,1,,,,,
A2GRM3,A2GRM3_TRIVA,nan,TRIVA,1.0,,,,,,,,,1,,,,,
Q91WK7,ANR54_MOUSE,nan,MOUSE,1.0,,,,,,,,,,,,1,,
A2GQW4,A2GQW4_TRIVA,nan,TRIVA,1.0,,,,,,,,,1,,,,,
A2GQP2,A2GQP2_TRIVA,nan,TRIVA,1.0,,,,,,,,,1,,,,,
Q91ZU0,ASB7_MOUSE,nan,MOUSE,1.0,,,,,,,,,,,,,1,
A2HIC0,A2HIC0_TRIVA,nan,TRIVA,1.0,,,,,,,,,1,,,,,
A2G3C6,A2G3C6_TRIVA,nan,TRIVA,1.0,,,,,,,,,1,,,,,
A2GN50,A2GN50_TRIVA,nan,TRIVA,1.0,,,,,,,,,1,,,,,
A2GN49,A2GN49_TRIVA,nan,TRIVA,1.0,,,,,,,,,1,,,,,
A2GMP5,A2GMP5_TRIVA,nan,TRIVA,1.0,,,,,,,,,1,,,,,
A2GMJ5,A2GMJ5_TRIVA,nan,TRIVA,1.0,,,,,,,,,1,,,,,
Q95ZS1,Q95ZS1_CAEEL,nan,CAEEL,1.0,,,,,,,,,,,,,1,
A2GMB9,A2GMB9_TRIVA,nan,TRIVA,1.0,,,,,,,,,1,,,,,
A2GLQ0,A2GLQ0_TRIVA,nan,TRIVA,1.0,,,,,,,,,1,,,,,
A2GKT2,A2GKT2_TRIVA,nan,TRIVA,1.0,,,,,,,,,,,,,1,
A2GKG3,A2GKG3_TRIVA,nan,TRIVA,1.0,,,,,,,,,1,,,,,
Q8WWX0,ASB5_HUMAN,nan,HUMAN,1.0,,,,,,,,,,,,,1,
Q8WWH4,ASZ1_HUMAN,nan,HUMAN,1.0,,,,,,,,,,,,,1,
A2H1J7,A2H1J7_TRIVA,nan,TRIVA,1.0,,,,,,,,,1,,,,,
Q8WNW7,Q8WNW7_BOVIN,ENSBTAP00000022183,BOVIN,1.0,,,,,,,,,,,,,1,
A2HHJ9,A2HHJ9_TRIVA,nan,TRIVA,1.0,,,,,,,,,1,,,,,
A2HHA1,A2HHA1_TRIVA,nan,TRIVA,1.0,,,,,,,,,1,,,,,
Q8VBX0,ASB13_MOUSE,nan,MOUSE,1.0,,,,,,,,,,,,1,,
A2HF11,A2HF11_TRIVA,nan,TRIVA,1.0,,,,,,,,,1,,,,,
A2HES9,A2HES9_TRIVA,nan,TRIVA,1.0,,,,,,,,,1,,,,,
A2HER6,A2HER6_TRIVA,nan,TRIVA,1.0,,,,,,,,,1,,,,,
Q8VD46,ASZ1_MOUSE,nan,MOUSE,1.0,,,,,,,,,,,,,1,
A2HDR2,A2HDR2_TRIVA,nan,TRIVA,1.0,,,,,,,,,1,,,,,
A2HBS3,A2HBS3_TRIVA,nan,TRIVA,1.0,,,,,,,,,1,,,,,
A2HBN1,A2HBN1_TRIVA,nan,TRIVA,1.0,,,,,,,,,1,,,,,
Q8VHF9,Q8VHF9_RAT,nan,RAT,1.0,,,,,,,,,,,,,1,
A2HA91,A2HA91_TRIVA,nan,TRIVA,1.0,,,,,,,,,1,,,,,
A2H9J5,A2H9J5_TRIVA,nan,TRIVA,1.0,,,,,,,,,1,,,,,
A2H916,A2H916_TRIVA,nan,TRIVA,1.0,,,,,,,,,1,,,,,
A2H8X3,A2H8X3_TRIVA,nan,TRIVA,1.0,,,,,,,,,1,,,,,
A2H7U4,A2H7U4_TRIVA,nan,TRIVA,1.0,,,,,,,,,1,,,,,
A2H7S8,A2H7S8_TRIVA,nan,TRIVA,1.0,,,,,,,,,1,,,,,
Q8VHS6,ASB15_MOUSE,nan,MOUSE,1.0,,,,,,,,,,,,,1,
A2H5U6,A2H5U6_TRIVA,nan,TRIVA,1.0,,,,,,,,,1,,,,,
Q8WMX6,ASZ1_PANTR,ENSPTRP00000033595,PANTR,1.0,,,,,,,,,,,,,1,
A2H2D8,A2H2D8_TRIVA,nan,TRIVA,1.0,,,,,,,,,1,,,,,
A2G3K7,A2G3K7_TRIVA,nan,TRIVA,1.0,,,,,,,,,1,,,,,
A2G2A3,A2G2A3_TRIVA,nan,TRIVA,1.0,,,,,,,,,1,,,,,
A2G3C5,A2G3C5_TRIVA,nan,TRIVA,1.0,,,,,,,,,1,,,,,
nan,nan,ENSMUSP00000115813,MOUSE,1.0,,,,,,,,,,,,1,,
A2FQS2,A2FQS2_TRIVA,nan,TRIVA,1.0,,,,,,,,,1,,,,,
A2FQL7,A2FQL7_TRIVA,nan,TRIVA,1.0,,,,,,,,,1,,,,,
A2FQL6,A2FQL6_TRIVA,nan,TRIVA,1.0,,,,,,,,,1,,,,,
A2FQE2,A2FQE2_TRIVA,nan,TRIVA,1.0,,,,,,,,,1,,,,,
A2FQE1,A2FQE1_TRIVA,nan,TRIVA,1.0,,,,,,,,,1,,,,,
nan,nan,ENSGALP00000037963,CHICK,1.0,,,,,,,,,,,,1,,
nan,nan,ENSGALP00000039445,CHICK,1.0,,,,,,,,,,,,1,,
A2FQC8,A2FQC8_TRIVA,nan,TRIVA,1.0,,,,,,,,,1,,,,,
nan,nan,ENSMODP00000019375,MONDO,1.0,,,,,,,,,1,,,,,
nan,nan,ENSMODP00000020034,MONDO,1.0,,,,,,,,,,,,1,,
A2FQ72,A2FQ72_TRIVA,nan,TRIVA,1.0,,,,,,,,,1,,,,,
A2G359,A2G359_TRIVA,nan,TRIVA,1.0,,,,,,,,,1,,,,,
A2FQ66,A2FQ66_TRIVA,nan,TRIVA,1.0,,,,,,,,,1,,,,,
A2FQ28,A2FQ28_TRIVA,nan,TRIVA,1.0,,,,,,,,,1,,,,,
A2FPX2,A2FPX2_TRIVA,nan,TRIVA,1.0,,,,,,,,,1,,,,,
A2FPS7,A2FPS7_TRIVA,nan,TRIVA,1.0,,,,,,,,,1,,,,,
A2FPL4,A2FPL4_TRIVA,nan,TRIVA,1.0,,,,,,,,,1,,,,,
A2FPH9,A2FPH9_TRIVA,nan,TRIVA,1.0,,,,,,,,,1,,,,,
nan,nan,ENSOANP00000004128,ORNAN,1.0,,,,,,,,,,,,,1,
A2FP54,A2FP54_TRIVA,nan,TRIVA,1.0,,,,,,,,,1,,,,,
nan,nan,ENSOANP00000013974,ORNAN,1.0,,,,,,,,,1,,,,,
A2FP41,A2FP41_TRIVA,nan,TRIVA,1.0,,,,,,,,,1,,,,,
A2FQS6,A2FQS6_TRIVA,nan,TRIVA,1.0,,,,,,,,,1,,,,,
A2FQX3,A2FQX3_TRIVA,nan,TRIVA,1.0,,,,,,,,,1,,,,,
nan,nan,ENSGALP00000036134,CHICK,1.0,,,,,,,,,,1,,,,
A2FRF7,A2FRF7_TRIVA,nan,TRIVA,1.0,,,,,,,,,1,,,,,
nan,nan,ENSCINP00000008520,CIOIN,1.0,,,,,,,,,,1,,,,
A2FU16,A2FU16_TRIVA,nan,TRIVA,1.0,,,,,,,,,1,,,,,
A2FTS9,A2FTS9_TRIVA,nan,TRIVA,1.0,,,,,,,,,1,,,,,
nan,nan,ENSCINP00000013478,CIOIN,1.0,,,,,,,,,,,,,,1
A2FT94,A2FT94_TRIVA,nan,TRIVA,1.0,,,,,,,,,1,,,,,
A2FT62,A2FT62_TRIVA,nan,TRIVA,1.0,,,,,,,,,1,,,,,
A2FT59,A2FT59_TRIVA,nan,TRIVA,1.0,,,,,,,,,1,,,,,
A2FSU9,A2FSU9_TRIVA,nan,TRIVA,1.0,,,,,,,,,1,,,,,
A2FSR2,A2FSR2_TRIVA,nan,TRIVA,1.0,,,,,,,,,1,,,,,
A2FSK8,A2FSK8_TRIVA,nan,TRIVA,1.0,,,,,,,,,1,,,,,
A2FSJ3,A2FSJ3_TRIVA,nan,TRIVA,1.0,,,,,,,,,1,,,,,
nan,nan,ENSCINP00000028170,CIOIN,1.0,,,,,,,,,,,,,1,
A2FSC6,A2FSC6_TRIVA,nan,TRIVA,1.0,,,,,,,,,1,,,,,
A2FS40,A2FS40_TRIVA,nan,TRIVA,1.0,,,,,,,,,1,,,,,
A2FRX3,A2FRX3_TRIVA,nan,TRIVA,1.0,,,,,,,,,1,,,,,
A2FRT9,A2FRT9_TRIVA,nan,TRIVA,1.0,,,,,,,,,1,,,,,
A2FRS9,A2FRS9_TRIVA,nan,TRIVA,1.0,,,,,,,,,1,,,,,
nan,nan,ENSCINP00000029133,CIOIN,1.0,,,,,,,,,1,,,,,
nan,nan,ENSGALP00000032350,CHICK,1.0,,,,,,,,,,,,,1,
A2FRH8,A2FRH8_TRIVA,nan,TRIVA,1.0,,,,,,,,,1,,,,,
A2FRH6,A2FRH6_TRIVA,nan,TRIVA,1.0,,,,,,,,,1,,,,,
A2FP40,A2FP40_TRIVA,nan,TRIVA,1.0,,,,,,,,,1,,,,,
nan,nan,ENSOANP00000017311,ORNAN,1.0,,,,,,,,,,,,,1,
A2FNU9,A2FNU9_TRIVA,nan,TRIVA,1.0,,,,,,,,,1,,,,,
A2FM90,A2FM90_TRIVA,nan,TRIVA,1.0,,,,,,,,,1,,,,,
A2FLR5,A2FLR5_TRIVA,nan,TRIVA,1.0,,,,,,,,,1,,,,,
nan,nan,ENSPTRP00000053896,PANTR,1.0,,,,,,,,,1,,,,,
A2FLP0,A2FLP0_TRIVA,nan,TRIVA,1.0,,,,,,,,,1,,,,,
A2FLI3,A2FLI3_TRIVA,nan,TRIVA,1.0,,,,,,,,,,1,,,,
A2FLA3,A2FLA3_TRIVA,nan,TRIVA,1.0,,,,,,,,,1,,,,,
nan,nan,ENSPTRP00000057402,PANTR,1.0,,,,,,,,,,,,1,,
A2FL95,A2FL95_TRIVA,nan,TRIVA,1.0,,,,,,,,,1,,,,,
A2FL82,A2FL82_TRIVA,nan,TRIVA,1.0,,,,,,,,,1,,,,,
nan,nan,ENSRNOP00000051280,RAT,1.0,,,,,,,,,,,,,1,
nan,nan,ENSRNOP00000053340,RAT,1.0,,,,,,,,,,,,1,,
nan,nan,ENSXETP00000006771,XENTR,1.0,,,,,,,,,,,,,1,
A2FKN7,A2FKN7_TRIVA,nan,TRIVA,1.0,,,,,,,,,1,,,,,
A2FK11,A2FK11_TRIVA,nan,TRIVA,1.0,,,,,,,,,1,,,,,
A2FK07,A2FK07_TRIVA,nan,TRIVA,1.0,,,,,,,,,,1,,,,
nan,nan,ENSXETP00000029731,XENTR,1.0,,,,1,,,,,,,,,,
A2FJV9,A2FJV9_TRIVA,nan,TRIVA,1.0,,,,,,,,,1,,,,,
A2FJV1,A2FJV1_TRIVA,nan,TRIVA,1.0,,,,,,,,,1,,,,,
A2FJS1,A2FJS1_TRIVA,nan,TRIVA,1.0,,,,,,,,,1,,,,,
A2FJS0,A2FJS0_TRIVA,nan,TRIVA,1.0,,,,,,,,,1,,,,,
A2FJP9,A2FJP9_TRIVA,nan,TRIVA,1.0,,,,,,,,,1,,,,,
A2FJL3,A2FJL3_TRIVA,nan,TRIVA,1.0,,,,,,,,,1,,,,,
A2FLW9,A2FLW9_TRIVA,nan,TRIVA,1.0,,,,,,,,,,,,,1,
A2FMC0,A2FMC0_TRIVA,nan,TRIVA,1.0,,,,,,,,,1,,,,,
A2FNS8,A2FNS8_TRIVA,nan,TRIVA,1.0,,,,,,,,,1,,,,,
A2FMC8,A2FMC8_TRIVA,nan,TRIVA,1.0,,,,,,,,,1,,,,,
A2FNS6,A2FNS6_TRIVA,nan,TRIVA,1.0,,,,,,,,,1,,,,,
nan,nan,ENSOANP00000027279,ORNAN,1.0,,,,,,,,,,,,,1,
A2FNL9,A2FNL9_TRIVA,nan,TRIVA,1.0,,,,,,,,,1,,,,,
nan,nan,ENSPTRP00000020464,PANTR,1.0,,,,,,,,,,,,,1,
nan,nan,ENSPTRP00000029601,PANTR,1.0,,,,,,,,,,,,,,1
nan,nan,ENSPTRP00000034635,PANTR,1.0,,,,,,,,,1,,,,,
A2FNE7,A2FNE7_TRIVA,nan,TRIVA,1.0,,,,,,,,,,,,,1,
nan,nan,ENSPTRP00000035846,PANTR,1.0,,,,,,,,,1,,,,,
nan,nan,ENSPTRP00000036085,PANTR,1.0,,,,,,,,,1,,,,,
A2FN65,A2FN65_TRIVA,nan,TRIVA,1.0,,,,,,,,,1,,,,,
A2FN61,A2FN61_TRIVA,nan,TRIVA,1.0,,,,,,,,,1,,,,,
A2FN38,A2FN38_TRIVA,nan,TRIVA,1.0,,,,,,,,,1,,,,,
A2FMW2,A2FMW2_TRIVA,nan,TRIVA,1.0,,,,,,,,,1,,,,,
A2FMV3,A2FMV3_TRIVA,nan,TRIVA,1.0,,,,,,,,,1,,,,,
A2FMT7,A2FMT7_TRIVA,nan,TRIVA,1.0,,,,,,,,,1,,,,,
A2FMT6,A2FMT6_TRIVA,nan,TRIVA,1.0,,,,,,,,,1,,,,,
A2FMS4,A2FMS4_TRIVA,nan,TRIVA,1.0,,,,,,,,,1,,,,,
A2FMP9,A2FMP9_TRIVA,nan,TRIVA,1.0,,,,,,,,,1,,,,,
A2FMP2,A2FMP2_TRIVA,nan,TRIVA,1.0,,,,,,,,,1,,,,,
A2FME9,A2FME9_TRIVA,nan,TRIVA,1.0,,,,,,,,,1,,,,,
A2FME1,A2FME1_TRIVA,nan,TRIVA,1.0,,,,,,,,,1,,,,,
A2FU92,A2FU92_TRIVA,nan,TRIVA,1.0,,,,,,,,,1,,,,,
nan,nan,ENSCINP00000003247,CIOIN,1.0,,,,,,,,,,,,,1,
A2FUE8,A2FUE8_TRIVA,nan,TRIVA,1.0,,,,,,,,,,,,,1,
Q9VT59,Q9VT59_DROME,nan,DROME,1.0,,,,,,,,,,,,,1,
A2G1F7,A2G1F7_TRIVA,nan,TRIVA,1.0,,,,,,,,,1,,,,,
Q9W2I0,Q9W2I0_DROME,nan,DROME,1.0,,,,,,,,,,1,,,,
Q9WV06,ANKR2_MOUSE,nan,MOUSE,1.0,,,,,,,,,,,,,1,
Q9WV72,ASB3_MOUSE,nan,MOUSE,1.0,,,,,,,,,,,,,1,
A2G1F0,A2G1F0_TRIVA,nan,TRIVA,1.0,,,,,,,,,1,,,,,
Q9Y575,ASB3_HUMAN,nan,HUMAN,1.0,,,,,,,,,,,,,1,
A2G195,A2G195_TRIVA,nan,TRIVA,1.0,,,,,,,,,1,,,,,
Q9Z205,RFXK_MOUSE,nan,MOUSE,1.0,,,,,,,,,,,,,1,
A2G157,A2G157_TRIVA,nan,TRIVA,1.0,,,,,,,,,1,,,,,
Q9Z2G0,FEM1B_MOUSE,nan,MOUSE,1.0,,,,,,,,,,,,,1,
A2G119,A2G119_TRIVA,nan,TRIVA,1.0,,,,,,,,,1,,,,,
A2G118,A2G118_TRIVA,nan,TRIVA,1.0,,,,,,,,,1,,,,,
Q9Z2X2,PSD10_MOUSE,nan,MOUSE,1.0,,,,,,,,,,,,,1,
A2G117,A2G117_TRIVA,nan,TRIVA,1.0,,,,,,,,,1,,,,,
Q9Z2X3,PSD10_RAT,nan,RAT,1.0,,,,,,,,,,,,,1,
nan,nan,ENSBTAP00000006059,BOVIN,1.0,,,,,,,,,1,,,,,
A2G0X4,A2G0X4_TRIVA,nan,TRIVA,1.0,,,,,,,,,1,,,,,
A2G0X1,A2G0X1_TRIVA,nan,TRIVA,1.0,,,,,,,,,1,,,,,
A2G0W9,A2G0W9_TRIVA,nan,TRIVA,1.0,,,,,,,,,1,,,,,
A2G0W7,A2G0W7_TRIVA,nan,TRIVA,1.0,,,,,,,,,,,,,1,
A2G0T1,A2G0T1_TRIVA,nan,TRIVA,1.0,,,,,,,,,1,,,,,
A2G1H5,A2G1H5_TRIVA,nan,TRIVA,1.0,,,,,,,,,1,,,,,
Q9VL58,Q9VL58_DROME,nan,DROME,1.0,,,,,,,,,,,,,1,
A2G090,A2G090_TRIVA,nan,TRIVA,1.0,,,,,,,,,1,,,,,
A2G1K3,A2G1K3_TRIVA,nan,TRIVA,1.0,,,,,,,,,1,,,,,
Q9RYQ2,Q9RYQ2_DEIRA,nan,DEIRA,1.0,,,,,,,1,,,,,,,
A2G357,A2G357_TRIVA,nan,TRIVA,1.0,,,,,,,,,1,,,,,
A2G324,A2G324_TRIVA,nan,TRIVA,1.0,,,,,,,,,1,,,,,
A2G2P6,A2G2P6_TRIVA,nan,TRIVA,1.0,,,,,,,,,1,,,,,
Q9UK73,FEM1B_HUMAN,nan,HUMAN,1.0,,,,,,,,,,,,,1,
A2G2J0,A2G2J0_TRIVA,nan,TRIVA,1.0,,,,,,,,,1,,,,,
A2G2E1,A2G2E1_TRIVA,nan,TRIVA,1.0,,,,,,,,,1,,,,,
Q9ULH0,KDIS_HUMAN,nan,HUMAN,1.0,,,,,,,,,,1,,,,
A2G2D6,A2G2D6_TRIVA,nan,TRIVA,1.0,,,,,,,,,1,,,,,
Q9UU77,YQMA_SCHPO,nan,SCHPO,1.0,,,,,,,1,,,,,,,
A2G2B3,A2G2B3_TRIVA,nan,TRIVA,1.0,,,,,,,,,1,,,,,
Q9VB40,Q9VB40_DROME,nan,DROME,1.0,,,,,,,,,,1,,,,
A7YY95,A7YY95_DANRE,nan,DANRE,1.0,,,,,,,,,,,,,1,
Q9VC09,Q9VC09_DROME,nan,DROME,1.0,,,,,,,,,,,,,1,
A2G239,A2G239_TRIVA,nan,TRIVA,1.0,,,,,,,,,1,,,,,
A2G233,A2G233_TRIVA,nan,TRIVA,1.0,,,,,,,,,1,,,,,
A2G224,A2G224_TRIVA,nan,TRIVA,1.0,,,,,,,,,1,,,,,
A2G205,A2G205_TRIVA,nan,TRIVA,1.0,,,,,,,,,1,,,,,
A2G1Y9,A2G1Y9_TRIVA,nan,TRIVA,1.0,,,,,,,,,1,,,,,
Q9VCA8,ANKHM_DROME,nan,DROME,1.0,,,,,,,,,,,,,,1
A2G1T3,A2G1T3_TRIVA,nan,TRIVA,1.0,,,,,,,,,1,,,,,
A2G0K0,A2G0K0_TRIVA,nan,TRIVA,1.0,,,,,,,,,,,,,1,
A2G059,A2G059_TRIVA,nan,TRIVA,1.0,,,,,,,,,1,,,,,
A2FUG4,A2FUG4_TRIVA,nan,TRIVA,1.0,,,,,,,,,1,,,,,
A2FXT1,A2FXT1_TRIVA,nan,TRIVA,1.0,,,,,,,,,1,,,,,
nan,nan,ENSBTAP00000045812,BOVIN,1.0,,,,,,,,,1,,,,,
A2FXR6,A2FXR6_TRIVA,nan,TRIVA,1.0,,,,,,,,,1,,,,,
A2FXQ8,A2FXQ8_TRIVA,nan,TRIVA,1.0,,,,,,,,,1,,,,,
A2FXI7,A2FXI7_TRIVA,nan,TRIVA,1.0,,,,,,,,,1,,,,,
A2FXI6,A2FXI6_TRIVA,nan,TRIVA,1.0,,,,,,,,,1,,,,,
A2FXI3,A2FXI3_TRIVA,nan,TRIVA,1.0,,,,,,,,,1,,,,,
A2FX55,A2FX55_TRIVA,nan,TRIVA,1.0,,,,,,,,,1,,,,,
A2FX54,A2FX54_TRIVA,nan,TRIVA,1.0,,,,,,,,,1,,,,,
nan,nan,ENSBTAP00000046074,BOVIN,1.0,,,,,,,,,,,,1,,
A2FWR5,A2FWR5_TRIVA,nan,TRIVA,1.0,,,,,,,,,1,,,,,
nan,nan,ENSBTAP00000046675,BOVIN,1.0,,,,,,,,,1,,,,,
A2FWE5,A2FWE5_TRIVA,nan,TRIVA,1.0,,,,,,,,,1,,,,,
A2FW89,A2FW89_TRIVA,nan,TRIVA,1.0,,,,,,,,,1,,,,,
A2FW02,A2FW02_TRIVA,nan,TRIVA,1.0,,,,,,,,,1,,,,,
A2FVV8,A2FVV8_TRIVA,nan,TRIVA,1.0,,,,,,,,,1,,,,,
A2FVG8,A2FVG8_TRIVA,nan,TRIVA,1.0,,,,,,,,,1,,,,,
nan,nan,ENSBTAP00000053477,BOVIN,1.0,,,,,,,,,,,,,1,
nan,nan,ENSCAFP00000009754,CANFA,1.0,,,,,,,,,1,,,,,
nan,nan,ENSCAFP00000034677,CANFA,1.0,,,,,,,,,,,,,1,
A2FUQ6,A2FUQ6_TRIVA,nan,TRIVA,1.0,,,,,,,,,1,,,,,
nan,nan,ENSCINP00000000384,CIOIN,1.0,1,,,,,,,,,,,,,
A2FXS9,A2FXS9_TRIVA,nan,TRIVA,1.0,,,,,,,,,1,,,,,
A2FXT4,A2FXT4_TRIVA,nan,TRIVA,1.0,,,,,,,,,1,,,,,
A2G045,A2G045_TRIVA,nan,TRIVA,1.0,,,,,,,,,1,,,,,
nan,nan,ENSBTAP00000045808,BOVIN,1.0,,,,,,,,,1,,,,,
A2G038,A2G038_TRIVA,nan,TRIVA,1.0,,,,,,,,,1,,,,,
A2FZX0,A2FZX0_TRIVA,nan,TRIVA,1.0,,,,,,,,,1,,,,,
nan,nan,ENSBTAP00000010777,BOVIN,1.0,,,,,,,,,1,,,,,
A2FZW8,A2FZW8_TRIVA,nan,TRIVA,1.0,,,,,,,,,1,,,,,
A2FZU9,A2FZU9_TRIVA,nan,TRIVA,1.0,,,,,,,,,1,,,,,
A2FZP8,A2FZP8_TRIVA,nan,TRIVA,1.0,,,,,,,,,1,,,,,
A2FZN7,A2FZN7_TRIVA,nan,TRIVA,1.0,,,,,,,,,1,,,,,
A2FYS2,A2FYS2_TRIVA,nan,TRIVA,1.0,,,,,,,,,1,,,,,
nan,nan,ENSBTAP00000011911,BOVIN,1.0,,,,,,,,,1,,,,,
nan,nan,ENSBTAP00000011913,BOVIN,1.0,,,,,,,,,1,,,,,
A2FYQ9,A2FYQ9_TRIVA,nan,TRIVA,1.0,,,,,,,,,,,,,1,
A2FYQ4,A2FYQ4_TRIVA,nan,TRIVA,1.0,,,,,,,,,1,,,,,
A2FYI1,A2FYI1_TRIVA,nan,TRIVA,1.0,,,,,,,,,1,,,,,
nan,nan,ENSBTAP00000020464,BOVIN,1.0,,,,,,,,,1,,,,,
A2FYD0,A2FYD0_TRIVA,nan,TRIVA,1.0,,,,,,,,,1,,,,,
A2FYC0,A2FYC0_TRIVA,nan,TRIVA,1.0,,,,,,,,,1,,,,,
A2FYB1,A2FYB1_TRIVA,nan,TRIVA,1.0,,,,,,,,,1,,,,,
nan,nan,ENSBTAP00000039187,BOVIN,1.0,,,,,,,,,1,,,,,
A2FYA7,A2FYA7_TRIVA,nan,TRIVA,1.0,,,,,,,,,1,,,,,
A2FY96,A2FY96_TRIVA,nan,TRIVA,1.0,,,,,,,,,1,,,,,
nan,nan,ENSBTAP00000045424,BOVIN,1.0,,,,,,,,,1,,,,,
A7TAX2,A7TAX2_NEMVE,nan,NEMVE,1.0,,,,,,,,,,1,,,,
A8BVX7,A8BVX7_GIAIC,nan,GIAIC,1.0,,,,,,,,,,,,,,1
A8B8X1,A8B8X1_GIAIC,nan,GIAIC,1.0,,,,,,,,,1,,,,,
F7CWK7,F7CWK7_MONDO,ENSMODP00000002747,MONDO,1.0,,,,,,,,,,,,1,,
F7E8P7,F7E8P7_ORNAN,ENSOANP00000004133,ORNAN,1.0,,,,,,,,,,,,,1,
F7E6N4,F7E6N4_ORNAN,ENSOANP00000017809,ORNAN,1.0,,,,,,,,,,,,,1,
F7E5N8,F7E5N8_ORNAN,ENSOANP00000019010,ORNAN,1.0,,,,,,,,,,,,,1,
F7E3A1,F7E3A1_MACMU,ENSMMUP00000028610,MACMU,1.0,,,,,,,,,,,,,1,
F7DSQ5,F7DSQ5_MONDO,ENSMODP00000004906,MONDO,1.0,,,,,,,,,,,,,1,
F7D6I5,F7D6I5_ORNAN,ENSOANP00000005483,ORNAN,1.0,,,,,,,,,,,,,1,
F7D0L8,F7D0L8_MACMU,ENSMMUP00000041027,MACMU,1.0,,,,,,,,,,,,,1,
Q3SZE4,ASB11_BOVIN,ENSBTAP00000038650,BOVIN,1.0,,,,,,,,,,,,,1,
F7CZ13,F7CZ13_MONDO,ENSMODP00000015214,MONDO,1.0,,,,,,,,,,,,,1,
Q3TYL0,YH010_MOUSE,nan,MOUSE,1.0,,,,,,,,,,,,1,,
F7CR04,F7CR04_XENTR,ENSXETP00000023873,XENTR,1.0,,,,,,,,,,,,,1,
F7EBS6,F7EBS6_MACMU,ENSMMUP00000004601,MACMU,1.0,,,,,,,,,1,,,,,
F7CQU3,F7CQU3_ORNAN,ENSOANP00000010956,ORNAN,1.0,,,,,,,,,,,,1,,
F7CMQ8,F7CMQ8_ORNAN,ENSOANP00000024337,ORNAN,1.0,,,,,,,,,,,,,1,
F7BVX0,F7BVX0_XENTR,ENSXETP00000040604,XENTR,1.0,,,,,,,,,,,,,1,
F7BPA7,F7BPA7_MACMU,ENSMMUP00000001726,MACMU,1.0,,,,,,,,,,,,1,,
F7BKL1,F7BKL1_MONDO,ENSMODP00000009474,MONDO,1.0,,,1,,,,,,,,,,,
Q495B1,AKD1A_HUMAN,nan,HUMAN,1.0,,,,,,,,,,,,,1,
F7BJ78,F7BJ78_MACMU,ENSMMUP00000013937,MACMU,1.0,,,,,,,,,,,,,1,
F7BFY0,F7BFY0_MACMU,ENSMMUP00000025724,MACMU,1.0,,,,,,,,,,,,,,1
F7BE47,F7BE47_ORNAN,ENSOANP00000008489,ORNAN,1.0,,,,,,,,,,,,1,,
F7BBA9,F7BBA9_XENTR,ENSXETP00000048817,XENTR,1.0,,,,,,,,,,,,,1,
F7EA98,F7EA98_MACMU,ENSMMUP00000016283,MACMU,1.0,,,,,,,,,,,,,1,
F7EPI8,F7EPI8_MONDO,ENSMODP00000018321,MONDO,1.0,,,,,,,,,,1,,,,
Q28BT6,Q28BT6_XENTR,ENSXETP00000054470,XENTR,1.0,,,,,,,,,,,,,1,
F7GS91,F7GS91_MACMU,ENSMMUP00000002415,MACMU,1.0,,,,,,,,,1,,,,,
H2Q0Q6,H2Q0Q6_PANTR,ENSPTRP00000002931,PANTR,1.0,,,,,,,,,,,,,1,
G5E5T9,G5E5T9_BOVIN,ENSBTAP00000030917,BOVIN,1.0,,,,,,,,,,,,1,,
G3X6G1,G3X6G1_BOVIN,ENSBTAP00000006062,BOVIN,1.0,,,,,,,,,,,,,1,
F7HMB2,F7HMB2_MACMU,ENSMMUP00000000070,MACMU,1.0,,,,,,,,,1,,,,,
F7HJ45,F7HJ45_MACMU,ENSMMUP00000034463,MACMU,1.0,,,,,,,,,,,,,1,
F7HG39,F7HG39_MACMU,ENSMMUP00000027681,MACMU,1.0,,,,,,,,,,1,,,,
F7HFR0,F7HFR0_MACMU,ENSMMUP00000003849,MACMU,1.0,,,,,,,,,,,,1,,
F7HCK2,F7HCK2_MACMU,ENSMMUP00000036285,MACMU,1.0,,,,,,,,,,,,1,,
F7H8C5,F7H8C5_MACMU,ENSMMUP00000012125,MACMU,1.0,,,,,,,,,1,,,,,
F7H6T0,F7H6T0_MACMU,ENSMMUP00000010895,MACMU,1.0,,,,,,,,,,,,,1,
Q32PL5,Q32PL5_DANRE,nan,DANRE,1.0,,,,,,,,,,,,,1,
Q3EC11,ZDHC2_ARATH,nan,ARATH,1.0,,,,,,,,,,,1,,,
F7GGK5,F7GGK5_MACMU,ENSMMUP00000014360,MACMU,1.0,,,,,,,,,,,,,1,
F7GG93,F7GG93_MACMU,ENSMMUP00000026346,MACMU,1.0,,,,,,,,,,,,,1,
F7G7T9,F7G7T9_ORNAN,ENSOANP00000026254,ORNAN,1.0,,,,,,,,,,,,1,,
F7G134,F7G134_MACMU,ENSMMUP00000021689,MACMU,1.0,,,,,,,,,,,,,1,
Q32Q00,Q32Q00_RAT,nan,RAT,1.0,,,,,,,,,,,,,1,
F7G0V9,F7G0V9_ORNAN,ENSOANP00000026681,ORNAN,1.0,,,,,,,,,,,,1,,
F7FRN8,F7FRN8_MONDO,ENSMODP00000023167,MONDO,1.0,,,,,,,,,,,,,1,
F7EU74,F7EU74_ORNAN,ENSOANP00000002371,ORNAN,1.0,,,,,,,,,,,,,,1
Q38998,AKT1_ARATH,nan,ARATH,1.0,,,,,,,,,,,,,1,
F7EQ83,F7EQ83_MACMU,ENSMMUP00000011767,MACMU,1.0,,,,,,,,,1,,,,,
F7B5T7,F7B5T7_MONDO,ENSMODP00000019612,MONDO,1.0,,,,,,,,,,,,,1,
F7B5E7,F7B5E7_CIOIN,ENSCINP00000022947,CIOIN,1.0,,,,,,,,,1,,,,,
Q495V5,Q495V5_HUMAN,nan,HUMAN,1.0,,,,,,,,,1,,,,,
F6U1J8,F6U1J8_MONDO,ENSMODP00000021509,MONDO,1.0,,,,,,,,,,,,,1,
F6VZQ7,F6VZQ7_MONDO,ENSMODP00000019351,MONDO,1.0,,,,,,,,,1,,,,,
Q4QH09,Q4QH09_LEIMA,nan,LEIMA,1.0,,,,1,,,,,,,,,,
F6VVE9,F6VVE9_CIOIN,ENSCINP00000027987,CIOIN,1.0,,,,,,,,,,,,,1,
Q4V8G1,Q4V8G1_RAT,nan,RAT,1.0,,,,,,,,,,,,,1,
F6V6Q1,F6V6Q1_XENTR,ENSXETP00000039726,XENTR,1.0,,,,,,,,,,,,,,1
F6V0Z4,F6V0Z4_CANFA,ENSCAFP00000031787,CANFA,1.0,,,,,,,,,,,,1,,
F6UZC4,F6UZC4_MONDO,ENSMODP00000014513,MONDO,1.0,,,,,,,,,,,,,,1
F6UXK6,F6UXK6_CANFA,ENSCAFP00000025195,CANFA,1.0,,,,,,,,,,,,,1,
Q502K3,ANR52_DANRE,nan,DANRE,1.0,,,,,,,1,,,,,,,
F6UD77,F6UD77_CIOIN,ENSCINP00000005547,CIOIN,1.0,,,,,,,,,,,,,1,
F6TQ49,F6TQ49_CIOIN,ENSCINP00000017539,CIOIN,1.0,,,,,,,,,,,,,1,
F7B4H3,F7B4H3_MONDO,ENSMODP00000023068,MONDO,1.0,,,,,,,,,,,,1,,
F6TNM7,F6TNM7_XENTR,ENSXETP00000022721,XENTR,1.0,,,,,,,,,,,,,1,
F6T4D0,F6T4D0_MONDO,ENSMODP00000021545,MONDO,1.0,,,,,,,,,,,,,1,
F6S8L4,F6S8L4_MONDO,ENSMODP00000000989,MONDO,1.0,,,,,,,,,,,,1,,
F6S713,F6S713_MACMU,ENSMMUP00000020661,MACMU,1.0,,,,,,,,,,,,,1,
F6RYC1,F6RYC1_MACMU,ENSMMUP00000032675,MACMU,1.0,,,,,,,,,,,,,1,
F6RT66,F6RT66_ORNAN,ENSOANP00000012065,ORNAN,1.0,,,,,,,,,,1,,,,
F6RP31,F6RP31_MACMU,ENSMMUP00000018061,MACMU,1.0,,,,,,,,,,,,,1,
Q53RE8,ANR39_HUMAN,nan,HUMAN,1.0,,,,,,,,,,,,1,,
F6R1K8,F6R1K8_XENTR,ENSXETP00000012841,XENTR,1.0,,,,,,,,,,,,1,,
F6QZ71,F6QZ71_MACMU,ENSMMUP00000025215,MACMU,1.0,,,,,,,,,,1,,,,
F6W8N2,F6W8N2_MACMU,ENSMMUP00000026791,MACMU,1.0,,,,,,,,,1,,,,,
F6W937,F6W937_XENTR,ENSXETP00000028085,XENTR,1.0,,,,,,,,,,,,,1,
Q4Q2I8,Q4Q2I8_LEIMA,nan,LEIMA,1.0,,,,,,,1,,,,,,,
F6WTX7,F6WTX7_MONDO,ENSMODP00000008929,MONDO,1.0,,,,,,,,,,,,,1,
F7AG42,F7AG42_MONDO,ENSMODP00000007866,MONDO,1.0,,,,,,,,,,,,,1,
F7ACM1,F7ACM1_MONDO,ENSMODP00000028428,MONDO,1.0,,,,,,,,,,,,,1,
F7AAY7,F7AAY7_MACMU,ENSMMUP00000031874,MACMU,1.0,,,,,,,,,,,,1,,
F7AAK8,F7AAK8_MONDO,ENSMODP00000004613,MONDO,1.0,,,,,,,,,,,,,1,
Q4KLY9,Q4KLY9_RAT,nan,RAT,1.0,,,,,,,,,,,,,1,
F7A068,F7A068_XENTR,ENSXETP00000033259,XENTR,1.0,,,,,,,,,,,,,1,
F6Z2K6,F6Z2K6_ORNAN,ENSOANP00000027285,ORNAN,1.0,,,,,,,,,1,,,,,
F6YVE9,F6YVE9_CIOIN,ENSCINP00000012849,CIOIN,1.0,,,,1,,,,,,,,,,
F6YSH5,F6YSH5_MACMU,ENSMMUP00000024907,MACMU,1.0,,,,,,,,,,,,,1,
F6YPY1,F6YPY1_CIOIN,ENSCINP00000007941,CIOIN,1.0,,,,,,,,,,1,,,,
Q4KM28,Q4KM28_RAT,nan,RAT,1.0,,,,,,,,,,,,1,,
F6YG77,F6YG77_CIOIN,ENSCINP00000008760,CIOIN,1.0,,,,,,,,,,,,,1,
F6YE71,F6YE71_MONDO,ENSMODP00000002800,MONDO,1.0,,,,,,,,,,,,,1,
F6YC59,F6YC59_MONDO,ENSMODP00000000114,MONDO,1.0,,,,,,,,,,,,,1,
F6XSE4,F6XSE4_CANFA,ENSCAFP00000008682,CANFA,1.0,,,,,,,,,,,,,,1
F6XLN1,F6XLN1_CANFA,ENSCAFP00000004479,CANFA,1.0,,,,,,,,,,,,,,1
F6X0G0,F6X0G0_MONDO,ENSMODP00000005870,MONDO,1.0,,,,,,,,,,,,,1,
Q4P6L3,AKR1_USTMA,nan,USTMA,1.0,1,,,,,,,,,,,,,
F6WXQ9,F6WXQ9_MACMU,ENSMMUP00000002743,MACMU,1.0,,,,,,,,,,,,1,,
F6WX36,F6WX36_ORNAN,ENSOANP00000009532,ORNAN,1.0,,,,,,,,,,,,,1,
Q4PAK3,Q4PAK3_USTMA,nan,USTMA,1.0,,,,,,,1,,,,,,,
H2Q2D1,H2Q2D1_PANTR,ENSPTRP00000004929,PANTR,1.0,,,,,,,,,,,,,1,
H2Q5T1,H2Q5T1_PANTR,ENSPTRP00000008337,PANTR,1.0,,,,,,,,,,,,1,,
F1PXC5,F1PXC5_CANFA,ENSCAFP00000004941,CANFA,1.0,,,,,,,,,,1,,,,
H2UUU8,H2UUU8_TAKRU,ENSTRUP00000040723,TAKRU,1.0,,,,,,,,,,,,1,,
H2V248,H2V248_TAKRU,ENSTRUP00000043279,TAKRU,1.0,,,,,,,,,,,,1,,
H2V0C1,H2V0C1_TAKRU,ENSTRUP00000042651,TAKRU,1.0,,,,,,,,,,,,,1,
Q08E43,ASB8_BOVIN,ENSBTAP00000000361,BOVIN,1.0,,,,,,,,,,,,1,,
H2UZX2,H2UZX2_TAKRU,ENSTRUP00000042502,TAKRU,1.0,,,,,,,,,,,,,1,
H2UZ47,H2UZ47_TAKRU,ENSTRUP00000042226,TAKRU,1.0,,,,,,,,,,,,1,,
H2UXS0,H2UXS0_TAKRU,ENSTRUP00000041749,TAKRU,1.0,,,,,,,,,,,,,1,
Q09701,AKR1_SCHPO,nan,SCHPO,1.0,1,,,,,,,,,,,,,
H2UWN7,H2UWN7_TAKRU,ENSTRUP00000041365,TAKRU,1.0,,,,,,,,,,,,1,,
H2UW60,H2UW60_TAKRU,ENSTRUP00000041188,TAKRU,1.0,,,,,,,,,,,,,1,
H2UV10,H2UV10_TAKRU,ENSTRUP00000040785,TAKRU,1.0,,,,,,,,,,,,,1,
Q0D273,Q0D273_DANRE,nan,DANRE,1.0,,,,,,,,,,,,1,,
H2V9N6,H2V9N6_TAKRU,ENSTRUP00000045926,TAKRU,1.0,,,,,,,,,,,,1,,
H2USW8,H2USW8_TAKRU,ENSTRUP00000040041,TAKRU,1.0,,,,,,,,,,,,,1,
H2US03,H2US03_TAKRU,ENSTRUP00000039726,TAKRU,1.0,,,,,,,,,,,,,1,
H2UKG2,H2UKG2_TAKRU,ENSTRUP00000037433,TAKRU,1.0,,,,,,,,,,,,,1,
Q0KIE7,Q0KIE7_DROME,nan,DROME,1.0,,,,,,,1,,,,,,,
H2UIB2,H2UIB2_TAKRU,ENSTRUP00000036683,TAKRU,1.0,,,,,,,,,,1,,,,
H2U9W8,H2U9W8_TAKRU,ENSTRUP00000033734,TAKRU,1.0,,,,,,,,,,,,,1,
H2U0G2,H2U0G2_TAKRU,ENSTRUP00000030421,TAKRU,1.0,,,,,,,,,,,,,1,
H2TU38,H2TU38_TAKRU,ENSTRUP00000028196,TAKRU,1.0,,,,,,,,,,,,,1,
Q0P5B9,ANR39_BOVIN,ENSBTAP00000014400,BOVIN,1.0,,,,,,,,,,,,1,,
H2TSJ5,H2TSJ5_TAKRU,ENSTRUP00000027653,TAKRU,1.0,,,,,,,,,,,,,1,
H2V466,H2V466_TAKRU,ENSTRUP00000044000,TAKRU,1.0,,,,,,,,,,,,,1,
H9GWF6,H9GWF6_CANFA,ENSCAFP00000021821,CANFA,1.0,,,,,,,,,1,,,,,
Q21920,ANKHM_CAEEL,nan,CAEEL,1.0,,,,,,,,,,,,,,1
H9KYW8,H9KYW8_CHICK,ENSGALP00000001143,CHICK,1.0,,,,,,,,,,,,1,,
P0C6P7,FEM1B_RAT,nan,RAT,1.0,,,,,,,,,,,,,1,
O97224,O97224_PLAF7,nan,PLAF7,1.0,1,,,,,,,,,,,,,
P81069,GABP2_MOUSE,nan,MOUSE,1.0,,,,,,,,,,,,1,,
Q00420,GABP1_MOUSE,nan,MOUSE,1.0,,,,,,,,,,,,1,,
O49673,O49673_ARATH,nan,ARATH,1.0,,,,,,,,,,1,,,,
Q03017,CACT_DROME,nan,DROME,1.0,,,,,,,,,,,,,1,
Q05AC5,Q05AC5_MOUSE,nan,MOUSE,1.0,,,,,,,,,1,,,,,
O45398,O45398_CAEEL,nan,CAEEL,1.0,,,,,,,,,,1,,,,
L7N0J7,L7N0J7_CANFA,ENSCAFP00000031560,CANFA,1.0,,,,,,,,,1,,,,,
K9J7Y1,K9J7Y1_XENTR,ENSXETP00000018144,XENTR,1.0,,,,,,,,,,1,,,,
H9H7M3,H9H7M3_MONDO,ENSMODP00000025742,MONDO,1.0,,,,,,,,,,1,,,,
H9GX26,H9GX26_CANFA,ENSCAFP00000035789,CANFA,1.0,,,,,,,,,1,,,,,
Q05AI6,Q05AI6_DANRE,nan,DANRE,1.0,,,,,,,,,,,,1,,
H9H7J5,H9H7J5_MONDO,ENSMODP00000024813,MONDO,1.0,,,,,,,,,1,,,,,
H9H7J2,H9H7J2_MONDO,ENSMODP00000024782,MONDO,1.0,,,,,,,,,1,,,,,
H9H799,H9H799_MONDO,ENSMODP00000023808,MONDO,1.0,,,,,,,,,,,,1,,
Q06547,GABP1_HUMAN,nan,HUMAN,1.0,,,,,,,,,,,,1,,
H9H6M8,H9H6M8_MONDO,ENSMODP00000016935,MONDO,1.0,,,,,,,,,1,,,,,
H9H5I7,H9H5I7_MACMU,ENSMMUP00000040647,MACMU,1.0,,,,,,,,,1,,,,,
H9H3C8,H9H3C8_MACMU,ENSMMUP00000013003,MACMU,1.0,,,,,,,,,1,,,,,
Q08BM2,Q08BM2_DANRE,nan,DANRE,1.0,,,,,,,,,,,,,1,
H9GYD4,H9GYD4_DANRE,ENSDARP00000106012,DANRE,1.0,,,,1,,,,,,,,,,
Q0U1S7,Q0U1S7_PHANO,nan,PHANO,1.0,,,,,,,,,,,,,,1
Q0U5Y0,Q0U5Y0_PHANO,nan,PHANO,1.0,,,,,,,,,,,,,1,
H2TKM7,H2TKM7_TAKRU,ENSTRUP00000025231,TAKRU,1.0,,,,,,,,,,,,,1,
H2QJY7,H2QJY7_PANTR,ENSPTRP00000022720,PANTR,1.0,,,,,,,,,,,,,1,
H2R0X4,H2R0X4_PANTR,ENSPTRP00000041419,PANTR,1.0,,,,,,,,,,,,,1,
H2QVA8,H2QVA8_PANTR,ENSPTRP00000033631,PANTR,1.0,,,,,,,,,,,,,1,
H2QV99,H2QV99_PANTR,ENSPTRP00000033600,PANTR,1.0,,,,,,,,,1,,,,,
H2QR37,H2QR37_PANTR,ENSPTRP00000029112,PANTR,1.0,,,,,,,,,,,,,1,
Q17490,Q17490_CAEEL,nan,CAEEL,1.0,,,,,,,1,,,,,,,
H2QQG5,H2QQG5_PANTR,ENSPTRP00000028506,PANTR,1.0,,,,,,,,,,,,,1,
Q17QS6,ASB5_BOVIN,ENSBTAP00000018799,BOVIN,1.0,,,,,,,,,,,,,1,
Q17R12,Q17R12_BOVIN,ENSBTAP00000043486,BOVIN,1.0,,,,,,,,,,,,,1,
H2QLM7,H2QLM7_PANTR,ENSPTRP00000024715,PANTR,1.0,,,,,,,,,,,,1,,
H2QKU6,H2QKU6_PANTR,ENSPTRP00000023741,PANTR,1.0,,,,,,,,,1,,,,,
H2QID6,H2QID6_PANTR,ENSPTRP00000020986,PANTR,1.0,,,,,,,,,,,,1,,
H2TGL7,H2TGL7_TAKRU,ENSTRUP00000023815,TAKRU,1.0,,,,,,,,,,,,,1,
H2QHE5,H2QHE5_PANTR,ENSPTRP00000020003,PANTR,1.0,,,,,,,,,,1,,,,
H2QEB2,H2QEB2_PANTR,ENSPTRP00000016845,PANTR,1.0,,,,,,,,,1,,,,,
Q1JPN7,Q1JPN7_ARATH,nan,ARATH,1.0,,,,,,,,,,,,,1,
H2QB11,H2QB11_PANTR,ENSPTRP00000013791,PANTR,1.0,,,,,,,,,1,,,,,
H2QAI2,H2QAI2_PANTR,ENSPTRP00000013192,PANTR,1.0,,,,,,,,,,,,,1,
H2QA57,H2QA57_PANTR,ENSPTRP00000012822,PANTR,1.0,,,,,,,,,,,,,1,
H2Q9E9,H2Q9E9_PANTR,ENSPTRP00000012078,PANTR,1.0,,,,,,,,,,,,1,,
H2Q911,H2Q911_PANTR,ENSPTRP00000011644,PANTR,1.0,,,,,,,,,1,,,,,
H2Q8U5,H2Q8U5_PANTR,ENSPTRP00000011370,PANTR,1.0,,,,,,,,,,,,,1,
H2Q7T2,H2Q7T2_PANTR,ENSPTRP00000010266,PANTR,1.0,,,,,,,,,,,,,1,
H2R1L8,H2R1L8_PANTR,ENSPTRP00000042564,PANTR,1.0,,,,,,,,,1,,,,,
H2R1U5,H2R1U5_PANTR,ENSPTRP00000042898,PANTR,1.0,,,,,,,,,,,,1,,
H2R2I9,H2R2I9_PANTR,ENSPTRP00000044023,PANTR,1.0,,,,,,,,,1,,,,,
H2R2R7,H2R2R7_PANTR,ENSPTRP00000044343,PANTR,1.0,,,,,,,,,,1,,,,
H2TGL5,H2TGL5_TAKRU,ENSTRUP00000023813,TAKRU,1.0,,,,,,,,,,,,,1,
H2T399,H2T399_TAKRU,ENSTRUP00000019137,TAKRU,1.0,,,,,,,,,,,,1,,
Q0UAV8,Q0UAV8_PHANO,nan,PHANO,1.0,1,,,,,,,,,,,,,
H2SXY8,H2SXY8_TAKRU,ENSTRUP00000017276,TAKRU,1.0,,,,,,,,,,,,,,1
H2SWJ7,H2SWJ7_TAKRU,ENSTRUP00000016785,TAKRU,1.0,,,,,,,,,,,,,1,
Q0UNG7,Q0UNG7_PHANO,nan,PHANO,1.0,,,,1,,,,,,,,,,
Q0UWG6,Q0UWG6_PHANO,nan,PHANO,1.0,,,,,,,,,,1,,,,
H2SR56,H2SR56_TAKRU,ENSTRUP00000014893,TAKRU,1.0,,,,,,,,,,1,,,,
H2SR38,H2SR38_TAKRU,ENSTRUP00000014875,TAKRU,1.0,,,,,,,,,,,,,1,
H2SQD5,H2SQD5_TAKRU,ENSTRUP00000014622,TAKRU,1.0,,,,,,,,,,,,,1,
H2SL80,H2SL80_TAKRU,ENSTRUP00000013165,TAKRU,1.0,,,,,,,,,,1,,,,
H2SBJ2,H2SBJ2_TAKRU,ENSTRUP00000009771,TAKRU,1.0,,,,,,,,,,,,,1,
H2S212,H2S212_TAKRU,ENSTRUP00000006433,TAKRU,1.0,,,,,,,,,,,,,1,
Q0V470,Q0V470_PHANO,nan,PHANO,1.0,,,,,,,1,,,,,,,
H2RB73,H2RB73_PANTR,ENSPTRP00000055234,PANTR,1.0,,,,,,,,,1,,,,,
H2R9G8,H2R9G8_PANTR,ENSPTRP00000052828,PANTR,1.0,,,,,,,,,1,,,,,
H2R8C0,H2R8C0_PANTR,ENSPTRP00000051421,PANTR,1.0,,,,,,,,,,,,,1,
H2R8B5,H2R8B5_PANTR,ENSPTRP00000051407,PANTR,1.0,,,,,,,,,,,,,1,
H2R3X6,H2R3X6_PANTR,ENSPTRP00000046251,PANTR,1.0,,,,,,,,,1,,,,,
Q14DN9,AKD1B_MOUSE,nan,MOUSE,1.0,,,,1,,,,,,,,,,
H2R3R9,H2R3R9_PANTR,ENSPTRP00000045975,PANTR,1.0,,,,,,,,,,,,,1,
F1R1Q7,F1R1Q7_DANRE,ENSDARP00000079041,DANRE,1.0,,,,,,,,,,,,,1,
Q54F46,WARA_DICDI,nan,DICDI,1.0,,,,,,,,,,1,,,,
Q80SX9,Q80SX9_MOUSE,nan,MOUSE,1.0,,,,,,,,,,1,,,,
B8C939,B8C939_THAPS,nan,THAPS,1.0,,,,,,,1,,,,,,,
C3ZC41,C3ZC41_BRAFL,nan,BRAFL,1.0,,,,,,,,,,,,1,,
C3Z0V7,C3Z0V7_BRAFL,nan,BRAFL,1.0,,,,,,,,,,,,1,,
C3YSE9,C3YSE9_BRAFL,nan,BRAFL,1.0,,,,,,,,,,,,1,,
Q6ZW76,ANKS3_HUMAN,nan,HUMAN,1.0,,,,,,,,,,,,,1,
C3YSE5,C3YSE5_BRAFL,nan,BRAFL,1.0,,,,,,,,,,,,1,,
C3YSE3,C3YSE3_BRAFL,nan,BRAFL,1.0,,,,,,,,,,,,1,,
Q70X92,Q70X92_DANRE,nan,DANRE,1.0,,,,,,,,,,,,,1,
Q746T3,Q746T3_GEOSL,nan,GEOSL,1.0,,,,,,,1,,,,,,,
C3XXB6,C3XXB6_BRAFL,nan,BRAFL,1.0,,,,,,,,,,,,1,,
C0H5B4,C0H5B4_PLAF7,nan,PLAF7,1.0,,,,,,,,,,1,,,,
B8BY82,B8BY82_THAPS,nan,THAPS,1.0,,,,,,,,,1,,,,,
C3ZSV9,C3ZSV9_BRAFL,nan,BRAFL,1.0,,,,,,,,,,,,1,,
B8BY68,B8BY68_THAPS,nan,THAPS,1.0,1,,,,,,,,,,,,,
B8BWI9,B8BWI9_THAPS,nan,THAPS,1.0,,,,,,,,,1,,,,,
Q76K24,ANR46_RAT,nan,RAT,1.0,,,,,,,,,,,,,1,
B7QMW7,B7QMW7_IXOSC,nan,IXOSC,1.0,,,,,,,,,,,,,1,
B7QGZ7,B7QGZ7_IXOSC,nan,IXOSC,1.0,,,,,,,,,,1,,,,
B7Q5S3,B7Q5S3_IXOSC,nan,IXOSC,1.0,,,,,,,,,,,,1,,
B7PTK1,B7PTK1_IXOSC,nan,IXOSC,1.0,,,,,,,,,,,,,,1
B7PTH0,B7PTH0_IXOSC,nan,IXOSC,1.0,,,,,,,,,,1,,,,
Q7PLP5,Q7PLP5_DROME,nan,DROME,1.0,,,,,,,,,,1,,,,
Q7PWK8,Q7PWK8_ANOGA,nan,ANOGA,1.0,,,,,,,,,,,,,1,
C3ZJV5,C3ZJV5_BRAFL,nan,BRAFL,1.0,,,,1,,,,,,,,,,
C3ZT25,C3ZT25_BRAFL,nan,BRAFL,1.0,,,,,,,,,,,,1,,
Q6NWY5,Q6NWY5_DANRE,nan,DANRE,1.0,,,,,,,,,,,,,1,
C4Q2J3,nan,nan,nan,1.0,,,,,,,,,,,,,1,
D3ZEJ6,D3ZEJ6_RAT,nan,RAT,1.0,,,,,,,,,,,,1,,
D3ZCC5,D3ZCC5_RAT,nan,RAT,1.0,,,,,,,,,,,,,1,
D3Z8Z7,D3Z8Z7_RAT,nan,RAT,1.0,,,,,,,,,,,,,1,
C4QIL9,nan,nan,nan,1.0,,,,,,,,,,,,,1,
Q6NXT1,ANR54_HUMAN,nan,HUMAN,1.0,,,,,,,,,,,,1,,
Q6NZU6,Q6NZU6_DANRE,nan,DANRE,1.0,,,,,,,,,,,,,1,
C4QFC1,nan,nan,nan,1.0,,,,,,,,,,,,,,1
C4Q9R3,nan,nan,nan,1.0,,,,1,,,,,,,,,,
Q6P879,Q6P879_XENTR,ENSXETP00000054472,XENTR,1.0,,,,,,,,,,,,,1,
C4Q910,nan,nan,nan,1.0,,,,,,,1,,,,,,,
Q6PHD6,Q6PHD6_DANRE,nan,DANRE,1.0,,,,,,,,,,,,,1,
Q6TGV5,Q6TGV5_DANRE,nan,DANRE,1.0,,,,,,,,,,,,,1,
C4Q262,nan,nan,nan,1.0,,,,,,,,,,1,,,,
Q6S545,POTEH_HUMAN,nan,HUMAN,1.0,,,,,,,,,1,,,,,
Q6S5H4,POTEB_HUMAN,nan,HUMAN,1.0,,,,,,,,,1,,,,,
C4Q261,nan,nan,nan,1.0,,,,,,,,,,1,,,,
C4A101,C4A101_BRAFL,nan,BRAFL,1.0,,,,,,,,,,,,,1,
C3ZZK5,C3ZZK5_BRAFL,nan,BRAFL,1.0,,,,,,,,,,,,1,,
C3ZXY7,C3ZXY7_BRAFL,nan,BRAFL,1.0,,,,,,,,,,,,1,,
C3ZXY3,C3ZXY3_BRAFL,nan,BRAFL,1.0,,,,,,,,,,,,1,,
Q6S8J7,POTEA_HUMAN,nan,HUMAN,1.0,,,,,,,,,1,,,,,
C3ZT28,C3ZT28_BRAFL,nan,BRAFL,1.0,,,,,,,,,,,,1,,
Q7PZY2,Q7PZY2_ANOGA,nan,ANOGA,1.0,,,,,,,,,,1,,,,
B7PMP3,B7PMP3_IXOSC,nan,IXOSC,1.0,,,,,,,,,,,,,1,
B7PJV7,B7PJV7_IXOSC,nan,IXOSC,1.0,,,,,,,,,,,,1,,
P17221,FEM1_CAEEL,nan,CAEEL,1.0,,,,,,,,,,,,,1,
A9TVG2,A9TVG2_PHYPA,nan,PHYPA,1.0,,,,,,,1,,,,,,,
Q7T3P8,FEM1C_DANRE,nan,DANRE,1.0,,,,,,,,,,,,,1,
A9TMD4,A9TMD4_PHYPA,nan,PHYPA,1.0,,,,,,,,,,,,,1,
Q7ZT11,ANKR1_CHICK,nan,CHICK,1.0,,,,,,,,,,,,,1,
A9C3P2,A9C3P2_DANRE,nan,DANRE,1.0,,,,,,,,,,,,1,,
A8WG24,A8WG24_DANRE,nan,DANRE,1.0,,,,,,,,,,,,,1,
Q7ZV89,Q7ZV89_DANRE,nan,DANRE,1.0,,,,,,,,,,,,,1,
A8MYG8,nan,nan,nan,1.0,,,,,,,,,1,,,,,
A8MQB9,nan,nan,nan,1.0,,,,,,,,,1,,,,,
A8BXE6,A8BXE6_GIAIC,nan,GIAIC,1.0,,,,,,,1,,,,,,,
A8BUX7,A8BUX7_GIAIC,nan,GIAIC,1.0,,,,,,,,,,,,,,1
B7PIP9,B7PIP9_IXOSC,nan,IXOSC,1.0,,,,,,,1,,,,,,,
A8BSL8,A8BSL8_GIAIC,nan,GIAIC,1.0,,,,,,,,,,,,,,1
A8BRP4,A8BRP4_GIAIC,nan,GIAIC,1.0,,,,,,,,,1,,,,,
A8BPS6,A8BPS6_GIAIC,nan,GIAIC,1.0,,,,,,,,,,,,,,1
A8BPA9,A8BPA9_GIAIC,nan,GIAIC,1.0,,,,,,,,,1,,,,,
A8BHB2,A8BHB2_GIAIC,nan,GIAIC,1.0,,,,,,,,,1,,,,,
Q7ZVP9,Q7ZVP9_DANRE,nan,DANRE,1.0,,,,,,,,,,,,1,,
Q803R0,Q803R0_DANRE,nan,DANRE,1.0,,,,,,,,,,,,,1,
A8BH40,A8BH40_GIAIC,nan,GIAIC,1.0,,,,,,,,,,,,,,1
A8BDU6,A8BDU6_GIAIC,nan,GIAIC,1.0,,,,,,,,,,,,,,1
A8BBL3,A8BBL3_GIAIC,nan,GIAIC,1.0,,,,,,,,,,,,,,1
Q7T386,Q7T386_DANRE,nan,DANRE,1.0,,,,,,,,,,,,1,,
A9U277,A9U277_PHYPA,nan,PHYPA,1.0,1,,,,,,,,,,,,,
A9UQB4,A9UQB4_MONBE,nan,MONBE,1.0,,,,,,,,,,1,,,,
A9UQP0,A9UQP0_MONBE,nan,MONBE,1.0,,,,,,,,,,,,1,,
B7PHK5,B7PHK5_IXOSC,nan,IXOSC,1.0,,,,,,,,,,,,,1,
B7PGR2,B7PGR2_IXOSC,nan,IXOSC,1.0,,,,,,,,,,,,,1,
B7PG95,B7PG95_IXOSC,nan,IXOSC,1.0,,,,,,,,,,,,,1,
B7P1P1,B7P1P1_IXOSC,nan,IXOSC,1.0,,,,,,,,,,,,,1,
B5DF17,B5DF17_RAT,nan,RAT,1.0,,,,,,,,,,,,1,,
Q7Q595,Q7Q595_ANOGA,nan,ANOGA,1.0,,,,,,,,,,,,,1,
Q7QEQ9,Q7QEQ9_ANOGA,nan,ANOGA,1.0,,,,,,,,,,,,,1,
B3DHM4,B3DHM4_DANRE,nan,DANRE,1.0,,,,,,,,,,,,,1,
Q7QKA9,Q7QKA9_ANOGA,nan,ANOGA,1.0,,,,,,,,,,1,,,,
B0YDV4,B0YDV4_ASPFC,nan,ASPFC,1.0,,,,,,,,,,,,,1,
Q7QKH6,Q7QKH6_ANOGA,nan,ANOGA,1.0,,,,,,,,,,,,1,,
Q7S8L8,Q7S8L8_NEUCR,nan,NEUCR,1.0,,,,1,,,,,,,,,,
Q7T163,KDIS_DANRE,nan,DANRE,1.0,,,,,,,,,,1,,,,
B0Y9P2,B0Y9P2_ASPFC,nan,ASPFC,1.0,,,,,,,,,,,,,1,
B0Y996,B0Y996_ASPFC,nan,ASPFC,1.0,,,,,,,1,,,,,,,
B0Y455,B0Y455_ASPFC,nan,ASPFC,1.0,,,,,,,,,,1,,,,
Q7T2P5,Q7T2P5_DANRE,nan,DANRE,1.0,,,,,,,,,1,,,,,
A9V5A1,A9V5A1_MONBE,nan,MONBE,1.0,,,,,,,,,1,,,,,
A9UYB4,A9UYB4_MONBE,nan,MONBE,1.0,1,,,,,,,,,,,,,
A9UT23,A9UT23_MONBE,nan,MONBE,1.0,,,,,,,,,,,,,,1
A9UR99,A9UR99_MONBE,nan,MONBE,1.0,,,,,,,,,,,,1,,
D3ZG73,D3ZG73_RAT,nan,RAT,1.0,,,,,,,,,1,,,,,
D3ZM27,D3ZM27_RAT,nan,RAT,1.0,,,,,,,,,,,,,1,
F1PW08,F1PW08_CANFA,ENSCAFP00000013511,CANFA,1.0,,,,,,,,,,,,,1,
E7F7Y4,E7F7Y4_DANRE,ENSDARP00000085236,DANRE,1.0,,,,,,,,,,,,,1,
F1M6U5,F1M6U5_RAT,ENSRNOP00000038983,RAT,1.0,,,,,,,,,,,,,1,
Q5M9H0,ANKS3_RAT,nan,RAT,1.0,,,,,,,,,,,,,1,
F1M1U8,F1M1U8_RAT,ENSRNOP00000006507,RAT,1.0,,,,,,,,,1,,,,,
F1M153,F1M153_RAT,ENSRNOP00000037532,RAT,1.0,,,,,,,,,1,,,,,
Q5RGB4,nan,nan,nan,1.0,,,,,,,,,,1,,,,
F1LVF8,F1LVF8_RAT,ENSRNOP00000031745,RAT,1.0,,,,,,,,,1,,,,,
F1LUF7,F1LUF7_RAT,ENSRNOP00000046866,RAT,1.0,,,,,,,,,,,,1,,
E9PTK9,E9PTK9_RAT,ENSRNOP00000024825,RAT,1.0,,,,,,,,,,,,,,1
E7FEM0,E7FEM0_DANRE,ENSDARP00000100354,DANRE,1.0,,,,,,,,,,,,1,,
Q5RGR4,Q5RGR4_DANRE,nan,DANRE,1.0,,,,,,,,,,,,,1,
E7F3S8,E7F3S8_DANRE,ENSDARP00000006838,DANRE,1.0,,,,,,,,,,,,,1,
F1MD79,F1MD79_BOVIN,ENSBTAP00000043087,BOVIN,1.0,,,,,,,,,,1,,,,
E2RTI6,E2RTI6_CANFA,ENSCAFP00000020477,CANFA,1.0,,,,,,,,,,,,,1,
Q5TMU0,Q5TMU0_ANOGA,nan,ANOGA,1.0,,,,,,,,,,,,,1,
E2RML9,E2RML9_CANFA,ENSCAFP00000019772,CANFA,1.0,,,,,,,,,,,,,1,
E2RLV1,E2RLV1_CANFA,ENSCAFP00000022272,CANFA,1.0,,,,,,,,,,,,1,,
Q5TP28,Q5TP28_ANOGA,nan,ANOGA,1.0,,,,,,,,,,,,,1,
E2RJ61,E2RJ61_CANFA,ENSCAFP00000025970,CANFA,1.0,,,,,,,,,,,,,1,
E2RHT1,E2RHT1_CANFA,ENSCAFP00000003473,CANFA,1.0,,,,,,,,,,,,1,,
E2REP8,E2REP8_CANFA,ENSCAFP00000025753,CANFA,1.0,,,,,,,,,,,,,1,
E2RC07,E2RC07_CANFA,ENSCAFP00000021154,CANFA,1.0,,,,,,,,,,,,,1,
E2R8Z8,E2R8Z8_CANFA,ENSCAFP00000008466,CANFA,1.0,,,,,,,,,,,,,1,
F1MCR1,F1MCR1_BOVIN,ENSBTAP00000031111,BOVIN,1.0,,,,,,,,,1,,,,,
Q5F3B0,Q5F3B0_CHICK,nan,CHICK,1.0,,,,,,,,,,,,,1,
Q6NSI1,AR26L_HUMAN,nan,HUMAN,1.0,,,,,,,,,1,,,,,
F1NSB6,F1NSB6_CHICK,ENSGALP00000002221,CHICK,1.0,,,,,,,,,,1,,,,
F1PN76,F1PN76_CANFA,ENSCAFP00000022439,CANFA,1.0,,,,,,,,,,1,,,,
F1PF92,F1PF92_CANFA,ENSCAFP00000021896,CANFA,1.0,,,,,,,,,1,,,,,
F1PF49,F1PF49_CANFA,ENSCAFP00000005107,CANFA,1.0,,,,,,,,,,,,,1,
Q54HW1,PSD10_DICDI,nan,DICDI,1.0,,,,,,,,,1,,,,,
F1P8J7,F1P8J7_CANFA,ENSCAFP00000007818,CANFA,1.0,,,,,,,,,,,,1,,
F1P6P1,F1P6P1_CANFA,ENSCAFP00000017398,CANFA,1.0,,,,,,,1,,,,,,,
Q54KA7,SECG_DICDI,nan,DICDI,1.0,,,,,,,1,,,,,,,
F1P6B5,F1P6B5_CANFA,ENSCAFP00000002595,CANFA,1.0,,,,,,,,,,,,,1,
F1P351,F1P351_CHICK,ENSGALP00000006353,CHICK,1.0,,,,,,,,,,,,1,,
Q54Q43,Q54Q43_DICDI,nan,DICDI,1.0,,,,,,,,,,1,,,,
F1NP98,F1NP98_CHICK,ENSGALP00000027964,CHICK,1.0,,,,,,,,,,,,,1,
F1MIB1,F1MIB1_BOVIN,ENSBTAP00000025538,BOVIN,1.0,,,,,,,,,1,,,,,
Q55CU4,Q55CU4_DICDI,nan,DICDI,1.0,,,,,,,,,1,,,,,
F1NLF9,F1NLF9_CHICK,ENSGALP00000017133,CHICK,1.0,,,,,,,,,,,,,1,
F1NBL4,F1NBL4_CHICK,ENSGALP00000020073,CHICK,1.0,,,,,,,,,,,,1,,
F1N642,F1N642_BOVIN,ENSBTAP00000052411,BOVIN,1.0,,,,,,,,,,,,,1,
F1N2S1,F1N2S1_BOVIN,ENSBTAP00000038371,BOVIN,1.0,,,,,,,,,,,,,1,
F1N162,F1N162_BOVIN,ENSBTAP00000011028,BOVIN,1.0,,,,,,,,,,,,,1,
F1MX15,F1MX15_BOVIN,ENSBTAP00000051165,BOVIN,1.0,,,,,,,,,1,,,,,
F1MX12,F1MX12_BOVIN,ENSBTAP00000016907,BOVIN,1.0,,,,,,,,,,,,,1,
Q561U7,Q561U7_DANRE,nan,DANRE,1.0,,,,,,,,,,,,,1,
F1MN41,F1MN41_BOVIN,ENSBTAP00000025921,BOVIN,1.0,,,,,,,,,,,,,1,
Q5U2S6,ASB2_RAT,nan,RAT,1.0,,,,,,,,,,,,,1,
E2R5X1,E2R5X1_CANFA,ENSCAFP00000028309,CANFA,1.0,,,,,,,,,,,,,1,
A2FJ81,A2FJ81_TRIVA,nan,TRIVA,1.0,,,,,,,,,1,,,,,
Q6AXT6,Q6AXT6_RAT,nan,RAT,1.0,,,,,,,,,1,,,,,
E1B9I7,E1B9I7_BOVIN,ENSBTAP00000002309,BOVIN,1.0,,,,,,,,,,,,,1,
E1B993,E1B993_BOVIN,ENSBTAP00000026288,BOVIN,1.0,,,,,,,,,,,,,1,
E1B719,E1B719_BOVIN,ENSBTAP00000014440,BOVIN,1.0,,,,,,,,,,,,,,1
D4AAK5,D4AAK5_RAT,nan,RAT,1.0,,,,,,,,,,,,,1,
D4AAF1,D4AAF1_RAT,nan,RAT,1.0,,,,,,,,,,,,1,,
D4A6U7,nan,nan,nan,1.0,,,,,,,,,1,,,,,
Q5ZLC6,ANR10_CHICK,nan,CHICK,1.0,,,,,,,,,,,,,1,
D4A611,nan,nan,nan,1.0,,,,,,,,,,,,,1,
Q68FB9,Q68FB9_XENTR,ENSXETP00000035142,XENTR,1.0,,,,,,,,,,,,1,,
D4A4N5,D4A4N5_RAT,nan,RAT,1.0,,,,,,,,,1,,,,,
Q6AXY1,Q6AXY1_RAT,nan,RAT,1.0,,,,,,,,,1,,,,,
E2R235,E2R235_CANFA,ENSCAFP00000003986,CANFA,1.0,,,,,,,,,,,,,1,
D4A1J6,D4A1J6_RAT,nan,RAT,1.0,,,,,,,,,,1,,,,
D4A0C4,nan,nan,nan,1.0,,,,,,,,,,,,,1,
Q6CI84,Q6CI84_YARLI,nan,YARLI,1.0,1,,,,,,,,,,,,,
D3ZZJ8,nan,nan,nan,1.0,,,,,,,,,,,,,1,
D3ZYV8,nan,nan,nan,1.0,,,,,,,,,,,,,1,
D3ZU14,nan,nan,nan,1.0,,,,,,,,,1,,,,,
D3ZSD3,D3ZSD3_RAT,nan,RAT,1.0,,,,,,,,,,,,1,,
D3ZP38,D3ZP38_RAT,nan,RAT,1.0,,,,,,,,,1,,,,,
Q6DGH5,Q6DGH5_DANRE,nan,DANRE,1.0,,,,,,,,,,,,,1,
D3ZND4,nan,nan,nan,1.0,,,,,,,,,,,,1,,
Q5ZJG2,Q5ZJG2_CHICK,nan,CHICK,1.0,,,,,,,,,,,,,1,
E1B9S2,E1B9S2_BOVIN,ENSBTAP00000013884,BOVIN,1.0,,,,,,,,,,,,,1,
E1BFT9,E1BFT9_BOVIN,ENSBTAP00000008660,BOVIN,1.0,,,,,,,,,,,,,1,
E1BJ12,E1BJ12_BOVIN,ENSBTAP00000025032,BOVIN,1.0,,,,,,,,,,,,1,,
Q5XI12,Q5XI12_RAT,nan,RAT,1.0,,,,,,,,,,,,,,1
E2R1X3,E2R1X3_CANFA,ENSCAFP00000005125,CANFA,1.0,,,,,,,,,1,,,,,
E2R0E1,E2R0E1_CANFA,ENSCAFP00000015703,CANFA,1.0,,,,,,,,,,,,,1,
E2QY80,E2QY80_CANFA,ENSCAFP00000008873,CANFA,1.0,,,,,,,,,,,,,1,
E2QXZ5,E2QXZ5_CANFA,ENSCAFP00000024345,CANFA,1.0,,,,,,,,,,,,,1,
E2QXY3,E2QXY3_CANFA,ENSCAFP00000012387,CANFA,1.0,,,,,,,,,,,,,1,
E2QST3,E2QST3_CANFA,ENSCAFP00000013266,CANFA,1.0,,,,,,,,,,,,1,,
E2QRR4,E2QRR4_CANFA,ENSCAFP00000017519,CANFA,1.0,,,,,,,,,,,,,1,
E1C918,E1C918_CHICK,nan,CHICK,1.0,,,,,,,,,,,,,1,
E1C7I4,nan,nan,nan,1.0,,,,,,,,,,,,,1,
E1C5C6,E1C5C6_CHICK,nan,CHICK,1.0,,,,,,,,,,,,,1,
E1C571,E1C571_CHICK,nan,CHICK,1.0,,,,,,,,,,,,,1,
E1C1M0,nan,nan,nan,1.0,,,,,,,,,,1,,,,
E1C118,E1C118_CHICK,nan,CHICK,1.0,,,,,,,,,,,,,1,
E1BZS4,E1BZS4_CHICK,nan,CHICK,1.0,,,,,,,,,,,,1,,
Q5ZIE7,Q5ZIE7_CHICK,nan,CHICK,1.0,,,,,,,,,,,,,1,
E1BXT7,E1BXT7_CHICK,nan,CHICK,1.0,,,,,,,,,,,,,,1
E1BVC6,E1BVC6_CHICK,nan,CHICK,1.0,,,,,,,1,,,,,,,
E1BTS9,E1BTS9_CHICK,nan,CHICK,1.0,,,,,,,,,,,,,1,
E1BMF4,E1BMF4_BOVIN,ENSBTAP00000053227,BOVIN,1.0,,,,,,,,,,1,,,,
E1BKE5,E1BKE5_BOVIN,ENSBTAP00000012118,BOVIN,1.0,,,,,,,,,,,,,1,
A0NGZ8,A0NGZ8_ANOGA,nan,ANOGA,1.0,,,,,,,,,,1,,,,
A2F7B7,A2F7B7_TRIVA,nan,TRIVA,1.0,,,,,,,,,1,,,,,
A2FJ20,A2FJ20_TRIVA,nan,TRIVA,1.0,,,,,,,,,1,,,,,
A2DY85,A2DY85_TRIVA,nan,TRIVA,1.0,,,,,,,,,1,,,,,
A2DVI8,A2DVI8_TRIVA,nan,TRIVA,1.0,,,,,,,,,1,,,,,
A2DVF8,A2DVF8_TRIVA,nan,TRIVA,1.0,,,,,,,,,1,,,,,
A2DVD7,A2DVD7_TRIVA,nan,TRIVA,1.0,,,,,,,,,1,,,,,
A2DV31,A2DV31_TRIVA,nan,TRIVA,1.0,,,,,,,,,1,,,,,
A2DV23,A2DV23_TRIVA,nan,TRIVA,1.0,,,,,,,,,1,,,,,
A2DV21,A2DV21_TRIVA,nan,TRIVA,1.0,,,,,,,,,1,,,,,
A2DV12,A2DV12_TRIVA,nan,TRIVA,1.0,,,,,,,,,1,,,,,
A2DUY9,A2DUY9_TRIVA,nan,TRIVA,1.0,,,,,,,,,1,,,,,
A2DUY6,A2DUY6_TRIVA,nan,TRIVA,1.0,,,,,,,,,1,,,,,
A2DUH4,A2DUH4_TRIVA,nan,TRIVA,1.0,,,,,,,,,1,,,,,
A2DUG8,A2DUG8_TRIVA,nan,TRIVA,1.0,,,,,,,,,1,,,,,
A2DUF7,A2DUF7_TRIVA,nan,TRIVA,1.0,,,,,,,,,1,,,,,
A2DUE7,A2DUE7_TRIVA,nan,TRIVA,1.0,,,,,,,,,1,,,,,
A2DUE1,A2DUE1_TRIVA,nan,TRIVA,1.0,,,,,,,,,1,,,,,
A2DUC7,A2DUC7_TRIVA,nan,TRIVA,1.0,,,,,,,,,1,,,,,
A2DUC5,A2DUC5_TRIVA,nan,TRIVA,1.0,,,,,,,,,1,,,,,
A2DUC1,A2DUC1_TRIVA,nan,TRIVA,1.0,,,,,,,,,,1,,,,
A2DUB7,A2DUB7_TRIVA,nan,TRIVA,1.0,,,,,,,,,1,,,,,
A2DU09,A2DU09_TRIVA,nan,TRIVA,1.0,,,,,,,,,,1,,,,
A2DTY2,A2DTY2_TRIVA,nan,TRIVA,1.0,,,,,,,,,1,,,,,
A2DTT2,A2DTT2_TRIVA,nan,TRIVA,1.0,,,,,,,,,1,,,,,
A2DTN5,A2DTN5_TRIVA,nan,TRIVA,1.0,,,,,,,,,1,,,,,
A2DTI5,A2DTI5_TRIVA,nan,TRIVA,1.0,,,,,,,,,1,,,,,
A2DTI3,A2DTI3_TRIVA,nan,TRIVA,1.0,,,,,,,,,1,,,,,
A2DTI1,A2DTI1_TRIVA,nan,TRIVA,1.0,,,,,,,,,1,,,,,
A2DVL6,A2DVL6_TRIVA,nan,TRIVA,1.0,,,,,,,,,,1,,,,
A2DVP4,A2DVP4_TRIVA,nan,TRIVA,1.0,,,,,,,,,1,,,,,
A2DVP6,A2DVP6_TRIVA,nan,TRIVA,1.0,,,,,,,,,1,,,,,
A2DWV3,A2DWV3_TRIVA,nan,TRIVA,1.0,,,,,,,,,1,,,,,
A2DY37,A2DY37_TRIVA,nan,TRIVA,1.0,,,,,,,,,1,,,,,
A2DXZ5,A2DXZ5_TRIVA,nan,TRIVA,1.0,,,,,,,,,1,,,,,
A2DXY9,A2DXY9_TRIVA,nan,TRIVA,1.0,,,,,,,,,1,,,,,
A2DXV0,A2DXV0_TRIVA,nan,TRIVA,1.0,,,,,,,,,1,,,,,
A2DXP3,A2DXP3_TRIVA,nan,TRIVA,1.0,,,,,,,,,,,,,1,
A2DXH4,A2DXH4_TRIVA,nan,TRIVA,1.0,,,,,,,,,1,,,,,
A2DXH2,A2DXH2_TRIVA,nan,TRIVA,1.0,,,,,,,,,1,,,,,
A2DXF9,A2DXF9_TRIVA,nan,TRIVA,1.0,,,,,,,,,1,,,,,
A2DXF8,A2DXF8_TRIVA,nan,TRIVA,1.0,,,,,,,,,1,,,,,
A2DXB6,A2DXB6_TRIVA,nan,TRIVA,1.0,,,,,,,,,,,,,1,
A2DWW0,A2DWW0_TRIVA,nan,TRIVA,1.0,,,,,,,,,1,,,,,
A2DWT2,A2DWT2_TRIVA,nan,TRIVA,1.0,,,,,,,,,1,,,,,
A2DVX7,A2DVX7_TRIVA,nan,TRIVA,1.0,,,,,,,,,1,,,,,
A2DWT1,A2DWT1_TRIVA,nan,TRIVA,1.0,,,,,,,,,1,,,,,
A2DWS2,A2DWS2_TRIVA,nan,TRIVA,1.0,,,,,,,,,,,,,1,
A2DWR1,A2DWR1_TRIVA,nan,TRIVA,1.0,,,,,,,,,1,,,,,
A2DWF7,A2DWF7_TRIVA,nan,TRIVA,1.0,,,,,,,,,1,,,,,
A2DWE5,A2DWE5_TRIVA,nan,TRIVA,1.0,,,,,,,,,1,,,,,
A2DWE4,A2DWE4_TRIVA,nan,TRIVA,1.0,,,,,,,,,1,,,,,
A2DWC2,A2DWC2_TRIVA,nan,TRIVA,1.0,,,,,,,,,1,,,,,
A2DW94,A2DW94_TRIVA,nan,TRIVA,1.0,,,,,,,,,1,,,,,
A2DW52,A2DW52_TRIVA,nan,TRIVA,1.0,,,,,,,,,1,,,,,
A2DW51,A2DW51_TRIVA,nan,TRIVA,1.0,,,,,,,,,,,,1,,
A2DW09,A2DW09_TRIVA,nan,TRIVA,1.0,,,,,,,,,,1,,,,
A2DTH1,A2DTH1_TRIVA,nan,TRIVA,1.0,,,,,,,,,1,,,,,
A2DTE2,A2DTE2_TRIVA,nan,TRIVA,1.0,,,,,,,,,1,,,,,
A2DTE1,A2DTE1_TRIVA,nan,TRIVA,1.0,,,,,,,,,1,,,,,
A2DQD3,A2DQD3_TRIVA,nan,TRIVA,1.0,,,,,,,,,1,,,,,
A2DR45,A2DR45_TRIVA,nan,TRIVA,1.0,,,,,,,,,1,,,,,
A2DQY0,A2DQY0_TRIVA,nan,TRIVA,1.0,,,,,,,,,1,,,,,
A2DQW7,A2DQW7_TRIVA,nan,TRIVA,1.0,,,,,,,,,1,,,,,
A2DQU1,A2DQU1_TRIVA,nan,TRIVA,1.0,,,,,,,,,1,,,,,
A2DQT1,A2DQT1_TRIVA,nan,TRIVA,1.0,,,,,,,,,1,,,,,
A2DQP5,A2DQP5_TRIVA,nan,TRIVA,1.0,,,,,,,,,1,,,,,
A2DQM0,A2DQM0_TRIVA,nan,TRIVA,1.0,,,,,,,,,1,,,,,
A2DQL8,A2DQL8_TRIVA,nan,TRIVA,1.0,,,,,,,,,1,,,,,
A2DQK8,A2DQK8_TRIVA,nan,TRIVA,1.0,,,,,,,,,1,,,,,
A2DQK0,A2DQK0_TRIVA,nan,TRIVA,1.0,,,,,,,,,1,,,,,
A2DQE4,A2DQE4_TRIVA,nan,TRIVA,1.0,,,,,,,,,1,,,,,
A2DQ74,A2DQ74_TRIVA,nan,TRIVA,1.0,,,,,,,,,1,,,,,
A2DRB1,A2DRB1_TRIVA,nan,TRIVA,1.0,,,,,,,,,1,,,,,
A2DQ26,A2DQ26_TRIVA,nan,TRIVA,1.0,,,,,,,,,1,,,,,
A2DQ14,A2DQ14_TRIVA,nan,TRIVA,1.0,,,,,,,,,1,,,,,
A2DPY1,A2DPY1_TRIVA,nan,TRIVA,1.0,,,,,,,,,1,,,,,
A2DPV3,A2DPV3_TRIVA,nan,TRIVA,1.0,,,,,,,,,1,,,,,
A2DPU4,A2DPU4_TRIVA,nan,TRIVA,1.0,,,,,,,,,1,,,,,
A2DPR2,A2DPR2_TRIVA,nan,TRIVA,1.0,,,,,,,,,1,,,,,
A2DPP6,A2DPP6_TRIVA,nan,TRIVA,1.0,,,,,,,,,1,,,,,
A2DPN4,A2DPN4_TRIVA,nan,TRIVA,1.0,,,,,,,,,1,,,,,
A2DPI3,A2DPI3_TRIVA,nan,TRIVA,1.0,,,,,,,,,,1,,,,
A2DPI2,A2DPI2_TRIVA,nan,TRIVA,1.0,,,,,,,,,1,,,,,
A2DP97,A2DP97_TRIVA,nan,TRIVA,1.0,,,,,,,,,1,,,,,
A2DR82,A2DR82_TRIVA,nan,TRIVA,1.0,,,,,,,,,1,,,,,
A2DRF8,A2DRF8_TRIVA,nan,TRIVA,1.0,,,,,,,,,1,,,,,
A2DTB1,A2DTB1_TRIVA,nan,TRIVA,1.0,,,,,,,,,1,,,,,
A2DS82,A2DS82_TRIVA,nan,TRIVA,1.0,,,,,,,,,1,,,,,
A2DTA9,A2DTA9_TRIVA,nan,TRIVA,1.0,,,,,,,,,1,,,,,
A2DT63,A2DT63_TRIVA,nan,TRIVA,1.0,,,,,,,,,1,,,,,
A2DT35,A2DT35_TRIVA,nan,TRIVA,1.0,,,,,,,,,1,,,,,
A2DSV9,A2DSV9_TRIVA,nan,TRIVA,1.0,,,,,,,,,1,,,,,
A2DSN2,A2DSN2_TRIVA,nan,TRIVA,1.0,,,,,,,,,1,,,,,
A2DSJ8,A2DSJ8_TRIVA,nan,TRIVA,1.0,,,,,,,,,1,,,,,
A2DSJ2,A2DSJ2_TRIVA,nan,TRIVA,1.0,,,,,,,,,,,,,1,
A2DSI1,A2DSI1_TRIVA,nan,TRIVA,1.0,,,,,,,,,1,,,,,
A2DSD8,A2DSD8_TRIVA,nan,TRIVA,1.0,,,,,,,,,1,,,,,
A2DSC8,A2DSC8_TRIVA,nan,TRIVA,1.0,,,,,,,,,1,,,,,
A2DSC0,A2DSC0_TRIVA,nan,TRIVA,1.0,,,,,,,,,1,,,,,
A2DS65,A2DS65_TRIVA,nan,TRIVA,1.0,,,,,,,,,1,,,,,
A2DRK8,A2DRK8_TRIVA,nan,TRIVA,1.0,,,,,,,,,1,,,,,
A2DS01,A2DS01_TRIVA,nan,TRIVA,1.0,,,,,,,,,,,,,1,
A2DS00,A2DS00_TRIVA,nan,TRIVA,1.0,,,,,,,,,1,,,,,
A2DRZ7,A2DRZ7_TRIVA,nan,TRIVA,1.0,,,,,,,,,1,,,,,
A2DRY0,A2DRY0_TRIVA,nan,TRIVA,1.0,,,,,,,,,,,,,1,
A2DRX9,A2DRX9_TRIVA,nan,TRIVA,1.0,,,,,,,,,1,,,,,
A2DRX1,A2DRX1_TRIVA,nan,TRIVA,1.0,,,,,,,,,1,,,,,
A2DRW4,A2DRW4_TRIVA,nan,TRIVA,1.0,,,,,,,,,1,,,,,
A2DRU3,A2DRU3_TRIVA,nan,TRIVA,1.0,,,,,,,,,1,,,,,
A2DRS8,A2DRS8_TRIVA,nan,TRIVA,1.0,,,,,,,,,1,,,,,
A2DRS7,A2DRS7_TRIVA,nan,TRIVA,1.0,,,,,,,,,,,,,1,
A2DRS2,A2DRS2_TRIVA,nan,TRIVA,1.0,,,,,,,,,1,,,,,
A2DY78,A2DY78_TRIVA,nan,TRIVA,1.0,,,,,,,,,1,,,,,
A2DY97,A2DY97_TRIVA,nan,TRIVA,1.0,,,,,,,,,1,,,,,
A2E8N4,A2E8N4_TRIVA,nan,TRIVA,1.0,,,,,,,,,1,,,,,
A2DYI3,A2DYI3_TRIVA,nan,TRIVA,1.0,,,,,,,,,1,,,,,
A2E517,A2E517_TRIVA,nan,TRIVA,1.0,,,,,,,,,1,,,,,
A2E4W9,A2E4W9_TRIVA,nan,TRIVA,1.0,,,,,,,,,1,,,,,
A2E4T6,A2E4T6_TRIVA,nan,TRIVA,1.0,,,,,,,,,1,,,,,
A2E4Q8,A2E4Q8_TRIVA,nan,TRIVA,1.0,,,,,,,,,1,,,,,
A2E4Q3,A2E4Q3_TRIVA,nan,TRIVA,1.0,,,,,,,,,1,,,,,
A2E4K4,A2E4K4_TRIVA,nan,TRIVA,1.0,,,,,,,,,,,,,1,
A2E3W8,A2E3W8_TRIVA,nan,TRIVA,1.0,,,,,,,,,1,,,,,
A2E3T6,A2E3T6_TRIVA,nan,TRIVA,1.0,,,,,,,,,1,,,,,
A2E3T3,A2E3T3_TRIVA,nan,TRIVA,1.0,,,,,,,,,1,,,,,
A2E3S7,A2E3S7_TRIVA,nan,TRIVA,1.0,,,,,,,,,1,,,,,
A2E3F8,A2E3F8_TRIVA,nan,TRIVA,1.0,,,,,,,,,1,,,,,
A2E3D6,A2E3D6_TRIVA,nan,TRIVA,1.0,,,,,,,,,1,,,,,
A2E3B7,A2E3B7_TRIVA,nan,TRIVA,1.0,,,,,,,,,1,,,,,
A2E3A4,A2E3A4_TRIVA,nan,TRIVA,1.0,,,,,,,,,1,,,,,
A2E388,A2E388_TRIVA,nan,TRIVA,1.0,,,,,,,,,1,,,,,
A2E375,A2E375_TRIVA,nan,TRIVA,1.0,,,,,,,,,1,,,,,
A2E340,A2E340_TRIVA,nan,TRIVA,1.0,,,,,,,,,1,,,,,
A2E304,A2E304_TRIVA,nan,TRIVA,1.0,,,,,,,,,1,,,,,
A2E2P3,A2E2P3_TRIVA,nan,TRIVA,1.0,,,,,,,,,1,,,,,
A2E2N0,A2E2N0_TRIVA,nan,TRIVA,1.0,,,,,,,,,1,,,,,
A2E2F9,A2E2F9_TRIVA,nan,TRIVA,1.0,,,,,,,,,1,,,,,
A2E2E5,A2E2E5_TRIVA,nan,TRIVA,1.0,,,,,,,,,1,,,,,
A2E2D5,A2E2D5_TRIVA,nan,TRIVA,1.0,,,,,,,,,1,,,,,
A2E2C7,A2E2C7_TRIVA,nan,TRIVA,1.0,,,,,,,,,1,,,,,
A2E2C2,A2E2C2_TRIVA,nan,TRIVA,1.0,,,,,,,,,1,,,,,
A2E525,A2E525_TRIVA,nan,TRIVA,1.0,,,,,,,,,1,,,,,
A2E571,A2E571_TRIVA,nan,TRIVA,1.0,,,,,,,,,1,,,,,
A2E5B5,A2E5B5_TRIVA,nan,TRIVA,1.0,,,,,,,,,1,,,,,
A2E720,A2E720_TRIVA,nan,TRIVA,1.0,,,,,,,,,1,,,,,
A2E8I8,A2E8I8_TRIVA,nan,TRIVA,1.0,,,,,,,,,1,,,,,
A2E8E6,A2E8E6_TRIVA,nan,TRIVA,1.0,,,,,,,,,1,,,,,
A2E872,A2E872_TRIVA,nan,TRIVA,1.0,,,,,,,,,1,,,,,
A2E855,A2E855_TRIVA,nan,TRIVA,1.0,,,,,,,,,1,,,,,
A2E823,A2E823_TRIVA,nan,TRIVA,1.0,,,,,,,,,1,,,,,
A2E7A7,A2E7A7_TRIVA,nan,TRIVA,1.0,,,,,,,,,1,,,,,
A2E7A5,A2E7A5_TRIVA,nan,TRIVA,1.0,,,,,,,,,1,,,,,
A2E7A3,A2E7A3_TRIVA,nan,TRIVA,1.0,,,,,,,,,,1,,,,
A2E738,A2E738_TRIVA,nan,TRIVA,1.0,,,,,,,,,1,,,,,
A2E730,A2E730_TRIVA,nan,TRIVA,1.0,,,,,,,,,1,,,,,
A2E728,A2E728_TRIVA,nan,TRIVA,1.0,,,,,,,,,1,,,,,
A2E712,A2E712_TRIVA,nan,TRIVA,1.0,,,,,,,,,1,,,,,
A2E5I5,A2E5I5_TRIVA,nan,TRIVA,1.0,,,,,,,,,1,,,,,
A2E6X9,A2E6X9_TRIVA,nan,TRIVA,1.0,,,,,,,,,1,,,,,
A2E6X4,A2E6X4_TRIVA,nan,TRIVA,1.0,,,,,,,,,1,,,,,
A2E6W0,A2E6W0_TRIVA,nan,TRIVA,1.0,,,,,,,,,1,,,,,
A2E6U0,A2E6U0_TRIVA,nan,TRIVA,1.0,,,,,,,,,1,,,,,
A2E6G8,A2E6G8_TRIVA,nan,TRIVA,1.0,,,,,,,,,1,,,,,
A2E5X7,A2E5X7_TRIVA,nan,TRIVA,1.0,,,,,,,,,1,,,,,
A2E5R2,A2E5R2_TRIVA,nan,TRIVA,1.0,,,,,,,,,1,,,,,
A2E5P4,A2E5P4_TRIVA,nan,TRIVA,1.0,,,,,,,,,1,,,,,
A2E5M9,A2E5M9_TRIVA,nan,TRIVA,1.0,,,,,,,,,1,,,,,
A2E5K1,A2E5K1_TRIVA,nan,TRIVA,1.0,,,,,,,,,1,,,,,
A2E5I8,A2E5I8_TRIVA,nan,TRIVA,1.0,,,,,,,,,1,,,,,
A2E271,A2E271_TRIVA,nan,TRIVA,1.0,,,,,,,,,1,,,,,
A2E202,A2E202_TRIVA,nan,TRIVA,1.0,,,,,,,,,1,,,,,
A2E1Y1,A2E1Y1_TRIVA,nan,TRIVA,1.0,,,,,,,,,1,,,,,
A2DZ72,A2DZ72_TRIVA,nan,TRIVA,1.0,,,,,,,,,1,,,,,
A2E077,A2E077_TRIVA,nan,TRIVA,1.0,,,,,,,,,1,,,,,
A2E071,A2E071_TRIVA,nan,TRIVA,1.0,,,,,,,,,1,,,,,
A2DZZ1,A2DZZ1_TRIVA,nan,TRIVA,1.0,,,,,,,,,1,,,,,
A2DZY4,A2DZY4_TRIVA,nan,TRIVA,1.0,,,,,,,,,1,,,,,
A2DZX9,A2DZX9_TRIVA,nan,TRIVA,1.0,,,,,,,,,1,,,,,
A2DZU9,A2DZU9_TRIVA,nan,TRIVA,1.0,,,,,,,,,1,,,,,
A2DZU7,A2DZU7_TRIVA,nan,TRIVA,1.0,,,,,,,,,1,,,,,
A2DZR6,A2DZR6_TRIVA,nan,TRIVA,1.0,,,,,,,,,1,,,,,
A2DZQ3,A2DZQ3_TRIVA,nan,TRIVA,1.0,,,,,,,,,1,,,,,
A2DZC6,A2DZC6_TRIVA,nan,TRIVA,1.0,,,,,,,,,1,,,,,
A2DZB7,A2DZB7_TRIVA,nan,TRIVA,1.0,,,,,,,,,1,,,,,
A2DZ66,A2DZ66_TRIVA,nan,TRIVA,1.0,,,,,,,,,1,,,,,
A2E0C9,A2E0C9_TRIVA,nan,TRIVA,1.0,,,,,,,,,1,,,,,
A2DZ54,A2DZ54_TRIVA,nan,TRIVA,1.0,,,,,,,,,1,,,,,
A2DZ30,A2DZ30_TRIVA,nan,TRIVA,1.0,,,,,,,,,1,,,,,
A2DZ12,A2DZ12_TRIVA,nan,TRIVA,1.0,,,,,,,,,,,,,1,
A2DYY8,A2DYY8_TRIVA,nan,TRIVA,1.0,,,,,,,,,1,,,,,
A2DYX7,A2DYX7_TRIVA,nan,TRIVA,1.0,,,,,,,,,1,,,,,
A2DYX5,A2DYX5_TRIVA,nan,TRIVA,1.0,,,,,,,,,1,,,,,
A2DYR0,A2DYR0_TRIVA,nan,TRIVA,1.0,,,,,,,,,,1,,,,
A2DYP2,A2DYP2_TRIVA,nan,TRIVA,1.0,,,,,,,,,1,,,,,
A2DYN9,A2DYN9_TRIVA,nan,TRIVA,1.0,,,,,,,,,1,,,,,
A2DYK0,A2DYK0_TRIVA,nan,TRIVA,1.0,,,,,,,,,1,,,,,
A2DYI7,A2DYI7_TRIVA,nan,TRIVA,1.0,,,,,,,,,1,,,,,
A2E0C8,A2E0C8_TRIVA,nan,TRIVA,1.0,,,,,,,,,1,,,,,
A2E0D2,A2E0D2_TRIVA,nan,TRIVA,1.0,,,,,,,,,1,,,,,
A2E1V5,A2E1V5_TRIVA,nan,TRIVA,1.0,,,,,,,,,1,,,,,
A2E1D5,A2E1D5_TRIVA,nan,TRIVA,1.0,,,,,,,,,1,,,,,
A2E1U1,A2E1U1_TRIVA,nan,TRIVA,1.0,,,,,,,,,1,,,,,
A2E1U0,A2E1U0_TRIVA,nan,TRIVA,1.0,,,,,,,,,1,,,,,
A2E1N7,A2E1N7_TRIVA,nan,TRIVA,1.0,,,,,,,,,1,,,,,
A2E1M6,A2E1M6_TRIVA,nan,TRIVA,1.0,,,,,,,,,1,,,,,
A2E1L8,A2E1L8_TRIVA,nan,TRIVA,1.0,,,,,,,,,1,,,,,
A2E1L3,A2E1L3_TRIVA,nan,TRIVA,1.0,,,,,,,,,1,,,,,
A2E1I8,A2E1I8_TRIVA,nan,TRIVA,1.0,,,,,,,,,1,,,,,
A2E1I3,A2E1I3_TRIVA,nan,TRIVA,1.0,,,,,,,,,1,,,,,
A2E1H4,A2E1H4_TRIVA,nan,TRIVA,1.0,,,,,,,,,1,,,,,
A2E1E7,A2E1E7_TRIVA,nan,TRIVA,1.0,,,,,,,,,1,,,,,
A2E1E2,A2E1E2_TRIVA,nan,TRIVA,1.0,,,,,,,,,1,,,,,
A2E1C6,A2E1C6_TRIVA,nan,TRIVA,1.0,,,,,,,,,1,,,,,
A2E0D4,A2E0D4_TRIVA,nan,TRIVA,1.0,,,,,,,,,1,,,,,
A2E188,A2E188_TRIVA,nan,TRIVA,1.0,,,,,,,,,1,,,,,
A2E181,A2E181_TRIVA,nan,TRIVA,1.0,,,,,,,,,1,,,,,
A2E146,A2E146_TRIVA,nan,TRIVA,1.0,,,,,,,,,1,,,,,
A2E144,A2E144_TRIVA,nan,TRIVA,1.0,,,,,,,,,1,,,,,
A2E129,A2E129_TRIVA,nan,TRIVA,1.0,,,,,,,,,1,,,,,
A2E100,A2E100_TRIVA,nan,TRIVA,1.0,,,,,,,,,1,,,,,
A2E0Y0,A2E0Y0_TRIVA,nan,TRIVA,1.0,,,,,,,,,1,,,,,
A2E0J6,A2E0J6_TRIVA,nan,TRIVA,1.0,,,,,,,,,1,,,,,
A2E0J0,A2E0J0_TRIVA,nan,TRIVA,1.0,,,,,,,,,1,,,,,
A2E0H8,A2E0H8_TRIVA,nan,TRIVA,1.0,,,,,,,,,1,,,,,
A2E0G6,A2E0G6_TRIVA,nan,TRIVA,1.0,,,,,,,,,1,,,,,
A2DP96,A2DP96_TRIVA,nan,TRIVA,1.0,,,,,,,,,1,,,,,
A2DP26,A2DP26_TRIVA,nan,TRIVA,1.0,,,,,,,,,1,,,,,
A2DP08,A2DP08_TRIVA,nan,TRIVA,1.0,,,,,,,,,1,,,,,
A2DP07,A2DP07_TRIVA,nan,TRIVA,1.0,,,,,,,,,1,,,,,
A2DD27,A2DD27_TRIVA,nan,TRIVA,1.0,,,,,,,,,1,,,,,
A2DCS9,A2DCS9_TRIVA,nan,TRIVA,1.0,,,,,,,,,1,,,,,
A2DCQ6,A2DCQ6_TRIVA,nan,TRIVA,1.0,,,,,,,,,1,,,,,
A2DCK0,A2DCK0_TRIVA,nan,TRIVA,1.0,,,,,,,,,1,,,,,
A2DCA0,A2DCA0_TRIVA,nan,TRIVA,1.0,,,,,,,,,1,,,,,
A2DC97,A2DC97_TRIVA,nan,TRIVA,1.0,,,,,,,,,1,,,,,
A2DC47,A2DC47_TRIVA,nan,TRIVA,1.0,,,,,,,,,,,,,1,
A2DC12,A2DC12_TRIVA,nan,TRIVA,1.0,,,,,,,,,1,,,,,
A2DC05,A2DC05_TRIVA,nan,TRIVA,1.0,,,,,,,,,1,,,,,
A2DBZ2,A2DBZ2_TRIVA,nan,TRIVA,1.0,,,,,,,,,,1,,,,
A2DBY7,A2DBY7_TRIVA,nan,TRIVA,1.0,,,,,,,,,1,,,,,
A2DBT8,A2DBT8_TRIVA,nan,TRIVA,1.0,,,,,,,,,1,,,,,
A2DBS1,A2DBS1_TRIVA,nan,TRIVA,1.0,,,,,,,,,,,,,1,
A2DBP4,A2DBP4_TRIVA,nan,TRIVA,1.0,,,,,,,,,,,,,1,
A2DBP1,A2DBP1_TRIVA,nan,TRIVA,1.0,,,,,,,,,1,,,,,
A2DBJ6,A2DBJ6_TRIVA,nan,TRIVA,1.0,,,,,,,,,1,,,,,
A2DBJ0,A2DBJ0_TRIVA,nan,TRIVA,1.0,,,,,,,,,1,,,,,
A2DBI0,A2DBI0_TRIVA,nan,TRIVA,1.0,,,,,,,,,1,,,,,
A2DBH9,A2DBH9_TRIVA,nan,TRIVA,1.0,,,,,,,,,1,,,,,
A2DBA5,A2DBA5_TRIVA,nan,TRIVA,1.0,,,,,,,,,1,,,,,
A2DBA0,A2DBA0_TRIVA,nan,TRIVA,1.0,,,,,,,,,1,,,,,
A2DB97,A2DB97_TRIVA,nan,TRIVA,1.0,,,,,,,,,1,,,,,
A2DB94,A2DB94_TRIVA,nan,TRIVA,1.0,,,,,,,,,1,,,,,
A2DB73,A2DB73_TRIVA,nan,TRIVA,1.0,,,,,,,,,1,,,,,
A2DB71,A2DB71_TRIVA,nan,TRIVA,1.0,,,,,,,,,1,,,,,
A2DDB7,A2DDB7_TRIVA,nan,TRIVA,1.0,,,,,,,,,1,,,,,
A2DDC3,A2DDC3_TRIVA,nan,TRIVA,1.0,,,,,,,,,1,,,,,
A2DDC5,A2DDC5_TRIVA,nan,TRIVA,1.0,,,,,,,,,1,,,,,
A2DEI3,A2DEI3_TRIVA,nan,TRIVA,1.0,,,,,,,,,1,,,,,
A2DFC1,A2DFC1_TRIVA,nan,TRIVA,1.0,,,,,,,,,1,,,,,
A2DF79,A2DF79_TRIVA,nan,TRIVA,1.0,,,,,,,,,1,,,,,
A2DF61,A2DF61_TRIVA,nan,TRIVA,1.0,,,,,,,,,1,,,,,
A2DF48,A2DF48_TRIVA,nan,TRIVA,1.0,,,,,,,,,1,,,,,
A2DF41,A2DF41_TRIVA,nan,TRIVA,1.0,,,,,,,,,1,,,,,
A2DF34,A2DF34_TRIVA,nan,TRIVA,1.0,,,,,,,,,1,,,,,
A2DEV2,A2DEV2_TRIVA,nan,TRIVA,1.0,,,,,,,,,1,,,,,
A2DER0,A2DER0_TRIVA,nan,TRIVA,1.0,,,,,,,,,1,,,,,
A2DEN3,A2DEN3_TRIVA,nan,TRIVA,1.0,,,,,,,,,1,,,,,
A2DEK8,A2DEK8_TRIVA,nan,TRIVA,1.0,,,,,,,,,1,,,,,
A2DEI6,A2DEI6_TRIVA,nan,TRIVA,1.0,,,,,,,,,1,,,,,
A2DEH3,A2DEH3_TRIVA,nan,TRIVA,1.0,,,,,,,,,1,,,,,
A2DDN4,A2DDN4_TRIVA,nan,TRIVA,1.0,,,,,,,,,1,,,,,
A2DEH1,A2DEH1_TRIVA,nan,TRIVA,1.0,,,,,,,,,1,,,,,
A2DED5,A2DED5_TRIVA,nan,TRIVA,1.0,,,,,,,,,1,,,,,
A2DEA4,A2DEA4_TRIVA,nan,TRIVA,1.0,,,,,,,,,1,,,,,
A2DEA2,A2DEA2_TRIVA,nan,TRIVA,1.0,,,,,,,,,1,,,,,
A2DE59,A2DE59_TRIVA,nan,TRIVA,1.0,,,,,,,,,,1,,,,
A2DE44,A2DE44_TRIVA,nan,TRIVA,1.0,,,,,,,,,1,,,,,
A2DE19,A2DE19_TRIVA,nan,TRIVA,1.0,,,,,,,,,1,,,,,
A2DDY6,A2DDY6_TRIVA,nan,TRIVA,1.0,,,,,,,,,1,,,,,
A2DDV1,A2DDV1_TRIVA,nan,TRIVA,1.0,,,,,,,,,1,,,,,
A2DDS6,A2DDS6_TRIVA,nan,TRIVA,1.0,,,,,,,,,1,,,,,
A2DDN7,A2DDN7_TRIVA,nan,TRIVA,1.0,,,,,,,,,1,,,,,
A2DB47,A2DB47_TRIVA,nan,TRIVA,1.0,,,,,,,,,1,,,,,
A2DB17,A2DB17_TRIVA,nan,TRIVA,1.0,,,,,,,,,1,,,,,
A2DAX0,A2DAX0_TRIVA,nan,TRIVA,1.0,,,,,,,,,1,,,,,
A2D843,A2D843_TRIVA,nan,TRIVA,1.0,,,,,,,,,1,,,,,
A2D8X1,A2D8X1_TRIVA,nan,TRIVA,1.0,,,,,,,,,1,,,,,
A2D8W2,A2D8W2_TRIVA,nan,TRIVA,1.0,,,,,,,,,1,,,,,
A2D8U1,A2D8U1_TRIVA,nan,TRIVA,1.0,,,,,,,,,1,,,,,
A2D8M0,A2D8M0_TRIVA,nan,TRIVA,1.0,,,,,,,,,1,,,,,
A2D8E3,A2D8E3_TRIVA,nan,TRIVA,1.0,,,,,,,,,1,,,,,
A2D8E1,A2D8E1_TRIVA,nan,TRIVA,1.0,,,,,,,,,1,,,,,
A2D8D3,A2D8D3_TRIVA,nan,TRIVA,1.0,,,,,,,,,1,,,,,
A2D891,A2D891_TRIVA,nan,TRIVA,1.0,,,,,,,,,1,,,,,
A2D887,A2D887_TRIVA,nan,TRIVA,1.0,,,,,,,,,1,,,,,
A2D858,A2D858_TRIVA,nan,TRIVA,1.0,,,,,,,,,1,,,,,
A2D845,A2D845_TRIVA,nan,TRIVA,1.0,,,,,,,,,1,,,,,
A2D7Y8,A2D7Y8_TRIVA,nan,TRIVA,1.0,,,,,,,,,1,,,,,
A2D927,A2D927_TRIVA,nan,TRIVA,1.0,,,,,,,,,1,,,,,
A2D7U6,A2D7U6_TRIVA,nan,TRIVA,1.0,,,,,,,,,1,,,,,
A2D7S3,A2D7S3_TRIVA,nan,TRIVA,1.0,,,,,,,,,,,,,1,
A2D7S1,A2D7S1_TRIVA,nan,TRIVA,1.0,,,,,,,,,1,,,,,
A2D7S0,A2D7S0_TRIVA,nan,TRIVA,1.0,,,,,,,,,1,,,,,
A2D7Q7,A2D7Q7_TRIVA,nan,TRIVA,1.0,,,,,,,,,1,,,,,
A2D7K7,A2D7K7_TRIVA,nan,TRIVA,1.0,,,,,,,,,1,,,,,
A2D7J6,A2D7J6_TRIVA,nan,TRIVA,1.0,,,,,,,,,1,,,,,
A2D7A6,A2D7A6_TRIVA,nan,TRIVA,1.0,,,,,,,,,1,,,,,
A2D7A1,A2D7A1_TRIVA,nan,TRIVA,1.0,,,,,,,,,1,,,,,
A2D779,A2D779_TRIVA,nan,TRIVA,1.0,,,,,,,,,1,,,,,
A2CER9,A2CER9_DANRE,nan,DANRE,1.0,,,,,,,,,,1,,,,
A2D8Z5,A2D8Z5_TRIVA,nan,TRIVA,1.0,,,,,,,,,1,,,,,
A2D970,A2D970_TRIVA,nan,TRIVA,1.0,,,,,,,,,1,,,,,
A2DAW8,A2DAW8_TRIVA,nan,TRIVA,1.0,,,,,,,,,1,,,,,
A2DA41,A2DA41_TRIVA,nan,TRIVA,1.0,,,,,,,,,1,,,,,
A2DAU1,A2DAU1_TRIVA,nan,TRIVA,1.0,,,,,,,,,1,,,,,
A2DAP0,A2DAP0_TRIVA,nan,TRIVA,1.0,,,,,,,,,1,,,,,
A2DAN0,A2DAN0_TRIVA,nan,TRIVA,1.0,,,,,,,,,1,,,,,
A2DAJ3,A2DAJ3_TRIVA,nan,TRIVA,1.0,,,,,,,,,,,,,1,
A2DAD9,A2DAD9_TRIVA,nan,TRIVA,1.0,,,,,,,,,1,,,,,
A2DAC0,A2DAC0_TRIVA,nan,TRIVA,1.0,,,,,,,,,1,,,,,
A2DAB6,A2DAB6_TRIVA,nan,TRIVA,1.0,,,,,,,,,1,,,,,
A2DAB4,A2DAB4_TRIVA,nan,TRIVA,1.0,,,,,,,,,1,,,,,
A2DA99,A2DA99_TRIVA,nan,TRIVA,1.0,,,,,,,,,1,,,,,
A2DA65,A2DA65_TRIVA,nan,TRIVA,1.0,,,,,,,,,1,,,,,
A2DA59,A2DA59_TRIVA,nan,TRIVA,1.0,,,,,,,,,1,,,,,
A2DA07,A2DA07_TRIVA,nan,TRIVA,1.0,,,,,,,,,1,,,,,
A2D996,A2D996_TRIVA,nan,TRIVA,1.0,,,,,,,,,1,,,,,
A2D9V6,A2D9V6_TRIVA,nan,TRIVA,1.0,,,,,,,,,1,,,,,
A2D9T5,A2D9T5_TRIVA,nan,TRIVA,1.0,,,,,,,,,1,,,,,
A2D9S1,A2D9S1_TRIVA,nan,TRIVA,1.0,,,,,,,,,1,,,,,
A2D9R1,A2D9R1_TRIVA,nan,TRIVA,1.0,,,,,,,,,1,,,,,
A2D9L1,A2D9L1_TRIVA,nan,TRIVA,1.0,,,,,,,,,1,,,,,
A2D9J6,A2D9J6_TRIVA,nan,TRIVA,1.0,,,,,,,,,1,,,,,
A2D9I3,A2D9I3_TRIVA,nan,TRIVA,1.0,,,,,,,,,1,,,,,
A2D9F7,A2D9F7_TRIVA,nan,TRIVA,1.0,,,,,,,,,1,,,,,
A2D9E7,A2D9E7_TRIVA,nan,TRIVA,1.0,,,,,,,,,,1,,,,
A2D9E6,A2D9E6_TRIVA,nan,TRIVA,1.0,,,,,,,,,1,,,,,
A2D9E5,A2D9E5_TRIVA,nan,TRIVA,1.0,,,,,,,,,,,,,1,
A2DFD6,A2DFD6_TRIVA,nan,TRIVA,1.0,,,,,,,,,1,,,,,
A2DFF1,A2DFF1_TRIVA,nan,TRIVA,1.0,,,,,,,,,1,,,,,
A2DFF2,A2DFF2_TRIVA,nan,TRIVA,1.0,,,,,,,,,1,,,,,
A2DKI7,A2DKI7_TRIVA,nan,TRIVA,1.0,,,,,,,,,1,,,,,
A2DL90,A2DL90_TRIVA,nan,TRIVA,1.0,,,,,,,,,1,,,,,
A2DL87,A2DL87_TRIVA,nan,TRIVA,1.0,,,,,,,,,1,,,,,
A2DL19,A2DL19_TRIVA,nan,TRIVA,1.0,,,,,,,,,1,,,,,
A2DL17,A2DL17_TRIVA,nan,TRIVA,1.0,,,,,,,,,1,,,,,
A2DL02,A2DL02_TRIVA,nan,TRIVA,1.0,,,,,,,,,1,,,,,
A2DL01,A2DL01_TRIVA,nan,TRIVA,1.0,,,,,,,,,1,,,,,
A2DKY8,A2DKY8_TRIVA,nan,TRIVA,1.0,,,,,,,,,1,,,,,
A2DKV1,A2DKV1_TRIVA,nan,TRIVA,1.0,,,,,,,,,1,,,,,
A2DKM8,A2DKM8_TRIVA,nan,TRIVA,1.0,,,,,,,,,1,,,,,
A2DKL0,A2DKL0_TRIVA,nan,TRIVA,1.0,,,,,,,,,1,,,,,
A2DKK4,A2DKK4_TRIVA,nan,TRIVA,1.0,,,,,,,,,1,,,,,
A2DKI6,A2DKI6_TRIVA,nan,TRIVA,1.0,,,,,,,,,1,,,,,
A2DLG5,A2DLG5_TRIVA,nan,TRIVA,1.0,,,,,,,,,1,,,,,
A2DKD4,A2DKD4_TRIVA,nan,TRIVA,1.0,,,,,,,,,1,,,,,
A2DKD0,A2DKD0_TRIVA,nan,TRIVA,1.0,,,,,,,,,1,,,,,
A2DKB2,A2DKB2_TRIVA,nan,TRIVA,1.0,,,,,,,,,1,,,,,
A2DKA6,A2DKA6_TRIVA,nan,TRIVA,1.0,,,,,,,,,1,,,,,
A2DK47,A2DK47_TRIVA,nan,TRIVA,1.0,,,,,,,,,1,,,,,
A2DJY2,A2DJY2_TRIVA,nan,TRIVA,1.0,,,,,,,,,1,,,,,
A2DJW7,A2DJW7_TRIVA,nan,TRIVA,1.0,,,,,,,,,1,,,,,
A2DJT1,A2DJT1_TRIVA,nan,TRIVA,1.0,,,,,,,,,1,,,,,
A2DJL0,A2DJL0_TRIVA,nan,TRIVA,1.0,,,,,,,,,1,,,,,
A2DJK1,A2DJK1_TRIVA,nan,TRIVA,1.0,,,,,,,,,1,,,,,
A2DJJ1,A2DJJ1_TRIVA,nan,TRIVA,1.0,,,,,,,,,1,,,,,
A2DL91,A2DL91_TRIVA,nan,TRIVA,1.0,,,,,,,,,1,,,,,
A2DLL8,A2DLL8_TRIVA,nan,TRIVA,1.0,,,,,,,,,1,,,,,
A2DJH9,A2DJH9_TRIVA,nan,TRIVA,1.0,,,,,,,,,1,,,,,
A2DMZ7,A2DMZ7_TRIVA,nan,TRIVA,1.0,,,,,,,,,1,,,,,
A2DP06,A2DP06_TRIVA,nan,TRIVA,1.0,,,,,,,,,1,,,,,
A2DNQ4,A2DNQ4_TRIVA,nan,TRIVA,1.0,,,,,,,,,1,,,,,
A2DNQ3,A2DNQ3_TRIVA,nan,TRIVA,1.0,,,,,,,,,1,,,,,
A2DNL1,A2DNL1_TRIVA,nan,TRIVA,1.0,,,,,,,,,1,,,,,
A2DNJ1,A2DNJ1_TRIVA,nan,TRIVA,1.0,,,,,,,,,1,,,,,
A2DNJ0,A2DNJ0_TRIVA,nan,TRIVA,1.0,,,,,,,,,1,,,,,
A2DNH9,A2DNH9_TRIVA,nan,TRIVA,1.0,,,,,,,,,1,,,,,
A2DN46,A2DN46_TRIVA,nan,TRIVA,1.0,,,,,,,,,1,,,,,
A2DN43,A2DN43_TRIVA,nan,TRIVA,1.0,,,,,,,,,,1,,,,
A2DN22,A2DN22_TRIVA,nan,TRIVA,1.0,,,,,,,,,1,,,,,
A2DN14,A2DN14_TRIVA,nan,TRIVA,1.0,,,,,,,,,1,,,,,
A2DMZ6,A2DMZ6_TRIVA,nan,TRIVA,1.0,,,,,,,,,1,,,,,
A2DLN5,A2DLN5_TRIVA,nan,TRIVA,1.0,,,,,,,,,1,,,,,
A2DMQ0,A2DMQ0_TRIVA,nan,TRIVA,1.0,,,,,,,,,1,,,,,
A2DML6,A2DML6_TRIVA,nan,TRIVA,1.0,,,,,,,,,1,,,,,
A2DMI2,A2DMI2_TRIVA,nan,TRIVA,1.0,,,,,,,,,1,,,,,
A2DME3,A2DME3_TRIVA,nan,TRIVA,1.0,,,,,,,,,1,,,,,
A2DM60,A2DM60_TRIVA,nan,TRIVA,1.0,,,,,,,,,1,,,,,
A2DLY4,A2DLY4_TRIVA,nan,TRIVA,1.0,,,,,,,,,1,,,,,
A2DLU4,A2DLU4_TRIVA,nan,TRIVA,1.0,,,,,,,,,1,,,,,
A2DLR5,A2DLR5_TRIVA,nan,TRIVA,1.0,,,,,,,,,1,,,,,
A2DLQ8,A2DLQ8_TRIVA,nan,TRIVA,1.0,,,,,,,,,1,,,,,
A2DLP9,A2DLP9_TRIVA,nan,TRIVA,1.0,,,,,,,,,1,,,,,
A2DLP7,A2DLP7_TRIVA,nan,TRIVA,1.0,,,,,,,,,1,,,,,
A2DJI0,A2DJI0_TRIVA,nan,TRIVA,1.0,,,,,,,,,1,,,,,
A2DJF1,A2DJF1_TRIVA,nan,TRIVA,1.0,,,,,,,,,1,,,,,
A2DFN9,A2DFN9_TRIVA,nan,TRIVA,1.0,,,,,,,,,1,,,,,
A2DG70,A2DG70_TRIVA,nan,TRIVA,1.0,,,,,,,,,1,,,,,
A2DH25,A2DH25_TRIVA,nan,TRIVA,1.0,,,,,,,,,1,,,,,
A2DH11,A2DH11_TRIVA,nan,TRIVA,1.0,,,,,,,,,1,,,,,
A2DGY2,A2DGY2_TRIVA,nan,TRIVA,1.0,,,,,,,,,1,,,,,
A2DGW4,A2DGW4_TRIVA,nan,TRIVA,1.0,,,,,,,,,1,,,,,
A2DGP6,A2DGP6_TRIVA,nan,TRIVA,1.0,,,,,,,,,1,,,,,
A2DGP1,A2DGP1_TRIVA,nan,TRIVA,1.0,,,,,,,,,1,,,,,
A2DGM0,A2DGM0_TRIVA,nan,TRIVA,1.0,,,,,,,,,,,,,1,
A2DGH2,A2DGH2_TRIVA,nan,TRIVA,1.0,,,,,,,,,1,,,,,
A2DGE0,A2DGE0_TRIVA,nan,TRIVA,1.0,,,,,,,,,1,,,,,
A2DGD9,A2DGD9_TRIVA,nan,TRIVA,1.0,,,,,,,,,1,,,,,
A2DGD2,A2DGD2_TRIVA,nan,TRIVA,1.0,,,,,,,,,1,,,,,
A2DG69,A2DG69_TRIVA,nan,TRIVA,1.0,,,,,,,,,1,,,,,
A2DHK6,A2DHK6_TRIVA,nan,TRIVA,1.0,,,,,,,,,1,,,,,
A2DG44,A2DG44_TRIVA,nan,TRIVA,1.0,,,,,,,,,1,,,,,
A2DG33,A2DG33_TRIVA,nan,TRIVA,1.0,,,,,,,,,1,,,,,
A2DG32,A2DG32_TRIVA,nan,TRIVA,1.0,,,,,,,,,1,,,,,
A2DG31,A2DG31_TRIVA,nan,TRIVA,1.0,,,,,,,,,1,,,,,
A2DG07,A2DG07_TRIVA,nan,TRIVA,1.0,,,,,,,,,1,,,,,
A2DFZ3,A2DFZ3_TRIVA,nan,TRIVA,1.0,,,,,,,,,1,,,,,
A2DFW9,A2DFW9_TRIVA,nan,TRIVA,1.0,,,,,,,,,1,,,,,
A2DFW5,A2DFW5_TRIVA,nan,TRIVA,1.0,,,,,,,,,1,,,,,
A2DFV8,A2DFV8_TRIVA,nan,TRIVA,1.0,,,,,,,,,1,,,,,
A2DFS5,A2DFS5_TRIVA,nan,TRIVA,1.0,,,,,,,,,1,,,,,
A2DFQ9,A2DFQ9_TRIVA,nan,TRIVA,1.0,,,,,,,,,1,,,,,
A2DHE4,A2DHE4_TRIVA,nan,TRIVA,1.0,,,,,,,,,1,,,,,
A2DHL9,A2DHL9_TRIVA,nan,TRIVA,1.0,,,,,,,,,1,,,,,
A2DJE5,A2DJE5_TRIVA,nan,TRIVA,1.0,,,,,,,,,1,,,,,
A2DIK5,A2DIK5_TRIVA,nan,TRIVA,1.0,,,,,,,,,1,,,,,
A2DJB2,A2DJB2_TRIVA,nan,TRIVA,1.0,,,,,,,,,1,,,,,
A2DJ74,A2DJ74_TRIVA,nan,TRIVA,1.0,,,,,,,,,1,,,,,
A2DJ70,A2DJ70_TRIVA,nan,TRIVA,1.0,,,,,,,,,1,,,,,
A2DJ24,A2DJ24_TRIVA,nan,TRIVA,1.0,,,,,,,,,1,,,,,
A2DIV6,A2DIV6_TRIVA,nan,TRIVA,1.0,,,,,,,,,1,,,,,
A2DIT7,A2DIT7_TRIVA,nan,TRIVA,1.0,,,,,,,,,1,,,,,
A2DIQ8,A2DIQ8_TRIVA,nan,TRIVA,1.0,,,,,,,,,1,,,,,
A2DIQ0,A2DIQ0_TRIVA,nan,TRIVA,1.0,,,,,,,,,1,,,,,
A2DIN9,A2DIN9_TRIVA,nan,TRIVA,1.0,,,,,,,,,1,,,,,
A2DIM7,A2DIM7_TRIVA,nan,TRIVA,1.0,,,,,,,,,1,,,,,
A2DIK8,A2DIK8_TRIVA,nan,TRIVA,1.0,,,,,,,,,1,,,,,
A2DIJ4,A2DIJ4_TRIVA,nan,TRIVA,1.0,,,,,,,,,1,,,,,
A2DHQ3,A2DHQ3_TRIVA,nan,TRIVA,1.0,,,,,,,,,1,,,,,
A2DIH2,A2DIH2_TRIVA,nan,TRIVA,1.0,,,,,,,,,1,,,,,
A2DIF1,A2DIF1_TRIVA,nan,TRIVA,1.0,,,,,,,,,1,,,,,
A2DIB1,A2DIB1_TRIVA,nan,TRIVA,1.0,,,,,,,,,1,,,,,
A2DI71,A2DI71_TRIVA,nan,TRIVA,1.0,,,,,,,,,1,,,,,
A2DI23,A2DI23_TRIVA,nan,TRIVA,1.0,,,,,,,,,1,,,,,
A2DI16,A2DI16_TRIVA,nan,TRIVA,1.0,,,,,,,,,1,,,,,
A2DHX5,A2DHX5_TRIVA,nan,TRIVA,1.0,,,,,,,,,1,,,,,
A2DHW9,A2DHW9_TRIVA,nan,TRIVA,1.0,,,,,,,,,1,,,,,
A2DHW4,A2DHW4_TRIVA,nan,TRIVA,1.0,,,,,,,,,1,,,,,
A2DHW2,A2DHW2_TRIVA,nan,TRIVA,1.0,,,,,,,,,1,,,,,
A2DHV9,A2DHV9_TRIVA,nan,TRIVA,1.0,,,,,,,,,1,,,,,
A2E8M9,A2E8M9_TRIVA,nan,TRIVA,1.0,,,,,,,,,1,,,,,
A2E8U4,A2E8U4_TRIVA,nan,TRIVA,1.0,,,,,,,,,1,,,,,
A2FJ12,A2FJ12_TRIVA,nan,TRIVA,1.0,,,,,,,,,1,,,,,
A2F5X2,A2F5X2_TRIVA,nan,TRIVA,1.0,,,,,,,,,1,,,,,
A2F3F6,A2F3F6_TRIVA,nan,TRIVA,1.0,,,,,,,,,1,,,,,
A2F3E3,A2F3E3_TRIVA,nan,TRIVA,1.0,,,,,,,,,1,,,,,
A2F3B5,A2F3B5_TRIVA,nan,TRIVA,1.0,,,,,,,,,1,,,,,
A2F389,A2F389_TRIVA,nan,TRIVA,1.0,,,,,,,,,,,,,1,
A2F384,A2F384_TRIVA,nan,TRIVA,1.0,,,,,,,,,1,,,,,
A2F2S1,A2F2S1_TRIVA,nan,TRIVA,1.0,,,,,,,,,1,,,,,
A2F2S0,A2F2S0_TRIVA,nan,TRIVA,1.0,,,,,,,,,1,,,,,
A2F2H0,A2F2H0_TRIVA,nan,TRIVA,1.0,,,,,,,,,1,,,,,
A2F236,A2F236_TRIVA,nan,TRIVA,1.0,,,,,,,,,1,,,,,
A2F222,A2F222_TRIVA,nan,TRIVA,1.0,,,,,,,,,1,,,,,
A2F209,A2F209_TRIVA,nan,TRIVA,1.0,,,,,,,,,1,,,,,
A2F203,A2F203_TRIVA,nan,TRIVA,1.0,,,,,,,,,1,,,,,
A2F1X1,A2F1X1_TRIVA,nan,TRIVA,1.0,,,,,,,,,1,,,,,
A2F1V7,A2F1V7_TRIVA,nan,TRIVA,1.0,,,,,,,,,1,,,,,
A2F1T4,A2F1T4_TRIVA,nan,TRIVA,1.0,,,,,,,,,1,,,,,
A2F1Q6,A2F1Q6_TRIVA,nan,TRIVA,1.0,,,,,,,,,1,,,,,
A2F1H9,A2F1H9_TRIVA,nan,TRIVA,1.0,,,,,,,,,1,,,,,
A2F1H3,A2F1H3_TRIVA,nan,TRIVA,1.0,,,,,,,,,1,,,,,
A2F1G6,A2F1G6_TRIVA,nan,TRIVA,1.0,,,,,,,,,1,,,,,
A2F1F7,A2F1F7_TRIVA,nan,TRIVA,1.0,,,,,,,,,1,,,,,
A2F1E2,A2F1E2_TRIVA,nan,TRIVA,1.0,,,,,,,,,,,,,1,
A2F107,A2F107_TRIVA,nan,TRIVA,1.0,,,,,,,,,1,,,,,
A2F0S2,A2F0S2_TRIVA,nan,TRIVA,1.0,,,,,,,,,1,,,,,
A2F0N3,A2F0N3_TRIVA,nan,TRIVA,1.0,,,,,,,,,1,,,,,
A2F0M5,A2F0M5_TRIVA,nan,TRIVA,1.0,,,,,,,,,1,,,,,
A2F3S4,A2F3S4_TRIVA,nan,TRIVA,1.0,,,,,,,,,1,,,,,
A2F3W1,A2F3W1_TRIVA,nan,TRIVA,1.0,,,,,,,,,1,,,,,
A2F3Z4,A2F3Z4_TRIVA,nan,TRIVA,1.0,,,,,,,,,1,,,,,
A2F4N8,A2F4N8_TRIVA,nan,TRIVA,1.0,,,,,,,,,1,,,,,
A2F5S8,A2F5S8_TRIVA,nan,TRIVA,1.0,,,,,,,,,1,,,,,
A2F5C0,A2F5C0_TRIVA,nan,TRIVA,1.0,,,,,,,,,1,,,,,
A2F5A3,A2F5A3_TRIVA,nan,TRIVA,1.0,,,,,,,,,1,,,,,
A2F589,A2F589_TRIVA,nan,TRIVA,1.0,,,,,,,,,1,,,,,
A2F524,A2F524_TRIVA,nan,TRIVA,1.0,,,,,,,,,1,,,,,
A2F516,A2F516_TRIVA,nan,TRIVA,1.0,,,,,,,,,1,,,,,
A2F503,A2F503_TRIVA,nan,TRIVA,1.0,,,,,,,,,1,,,,,
A2F4Z3,A2F4Z3_TRIVA,nan,TRIVA,1.0,,,,,,,,,1,,,,,
A2F4Z1,A2F4Z1_TRIVA,nan,TRIVA,1.0,,,,,,,,,1,,,,,
A2F4W3,A2F4W3_TRIVA,nan,TRIVA,1.0,,,,,,,,,1,,,,,
A2F4P4,A2F4P4_TRIVA,nan,TRIVA,1.0,,,,,,,,,1,,,,,
A2F4L6,A2F4L6_TRIVA,nan,TRIVA,1.0,,,,,,,,,1,,,,,
A2F3Z7,A2F3Z7_TRIVA,nan,TRIVA,1.0,,,,,,,,,1,,,,,
A2F4H6,A2F4H6_TRIVA,nan,TRIVA,1.0,,,,,,,,,1,,,,,
A2F4F8,A2F4F8_TRIVA,nan,TRIVA,1.0,,,,,,,,,1,,,,,
A2F4F2,A2F4F2_TRIVA,nan,TRIVA,1.0,,,,,,,,,1,,,,,
A2F4F1,A2F4F1_TRIVA,nan,TRIVA,1.0,,,,,,,,,1,,,,,
A2F4F0,A2F4F0_TRIVA,nan,TRIVA,1.0,,,,,,,,,1,,,,,
A2F4C9,A2F4C9_TRIVA,nan,TRIVA,1.0,,,,,,,,,1,,,,,
A2F4A9,A2F4A9_TRIVA,nan,TRIVA,1.0,,,,,,,,,1,,,,,
A2F472,A2F472_TRIVA,nan,TRIVA,1.0,,,,,,,,,1,,,,,
A2F469,A2F469_TRIVA,nan,TRIVA,1.0,,,,,,,,,1,,,,,
A2F462,A2F462_TRIVA,nan,TRIVA,1.0,,,,,,,,,1,,,,,
A2F3Z8,A2F3Z8_TRIVA,nan,TRIVA,1.0,,,,,,,,,1,,,,,
A2F0L7,A2F0L7_TRIVA,nan,TRIVA,1.0,,,,,,,,,1,,,,,
A2F0L6,A2F0L6_TRIVA,nan,TRIVA,1.0,,,,,,,,,1,,,,,
A2F0E9,A2F0E9_TRIVA,nan,TRIVA,1.0,,,,,,,,,1,,,,,
A2EVX0,A2EVX0_TRIVA,nan,TRIVA,1.0,,,,,,,,,1,,,,,
A2EWR6,A2EWR6_TRIVA,nan,TRIVA,1.0,,,,,,,,,1,,,,,
A2EWQ4,A2EWQ4_TRIVA,nan,TRIVA,1.0,,,,,,,,,1,,,,,
A2EWP1,A2EWP1_TRIVA,nan,TRIVA,1.0,,,,,,,,,1,,,,,
A2EWP0,A2EWP0_TRIVA,nan,TRIVA,1.0,,,,,,,,,1,,,,,
A2EWK5,A2EWK5_TRIVA,nan,TRIVA,1.0,,,,,,,,,1,,,,,
A2EWG1,A2EWG1_TRIVA,nan,TRIVA,1.0,,,,,,,,,1,,,,,
A2EWF8,A2EWF8_TRIVA,nan,TRIVA,1.0,,,,,,,,,1,,,,,
A2EW90,A2EW90_TRIVA,nan,TRIVA,1.0,,,,,,,,,1,,,,,
A2EW84,A2EW84_TRIVA,nan,TRIVA,1.0,,,,,,,,,1,,,,,
A2EW19,A2EW19_TRIVA,nan,TRIVA,1.0,,,,,,,,,1,,,,,
A2EW12,A2EW12_TRIVA,nan,TRIVA,1.0,,,,,,,,,1,,,,,
A2EVV3,A2EVV3_TRIVA,nan,TRIVA,1.0,,,,,,,,,1,,,,,
A2EWS6,A2EWS6_TRIVA,nan,TRIVA,1.0,,,,,,,,,1,,,,,
A2EVS4,A2EVS4_TRIVA,nan,TRIVA,1.0,,,,,,,,,1,,,,,
A2EVN7,A2EVN7_TRIVA,nan,TRIVA,1.0,,,,,,,,,1,,,,,
A2EVK5,A2EVK5_TRIVA,nan,TRIVA,1.0,,,,,,,,,1,,,,,
A2EVH3,A2EVH3_TRIVA,nan,TRIVA,1.0,,,,,,,,,1,,,,,
A2EVG0,A2EVG0_TRIVA,nan,TRIVA,1.0,,,,,,,,,1,,,,,
A2EV99,A2EV99_TRIVA,nan,TRIVA,1.0,,,,,,,,,1,,,,,
A2EV46,A2EV46_TRIVA,nan,TRIVA,1.0,,,,,,,,,1,,,,,
A2EV01,A2EV01_TRIVA,nan,TRIVA,1.0,,,,,,,,,1,,,,,
A2EUZ7,A2EUZ7_TRIVA,nan,TRIVA,1.0,,,,,,,,,1,,,,,
A2EUQ8,A2EUQ8_TRIVA,nan,TRIVA,1.0,,,,,,,,,1,,,,,
A2EUQ1,A2EUQ1_TRIVA,nan,TRIVA,1.0,,,,,,,,,1,,,,,
A2EWR7,A2EWR7_TRIVA,nan,TRIVA,1.0,,,,,,,,,1,,,,,
A2EWV0,A2EWV0_TRIVA,nan,TRIVA,1.0,,,,,,,,,,,,,1,
A2F0E8,A2F0E8_TRIVA,nan,TRIVA,1.0,,,,,,,,,1,,,,,
A2EYE4,A2EYE4_TRIVA,nan,TRIVA,1.0,,,,,,,,,1,,,,,
A2F0D8,A2F0D8_TRIVA,nan,TRIVA,1.0,,,,,,,,,1,,,,,
A2F0C2,A2F0C2_TRIVA,nan,TRIVA,1.0,,,,,,,,,1,,,,,
A2F064,A2F064_TRIVA,nan,TRIVA,1.0,,,,,,,,,1,,,,,
A2EZL8,A2EZL8_TRIVA,nan,TRIVA,1.0,,,,,,,,,1,,,,,
A2EZK1,A2EZK1_TRIVA,nan,TRIVA,1.0,,,,,,,,,,,,,1,
A2EYZ4,A2EYZ4_TRIVA,nan,TRIVA,1.0,,,,,,,,,1,,,,,
A2EYR2,A2EYR2_TRIVA,nan,TRIVA,1.0,,,,,,,,,1,,,,,
A2EYN4,A2EYN4_TRIVA,nan,TRIVA,1.0,,,,,,,,,1,,,,,
A2EYF6,A2EYF6_TRIVA,nan,TRIVA,1.0,,,,,,,,,1,,,,,
A2EYE9,A2EYE9_TRIVA,nan,TRIVA,1.0,,,,,,,,,1,,,,,
A2EYE8,A2EYE8_TRIVA,nan,TRIVA,1.0,,,,,,,,,1,,,,,
A2EYE2,A2EYE2_TRIVA,nan,TRIVA,1.0,,,,,,,,,1,,,,,
A2EX82,A2EX82_TRIVA,nan,TRIVA,1.0,,,,,,,,,1,,,,,
A2EYE1,A2EYE1_TRIVA,nan,TRIVA,1.0,,,,,,,,,1,,,,,
A2EY38,A2EY38_TRIVA,nan,TRIVA,1.0,,,,,,,,,1,,,,,
A2EXX3,A2EXX3_TRIVA,nan,TRIVA,1.0,,,,,,,,,1,,,,,
A2EXV9,A2EXV9_TRIVA,nan,TRIVA,1.0,,,,,,,,,,,,,1,
A2EXT6,A2EXT6_TRIVA,nan,TRIVA,1.0,,,,,,,,,1,,,,,
A2EXT4,A2EXT4_TRIVA,nan,TRIVA,1.0,,,,,,,,,1,,,,,
A2EXR1,A2EXR1_TRIVA,nan,TRIVA,1.0,,,,,,,,,1,,,,,
A2EXI8,A2EXI8_TRIVA,nan,TRIVA,1.0,,,,,,,,,1,,,,,
A2EXG9,A2EXG9_TRIVA,nan,TRIVA,1.0,,,,,,,,,1,,,,,
A2EX85,A2EX85_TRIVA,nan,TRIVA,1.0,,,,,,,,,1,,,,,
A2EX83,A2EX83_TRIVA,nan,TRIVA,1.0,,,,,,,,,1,,,,,
A2F5S9,A2F5S9_TRIVA,nan,TRIVA,1.0,,,,,,,,,1,,,,,
A2F5X5,A2F5X5_TRIVA,nan,TRIVA,1.0,,,,,,,,,1,,,,,
A2E8U6,A2E8U6_TRIVA,nan,TRIVA,1.0,,,,,,,,,1,,,,,
A2F618,A2F618_TRIVA,nan,TRIVA,1.0,,,,,,,,,1,,,,,
A2FFF3,A2FFF3_TRIVA,nan,TRIVA,1.0,,,,,,,,,1,,,,,
A2FFF2,A2FFF2_TRIVA,nan,TRIVA,1.0,,,,,,,,,1,,,,,
A2FF92,A2FF92_TRIVA,nan,TRIVA,1.0,,,,,,,,,1,,,,,
A2FF35,A2FF35_TRIVA,nan,TRIVA,1.0,,,,,,,,,1,,,,,
A2FF34,A2FF34_TRIVA,nan,TRIVA,1.0,,,,,,,,,1,,,,,
A2FF25,A2FF25_TRIVA,nan,TRIVA,1.0,,,,,,,,,1,,,,,
A2FEX3,A2FEX3_TRIVA,nan,TRIVA,1.0,,,,,,,,,1,,,,,
A2FEJ2,A2FEJ2_TRIVA,nan,TRIVA,1.0,,,,,,,,,1,,,,,
A2FEJ1,A2FEJ1_TRIVA,nan,TRIVA,1.0,,,,,,,,,1,,,,,
A2FEC4,A2FEC4_TRIVA,nan,TRIVA,1.0,,,,,,,,,1,,,,,
A2FEA9,A2FEA9_TRIVA,nan,TRIVA,1.0,,,,,,,,,1,,,,,
A2FE83,A2FE83_TRIVA,nan,TRIVA,1.0,,,,,,,,,1,,,,,
A2FE73,A2FE73_TRIVA,nan,TRIVA,1.0,,,,,,,,,1,,,,,
A2FE34,A2FE34_TRIVA,nan,TRIVA,1.0,,,,,,,,,1,,,,,
A2FE09,A2FE09_TRIVA,nan,TRIVA,1.0,,,,,,,,,1,,,,,
A2FDR2,A2FDR2_TRIVA,nan,TRIVA,1.0,,,,,,,,,1,,,,,
A2FDJ8,A2FDJ8_TRIVA,nan,TRIVA,1.0,,,,,,,,,1,,,,,
A2FDI5,A2FDI5_TRIVA,nan,TRIVA,1.0,,,,,,,,,,1,,,,
A2FDB4,A2FDB4_TRIVA,nan,TRIVA,1.0,,,,,,,,,,,,,1,
A2FD81,A2FD81_TRIVA,nan,TRIVA,1.0,,,,,,,,,1,,,,,
A2FD79,A2FD79_TRIVA,nan,TRIVA,1.0,,,,,,,,,1,,,,,
A2FD63,A2FD63_TRIVA,nan,TRIVA,1.0,,,,,,,,,1,,,,,
A2FCZ1,A2FCZ1_TRIVA,nan,TRIVA,1.0,,,,,,,,,1,,,,,
A2FCR5,A2FCR5_TRIVA,nan,TRIVA,1.0,,,,,,,,,1,,,,,
A2FCP7,A2FCP7_TRIVA,nan,TRIVA,1.0,,,,,,,,,1,,,,,
A2FFR4,A2FFR4_TRIVA,nan,TRIVA,1.0,,,,,,,,,1,,,,,
A2FFR6,A2FFR6_TRIVA,nan,TRIVA,1.0,,,,,,,,,1,,,,,
A2FFS2,A2FFS2_TRIVA,nan,TRIVA,1.0,,,,,,,,,1,,,,,
A2FH38,A2FH38_TRIVA,nan,TRIVA,1.0,,,,,,,,,1,,,,,
A2FJ10,A2FJ10_TRIVA,nan,TRIVA,1.0,,,,,,,,,1,,,,,
A2FJ02,A2FJ02_TRIVA,nan,TRIVA,1.0,,,,,,,,,1,,,,,
A2FIT9,A2FIT9_TRIVA,nan,TRIVA,1.0,,,,,,,,,1,,,,,
A2FIP7,A2FIP7_TRIVA,nan,TRIVA,1.0,,,,,,,,,1,,,,,
A2FIJ1,A2FIJ1_TRIVA,nan,TRIVA,1.0,,,,,,,,,1,,,,,
A2FIE8,A2FIE8_TRIVA,nan,TRIVA,1.0,,,,,,,,,1,,,,,
A2FI52,A2FI52_TRIVA,nan,TRIVA,1.0,,,,,,,,,1,,,,,
A2FI10,A2FI10_TRIVA,nan,TRIVA,1.0,,,,,,,,,1,,,,,
A2FHX2,A2FHX2_TRIVA,nan,TRIVA,1.0,,,,,,,,,1,,,,,
A2FHP0,A2FHP0_TRIVA,nan,TRIVA,1.0,,,,,,,,,1,,,,,
A2FHI3,A2FHI3_TRIVA,nan,TRIVA,1.0,,,,,,,,,1,,,,,
A2FH26,A2FH26_TRIVA,nan,TRIVA,1.0,,,,,,,,,1,,,,,
A2FG57,A2FG57_TRIVA,nan,TRIVA,1.0,,,,,,,,,1,,,,,
A2FH03,A2FH03_TRIVA,nan,TRIVA,1.0,,,,,,,,,1,,,,,
A2FGX8,A2FGX8_TRIVA,nan,TRIVA,1.0,,,,,,,,,1,,,,,
A2FGP5,A2FGP5_TRIVA,nan,TRIVA,1.0,,,,,,,,,1,,,,,
A2FGB4,A2FGB4_TRIVA,nan,TRIVA,1.0,,,,,,,,,1,,,,,
A2FG89,A2FG89_TRIVA,nan,TRIVA,1.0,,,,,,,,,1,,,,,
A2FG87,A2FG87_TRIVA,nan,TRIVA,1.0,,,,,,,,,1,,,,,
A2FG86,A2FG86_TRIVA,nan,TRIVA,1.0,,,,,,,,,1,,,,,
A2FG85,A2FG85_TRIVA,nan,TRIVA,1.0,,,,,,,,,1,,,,,
A2FG84,A2FG84_TRIVA,nan,TRIVA,1.0,,,,,,,,,1,,,,,
A2FG68,A2FG68_TRIVA,nan,TRIVA,1.0,,,,,,,,,1,,,,,
A2FG62,A2FG62_TRIVA,nan,TRIVA,1.0,,,,,,,,,1,,,,,
A2FCM6,A2FCM6_TRIVA,nan,TRIVA,1.0,,,,,,,,,1,,,,,
A2FCD0,A2FCD0_TRIVA,nan,TRIVA,1.0,,,,,,,,,1,,,,,
A2FCC7,A2FCC7_TRIVA,nan,TRIVA,1.0,,,,,,,,,1,,,,,
A2F7I3,A2F7I3_TRIVA,nan,TRIVA,1.0,,,,,,,,,1,,,,,
A2F8L3,A2F8L3_TRIVA,nan,TRIVA,1.0,,,,,,,,,1,,,,,
A2F895,A2F895_TRIVA,nan,TRIVA,1.0,,,,,,,,,1,,,,,
A2F857,A2F857_TRIVA,nan,TRIVA,1.0,,,,,,,,,1,,,,,
A2F813,A2F813_TRIVA,nan,TRIVA,1.0,,,,,,,,,1,,,,,
A2F810,A2F810_TRIVA,nan,TRIVA,1.0,,,,,,,,,1,,,,,
A2F7Z9,A2F7Z9_TRIVA,nan,TRIVA,1.0,,,,,,,,,1,,,,,
A2F7Y6,A2F7Y6_TRIVA,nan,TRIVA,1.0,,,,,,,,,1,,,,,
A2F7V8,A2F7V8_TRIVA,nan,TRIVA,1.0,,,,,,,,,1,,,,,
A2F7V0,A2F7V0_TRIVA,nan,TRIVA,1.0,,,,,,,,,1,,,,,
A2F7J5,A2F7J5_TRIVA,nan,TRIVA,1.0,,,,,,,,,,1,,,,
A2F7I9,A2F7I9_TRIVA,nan,TRIVA,1.0,,,,,,,,,1,,,,,
A2BIM2,A2BIM2_DANRE,nan,DANRE,1.0,,,,,,,,,,,,,1,
A2F8X6,A2F8X6_TRIVA,nan,TRIVA,1.0,,,,,,,,,1,,,,,
A2F767,A2F767_TRIVA,nan,TRIVA,1.0,,,,,,,,,1,,,,,
A2F751,A2F751_TRIVA,nan,TRIVA,1.0,,,,,,,,,1,,,,,
A2F724,A2F724_TRIVA,nan,TRIVA,1.0,,,,,,,,,1,,,,,
A2F718,A2F718_TRIVA,nan,TRIVA,1.0,,,,,,,,,1,,,,,
A2F6P1,A2F6P1_TRIVA,nan,TRIVA,1.0,,,,,,,,,1,,,,,
A2F6E9,A2F6E9_TRIVA,nan,TRIVA,1.0,,,,,,,,,1,,,,,
A2F6B6,A2F6B6_TRIVA,nan,TRIVA,1.0,,,,,,,,,1,,,,,
A2F6A4,A2F6A4_TRIVA,nan,TRIVA,1.0,,,,,,,,,1,,,,,
A2F699,A2F699_TRIVA,nan,TRIVA,1.0,,,,,,,,,1,,,,,
A2F665,A2F665_TRIVA,nan,TRIVA,1.0,,,,,,,,,,,,,1,
A2F621,A2F621_TRIVA,nan,TRIVA,1.0,,,,,,,,,1,,,,,
A2F8R5,A2F8R5_TRIVA,nan,TRIVA,1.0,,,,,,,,,1,,,,,
A2F961,A2F961_TRIVA,nan,TRIVA,1.0,,,,,,,,,1,,,,,
A2FC17,A2FC17_TRIVA,nan,TRIVA,1.0,,,,,,,,,1,,,,,
A2FAJ1,A2FAJ1_TRIVA,nan,TRIVA,1.0,,,,,,,,,1,,,,,
A2FC08,A2FC08_TRIVA,nan,TRIVA,1.0,,,,,,,,,1,,,,,
A2FBP1,A2FBP1_TRIVA,nan,TRIVA,1.0,,,,,,,,,,,,,1,
A2FB87,A2FB87_TRIVA,nan,TRIVA,1.0,,,,,,,,,1,,,,,
A2FB67,A2FB67_TRIVA,nan,TRIVA,1.0,,,,,,,,,1,,,,,
A2FB16,A2FB16_TRIVA,nan,TRIVA,1.0,,,,,,,,,1,,,,,
A2FAZ5,A2FAZ5_TRIVA,nan,TRIVA,1.0,,,,,,,,,1,,,,,
A2FAX8,A2FAX8_TRIVA,nan,TRIVA,1.0,,,,,,,,,1,,,,,
A2FAU2,A2FAU2_TRIVA,nan,TRIVA,1.0,,,,,,,,,1,,,,,
A2FAS0,A2FAS0_TRIVA,nan,TRIVA,1.0,,,,,,,,,1,,,,,
A2FAR1,A2FAR1_TRIVA,nan,TRIVA,1.0,,,,,,,,,,,,,1,
A2FAP1,A2FAP1_TRIVA,nan,TRIVA,1.0,,,,,,,,,1,,,,,
A2FAI5,A2FAI5_TRIVA,nan,TRIVA,1.0,,,,,,,,,1,,,,,
A2F9J6,A2F9J6_TRIVA,nan,TRIVA,1.0,,,,,,,,,1,,,,,
A2FAH3,A2FAH3_TRIVA,nan,TRIVA,1.0,,,,,,,,,1,,,,,
A2FAH1,A2FAH1_TRIVA,nan,TRIVA,1.0,,,,,,,,,1,,,,,
A2FAC4,A2FAC4_TRIVA,nan,TRIVA,1.0,,,,,,,,,1,,,,,
A2FAB0,A2FAB0_TRIVA,nan,TRIVA,1.0,,,,,,,,,1,,,,,
A2FA93,A2FA93_TRIVA,nan,TRIVA,1.0,,,,,,,,,1,,,,,
A2FA27,A2FA27_TRIVA,nan,TRIVA,1.0,,,,,,,,,1,,,,,
A2FA18,A2FA18_TRIVA,nan,TRIVA,1.0,,,,,,,,,1,,,,,
A2FA17,A2FA17_TRIVA,nan,TRIVA,1.0,,,,,,,,,1,,,,,
A2F9P7,A2F9P7_TRIVA,nan,TRIVA,1.0,,,,,,,,,1,,,,,
A2F9M2,A2F9M2_TRIVA,nan,TRIVA,1.0,,,,,,,,,1,,,,,
A2F9J7,A2F9J7_TRIVA,nan,TRIVA,1.0,,,,,,,,,1,,,,,
A2EUQ0,A2EUQ0_TRIVA,nan,TRIVA,1.0,,,,,,,,,1,,,,,
A2EUL2,A2EUL2_TRIVA,nan,TRIVA,1.0,,,,,,,,,1,,,,,
A2EUK8,A2EUK8_TRIVA,nan,TRIVA,1.0,,,,,,,,,1,,,,,
A2EUJ5,A2EUJ5_TRIVA,nan,TRIVA,1.0,,,,,,,,,1,,,,,
A2EGE1,A2EGE1_TRIVA,nan,TRIVA,1.0,,,,,,,,,1,,,,,
A2EGD9,A2EGD9_TRIVA,nan,TRIVA,1.0,,,,,,,,,1,,,,,
A2EG03,A2EG03_TRIVA,nan,TRIVA,1.0,,,,,,,,,1,,,,,
A2EFZ2,A2EFZ2_TRIVA,nan,TRIVA,1.0,,,,,,,,,1,,,,,
A2EFY1,A2EFY1_TRIVA,nan,TRIVA,1.0,,,,,,,,,1,,,,,
A2EFX6,A2EFX6_TRIVA,nan,TRIVA,1.0,,,,,,,,,1,,,,,
A2EFW3,A2EFW3_TRIVA,nan,TRIVA,1.0,,,,,,,,,1,,,,,
A2EFS7,A2EFS7_TRIVA,nan,TRIVA,1.0,,,,,,,,,1,,,,,
A2EFQ1,A2EFQ1_TRIVA,nan,TRIVA,1.0,,,,,,,,,1,,,,,
A2EFI7,A2EFI7_TRIVA,nan,TRIVA,1.0,,,,,,,,,1,,,,,
A2EFG5,A2EFG5_TRIVA,nan,TRIVA,1.0,,,,,,,,,1,,,,,
A2EFE9,A2EFE9_TRIVA,nan,TRIVA,1.0,,,,,,,,,1,,,,,
A2EFE1,A2EFE1_TRIVA,nan,TRIVA,1.0,,,,,,,,,1,,,,,
A2EFD8,A2EFD8_TRIVA,nan,TRIVA,1.0,,,,,,,,,1,,,,,
A2EF95,A2EF95_TRIVA,nan,TRIVA,1.0,,,,,,,,,1,,,,,
A2EF63,A2EF63_TRIVA,nan,TRIVA,1.0,,,,,,,,,1,,,,,
A2EF62,A2EF62_TRIVA,nan,TRIVA,1.0,,,,,,,,,1,,,,,
A2EF48,A2EF48_TRIVA,nan,TRIVA,1.0,,,,,,,,,1,,,,,
A2EEZ1,A2EEZ1_TRIVA,nan,TRIVA,1.0,,,,,,,,,1,,,,,
A2EEX6,A2EEX6_TRIVA,nan,TRIVA,1.0,,,,,,,,,1,,,,,
A2EEX3,A2EEX3_TRIVA,nan,TRIVA,1.0,,,,,,,,,1,,,,,
A2EEX2,A2EEX2_TRIVA,nan,TRIVA,1.0,,,,,,,,,1,,,,,
A2EER3,A2EER3_TRIVA,nan,TRIVA,1.0,,,,,,,,,1,,,,,
A2EEQ7,A2EEQ7_TRIVA,nan,TRIVA,1.0,,,,,,,,,1,,,,,
A2EEQ6,A2EEQ6_TRIVA,nan,TRIVA,1.0,,,,,,,,,1,,,,,
A2EGF2,A2EGF2_TRIVA,nan,TRIVA,1.0,,,,,,,,,,1,,,,
A2EGI1,A2EGI1_TRIVA,nan,TRIVA,1.0,,,,,,,,,1,,,,,
A2EGI6,A2EGI6_TRIVA,nan,TRIVA,1.0,,,,,,,,,1,,,,,
A2EHY7,A2EHY7_TRIVA,nan,TRIVA,1.0,,,,,,,,,1,,,,,
A2EJP4,A2EJP4_TRIVA,nan,TRIVA,1.0,,,,,,,,,1,,,,,
A2EJN1,A2EJN1_TRIVA,nan,TRIVA,1.0,,,,,,,,,1,,,,,
A2EJH6,A2EJH6_TRIVA,nan,TRIVA,1.0,,,,,,,,,1,,,,,
A2EJ78,A2EJ78_TRIVA,nan,TRIVA,1.0,,,,,,,,,,,,,1,
A2EJ57,A2EJ57_TRIVA,nan,TRIVA,1.0,,,,,,,,,1,,,,,
A2EJ39,A2EJ39_TRIVA,nan,TRIVA,1.0,,,,,,,,,1,,,,,
A2EIM8,A2EIM8_TRIVA,nan,TRIVA,1.0,,,,,,,,,1,,,,,
A2EIC4,A2EIC4_TRIVA,nan,TRIVA,1.0,,,,,,,,,1,,,,,
A2EIB3,A2EIB3_TRIVA,nan,TRIVA,1.0,,,,,,,,,1,,,,,
A2EI37,A2EI37_TRIVA,nan,TRIVA,1.0,,,,,,,,,1,,,,,
A2EI10,A2EI10_TRIVA,nan,TRIVA,1.0,,,,,,,,,1,,,,,
A2EHX6,A2EHX6_TRIVA,nan,TRIVA,1.0,,,,,,,,,1,,,,,
A2EGI7,A2EGI7_TRIVA,nan,TRIVA,1.0,,,,,,,,,1,,,,,
A2EHV4,A2EHV4_TRIVA,nan,TRIVA,1.0,,,,,,,,,1,,,,,
A2EHR6,A2EHR6_TRIVA,nan,TRIVA,1.0,,,,,,,,,1,,,,,
A2EHL6,A2EHL6_TRIVA,nan,TRIVA,1.0,,,,,,,,,,1,,,,
A2EHK5,A2EHK5_TRIVA,nan,TRIVA,1.0,,,,,,,,,1,,,,,
A2EHH9,A2EHH9_TRIVA,nan,TRIVA,1.0,,,,,,,,,1,,,,,
A2EHD0,A2EHD0_TRIVA,nan,TRIVA,1.0,,,,,,,,,1,,,,,
A2EHC8,A2EHC8_TRIVA,nan,TRIVA,1.0,,,,,,,,,1,,,,,
A2EGW0,A2EGW0_TRIVA,nan,TRIVA,1.0,,,,,,,,,1,,,,,
A2EGT9,A2EGT9_TRIVA,nan,TRIVA,1.0,,,,,,,,,1,,,,,
A2EGL5,A2EGL5_TRIVA,nan,TRIVA,1.0,,,,,,,,,1,,,,,
A2EGJ6,A2EGJ6_TRIVA,nan,TRIVA,1.0,,,,,,,,,1,,,,,
A2EEP9,A2EEP9_TRIVA,nan,TRIVA,1.0,,,,,,,,,1,,,,,
A2EE98,A2EE98_TRIVA,nan,TRIVA,1.0,,,,,,,,,1,,,,,
A2EE08,A2EE08_TRIVA,nan,TRIVA,1.0,,,,,,,,,1,,,,,
A2EAD7,A2EAD7_TRIVA,nan,TRIVA,1.0,,,,,,,,,1,,,,,
A2EBP0,A2EBP0_TRIVA,nan,TRIVA,1.0,,,,,,,,,1,,,,,
A2EBJ5,A2EBJ5_TRIVA,nan,TRIVA,1.0,,,,,,,,,1,,,,,
A2EBF6,A2EBF6_TRIVA,nan,TRIVA,1.0,,,,,,,,,1,,,,,
A2EB17,A2EB17_TRIVA,nan,TRIVA,1.0,,,,,,,,,1,,,,,
A2EB15,A2EB15_TRIVA,nan,TRIVA,1.0,,,,,,,,,1,,,,,
A2EAY6,A2EAY6_TRIVA,nan,TRIVA,1.0,,,,,,,,,1,,,,,
A2EAY3,A2EAY3_TRIVA,nan,TRIVA,1.0,,,,,,,,,1,,,,,
A2EAX6,A2EAX6_TRIVA,nan,TRIVA,1.0,,,,,,,,,1,,,,,
A2EAM1,A2EAM1_TRIVA,nan,TRIVA,1.0,,,,,,,,,1,,,,,
A2EAI8,A2EAI8_TRIVA,nan,TRIVA,1.0,,,,,,,,,1,,,,,
A2EAE6,A2EAE6_TRIVA,nan,TRIVA,1.0,,,,,,,,,1,,,,,
A2EAC9,A2EAC9_TRIVA,nan,TRIVA,1.0,,,,,,,,,1,,,,,
A2EC13,A2EC13_TRIVA,nan,TRIVA,1.0,,,,,,,,,1,,,,,
A2EA24,A2EA24_TRIVA,nan,TRIVA,1.0,,,,,,,,,1,,,,,
A2E9Y8,A2E9Y8_TRIVA,nan,TRIVA,1.0,,,,,,,,,1,,,,,
A2E9W3,A2E9W3_TRIVA,nan,TRIVA,1.0,,,,,,,,,,,,,1,
A2E9U9,A2E9U9_TRIVA,nan,TRIVA,1.0,,,,,,,,,1,,,,,
A2E9T6,A2E9T6_TRIVA,nan,TRIVA,1.0,,,,,,,,,1,,,,,
A2E9Q5,A2E9Q5_TRIVA,nan,TRIVA,1.0,,,,,,,,,1,,,,,
A2E9Q0,A2E9Q0_TRIVA,nan,TRIVA,1.0,,,,,,,,,1,,,,,
A2E9D2,A2E9D2_TRIVA,nan,TRIVA,1.0,,,,,,,,,1,,,,,
A2E975,A2E975_TRIVA,nan,TRIVA,1.0,,,,,,,,,1,,,,,
A2E8W4,A2E8W4_TRIVA,nan,TRIVA,1.0,,,,,,,,,1,,,,,
A2E8V6,A2E8V6_TRIVA,nan,TRIVA,1.0,,,,,,,,,1,,,,,
A2EBQ4,A2EBQ4_TRIVA,nan,TRIVA,1.0,,,,,,,,,1,,,,,
A2EC98,A2EC98_TRIVA,nan,TRIVA,1.0,,,,,,,,,1,,,,,
A2EE00,A2EE00_TRIVA,nan,TRIVA,1.0,,,,,,,,,1,,,,,
A2EDD5,A2EDD5_TRIVA,nan,TRIVA,1.0,,,,,,,,,1,,,,,
A2EDZ1,A2EDZ1_TRIVA,nan,TRIVA,1.0,,,,,,,,,1,,,,,
A2EDW9,A2EDW9_TRIVA,nan,TRIVA,1.0,,,,,,,,,,,,,1,
A2EDW3,A2EDW3_TRIVA,nan,TRIVA,1.0,,,,,,,,,1,,,,,
A2EDV4,A2EDV4_TRIVA,nan,TRIVA,1.0,,,,,,,,,,,,,1,
A2EDU7,A2EDU7_TRIVA,nan,TRIVA,1.0,,,,,,,,,1,,,,,
A2EDU3,A2EDU3_TRIVA,nan,TRIVA,1.0,,,,,,,,,1,,,,,
A2EDS7,A2EDS7_TRIVA,nan,TRIVA,1.0,,,,,,,,,1,,,,,
A2EDQ6,A2EDQ6_TRIVA,nan,TRIVA,1.0,,,,,,,,,1,,,,,
A2EDQ3,A2EDQ3_TRIVA,nan,TRIVA,1.0,,,,,,,,,1,,,,,
A2EDI5,A2EDI5_TRIVA,nan,TRIVA,1.0,,,,,,,,,1,,,,,
A2EDF9,A2EDF9_TRIVA,nan,TRIVA,1.0,,,,,,,,,1,,,,,
A2ED88,A2ED88_TRIVA,nan,TRIVA,1.0,,,,,,,,,1,,,,,
A2ECC7,A2ECC7_TRIVA,nan,TRIVA,1.0,,,,,,,,,1,,,,,
A2ED14,A2ED14_TRIVA,nan,TRIVA,1.0,,,,,,,,,1,,,,,
A2ECV3,A2ECV3_TRIVA,nan,TRIVA,1.0,,,,,,,,,1,,,,,
A2ECT8,A2ECT8_TRIVA,nan,TRIVA,1.0,,,,,,,,,1,,,,,
A2ECT7,A2ECT7_TRIVA,nan,TRIVA,1.0,,,,,,,,,1,,,,,
A2ECS4,A2ECS4_TRIVA,nan,TRIVA,1.0,,,,,,,,,1,,,,,
A2ECR3,A2ECR3_TRIVA,nan,TRIVA,1.0,,,,,,,,,1,,,,,
A2ECP3,A2ECP3_TRIVA,nan,TRIVA,1.0,,,,,,,,,1,,,,,
A2ECP2,A2ECP2_TRIVA,nan,TRIVA,1.0,,,,,,,,,1,,,,,
A2ECJ1,A2ECJ1_TRIVA,nan,TRIVA,1.0,,,,,,,,,,,,,1,
A2ECI4,A2ECI4_TRIVA,nan,TRIVA,1.0,,,,,,,,,1,,,,,
A2ECI3,A2ECI3_TRIVA,nan,TRIVA,1.0,,,,,,,,,,,,,1,
A2EJP9,A2EJP9_TRIVA,nan,TRIVA,1.0,,,,,,,,,1,,,,,
A2EJR2,A2EJR2_TRIVA,nan,TRIVA,1.0,,,,,,,,,1,,,,,
A2EJR3,A2EJR3_TRIVA,nan,TRIVA,1.0,,,,,,,,,1,,,,,
A2ER16,A2ER16_TRIVA,nan,TRIVA,1.0,,,,,,,,,1,,,,,
A2ERZ8,A2ERZ8_TRIVA,nan,TRIVA,1.0,,,,,,,,,1,,,,,
A2ERS5,A2ERS5_TRIVA,nan,TRIVA,1.0,,,,,,,,,,,,,1,
A2ERN6,A2ERN6_TRIVA,nan,TRIVA,1.0,,,,,,,,,1,,,,,
A2ERM2,A2ERM2_TRIVA,nan,TRIVA,1.0,,,,,,,,,1,,,,,
A2ERJ9,A2ERJ9_TRIVA,nan,TRIVA,1.0,,,,,,,,,1,,,,,
A2ERI9,A2ERI9_TRIVA,nan,TRIVA,1.0,,,,,,,,,1,,,,,
A2ERE3,A2ERE3_TRIVA,nan,TRIVA,1.0,,,,,,,,,1,,,,,
A2ERA8,A2ERA8_TRIVA,nan,TRIVA,1.0,,,,,,,,,1,,,,,
A2ER72,A2ER72_TRIVA,nan,TRIVA,1.0,,,,,,,,,1,,,,,
A2ER58,A2ER58_TRIVA,nan,TRIVA,1.0,,,,,,,,,1,,,,,
A2ER25,A2ER25_TRIVA,nan,TRIVA,1.0,,,,,,,,,1,,,,,
A2EQT0,A2EQT0_TRIVA,nan,TRIVA,1.0,,,,,,,,,1,,,,,
A2ES40,A2ES40_TRIVA,nan,TRIVA,1.0,,,,,,,,,1,,,,,
A2EQA7,A2EQA7_TRIVA,nan,TRIVA,1.0,,,,,,,,,1,,,,,
A2EQ84,A2EQ84_TRIVA,nan,TRIVA,1.0,,,,,,,,,1,,,,,
A2EQ74,A2EQ74_TRIVA,nan,TRIVA,1.0,,,,,,,,,1,,,,,
A2EQ43,A2EQ43_TRIVA,nan,TRIVA,1.0,,,,,,,,,1,,,,,
A2EPQ6,A2EPQ6_TRIVA,nan,TRIVA,1.0,,,,,,,,,1,,,,,
A2EPQ4,A2EPQ4_TRIVA,nan,TRIVA,1.0,,,,,,,,,1,,,,,
A2EPP2,A2EPP2_TRIVA,nan,TRIVA,1.0,,,,,,,,,1,,,,,
A2EPL8,A2EPL8_TRIVA,nan,TRIVA,1.0,,,,,,,,,1,,,,,
A2EPL1,A2EPL1_TRIVA,nan,TRIVA,1.0,,,,,,,,,1,,,,,
A2EPL0,A2EPL0_TRIVA,nan,TRIVA,1.0,,,,,,,,,1,,,,,
A2EPK0,A2EPK0_TRIVA,nan,TRIVA,1.0,,,,,,,,,1,,,,,
A2ES39,A2ES39_TRIVA,nan,TRIVA,1.0,,,,,,,,,1,,,,,
A2ESD6,A2ESD6_TRIVA,nan,TRIVA,1.0,,,,,,,,,1,,,,,
A2EPJ4,A2EPJ4_TRIVA,nan,TRIVA,1.0,,,,,,,,,1,,,,,
A2ETR6,A2ETR6_TRIVA,nan,TRIVA,1.0,,,,,,,,,1,,,,,
A2EUI1,A2EUI1_TRIVA,nan,TRIVA,1.0,,,,,,,,,1,,,,,
A2EUG6,A2EUG6_TRIVA,nan,TRIVA,1.0,,,,,,,,,1,,,,,
A2EUD3,A2EUD3_TRIVA,nan,TRIVA,1.0,,,,,,,,,1,,,,,
A2EUB0,A2EUB0_TRIVA,nan,TRIVA,1.0,,,,,,,,,1,,,,,
A2EU68,A2EU68_TRIVA,nan,TRIVA,1.0,,,,,,,,,1,,,,,
A2EU67,A2EU67_TRIVA,nan,TRIVA,1.0,,,,,,,,,1,,,,,
A2EU44,A2EU44_TRIVA,nan,TRIVA,1.0,,,,,,,,,1,,,,,
A2EU40,A2EU40_TRIVA,nan,TRIVA,1.0,,,,,,,,,,,,,1,
A2EU17,A2EU17_TRIVA,nan,TRIVA,1.0,,,,,,,,,1,,,,,
A2ETY8,A2ETY8_TRIVA,nan,TRIVA,1.0,,,,,,,,,1,,,,,
A2ETY0,A2ETY0_TRIVA,nan,TRIVA,1.0,,,,,,,,,1,,,,,
A2ETR5,A2ETR5_TRIVA,nan,TRIVA,1.0,,,,,,,,,1,,,,,
A2ESK8,A2ESK8_TRIVA,nan,TRIVA,1.0,,,,,,,,,,,,,1,
A2ETQ0,A2ETQ0_TRIVA,nan,TRIVA,1.0,,,,,,,,,1,,,,,
A2ETM3,A2ETM3_TRIVA,nan,TRIVA,1.0,,,,,,,,,1,,,,,
A2ETM1,A2ETM1_TRIVA,nan,TRIVA,1.0,,,,,,,,,1,,,,,
A2ETI6,A2ETI6_TRIVA,nan,TRIVA,1.0,,,,,,,,,1,,,,,
A2ETI5,A2ETI5_TRIVA,nan,TRIVA,1.0,,,,,,,,,1,,,,,
A2ETD7,A2ETD7_TRIVA,nan,TRIVA,1.0,,,,,,,,,1,,,,,
A2ET58,A2ET58_TRIVA,nan,TRIVA,1.0,,,,,,,,,1,,,,,
A2ESY0,A2ESY0_TRIVA,nan,TRIVA,1.0,,,,,,,,,1,,,,,
A2ESW0,A2ESW0_TRIVA,nan,TRIVA,1.0,,,,,,,,,1,,,,,
A2ESU2,A2ESU2_TRIVA,nan,TRIVA,1.0,,,,,,,,,1,,,,,
A2ESM6,A2ESM6_TRIVA,nan,TRIVA,1.0,,,,,,,,,1,,,,,
A2EPJ5,A2EPJ5_TRIVA,nan,TRIVA,1.0,,,,,,,,,1,,,,,
A2EPJ0,A2EPJ0_TRIVA,nan,TRIVA,1.0,,,,,,,,,1,,,,,
A2EJR4,A2EJR4_TRIVA,nan,TRIVA,1.0,,,,,,,,,1,,,,,
A2EKS8,A2EKS8_TRIVA,nan,TRIVA,1.0,,,,,,,,,1,,,,,
A2ELS8,A2ELS8_TRIVA,nan,TRIVA,1.0,,,,,,,,,1,,,,,
A2ELQ5,A2ELQ5_TRIVA,nan,TRIVA,1.0,,,,,,,,,1,,,,,
A2ELN7,A2ELN7_TRIVA,nan,TRIVA,1.0,,,,,,,,,1,,,,,
A2ELK7,A2ELK7_TRIVA,nan,TRIVA,1.0,,,,,,,,,1,,,,,
A2ELE7,A2ELE7_TRIVA,nan,TRIVA,1.0,,,,,,,,,1,,,,,
A2ELC1,A2ELC1_TRIVA,nan,TRIVA,1.0,,,,,,,,,,,,,1,
A2EL27,A2EL27_TRIVA,nan,TRIVA,1.0,,,,,,,,,1,,,,,
A2EL17,A2EL17_TRIVA,nan,TRIVA,1.0,,,,,,,,,1,,,,,
A2EL16,A2EL16_TRIVA,nan,TRIVA,1.0,,,,,,,,,1,,,,,
A2EKT6,A2EKT6_TRIVA,nan,TRIVA,1.0,,,,,,,,,1,,,,,
A2EKT4,A2EKT4_TRIVA,nan,TRIVA,1.0,,,,,,,,,,,,,1,
A2EKR4,A2EKR4_TRIVA,nan,TRIVA,1.0,,,,,,,,,1,,,,,
A2EM43,A2EM43_TRIVA,nan,TRIVA,1.0,,,,,,,,,1,,,,,
A2EKQ7,A2EKQ7_TRIVA,nan,TRIVA,1.0,,,,,,,,,1,,,,,
A2EKP4,A2EKP4_TRIVA,nan,TRIVA,1.0,,,,,,,,,1,,,,,
A2EKN2,A2EKN2_TRIVA,nan,TRIVA,1.0,,,,,,,,,1,,,,,
A2EKK4,A2EKK4_TRIVA,nan,TRIVA,1.0,,,,,,,,,1,,,,,
A2EKI1,A2EKI1_TRIVA,nan,TRIVA,1.0,,,,,,,,,,1,,,,
A2EKH4,A2EKH4_TRIVA,nan,TRIVA,1.0,,,,,,,,,1,,,,,
A2EK96,A2EK96_TRIVA,nan,TRIVA,1.0,,,,,,,,,1,,,,,
A2EJY9,A2EJY9_TRIVA,nan,TRIVA,1.0,,,,,,,,,1,,,,,
A2EJY0,A2EJY0_TRIVA,nan,TRIVA,1.0,,,,,,,,,1,,,,,
A2EJX8,A2EJX8_TRIVA,nan,TRIVA,1.0,,,,,,,,,1,,,,,
A2EJW4,A2EJW4_TRIVA,nan,TRIVA,1.0,,,,,,,,,1,,,,,
A2ELV3,A2ELV3_TRIVA,nan,TRIVA,1.0,,,,,,,,,1,,,,,
A2EM87,A2EM87_TRIVA,nan,TRIVA,1.0,,,,,,,,,1,,,,,
A2EPI5,A2EPI5_TRIVA,nan,TRIVA,1.0,,,,,,,,,1,,,,,
A2ENL6,A2ENL6_TRIVA,nan,TRIVA,1.0,,,,,,,,,1,,,,,
A2EPI2,A2EPI2_TRIVA,nan,TRIVA,1.0,,,,,,,,,1,,,,,
A2EPG7,A2EPG7_TRIVA,nan,TRIVA,1.0,,,,,,,,,1,,,,,
A2EPC5,A2EPC5_TRIVA,nan,TRIVA,1.0,,,,,,,,,,1,,,,
A2EPC4,A2EPC4_TRIVA,nan,TRIVA,1.0,,,,,,,,,1,,,,,
A2EP38,A2EP38_TRIVA,nan,TRIVA,1.0,,,,,,,,,1,,,,,
A2EP14,A2EP14_TRIVA,nan,TRIVA,1.0,,,,,,,,,1,,,,,
A2EP12,A2EP12_TRIVA,nan,TRIVA,1.0,,,,,,,,,1,,,,,
A2EP04,A2EP04_TRIVA,nan,TRIVA,1.0,,,,,,,,,1,,,,,
A2ENY0,A2ENY0_TRIVA,nan,TRIVA,1.0,,,,,,,,,,,,,1,
A2ENT3,A2ENT3_TRIVA,nan,TRIVA,1.0,,,,,,,,,1,,,,,
A2ENT0,A2ENT0_TRIVA,nan,TRIVA,1.0,,,,,,,,,1,,,,,
A2ENG6,A2ENG6_TRIVA,nan,TRIVA,1.0,,,,,,,,,1,,,,,
A2EMF2,A2EMF2_TRIVA,nan,TRIVA,1.0,,,,,,,,,1,,,,,
A2ENG5,A2ENG5_TRIVA,nan,TRIVA,1.0,,,,,,,,,1,,,,,
A2ENG2,A2ENG2_TRIVA,nan,TRIVA,1.0,,,,,,,,,1,,,,,
A2ENE8,A2ENE8_TRIVA,nan,TRIVA,1.0,,,,,,,,,1,,,,,
A2ENE5,A2ENE5_TRIVA,nan,TRIVA,1.0,,,,,,,,,1,,,,,
A2ENB3,A2ENB3_TRIVA,nan,TRIVA,1.0,,,,,,,,,1,,,,,
A2EN92,A2EN92_TRIVA,nan,TRIVA,1.0,,,,,,,,,1,,,,,
A2EN40,A2EN40_TRIVA,nan,TRIVA,1.0,,,,,,,,,1,,,,,
A2EN24,A2EN24_TRIVA,nan,TRIVA,1.0,,,,,,,,,1,,,,,
A2EMS9,A2EMS9_TRIVA,nan,TRIVA,1.0,,,,,,,,,1,,,,,
A2EMP9,A2EMP9_TRIVA,nan,TRIVA,1.0,,,,,,,,,1,,,,,
A2EMN5,A2EMN5_TRIVA,nan,TRIVA,1.0,,,,,,,,,1,,,,,
nan,nan,ENSXETP00000054198,XENTR,1.0,,,,,,,,,,,,1,,
