ACC,ENTRY,ENS,SPEC,COUNT,InParanoid,InParanoidCore,OMA_Groups,OMA_Pairs,PANTHER8_LDO,RBH,RSD,Orthoinspector,Hieranoid_2,EnsemblCompara_v2,PANTHER8_all,Metaphors,PhylomeDB,EggNOG
C3YBP8,C3YBP8_BRAFL,nan,BRAFL,7.0,,,1,1,,1,1,,1,1,,,,1
D4A4S4,D4A4S4_RAT,nan,RAT,4.0,,,,,,1,1,,1,,,,,1
F7GSU7,F7GSU7_MACMU,ENSMMUP00000029859,MACMU,3.0,,,,,,1,1,,1,,,,,
P47881,OR3A1_HUMAN,nan,HUMAN,3.0,,,,,,1,1,,1,,,,,
H2SDD9,H2SDD9_TAKRU,ENSTRUP00000010419,TAKRU,3.0,,,,,,1,1,,1,,,,,
nan,nan,ENSPTRP00000053190,PANTR,3.0,,,,,,1,1,,1,,,,,
D3ZAE7,D3ZAE7_RAT,nan,RAT,2.0,,,,,,,,,1,1,,,,
D4A4A0,D4A4A0_RAT,nan,RAT,2.0,,,,,,,,,1,1,,,,
Q8VGF0,Q8VGF0_MOUSE,nan,MOUSE,2.0,,,,,,,,,1,1,,,,
Q7TRX3,Q7TRX3_MOUSE,nan,MOUSE,2.0,,,,,,1,,,1,,,,,
Q923Q8,Q923Q8_MOUSE,nan,MOUSE,2.0,,,,,,,,,1,1,,,,
Q923Q6,Q923Q6_MOUSE,nan,MOUSE,2.0,,,,,,,,,1,1,,,,
Q8VF25,Q8VF25_MOUSE,nan,MOUSE,2.0,,,,,,,,,1,1,,,,
D3Z8A6,D3Z8A6_RAT,nan,RAT,2.0,,,,,,,,,1,1,,,,
D3ZGI2,D3ZGI2_RAT,nan,RAT,2.0,,,,,,,,,1,1,,,,
Q7TRJ0,Q7TRJ0_MOUSE,nan,MOUSE,2.0,,,,,,,,,1,1,,,,
D4A796,nan,nan,nan,2.0,,,,,,,,,1,1,,,,
D4A2D1,D4A2D1_RAT,nan,RAT,2.0,,,,,,,,,1,1,,,,
D4AC35,nan,nan,nan,2.0,,,,,,,,,1,1,,,,
Q7TRJ1,Q7TRJ1_MOUSE,nan,MOUSE,2.0,,,,,,,,,1,1,,,,
D4A808,D4A808_RAT,nan,RAT,2.0,,,,,,,,,1,1,,,,
Q8VFX7,Q8VFX7_MOUSE,nan,MOUSE,2.0,,,,,,,1,,1,,,,,
Q8C0S2,Q8C0S2_MOUSE,nan,MOUSE,2.0,,,,,,,,,1,1,,,,
D3ZEY6,nan,nan,nan,2.0,,,,,,,,,1,1,,,,
F7ETG5,F7ETG5_ORNAN,ENSOANP00000026518,ORNAN,2.0,,,,,,,1,,1,,,,,
F1LYP8,F1LYP8_RAT,ENSRNOP00000039457,RAT,2.0,,,,,,,,,1,1,,,,
Q8VF06,Q8VF06_MOUSE,nan,MOUSE,1.0,,,,,,,,,1,,,,,
Q8VEZ4,Q8VEZ4_MOUSE,nan,MOUSE,1.0,,,,,,,,,1,,,,,
Q8VF02,Q8VF02_MOUSE,nan,MOUSE,1.0,,,,,,,,,1,,,,,
Q8VF03,Q8VF03_MOUSE,nan,MOUSE,1.0,,,,,,,,,1,,,,,
Q8VF05,Q8VF05_MOUSE,nan,MOUSE,1.0,,,,,,,,,1,,,,,
Q8NH76,O56B4_HUMAN,nan,HUMAN,1.0,,,,,,,,,1,,,,,
Q8TCB6,O51E1_HUMAN,nan,HUMAN,1.0,,,,,,,,,1,,,,,
Q8VF15,Q8VF15_MOUSE,nan,MOUSE,1.0,,,,,,,,,1,,,,,
Q8NH93,OR1L3_HUMAN,nan,HUMAN,1.0,,,,,,,,,1,,,,,
Q8VF16,Q8VF16_MOUSE,nan,MOUSE,1.0,,,,,,,,,1,,,,,
Q8VF22,Q8VF22_MOUSE,nan,MOUSE,1.0,,,,,,,,,1,,,,,
Q8VF27,Q8VF27_MOUSE,nan,MOUSE,1.0,,,,,,,,,1,,,,,
Q8NH72,OR4C6_HUMAN,nan,HUMAN,1.0,,,,,,,,,1,,,,,
Q8VF28,Q8VF28_MOUSE,nan,MOUSE,1.0,,,,,,,,,1,,,,,
Q8VF34,Q8VF34_MOUSE,nan,MOUSE,1.0,,,,,,,,,1,,,,,
Q8VF35,Q8VF35_MOUSE,nan,MOUSE,1.0,,,,,,,,,1,,,,,
Q8NH77,Q8NH77_HUMAN,nan,HUMAN,1.0,,,,,,,,,1,,,,,
Q8VEY6,Q8VEY6_MOUSE,nan,MOUSE,1.0,,,,,,,,,1,,,,,
Q8VEY7,Q8VEY7_MOUSE,nan,MOUSE,1.0,,,,,,,,,1,,,,,
Q8VBV9,O51E2_MOUSE,nan,MOUSE,1.0,,,,,,,,,1,,,,,
Q8VBW9,OLF63_MOUSE,nan,MOUSE,1.0,,,,,,,,,1,,,,,
Q8VES3,Q8VES3_MOUSE,nan,MOUSE,1.0,,,,,,,,,1,,,,,
Q8VET2,Q8VET2_MOUSE,nan,MOUSE,1.0,,,,,,,,,1,,,,,
Q8NHC8,OR2T6_HUMAN,nan,HUMAN,1.0,,,,,,,,,1,,,,,
Q8VET3,Q8VET3_MOUSE,nan,MOUSE,1.0,,,,,,,,,1,,,,,
Q8VET5,Q8VET5_MOUSE,nan,MOUSE,1.0,,,,,,,,,1,,,,,
Q8NHC7,O14CZ_HUMAN,nan,HUMAN,1.0,,,,,,,,,1,,,,,
Q8NHC6,O14L1_HUMAN,nan,HUMAN,1.0,,,,,,,,,1,,,,,
Q8VET8,Q8VET8_MOUSE,nan,MOUSE,1.0,,,,,,,,,1,,,,,
Q8NHC5,O14AG_HUMAN,nan,HUMAN,1.0,,,,,,,,,1,,,,,
Q8VEU8,Q8VEU8_MOUSE,nan,MOUSE,1.0,,,,,,,,,1,,,,,
Q8VEX6,OL187_MOUSE,nan,MOUSE,1.0,,,,,,,,,1,,,,,
Q8NHB1,OR2V1_HUMAN,nan,HUMAN,1.0,,,,,,,,,1,,,,,
Q8NHA8,OR1FC_HUMAN,nan,HUMAN,1.0,,,,,,,,,1,,,,,
Q8VEX7,Q8VEX7_MOUSE,nan,MOUSE,1.0,,,,,,,,,1,,,,,
Q8VEY1,Q8VEY1_MOUSE,nan,MOUSE,1.0,,,,,,,,,1,,,,,
Q8NHA4,O2AE1_HUMAN,nan,HUMAN,1.0,,,,,,,,,1,,,,,
A0PK55,A0PK55_MOUSE,nan,MOUSE,1.0,,,,,,,,,1,,,,,
Q8VF89,Q8VF89_MOUSE,nan,MOUSE,1.0,,,,,,,,,1,,,,,
Q8VF37,Q8VF37_MOUSE,nan,MOUSE,1.0,,,,,,,,,1,,,,,
Q8VF41,Q8VF41_MOUSE,nan,MOUSE,1.0,,,,,,,,,1,,,,,
Q8VFF8,Q8VFF8_MOUSE,nan,MOUSE,1.0,,,,,,,,,1,,,,,
Q8VFG7,Q8VFG7_MOUSE,nan,MOUSE,1.0,,,,,,,,,1,,,,,
Q8VFI8,Q8VFI8_MOUSE,nan,MOUSE,1.0,,,,,,,,,1,,,,,
Q8VFJ0,Q8VFJ0_MOUSE,nan,MOUSE,1.0,,,,,,,,,1,,,,,
Q8VFJ1,Q8VFJ1_MOUSE,nan,MOUSE,1.0,,,,,,,,,1,,,,,
Q8VFJ3,Q8VFJ3_MOUSE,nan,MOUSE,1.0,,,,,,,,,1,,,,,
Q8VFJ5,Q8VFJ5_MOUSE,nan,MOUSE,1.0,,,,,,,,,1,,,,,
Q8VFM3,Q8VFM3_MOUSE,nan,MOUSE,1.0,,,,,,,,,1,,,,,
Q8VFM4,Q8VFM4_MOUSE,nan,MOUSE,1.0,,,,,,,,,1,,,,,
Q8VFM5,Q8VFM5_MOUSE,nan,MOUSE,1.0,,,,,,,,,1,,,,,
Q8VFM8,Q8VFM8_MOUSE,nan,MOUSE,1.0,,,,,,,,,1,,,,,
Q8VFN1,Q8VFN1_MOUSE,nan,MOUSE,1.0,,,,,,,,,1,,,,,
Q8VFN8,Q8VFN8_MOUSE,nan,MOUSE,1.0,,,,,,,,,1,,,,,
Q8VFP3,Q8VFP3_MOUSE,nan,MOUSE,1.0,,,,,,,,,1,,,,,
Q8VFP4,Q8VFP4_MOUSE,nan,MOUSE,1.0,,,,,,,,,1,,,,,
Q8VFP5,Q8VFP5_MOUSE,nan,MOUSE,1.0,,,,,,,,,1,,,,,
Q8VFP9,Q8VFP9_MOUSE,nan,MOUSE,1.0,,,,,,,,,1,,,,,
Q8VFQ1,Q8VFQ1_MOUSE,nan,MOUSE,1.0,,,,,,,,,1,,,,,
Q8VFQ2,Q8VFQ2_MOUSE,nan,MOUSE,1.0,,,,,,,,,1,,,,,
Q8VFQ3,Q8VFQ3_MOUSE,nan,MOUSE,1.0,,,,,,,,,1,,,,,
Q8VFQ4,Q8VFQ4_MOUSE,nan,MOUSE,1.0,,,,,,,,,1,,,,,
Q8VFF7,Q8VFF7_MOUSE,nan,MOUSE,1.0,,,,,,,,,1,,,,,
Q8VFF6,Q8VFF6_MOUSE,nan,MOUSE,1.0,,,,,,,,,1,,,,,
Q8VFF2,Q8VFF2_MOUSE,nan,MOUSE,1.0,,,,,,,,,1,,,,,
Q8VFB1,Q8VFB1_MOUSE,nan,MOUSE,1.0,,,,,,,,,1,,,,,
Q8VF60,Q8VF60_MOUSE,nan,MOUSE,1.0,,,,,,,,,1,,,,,
Q8VF69,Q8VF69_MOUSE,nan,MOUSE,1.0,,,,,,,,,1,,,,,
Q8VF87,Q8VF87_MOUSE,nan,MOUSE,1.0,,,,,,,,,1,,,,,
Q8NH69,OR5W2_HUMAN,nan,HUMAN,1.0,,,,,,,,,1,,,,,
Q8VF91,Q8VF91_MOUSE,nan,MOUSE,1.0,,,,,,,,,1,,,,,
Q8VF94,Q8VF94_MOUSE,nan,MOUSE,1.0,,,,,,,,,1,,,,,
Q8VFA1,Q8VFA1_MOUSE,nan,MOUSE,1.0,,,,,,,,,1,,,,,
Q8VFA2,Q8VFA2_MOUSE,nan,MOUSE,1.0,,,,,,,,,1,,,,,
Q8VFB0,Q8VFB0_MOUSE,nan,MOUSE,1.0,,,,,,,,,1,,,,,
Q8VFB9,OL183_MOUSE,nan,MOUSE,1.0,,,,,,,,,1,,,,,
Q8VFF1,Q8VFF1_MOUSE,nan,MOUSE,1.0,,,,,,,,,1,,,,,
Q8VFC1,Q8VFC1_MOUSE,nan,MOUSE,1.0,,,,,,,,,1,,,,,
Q8VFD7,Q8VFD7_MOUSE,nan,MOUSE,1.0,,,,,,,,,1,,,,,
Q8VFD8,Q8VFD8_MOUSE,nan,MOUSE,1.0,,,,,,,,,1,,,,,
Q8VFD9,Q8VFD9_MOUSE,nan,MOUSE,1.0,,,,,,,,,1,,,,,
Q8VFE1,Q8VFE1_MOUSE,nan,MOUSE,1.0,,,,,,,,,1,,,,,
Q8VFE4,Q8VFE4_MOUSE,nan,MOUSE,1.0,,,,,,,,,1,,,,,
Q8VFE6,Q8VFE6_MOUSE,nan,MOUSE,1.0,,,,,,,,,1,,,,,
Q8VFE8,Q8VFE8_MOUSE,nan,MOUSE,1.0,,,,,,,,,1,,,,,
Q8VFE9,Q8VFE9_MOUSE,nan,MOUSE,1.0,,,,,,,,,1,,,,,
Q8NH70,O4A16_HUMAN,nan,HUMAN,1.0,,,,,,,,,1,,,,,
Q8NH56,O52N5_HUMAN,nan,HUMAN,1.0,,,,,,,,,1,,,,,
Q8NH68,Q8NH68_HUMAN,nan,HUMAN,1.0,,,,,,,,,1,,,,,
Q8NH67,O52I2_HUMAN,nan,HUMAN,1.0,,,,,,,,,1,,,,,
Q8NGH8,O56A4_HUMAN,nan,HUMAN,1.0,,,,,,,,,1,,,,,
Q8NGH9,O52E4_HUMAN,nan,HUMAN,1.0,,,,,,,,,1,,,,,
Q8NGI0,O52N2_HUMAN,nan,HUMAN,1.0,,,,,,,,,1,,,,,
Q8NGI1,O56B2_HUMAN,nan,HUMAN,1.0,,,,,,,,,1,,,,,
Q8NGI2,O52N4_HUMAN,nan,HUMAN,1.0,,,,,,,,,1,,,,,
Q8NGI3,O56B1_HUMAN,nan,HUMAN,1.0,,,,,,,,,1,,,,,
Q8NGJ2,O52H1_HUMAN,nan,HUMAN,1.0,,,,,,,,,1,,,,,
Q8NGJ3,O52E1_HUMAN,nan,HUMAN,1.0,,,,,,,,,1,,,,,
Q8NGJ4,O52E2_HUMAN,nan,HUMAN,1.0,,,,,,,,,1,,,,,
Q8NGJ5,O51L1_HUMAN,nan,HUMAN,1.0,,,,,,,,,1,,,,,
Q8NGJ6,O51A4_HUMAN,nan,HUMAN,1.0,,,,,,,,,1,,,,,
Q8NGJ7,O51A2_HUMAN,nan,HUMAN,1.0,,,,,,,,,1,,,,,
Q8NGJ8,O51S1_HUMAN,nan,HUMAN,1.0,,,,,,,,,1,,,,,
Q8NGJ9,O51T1_HUMAN,nan,HUMAN,1.0,,,,,,,,,1,,,,,
Q8NGK0,O51G2_HUMAN,nan,HUMAN,1.0,,,,,,,,,1,,,,,
Q8NGK1,O51G1_HUMAN,nan,HUMAN,1.0,,,,,,,,,1,,,,,
Q8NGK2,O52B4_HUMAN,nan,HUMAN,1.0,,,,,,,,,1,,,,,
Q8NGK3,O52K2_HUMAN,nan,HUMAN,1.0,,,,,,,,,1,,,,,
Q8NGK4,O52K1_HUMAN,nan,HUMAN,1.0,,,,,,,,,1,,,,,
Q8NGK5,O52M1_HUMAN,nan,HUMAN,1.0,,,,,,,,,1,,,,,
Q8NGK6,O52I1_HUMAN,nan,HUMAN,1.0,,,,,,,,,1,,,,,
Q8NGH7,O52L1_HUMAN,nan,HUMAN,1.0,,,,,,,,,1,,,,,
Q8NGH6,O52L2_HUMAN,nan,HUMAN,1.0,,,,,,,,,1,,,,,
Q8NGH5,O56A1_HUMAN,nan,HUMAN,1.0,,,,,,,,,1,,,,,
Q8NGB4,OR4S1_HUMAN,nan,HUMAN,1.0,,,,,,,,,1,,,,,
Q8NG81,OR2M7_HUMAN,nan,HUMAN,1.0,,,,,,,,,1,,,,,
Q8NG83,OR2M3_HUMAN,nan,HUMAN,1.0,,,,,,,,,1,,,,,
Q8NG84,O2AK2_HUMAN,nan,HUMAN,1.0,,,,,,,,,1,,,,,
Q8NG85,OR2L3_HUMAN,nan,HUMAN,1.0,,,,,,,,,1,,,,,
Q8NG97,OR2Z1_HUMAN,nan,HUMAN,1.0,,,,,,,,,1,,,,,
Q8NG99,OR7G2_HUMAN,nan,HUMAN,1.0,,,,,,,,,1,,,,,
Q8NGA5,O10H4_HUMAN,nan,HUMAN,1.0,,,,,,,,,1,,,,,
Q8NGA6,O10H5_HUMAN,nan,HUMAN,1.0,,,,,,,,,1,,,,,
Q8NGB2,OR4C5_HUMAN,nan,HUMAN,1.0,,,,,,,,,1,,,,,
Q8NGB5,Q8NGB5_HUMAN,nan,HUMAN,1.0,,,,,,,,,1,,,,,
Q8NGF6,O10W1_HUMAN,nan,HUMAN,1.0,,,,,,,,,1,,,,,
Q8NGC0,O5AU1_HUMAN,nan,HUMAN,1.0,,,,,,,,,1,,,,,
Q8NGC6,OR4KH_HUMAN,nan,HUMAN,1.0,,,,,,,,,1,,,,,
Q8NGD2,OR4K2_HUMAN,nan,HUMAN,1.0,,,,,,,,,1,,,,,
Q8NGE0,O10AD_HUMAN,nan,HUMAN,1.0,,,,,,,,,1,,,,,
Q8NGE3,O10P1_HUMAN,nan,HUMAN,1.0,,,,,,,,,1,,,,,
Q8NGE9,OR9Q2_HUMAN,nan,HUMAN,1.0,,,,,,,,,1,,,,,
Q8NGF0,O52B6_HUMAN,nan,HUMAN,1.0,,,,,,,,,1,,,,,
Q8NGF1,O52R1_HUMAN,nan,HUMAN,1.0,,,,,,,,,1,,,,,
Q8NGF3,O51D1_HUMAN,nan,HUMAN,1.0,,,,,,,,,1,,,,,
Q8NGL7,OR4P4_HUMAN,nan,HUMAN,1.0,,,,,,,,,1,,,,,
Q8NGL9,OR4CG_HUMAN,nan,HUMAN,1.0,,,,,,,,,1,,,,,
Q8NGM1,OR4CF_HUMAN,nan,HUMAN,1.0,,,,,,,,,1,,,,,
Q8NH49,OR4X1_HUMAN,nan,HUMAN,1.0,,,,,,,,,1,,,,,
Q8NGZ5,OR2G2_HUMAN,nan,HUMAN,1.0,,,,,,,,,1,,,,,
Q8NGZ9,O2T10_HUMAN,nan,HUMAN,1.0,,,,,,,,,1,,,,,
Q8NH00,OR2T4_HUMAN,nan,HUMAN,1.0,,,,,,,,,1,,,,,
Q8NH01,O2T11_HUMAN,nan,HUMAN,1.0,,,,,,,,,1,,,,,
Q8NH02,O2T29_HUMAN,nan,HUMAN,1.0,,,,,,,,,1,,,,,
Q8NH03,OR2T3_HUMAN,nan,HUMAN,1.0,,,,,,,,,1,,,,,
Q8NH08,O10AC_HUMAN,nan,HUMAN,1.0,,,,,,,,,1,,,,,
Q8NH16,OR2L2_HUMAN,nan,HUMAN,1.0,,,,,,,,,1,,,,,
Q8NH33,Q8NH33_HUMAN,nan,HUMAN,1.0,,,,,,,,,1,,,,,
Q8NH53,O52N1_HUMAN,nan,HUMAN,1.0,,,,,,,,,1,,,,,
Q8NGZ2,O14K1_HUMAN,nan,HUMAN,1.0,,,,,,,,,1,,,,,
Q8NH54,O56A3_HUMAN,nan,HUMAN,1.0,,,,,,,,,1,,,,,
Q8NH55,O52E5_HUMAN,nan,HUMAN,1.0,,,,,,,,,1,,,,,
Q8VFQ8,Q8VFQ8_MOUSE,nan,MOUSE,1.0,,,,,,,,,1,,,,,
Q8NH57,O52P1_HUMAN,nan,HUMAN,1.0,,,,,,,,,1,,,,,
Q8NH59,O51Q1_HUMAN,nan,HUMAN,1.0,,,,,,,,,1,,,,,
Q8NH60,O52J3_HUMAN,nan,HUMAN,1.0,,,,,,,,,1,,,,,
Q8NH61,O51F2_HUMAN,nan,HUMAN,1.0,,,,,,,,,1,,,,,
Q8NH63,O51H1_HUMAN,nan,HUMAN,1.0,,,,,,,,,1,,,,,
Q8NH64,O51A7_HUMAN,nan,HUMAN,1.0,,,,,,,,,1,,,,,
Q8NGZ3,O13G1_HUMAN,nan,HUMAN,1.0,,,,,,,,,1,,,,,
Q8NGZ0,O2AJ1_HUMAN,nan,HUMAN,1.0,,,,,,,,,1,,,,,
Q8NGM6,Q8NGM6_HUMAN,nan,HUMAN,1.0,,,,,,,,,1,,,,,
Q8NGR3,OR1K1_HUMAN,nan,HUMAN,1.0,,,,,,,,,1,,,,,
Q8NGN0,OR4D5_HUMAN,nan,HUMAN,1.0,,,,,,,,,1,,,,,
Q8NGN2,O10S1_HUMAN,nan,HUMAN,1.0,,,,,,,,,1,,,,,
Q8NGN7,O10D4_HUMAN,nan,HUMAN,1.0,,,,,,,,,1,,,,,
Q8NGN8,OR4A4_HUMAN,nan,HUMAN,1.0,,,,,,,,,1,,,,,
Q8NGP3,OR5M9_HUMAN,nan,HUMAN,1.0,,,,,,,,,1,,,,,
Q8NGP6,OR5M8_HUMAN,nan,HUMAN,1.0,,,,,,,,,1,,,,,
Q8NGQ5,OR9Q1_HUMAN,nan,HUMAN,1.0,,,,,,,,,1,,,,,
Q8NGQ7,Q8NGQ7_HUMAN,nan,HUMAN,1.0,,,,,,,,,1,,,,,
Q8NGR1,O13A1_HUMAN,nan,HUMAN,1.0,,,,,,,,,1,,,,,
Q8NGR4,OR5C1_HUMAN,nan,HUMAN,1.0,,,,,,,,,1,,,,,
Q8NGY9,OR2L8_HUMAN,nan,HUMAN,1.0,,,,,,,,,1,,,,,
Q8NGR9,OR1N2_HUMAN,nan,HUMAN,1.0,,,,,,,,,1,,,,,
Q8NGS0,OR1N1_HUMAN,nan,HUMAN,1.0,,,,,,,,,1,,,,,
Q8NGU4,OR2I1_HUMAN,nan,HUMAN,1.0,,,,,,,,,1,,,,,
Q8NGV6,OR5H6_HUMAN,nan,HUMAN,1.0,,,,,,,,,1,,,,,
Q8NGX1,O2T34_HUMAN,nan,HUMAN,1.0,,,,,,,,,1,,,,,
Q8NGX2,O2T35_HUMAN,nan,HUMAN,1.0,,,,,,,,,1,,,,,
Q8NGX5,O10K1_HUMAN,nan,HUMAN,1.0,,,,,,,,,1,,,,,
Q8NGX6,O10R2_HUMAN,nan,HUMAN,1.0,,,,,,,,,1,,,,,
Q8NGY7,O10J6_HUMAN,nan,HUMAN,1.0,,,,,,,,,1,,,,,
Q8VFQ7,Q8VFQ7_MOUSE,nan,MOUSE,1.0,,,,,,,,,1,,,,,
Q8VG01,Q8VG01_MOUSE,nan,MOUSE,1.0,,,,,,,,,1,,,,,
Q8VFQ9,Q8VFQ9_MOUSE,nan,MOUSE,1.0,,,,,,,,,1,,,,,
Q9H342,O51J1_HUMAN,nan,HUMAN,1.0,,,,,,,,,1,,,,,
Q9EPF5,Q9EPF5_MOUSE,nan,MOUSE,1.0,,,,,,,,,1,,,,,
Q9EPF7,Q9EPF7_MOUSE,nan,MOUSE,1.0,,,,,,,,,1,,,,,
Q9EPF8,Q9EPF8_MOUSE,nan,MOUSE,1.0,,,,,,,,,1,,,,,
Q9EPN9,Q9EPN9_MOUSE,nan,MOUSE,1.0,,,,,,,,,1,,,,,
Q9EQ84,Q9EQ84_MOUSE,nan,MOUSE,1.0,,,,,,,,,1,,,,,
Q9EQ86,Q9EQ86_MOUSE,nan,MOUSE,1.0,,,,,,,,,1,,,,,
Q9EQ87,Q9EQ87_MOUSE,nan,MOUSE,1.0,,,,,,,,,1,,,,,
Q9EQ93,Q9EQ93_MOUSE,nan,MOUSE,1.0,,,,,,,,,1,,,,,
Q9EQ97,Q9EQ97_MOUSE,nan,MOUSE,1.0,,,,,,,,,1,,,,,
Q9EQB7,Q9EQB7_MOUSE,nan,MOUSE,1.0,,,,,,,,,1,,,,,
Q9EQQ7,Q9EQQ7_MOUSE,nan,MOUSE,1.0,,,,,,,,,1,,,,,
Q9ERW5,Q9ERW5_RAT,nan,RAT,1.0,,,,,,,,,1,,,,,
Q9ERW7,Q9ERW7_RAT,nan,RAT,1.0,,,,,,,,,1,,,,,
Q9ERX1,Q9ERX1_RAT,nan,RAT,1.0,,,,,,,,,1,,,,,
Q9ERX3,Q9ERX3_RAT,nan,RAT,1.0,,,,,,,,,1,,,,,
Q9H205,O2AG1_HUMAN,nan,HUMAN,1.0,,,,,,,,,1,,,,,
Q9H255,O51E2_HUMAN,nan,HUMAN,1.0,,,,,,,,,1,,,,,
Q9H2C5,O52A5_HUMAN,nan,HUMAN,1.0,,,,,,,,,1,,,,,
Q9H2C8,O51V1_HUMAN,nan,HUMAN,1.0,,,,,,,,,1,,,,,
Q9H339,O51B5_HUMAN,nan,HUMAN,1.0,,,,,,,,,1,,,,,
Q9H340,O51B6_HUMAN,nan,HUMAN,1.0,,,,,,,,,1,,,,,
Q9D3U9,Q9D3U9_MOUSE,nan,MOUSE,1.0,,,,,,,,,1,,,,,
Q99NH4,Q99NH4_MOUSE,nan,MOUSE,1.0,,,,,,,,,1,,,,,
Q96RD3,O52E6_HUMAN,nan,HUMAN,1.0,,,,,,,,,1,,,,,
Q8VH14,Q8VH14_MOUSE,nan,MOUSE,1.0,,,,,,,,,1,,,,,
Q8VGZ5,Q8VGZ5_MOUSE,nan,MOUSE,1.0,,,,,,,,,1,,,,,
Q8VGZ6,Q8VGZ6_MOUSE,nan,MOUSE,1.0,,,,,,,,,1,,,,,
Q8VGZ7,Q8VGZ7_MOUSE,nan,MOUSE,1.0,,,,,,,,,1,,,,,
Q8VGZ8,Q8VGZ8_MOUSE,nan,MOUSE,1.0,,,,,,,,,1,,,,,
Q8VGZ9,Q8VGZ9_MOUSE,nan,MOUSE,1.0,,,,,,,,,1,,,,,
Q8VH00,Q8VH00_MOUSE,nan,MOUSE,1.0,,,,,,,,,1,,,,,
Q8VH11,Q8VH11_MOUSE,nan,MOUSE,1.0,,,,,,,,,1,,,,,
Q8VH12,Q8VH12_MOUSE,nan,MOUSE,1.0,,,,,,,,,1,,,,,
Q8VH13,Q8VH13_MOUSE,nan,MOUSE,1.0,,,,,,,,,1,,,,,
Q8VH16,Q8VH16_MOUSE,nan,MOUSE,1.0,,,,,,,,,1,,,,,
Q96RD2,O52B2_HUMAN,nan,HUMAN,1.0,,,,,,,,,1,,,,,
Q8VH17,Q8VH17_MOUSE,nan,MOUSE,1.0,,,,,,,,,1,,,,,
Q8VH20,Q8VH20_MOUSE,nan,MOUSE,1.0,,,,,,,,,1,,,,,
Q8VH21,Q8VH21_MOUSE,nan,MOUSE,1.0,,,,,,,,,1,,,,,
Q8WZA6,OR1E3_HUMAN,nan,HUMAN,1.0,,,,,,,,,1,,,,,
Q924X8,Q924X8_MOUSE,nan,MOUSE,1.0,,,,,,,,,1,,,,,
Q96R27,OR2M4_HUMAN,nan,HUMAN,1.0,,,,,,,,,1,,,,,
Q96R28,OR2M2_HUMAN,nan,HUMAN,1.0,,,,,,,,,1,,,,,
Q96R30,OR2V2_HUMAN,nan,HUMAN,1.0,,,,,,,,,1,,,,,
Q96R54,O14A2_HUMAN,nan,HUMAN,1.0,,,,,,,,,1,,,,,
Q9H341,O51M1_HUMAN,nan,HUMAN,1.0,,,,,,,,,1,,,,,
Q9H343,O51I1_HUMAN,nan,HUMAN,1.0,,,,,,,,,1,,,,,
Q8VFW3,Q8VFW3_MOUSE,nan,MOUSE,1.0,,,,,,,,,1,,,,,
Q9H344,O51I2_HUMAN,nan,HUMAN,1.0,,,,,,,,,1,,,,,
Q9Z1U4,Q9Z1U4_MOUSE,nan,MOUSE,1.0,,,,,,,,,1,,,,,
Q9Z226,Q9Z226_RAT,nan,RAT,1.0,,,,,,,,,1,,,,,
Q9Z227,Q9Z227_RAT,nan,RAT,1.0,,,,,,,,,1,,,,,
Q9Z228,Q9Z228_RAT,nan,RAT,1.0,,,,,,,,,1,,,,,
Q9Z229,Q9Z229_RAT,nan,RAT,1.0,,,,,,,,,1,,,,,
Q9Z230,Q9Z230_RAT,nan,RAT,1.0,,,,,,,,,1,,,,,
Q9Z231,Q9Z231_RAT,nan,RAT,1.0,,,,,,,,,1,,,,,
Q9Z233,Q9Z233_RAT,nan,RAT,1.0,,,,,,,,,1,,,,,
Q9Z234,Q9Z234_RAT,nan,RAT,1.0,,,,,,,,,1,,,,,
Q9Z235,Q9Z235_RAT,nan,RAT,1.0,,,,,,,,,1,,,,,
Q9Z236,Q9Z236_RAT,nan,RAT,1.0,,,,,,,,,1,,,,,
nan,nan,ENSBTAP00000002926,BOVIN,1.0,,,,,,,,,1,,,,,
nan,nan,ENSBTAP00000004530,BOVIN,1.0,,,,,,,,,1,,,,,
nan,nan,ENSBTAP00000004533,BOVIN,1.0,,,,,,,,,1,,,,,
nan,nan,ENSBTAP00000005320,BOVIN,1.0,,,,,,,,,1,,,,,
nan,nan,ENSBTAP00000005945,BOVIN,1.0,,,,,,,,,1,,,,,
nan,nan,ENSBTAP00000006311,BOVIN,1.0,,,,,,,,,1,,,,,
nan,nan,ENSBTAP00000006934,BOVIN,1.0,,,,,,,,,1,,,,,
nan,nan,ENSBTAP00000007605,BOVIN,1.0,,,,,,,,,1,,,,,
nan,nan,ENSBTAP00000008280,BOVIN,1.0,,,,,,,,,1,,,,,
nan,nan,ENSBTAP00000008662,BOVIN,1.0,,,,,,,,,1,,,,,
Q9YH55,Q9YH55_CHICK,nan,CHICK,1.0,,,,,,,,,1,,,,,
Q9Y5P1,O51B2_HUMAN,nan,HUMAN,1.0,,,,,,,,,1,,,,,
Q9Y5P0,O51B4_HUMAN,nan,HUMAN,1.0,,,,,,,,,1,,,,,
Q9I8Z8,Q9I8Z8_DANRE,nan,DANRE,1.0,,,,,,,,,1,,,,,
Q9H346,O52D1_HUMAN,nan,HUMAN,1.0,,,,,,,,,1,,,,,
Q9I8Y7,Q9I8Y7_DANRE,nan,DANRE,1.0,,,,,,,,,1,,,,,
Q9I8Y8,Q9I8Y8_DANRE,nan,DANRE,1.0,,,,,,,,,1,,,,,
Q9I8Y9,Q9I8Y9_DANRE,nan,DANRE,1.0,,,,,,,,,1,,,,,
Q9I8Z0,Q9I8Z0_DANRE,nan,DANRE,1.0,,,,,,,,,1,,,,,
Q9I8Z2,Q9I8Z2_DANRE,nan,DANRE,1.0,,,,,,,,,1,,,,,
Q9I8Z5,Q9I8Z5_DANRE,nan,DANRE,1.0,,,,,,,,,1,,,,,
Q9I8Z6,Q9I8Z6_DANRE,nan,DANRE,1.0,,,,,,,,,1,,,,,
Q9I8Z7,Q9I8Z7_DANRE,nan,DANRE,1.0,,,,,,,,,1,,,,,
Q9JHE2,Q9JHE2_RAT,nan,RAT,1.0,,,,,,,,,1,,,,,
Q9Y585,OR1A2_HUMAN,nan,HUMAN,1.0,,,,,,,,,1,,,,,
Q9PRJ2,Q9PRJ2_DANRE,nan,DANRE,1.0,,,,,,,,,1,,,,,
Q9PVU0,Q9PVU0_DANRE,nan,DANRE,1.0,,,,,,,,,1,,,,,
Q9PVU2,Q9PVU2_DANRE,nan,DANRE,1.0,,,,,,,,,1,,,,,
Q9UGF5,O14J1_HUMAN,ENSP00000389802,HUMAN,1.0,,,,,,,,,1,,,,,
Q9UGF5,O14J1_HUMAN,nan,HUMAN,1.0,,,,,,,,,1,,,,,
Q9UKL2,O52A1_HUMAN,nan,HUMAN,1.0,,,,,,,,,1,,,,,
Q9WU89,Q9WU89_MOUSE,nan,MOUSE,1.0,,,,,,,,,1,,,,,
Q9WU94,Q9WU94_MOUSE,nan,MOUSE,1.0,,,,,,,,,1,,,,,
Q9Y4A9,O10H1_HUMAN,nan,HUMAN,1.0,,,,,,,,,1,,,,,
Q8VGZ3,Q8VGZ3_MOUSE,nan,MOUSE,1.0,,,,,,,,,1,,,,,
Q8VGZ2,Q8VGZ2_MOUSE,nan,MOUSE,1.0,,,,,,,,,1,,,,,
Q8VGZ1,Q8VGZ1_MOUSE,nan,MOUSE,1.0,,,,,,,,,1,,,,,
Q8VGY8,Q8VGY8_MOUSE,nan,MOUSE,1.0,,,,,,,,,1,,,,,
Q8VGA1,Q8VGA1_MOUSE,nan,MOUSE,1.0,,,,,,,,,1,,,,,
Q8VGB3,Q8VGB3_MOUSE,nan,MOUSE,1.0,,,,,,,,,1,,,,,
Q8VGC6,Q8VGC6_MOUSE,nan,MOUSE,1.0,,,,,,,,,1,,,,,
Q8VGD6,OLF56_MOUSE,nan,MOUSE,1.0,,,,,,,,,1,,,,,
Q8VGD7,Q8VGD7_MOUSE,nan,MOUSE,1.0,,,,,,,,,1,,,,,
Q8VGD9,Q8VGD9_MOUSE,nan,MOUSE,1.0,,,,,,,,,1,,,,,
Q8VGE1,Q8VGE1_MOUSE,nan,MOUSE,1.0,,,,,,,,,1,,,,,
Q8VGF5,Q8VGF5_MOUSE,nan,MOUSE,1.0,,,,,,,,,1,,,,,
Q8VGG1,Q8VGG1_MOUSE,nan,MOUSE,1.0,,,,,,,,,1,,,,,
Q8VGG8,Q8VGG8_MOUSE,nan,MOUSE,1.0,,,,,,,,,1,,,,,
Q8VGH2,Q8VGH2_MOUSE,nan,MOUSE,1.0,,,,,,,,,1,,,,,
Q8VGH6,Q8VGH6_MOUSE,nan,MOUSE,1.0,,,,,,,,,1,,,,,
Q8VGI5,OL481_MOUSE,nan,MOUSE,1.0,,,,,,,,,1,,,,,
Q8VGJ1,Q8VGJ1_MOUSE,nan,MOUSE,1.0,,,,,,,,,1,,,,,
Q8VGJ4,Q8VGJ4_MOUSE,nan,MOUSE,1.0,,,,,,,,,1,,,,,
Q8VGJ5,Q8VGJ5_MOUSE,nan,MOUSE,1.0,,,,,,,,,1,,,,,
Q8VGJ6,Q8VGJ6_MOUSE,nan,MOUSE,1.0,,,,,,,,,1,,,,,
Q8VGJ8,Q8VGJ8_MOUSE,nan,MOUSE,1.0,,,,,,,,,1,,,,,
Q8VGK0,Q8VGK0_MOUSE,nan,MOUSE,1.0,,,,,,,,,1,,,,,
Q8VGK1,Q8VGK1_MOUSE,nan,MOUSE,1.0,,,,,,,,,1,,,,,
Q8VGK2,Q8VGK2_MOUSE,nan,MOUSE,1.0,,,,,,,,,1,,,,,
Q8VG97,Q8VG97_MOUSE,nan,MOUSE,1.0,,,,,,,,,1,,,,,
Q8VG91,Q8VG91_MOUSE,nan,MOUSE,1.0,,,,,,,,,1,,,,,
Q8VG86,Q8VG86_MOUSE,nan,MOUSE,1.0,,,,,,,,,1,,,,,
Q8VG25,Q8VG25_MOUSE,nan,MOUSE,1.0,,,,,,,,,1,,,,,
Q8VFX6,Q8VFX6_MOUSE,nan,MOUSE,1.0,,,,,,,,,1,,,,,
Q8VFX8,Q8VFX8_MOUSE,nan,MOUSE,1.0,,,,,,,,,1,,,,,
Q8VFY0,Q8VFY0_MOUSE,nan,MOUSE,1.0,,,,,,,,,1,,,,,
Q8NG77,O2T12_HUMAN,nan,HUMAN,1.0,,,,,,,,,1,,,,,
Q8VG11,Q8VG11_MOUSE,nan,MOUSE,1.0,,,,,,,,,1,,,,,
Q8VG18,Q8VG18_MOUSE,nan,MOUSE,1.0,,,,,,,,,1,,,,,
Q8VG19,Q8VG19_MOUSE,nan,MOUSE,1.0,,,,,,,,,1,,,,,
Q8VG21,Q8VG21_MOUSE,nan,MOUSE,1.0,,,,,,,,,1,,,,,
Q8VG23,Q8VG23_MOUSE,nan,MOUSE,1.0,,,,,,,,,1,,,,,
Q8VG26,Q8VG26_MOUSE,nan,MOUSE,1.0,,,,,,,,,1,,,,,
Q8VG79,Q8VG79_MOUSE,nan,MOUSE,1.0,,,,,,,,,1,,,,,
Q8VG28,Q8VG28_MOUSE,nan,MOUSE,1.0,,,,,,,,,1,,,,,
Q8VG32,Q8VG32_MOUSE,nan,MOUSE,1.0,,,,,,,,,1,,,,,
Q8VG40,Q8VG40_MOUSE,nan,MOUSE,1.0,,,,,,,,,1,,,,,
Q8VG47,Q8VG47_MOUSE,nan,MOUSE,1.0,,,,,,,,,1,,,,,
Q8VG58,Q8VG58_MOUSE,nan,MOUSE,1.0,,,,,,,,,1,,,,,
Q8VG59,Q8VG59_MOUSE,nan,MOUSE,1.0,,,,,,,,,1,,,,,
Q8VG63,Q8VG63_MOUSE,nan,MOUSE,1.0,,,,,,,,,1,,,,,
Q8VG73,Q8VG73_MOUSE,nan,MOUSE,1.0,,,,,,,,,1,,,,,
Q8VG78,Q8VG78_MOUSE,nan,MOUSE,1.0,,,,,,,,,1,,,,,
Q8VGK4,Q8VGK4_MOUSE,nan,MOUSE,1.0,,,,,,,,,1,,,,,
Q8VGK6,Q8VGK6_MOUSE,nan,MOUSE,1.0,,,,,,,,,1,,,,,
Q8VGK7,Q8VGK7_MOUSE,nan,MOUSE,1.0,,,,,,,,,1,,,,,
Q8VGW1,Q8VGW1_MOUSE,nan,MOUSE,1.0,,,,,,,,,1,,,,,
Q8VGT4,Q8VGT4_MOUSE,nan,MOUSE,1.0,,,,,,,,,1,,,,,
Q8VGU9,Q8VGU9_MOUSE,nan,MOUSE,1.0,,,,,,,,,1,,,,,
Q8VGV0,Q8VGV0_MOUSE,nan,MOUSE,1.0,,,,,,,,,1,,,,,
Q8VGV1,Q8VGV1_MOUSE,nan,MOUSE,1.0,,,,,,,,,1,,,,,
Q8VGV5,Q8VGV5_MOUSE,nan,MOUSE,1.0,,,,,,,,,1,,,,,
Q8VGV6,Q8VGV6_MOUSE,nan,MOUSE,1.0,,,,,,,,,1,,,,,
Q8VGV8,Q8VGV8_MOUSE,nan,MOUSE,1.0,,,,,,,,,1,,,,,
Q8VGV9,Q8VGV9_MOUSE,nan,MOUSE,1.0,,,,,,,,,1,,,,,
Q8VGW0,Q8VGW0_MOUSE,nan,MOUSE,1.0,,,,,,,,,1,,,,,
Q8VGW2,Q8VGW2_MOUSE,nan,MOUSE,1.0,,,,,,,,,1,,,,,
Q8VGS2,Q8VGS2_MOUSE,nan,MOUSE,1.0,,,,,,,,,1,,,,,
Q8VGW5,Q8VGW5_MOUSE,nan,MOUSE,1.0,,,,,,,,,1,,,,,
Q8VGX1,Q8VGX1_MOUSE,nan,MOUSE,1.0,,,,,,,,,1,,,,,
Q8VGX2,Q8VGX2_MOUSE,nan,MOUSE,1.0,,,,,,,,,1,,,,,
Q8VGX3,Q8VGX3_MOUSE,nan,MOUSE,1.0,,,,,,,,,1,,,,,
Q8VGX6,Q8VGX6_MOUSE,nan,MOUSE,1.0,,,,,,,,,1,,,,,
Q8VGX7,Q8VGX7_MOUSE,nan,MOUSE,1.0,,,,,,,,,1,,,,,
Q8VGX9,Q8VGX9_MOUSE,nan,MOUSE,1.0,,,,,,,,,1,,,,,
Q8VGY1,Q8VGY1_MOUSE,nan,MOUSE,1.0,,,,,,,,,1,,,,,
Q8VGY7,Q8VGY7_MOUSE,nan,MOUSE,1.0,,,,,,,,,1,,,,,
Q8VGT1,Q8VGT1_MOUSE,nan,MOUSE,1.0,,,,,,,,,1,,,,,
Q8VGR6,Q8VGR6_MOUSE,nan,MOUSE,1.0,,,,,,,,,1,,,,,
Q8VGK8,Q8VGK8_MOUSE,nan,MOUSE,1.0,,,,,,,,,1,,,,,
Q8VGM1,Q8VGM1_MOUSE,nan,MOUSE,1.0,,,,,,,,,1,,,,,
Q8VGK9,Q8VGK9_MOUSE,nan,MOUSE,1.0,,,,,,,,,1,,,,,
Q8VGL2,Q8VGL2_MOUSE,nan,MOUSE,1.0,,,,,,,,,1,,,,,
Q8VGL3,Q8VGL3_MOUSE,nan,MOUSE,1.0,,,,,,,,,1,,,,,
Q8VGL4,Q8VGL4_MOUSE,nan,MOUSE,1.0,,,,,,,,,1,,,,,
Q8VGL5,Q8VGL5_MOUSE,nan,MOUSE,1.0,,,,,,,,,1,,,,,
Q8VGL6,Q8VGL6_MOUSE,nan,MOUSE,1.0,,,,,,,,,1,,,,,
Q8VGL8,Q8VGL8_MOUSE,nan,MOUSE,1.0,,,,,,,,,1,,,,,
Q8VGL9,Q8VGL9_MOUSE,nan,MOUSE,1.0,,,,,,,,,1,,,,,
Q8VGM0,Q8VGM0_MOUSE,nan,MOUSE,1.0,,,,,,,,,1,,,,,
Q8VGM2,Q8VGM2_MOUSE,nan,MOUSE,1.0,,,,,,,,,1,,,,,
Q8VGP1,Q8VGP1_MOUSE,nan,MOUSE,1.0,,,,,,,,,1,,,,,
Q8VGM3,Q8VGM3_MOUSE,nan,MOUSE,1.0,,,,,,,,,1,,,,,
Q8VGM5,Q8VGM5_MOUSE,nan,MOUSE,1.0,,,,,,,,,1,,,,,
Q8VGM6,Q8VGM6_MOUSE,nan,MOUSE,1.0,,,,,,,,,1,,,,,
Q8VGM7,Q8VGM7_MOUSE,nan,MOUSE,1.0,,,,,,,,,1,,,,,
Q8VGM8,Q8VGM8_MOUSE,nan,MOUSE,1.0,,,,,,,,,1,,,,,
Q8VGM9,Q8VGM9_MOUSE,nan,MOUSE,1.0,,,,,,,,,1,,,,,
Q8VGN2,Q8VGN2_MOUSE,nan,MOUSE,1.0,,,,,,,,,1,,,,,
Q8VGN4,Q8VGN4_MOUSE,nan,MOUSE,1.0,,,,,,,,,1,,,,,
Q8VGN9,Q8VGN9_MOUSE,nan,MOUSE,1.0,,,,,,,,,1,,,,,
Q8NG80,OR2L5_HUMAN,nan,HUMAN,1.0,,,,,,,,,1,,,,,
Q7TS15,Q7TS15_MOUSE,nan,MOUSE,1.0,,,,,,,,,1,,,,,
Q8NG76,O2T33_HUMAN,nan,HUMAN,1.0,,,,,,,,,1,,,,,
H9H4G5,H9H4G5_MACMU,ENSMMUP00000032252,MACMU,1.0,,,,,,,,,1,,,,,
L7N054,L7N054_CANFA,ENSCAFP00000001796,CANFA,1.0,,,,,,,,,1,,,,,
L7N072,L7N072_CANFA,ENSCAFP00000008991,CANFA,1.0,,,,,,,,,1,,,,,
L7N080,L7N080_CANFA,ENSCAFP00000009412,CANFA,1.0,,,,,,,,,1,,,,,
L7N081,L7N081_CANFA,ENSCAFP00000009448,CANFA,1.0,,,,,,,,,1,,,,,
L7N082,L7N082_CANFA,ENSCAFP00000009454,CANFA,1.0,,,,,,,,,1,,,,,
L7N083,L7N083_CANFA,ENSCAFP00000009462,CANFA,1.0,,,,,,,,,1,,,,,
L7N085,L7N085_CANFA,ENSCAFP00000009496,CANFA,1.0,,,,,,,,,1,,,,,
L7N086,L7N086_CANFA,ENSCAFP00000009505,CANFA,1.0,,,,,,,,,1,,,,,
L7N087,L7N087_CANFA,ENSCAFP00000009523,CANFA,1.0,,,,,,,,,1,,,,,
L7N088,L7N088_CANFA,ENSCAFP00000009525,CANFA,1.0,,,,,,,,,1,,,,,
L7N0A7,L7N0A7_CANFA,ENSCAFP00000011991,CANFA,1.0,,,,,,,,,1,,,,,
L7N0C7,L7N0C7_CANFA,ENSCAFP00000016773,CANFA,1.0,,,,,,,,,1,,,,,
L7N0D4,L7N0D4_CANFA,ENSCAFP00000018359,CANFA,1.0,,,,,,,,,1,,,,,
L7N0D5,L7N0D5_CANFA,ENSCAFP00000018405,CANFA,1.0,,,,,,,,,1,,,,,
L7N0K4,L7N0K4_CANFA,ENSCAFP00000032647,CANFA,1.0,,,,,,,,,1,,,,,
L7N0K6,L7N0K6_CANFA,ENSCAFP00000032725,CANFA,1.0,,,,,,,,,1,,,,,
L7N0K7,L7N0K7_CANFA,ENSCAFP00000032818,CANFA,1.0,,,,,,,,,1,,,,,
L7N0L8,L7N0L8_CANFA,ENSCAFP00000033577,CANFA,1.0,,,,,,,,,1,,,,,
L7N0M0,L7N0M0_CANFA,ENSCAFP00000033601,CANFA,1.0,,,,,,,,,1,,,,,
L7N0N1,L7N0N1_CANFA,ENSCAFP00000034458,CANFA,1.0,,,,,,,,,1,,,,,
L7N0N9,L7N0N9_CANFA,ENSCAFP00000034857,CANFA,1.0,,,,,,,,,1,,,,,
L7N053,L7N053_CANFA,ENSCAFP00000001785,CANFA,1.0,,,,,,,,,1,,,,,
K9J8C6,K9J8C6_XENTR,ENSXETP00000045531,XENTR,1.0,,,,,,,,,1,,,,,
K9J897,K9J897_XENTR,ENSXETP00000036353,XENTR,1.0,,,,,,,,,1,,,,,
H9H894,H9H894_MONDO,ENSMODP00000027015,MONDO,1.0,,,,,,,,,1,,,,,
H9H581,H9H581_MACMU,ENSMMUP00000037471,MACMU,1.0,,,,,,,,,1,,,,,
H9H5N4,H9H5N4_MACMU,ENSMMUP00000041166,MACMU,1.0,,,,,,,,,1,,,,,
H9H5T6,H9H5T6_MACMU,ENSMMUP00000041384,MACMU,1.0,,,,,,,,,1,,,,,
H9H7B4,H9H7B4_MONDO,ENSMODP00000024139,MONDO,1.0,,,,,,,,,1,,,,,
H9H7U4,H9H7U4_MONDO,ENSMODP00000026201,MONDO,1.0,,,,,,,,,1,,,,,
H9H7V7,H9H7V7_MONDO,ENSMODP00000026463,MONDO,1.0,,,,,,,,,1,,,,,
H9H826,H9H826_MONDO,ENSMODP00000026947,MONDO,1.0,,,,,,,,,1,,,,,
H9H827,H9H827_MONDO,ENSMODP00000026948,MONDO,1.0,,,,,,,,,1,,,,,
H9H848,H9H848_MONDO,ENSMODP00000026969,MONDO,1.0,,,,,,,,,1,,,,,
H9H8B2,H9H8B2_MONDO,ENSMODP00000027034,MONDO,1.0,,,,,,,,,1,,,,,
K9J843,K9J843_XENTR,ENSXETP00000025644,XENTR,1.0,,,,,,,,,1,,,,,
H9H8B3,H9H8B3_MONDO,ENSMODP00000027035,MONDO,1.0,,,,,,,,,1,,,,,
H9H8B4,H9H8B4_MONDO,ENSMODP00000027036,MONDO,1.0,,,,,,,,,1,,,,,
H9H8K8,H9H8K8_MONDO,ENSMODP00000027133,MONDO,1.0,,,,,,,,,1,,,,,
H9H9R0,H9H9R0_MONDO,ENSMODP00000038222,MONDO,1.0,,,,,,,,,1,,,,,
K7N641,K7N641_MOUSE,ENSMUSP00000080740,MOUSE,1.0,,,,,,,,,1,,,,,
K7N6B2,K7N6B2_MOUSE,ENSMUSP00000095795,MOUSE,1.0,,,,,,,,,1,,,,,
K7N6B3,K7N6B3_MOUSE,ENSMUSP00000095799,MOUSE,1.0,,,,,,,,,1,,,,,
K9J7R6,K9J7R6_XENTR,ENSXETP00000010046,XENTR,1.0,,,,,,,,,1,,,,,
K9J7Y7,K9J7Y7_XENTR,ENSXETP00000018308,XENTR,1.0,,,,,,,,,1,,,,,
L7N0P0,L7N0P0_CANFA,ENSCAFP00000034858,CANFA,1.0,,,,,,,,,1,,,,,
L7N0P7,L7N0P7_CANFA,ENSCAFP00000035500,CANFA,1.0,,,,,,,,,1,,,,,
L7N1Z8,L7N1Z8_MOUSE,ENSMUSP00000077604,MOUSE,1.0,,,,,,,,,1,,,,,
O88628,O51E2_RAT,nan,RAT,1.0,,,,,,,,,1,,,,,
L7N462,L7N462_MOUSE,ENSMUSP00000100473,MOUSE,1.0,,,,,,,,,1,,,,,
O42171,O42171_DANRE,nan,DANRE,1.0,,,,,,,,,1,,,,,
O42605,O42605_DANRE,nan,DANRE,1.0,,,,,,,,,1,,,,,
O43869,OR2T1_HUMAN,nan,HUMAN,1.0,,,,,,,,,1,,,,,
O60403,O10H2_HUMAN,nan,HUMAN,1.0,,,,,,,,,1,,,,,
O60404,O10H3_HUMAN,nan,HUMAN,1.0,,,,,,,,,1,,,,,
O70266,O70266_RAT,nan,RAT,1.0,,,,,,,,,1,,,,,
O70267,O70267_RAT,nan,RAT,1.0,,,,,,,,,1,,,,,
O70268,O70268_RAT,nan,RAT,1.0,,,,,,,,,1,,,,,
P0C629,O10J4_HUMAN,nan,HUMAN,1.0,,,,,,,,,1,,,,,
L7N442,L7N442_XENTR,ENSXETP00000057869,XENTR,1.0,,,,,,,,,1,,,,,
P0C646,O52Z1_HUMAN,nan,HUMAN,1.0,,,,,,,,,1,,,,,
P0C7T3,O56A5_HUMAN,nan,HUMAN,1.0,,,,,,,,,1,,,,,
P30954,O10J1_HUMAN,nan,HUMAN,1.0,,,,,,,,,1,,,,,
P34982,OR1D2_HUMAN,nan,HUMAN,1.0,,,,,,,,,1,,,,,
P35894,GU01_RAT,nan,RAT,1.0,,,,,,,,,1,,,,,
P35895,GU03_RAT,nan,RAT,1.0,,,,,,,,,1,,,,,
P37072,OLF6_CHICK,nan,CHICK,1.0,,,,,,,,,1,,,,,
P47883,OR3A4_HUMAN,nan,HUMAN,1.0,,,,,,,,,1,,,,,
P47888,OR3A3_HUMAN,nan,HUMAN,1.0,,,,,,,,,1,,,,,
L7N445,L7N445_XENTR,ENSXETP00000058192,XENTR,1.0,,,,,,,,,1,,,,,
L7N424,L7N424_XENTR,ENSXETP00000056114,XENTR,1.0,,,,,,,,,1,,,,,
L7N224,L7N224_MOUSE,ENSMUSP00000095804,MOUSE,1.0,,,,,,,,,1,,,,,
L7N3L8,L7N3L8_XENTR,ENSXETP00000037488,XENTR,1.0,,,,,,,,,1,,,,,
L7N2X6,L7N2X6_XENTR,ENSXETP00000014490,XENTR,1.0,,,,,,,,,1,,,,,
L7N323,L7N323_XENTR,ENSXETP00000018324,XENTR,1.0,,,,,,,,,1,,,,,
L7N350,L7N350_XENTR,ENSXETP00000020449,XENTR,1.0,,,,,,,,,1,,,,,
L7N3F1,L7N3F1_XENTR,ENSXETP00000030409,XENTR,1.0,,,,,,,,,1,,,,,
L7N3K8,L7N3K8_XENTR,ENSXETP00000036003,XENTR,1.0,,,,,,,,,1,,,,,
L7N3K9,L7N3K9_XENTR,ENSXETP00000036350,XENTR,1.0,,,,,,,,,1,,,,,
L7N3L0,L7N3L0_XENTR,ENSXETP00000036357,XENTR,1.0,,,,,,,,,1,,,,,
L7N3L2,L7N3L2_XENTR,ENSXETP00000036369,XENTR,1.0,,,,,,,,,1,,,,,
L7N3L6,L7N3L6_XENTR,ENSXETP00000037460,XENTR,1.0,,,,,,,,,1,,,,,
L7N3L9,L7N3L9_XENTR,ENSXETP00000037489,XENTR,1.0,,,,,,,,,1,,,,,
L7N421,L7N421_XENTR,ENSXETP00000055978,XENTR,1.0,,,,,,,,,1,,,,,
L7N3M8,L7N3M8_XENTR,ENSXETP00000039737,XENTR,1.0,,,,,,,,,1,,,,,
L7N3M9,L7N3M9_XENTR,ENSXETP00000039758,XENTR,1.0,,,,,,,,,1,,,,,
L7N3Q0,L7N3Q0_XENTR,ENSXETP00000042179,XENTR,1.0,,,,,,,,,1,,,,,
L7N3T0,L7N3T0_XENTR,ENSXETP00000045471,XENTR,1.0,,,,,,,,,1,,,,,
L7N401,L7N401_XENTR,ENSXETP00000054844,XENTR,1.0,,,,,,,,,1,,,,,
L7N409,L7N409_XENTR,ENSXETP00000055273,XENTR,1.0,,,,,,,,,1,,,,,
L7N411,L7N411_XENTR,ENSXETP00000055404,XENTR,1.0,,,,,,,,,1,,,,,
L7N417,L7N417_XENTR,ENSXETP00000055946,XENTR,1.0,,,,,,,,,1,,,,,
L7N420,L7N420_XENTR,ENSXETP00000055974,XENTR,1.0,,,,,,,,,1,,,,,
H9H510,H9H510_MACMU,ENSMMUP00000035895,MACMU,1.0,,,,,,,,,1,,,,,
H9H4G2,H9H4G2_MACMU,ENSMMUP00000032249,MACMU,1.0,,,,,,,,,1,,,,,
Q8N349,OR2LD_HUMAN,nan,HUMAN,1.0,,,,,,,,,1,,,,,
H9H4E9,H9H4E9_MACMU,ENSMMUP00000032176,MACMU,1.0,,,,,,,,,1,,,,,
H2QBV9,H2QBV9_PANTR,ENSPTRP00000014606,PANTR,1.0,,,,,,,,,1,,,,,
H2QBW1,H2QBW1_PANTR,ENSPTRP00000014615,PANTR,1.0,,,,,,,,,1,,,,,
H2QF90,H2QF90_PANTR,ENSPTRP00000017747,PANTR,1.0,,,,,,,,,1,,,,,
H2QFM9,H2QFM9_PANTR,ENSPTRP00000018146,PANTR,1.0,,,,,,,,,1,,,,,
H2QFN0,H2QFN0_PANTR,ENSPTRP00000018147,PANTR,1.0,,,,,,,,,1,,,,,
H2QFN4,H2QFN4_PANTR,ENSPTRP00000018153,PANTR,1.0,,,,,,,,,1,,,,,
H2QMZ7,H2QMZ7_PANTR,ENSPTRP00000026144,PANTR,1.0,,,,,,,,,1,,,,,
H2QS20,H2QS20_PANTR,ENSPTRP00000029977,PANTR,1.0,,,,,,,,,1,,,,,
H2QS68,H2QS68_PANTR,ENSPTRP00000030146,PANTR,1.0,,,,,,,,,1,,,,,
H2QSL0,H2QSL0_PANTR,ENSPTRP00000030501,PANTR,1.0,,,,,,,,,1,,,,,
H2QV10,H2QV10_PANTR,ENSPTRP00000033308,PANTR,1.0,,,,,,,,,1,,,,,
H2QXT9,H2QXT9_PANTR,ENSPTRP00000036451,PANTR,1.0,,,,,,,,,1,,,,,
H2QXU1,H2QXU1_PANTR,ENSPTRP00000036454,PANTR,1.0,,,,,,,,,1,,,,,
H2QXU5,H2QXU5_PANTR,ENSPTRP00000036458,PANTR,1.0,,,,,,,,,1,,,,,
H2R0Y0,H2R0Y0_PANTR,ENSPTRP00000041443,PANTR,1.0,,,,,,,,,1,,,,,
H2R0Z3,H2R0Z3_PANTR,ENSPTRP00000041482,PANTR,1.0,,,,,,,,,1,,,,,
H2R187,H2R187_PANTR,ENSPTRP00000041964,PANTR,1.0,,,,,,,,,1,,,,,
H2R1H6,H2R1H6_PANTR,ENSPTRP00000042396,PANTR,1.0,,,,,,,,,1,,,,,
H2R1T2,H2R1T2_PANTR,ENSPTRP00000042832,PANTR,1.0,,,,,,,,,1,,,,,
H2R1W5,H2R1W5_PANTR,ENSPTRP00000042993,PANTR,1.0,,,,,,,,,1,,,,,
H2R215,H2R215_PANTR,ENSPTRP00000043230,PANTR,1.0,,,,,,,,,1,,,,,
H2Q7Y0,H2Q7Y0_PANTR,ENSPTRP00000010377,PANTR,1.0,,,,,,,,,1,,,,,
H2Q7V5,H2Q7V5_PANTR,ENSPTRP00000010328,PANTR,1.0,,,,,,,,,1,,,,,
H2Q7V1,H2Q7V1_PANTR,ENSPTRP00000010324,PANTR,1.0,,,,,,,,,1,,,,,
H2Q329,H2Q329_PANTR,ENSPTRP00000005784,PANTR,1.0,,,,,,,,,1,,,,,
H2Q309,H2Q309_PANTR,ENSPTRP00000005739,PANTR,1.0,,,,,,,,,1,,,,,
H2Q310,H2Q310_PANTR,ENSPTRP00000005740,PANTR,1.0,,,,,,,,,1,,,,,
H2Q311,H2Q311_PANTR,ENSPTRP00000005744,PANTR,1.0,,,,,,,,,1,,,,,
H2Q312,H2Q312_PANTR,ENSPTRP00000005745,PANTR,1.0,,,,,,,,,1,,,,,
H2Q313,H2Q313_PANTR,ENSPTRP00000005746,PANTR,1.0,,,,,,,,,1,,,,,
H2Q314,H2Q314_PANTR,ENSPTRP00000005747,PANTR,1.0,,,,,,,,,1,,,,,
H2Q315,H2Q315_PANTR,ENSPTRP00000005748,PANTR,1.0,,,,,,,,,1,,,,,
H2Q316,H2Q316_PANTR,ENSPTRP00000005749,PANTR,1.0,,,,,,,,,1,,,,,
H2Q328,H2Q328_PANTR,ENSPTRP00000005783,PANTR,1.0,,,,,,,,,1,,,,,
H2Q3J9,H2Q3J9_PANTR,ENSPTRP00000006221,PANTR,1.0,,,,,,,,,1,,,,,
H2Q4J7,H2Q4J7_PANTR,ENSPTRP00000007177,PANTR,1.0,,,,,,,,,1,,,,,
H2Q3K9,H2Q3K9_PANTR,ENSPTRP00000006260,PANTR,1.0,,,,,,,,,1,,,,,
H2Q3L0,H2Q3L0_PANTR,ENSPTRP00000006261,PANTR,1.0,,,,,,,,,1,,,,,
H2Q3L2,H2Q3L2_PANTR,ENSPTRP00000006264,PANTR,1.0,,,,,,,,,1,,,,,
H2Q3L6,H2Q3L6_PANTR,ENSPTRP00000006272,PANTR,1.0,,,,,,,,,1,,,,,
H2Q3M7,H2Q3M7_PANTR,ENSPTRP00000006289,PANTR,1.0,,,,,,,,,1,,,,,
H2Q3M8,H2Q3M8_PANTR,ENSPTRP00000006291,PANTR,1.0,,,,,,,,,1,,,,,
H2Q3P7,H2Q3P7_PANTR,ENSPTRP00000006343,PANTR,1.0,,,,,,,,,1,,,,,
H2Q3P8,H2Q3P8_PANTR,ENSPTRP00000006344,PANTR,1.0,,,,,,,,,1,,,,,
H2Q4E9,H2Q4E9_PANTR,ENSPTRP00000007008,PANTR,1.0,,,,,,,,,1,,,,,
H2R3D8,H2R3D8_PANTR,ENSPTRP00000045343,PANTR,1.0,,,,,,,,,1,,,,,
H2R498,H2R498_PANTR,ENSPTRP00000046798,PANTR,1.0,,,,,,,,,1,,,,,
H2R5E8,H2R5E8_PANTR,ENSPTRP00000048083,PANTR,1.0,,,,,,,,,1,,,,,
H2SEG8,H2SEG8_TAKRU,ENSTRUP00000010799,TAKRU,1.0,,,,,,,,,1,,,,,
H2RPB8,H2RPB8_TAKRU,ENSTRUP00000001981,TAKRU,1.0,,,,,,,,,1,,,,,
H2RPD5,H2RPD5_TAKRU,ENSTRUP00000001998,TAKRU,1.0,,,,,,,,,1,,,,,
H2RPF2,H2RPF2_TAKRU,ENSTRUP00000002015,TAKRU,1.0,,,,,,,,,1,,,,,
H2RX02,H2RX02_TAKRU,ENSTRUP00000004672,TAKRU,1.0,,,,,,,,,1,,,,,
H2RY17,H2RY17_TAKRU,ENSTRUP00000005037,TAKRU,1.0,,,,,,,,,1,,,,,
H2RYG9,H2RYG9_TAKRU,ENSTRUP00000005190,TAKRU,1.0,,,,,,,,,1,,,,,
H2S032,H2S032_TAKRU,ENSTRUP00000005753,TAKRU,1.0,,,,,,,,,1,,,,,
H2S0V1,H2S0V1_TAKRU,ENSTRUP00000006022,TAKRU,1.0,,,,,,,,,1,,,,,
H2SDJ3,H2SDJ3_TAKRU,ENSTRUP00000010474,TAKRU,1.0,,,,,,,,,1,,,,,
H2TAZ0,H2TAZ0_TAKRU,ENSTRUP00000021830,TAKRU,1.0,,,,,,,,,1,,,,,
H2RMX8,H2RMX8_TAKRU,ENSTRUP00000001491,TAKRU,1.0,,,,,,,,,1,,,,,
H2V2F9,H2V2F9_TAKRU,ENSTRUP00000043390,TAKRU,1.0,,,,,,,,,1,,,,,
H2V2G9,H2V2G9_TAKRU,ENSTRUP00000043400,TAKRU,1.0,,,,,,,,,1,,,,,
H2V8F3,H2V8F3_TAKRU,ENSTRUP00000045492,TAKRU,1.0,,,,,,,,,1,,,,,
H9GWF9,H9GWF9_CANFA,ENSCAFP00000035675,CANFA,1.0,,,,,,,,,1,,,,,
H9GWP1,H9GWP1_CANFA,ENSCAFP00000033776,CANFA,1.0,,,,,,,,,1,,,,,
H9H2P1,H9H2P1_MACMU,ENSMMUP00000000696,MACMU,1.0,,,,,,,,,1,,,,,
H9H3P1,H9H3P1_MACMU,ENSMMUP00000018481,MACMU,1.0,,,,,,,,,1,,,,,
H9H476,H9H476_MACMU,ENSMMUP00000027591,MACMU,1.0,,,,,,,,,1,,,,,
H9H484,H9H484_MACMU,ENSMMUP00000028079,MACMU,1.0,,,,,,,,,1,,,,,
H2RNX2,H2RNX2_TAKRU,ENSTRUP00000001835,TAKRU,1.0,,,,,,,,,1,,,,,
H2RMC6,H2RMC6_TAKRU,ENSTRUP00000001289,TAKRU,1.0,,,,,,,,,1,,,,,
H2R5F2,H2R5F2_PANTR,ENSPTRP00000048092,PANTR,1.0,,,,,,,,,1,,,,,
H2R7X6,H2R7X6_PANTR,ENSPTRP00000050947,PANTR,1.0,,,,,,,,,1,,,,,
H2R5F3,H2R5F3_PANTR,ENSPTRP00000048094,PANTR,1.0,,,,,,,,,1,,,,,
H2R5L5,H2R5L5_PANTR,ENSPTRP00000048275,PANTR,1.0,,,,,,,,,1,,,,,
H2R5M0,H2R5M0_PANTR,ENSPTRP00000048284,PANTR,1.0,,,,,,,,,1,,,,,
H2R5M1,H2R5M1_PANTR,ENSPTRP00000048286,PANTR,1.0,,,,,,,,,1,,,,,
H2R5M2,H2R5M2_PANTR,ENSPTRP00000048287,PANTR,1.0,,,,,,,,,1,,,,,
H2R5M3,H2R5M3_PANTR,ENSPTRP00000048288,PANTR,1.0,,,,,,,,,1,,,,,
H2R5M4,H2R5M4_PANTR,ENSPTRP00000048289,PANTR,1.0,,,,,,,,,1,,,,,
H2R5M5,H2R5M5_PANTR,ENSPTRP00000048291,PANTR,1.0,,,,,,,,,1,,,,,
H2R7U2,H2R7U2_PANTR,ENSPTRP00000005696,PANTR,1.0,,,,,,,,,1,,,,,
H2R7X7,H2R7X7_PANTR,ENSPTRP00000050948,PANTR,1.0,,,,,,,,,1,,,,,
H2RCX3,H2RCX3_PANTR,ENSPTRP00000057936,PANTR,1.0,,,,,,,,,1,,,,,
H2R7X8,H2R7X8_PANTR,ENSPTRP00000050950,PANTR,1.0,,,,,,,,,1,,,,,
H2R7Y0,H2R7Y0_PANTR,ENSPTRP00000050952,PANTR,1.0,,,,,,,,,1,,,,,
H2R7Y1,H2R7Y1_PANTR,ENSPTRP00000050954,PANTR,1.0,,,,,,,,,1,,,,,
H2RB05,H2RB05_PANTR,ENSPTRP00000054814,PANTR,1.0,,,,,,,,,1,,,,,
H2RB10,H2RB10_PANTR,ENSPTRP00000054842,PANTR,1.0,,,,,,,,,1,,,,,
H2RB11,H2RB11_PANTR,ENSPTRP00000054844,PANTR,1.0,,,,,,,,,1,,,,,
H2RB12,H2RB12_PANTR,ENSPTRP00000054845,PANTR,1.0,,,,,,,,,1,,,,,
H2RB18,H2RB18_PANTR,ENSPTRP00000054869,PANTR,1.0,,,,,,,,,1,,,,,
H2RB31,H2RB31_PANTR,ENSPTRP00000054937,PANTR,1.0,,,,,,,,,1,,,,,
P47893,OR3A2_HUMAN,nan,HUMAN,1.0,,,,,,,,,1,,,,,
P58170,OR1D5_HUMAN,nan,HUMAN,1.0,,,,,,,,,1,,,,,
Q0MQ71,Q0MQ71_BOVIN,ENSBTAP00000001437,BOVIN,1.0,,,,,,,,,1,,,,,
Q0VB29,Q0VB29_MOUSE,nan,MOUSE,1.0,,,,,,,,,1,,,,,
Q7TR42,Q7TR42_MOUSE,nan,MOUSE,1.0,,,,,,,,,1,,,,,
Q7TR45,Q7TR45_MOUSE,nan,MOUSE,1.0,,,,,,,,,1,,,,,
Q7TR47,Q7TR47_MOUSE,nan,MOUSE,1.0,,,,,,,,,1,,,,,
Q7TR48,Q7TR48_MOUSE,nan,MOUSE,1.0,,,,,,,,,1,,,,,
Q7TR58,Q7TR58_MOUSE,nan,MOUSE,1.0,,,,,,,,,1,,,,,
Q7TR85,Q7TR85_MOUSE,nan,MOUSE,1.0,,,,,,,,,1,,,,,
Q7TR87,Q7TR87_MOUSE,nan,MOUSE,1.0,,,,,,,,,1,,,,,
Q7TRA9,Q7TRA9_MOUSE,nan,MOUSE,1.0,,,,,,,,,1,,,,,
Q7TRE9,Q7TRE9_MOUSE,nan,MOUSE,1.0,,,,,,,,,1,,,,,
Q7TRF1,Q7TRF1_MOUSE,nan,MOUSE,1.0,,,,,,,,,1,,,,,
Q7TRF5,Q7TRF5_MOUSE,nan,MOUSE,1.0,,,,,,,,,1,,,,,
Q7TRF6,Q7TRF6_MOUSE,nan,MOUSE,1.0,,,,,,,,,1,,,,,
Q7TRF7,Q7TRF7_MOUSE,nan,MOUSE,1.0,,,,,,,,,1,,,,,
Q7TRF8,Q7TRF8_MOUSE,nan,MOUSE,1.0,,,,,,,,,1,,,,,
Q7TRG4,Q7TRG4_MOUSE,nan,MOUSE,1.0,,,,,,,,,1,,,,,
Q7TRI8,Q7TRI8_MOUSE,nan,MOUSE,1.0,,,,,,,,,1,,,,,
Q7TRJ3,Q7TRJ3_MOUSE,nan,MOUSE,1.0,,,,,,,,,1,,,,,
Q7TRJ5,Q7TRJ5_MOUSE,nan,MOUSE,1.0,,,,,,,,,1,,,,,
Q7TRJ6,Q7TRJ6_MOUSE,nan,MOUSE,1.0,,,,,,,,,1,,,,,
Q7TRK4,Q7TRK4_MOUSE,nan,MOUSE,1.0,,,,,,,,,1,,,,,
Q7TRN3,Q7TRN3_MOUSE,nan,MOUSE,1.0,,,,,,,,,1,,,,,
Q7TR40,Q7TR40_MOUSE,nan,MOUSE,1.0,,,,,,,,,1,,,,,
Q7TR34,Q7TR34_MOUSE,nan,MOUSE,1.0,,,,,,,,,1,,,,,
Q7TR20,Q7TR20_MOUSE,nan,MOUSE,1.0,,,,,,,,,1,,,,,
Q7TQZ8,Q7TQZ8_MOUSE,nan,MOUSE,1.0,,,,,,,,,1,,,,,
Q7TQV1,Q7TQV1_MOUSE,nan,MOUSE,1.0,,,,,,,,,1,,,,,
Q7TQV4,Q7TQV4_MOUSE,nan,MOUSE,1.0,,,,,,,,,1,,,,,
Q7TQY1,Q7TQY1_MOUSE,nan,MOUSE,1.0,,,,,,,,,1,,,,,
Q7TQY2,Q7TQY2_MOUSE,nan,MOUSE,1.0,,,,,,,,,1,,,,,
Q7TQY4,Q7TQY4_MOUSE,nan,MOUSE,1.0,,,,,,,,,1,,,,,
Q7TQY5,Q7TQY5_MOUSE,nan,MOUSE,1.0,,,,,,,,,1,,,,,
Q7TQY6,Q7TQY6_MOUSE,nan,MOUSE,1.0,,,,,,,,,1,,,,,
Q7TQZ2,Q7TQZ2_MOUSE,nan,MOUSE,1.0,,,,,,,,,1,,,,,
Q7TQZ6,Q7TQZ6_MOUSE,nan,MOUSE,1.0,,,,,,,,,1,,,,,
Q7TR01,Q7TR01_MOUSE,nan,MOUSE,1.0,,,,,,,,,1,,,,,
Q7TR18,Q7TR18_MOUSE,nan,MOUSE,1.0,,,,,,,,,1,,,,,
Q7TR02,Q7TR02_MOUSE,nan,MOUSE,1.0,,,,,,,,,1,,,,,
Q7TR04,Q7TR04_MOUSE,nan,MOUSE,1.0,,,,,,,,,1,,,,,
Q7TR05,Q7TR05_MOUSE,nan,MOUSE,1.0,,,,,,,,,1,,,,,
Q7TR09,Q7TR09_MOUSE,nan,MOUSE,1.0,,,,,,,,,1,,,,,
Q7TR12,Q7TR12_MOUSE,nan,MOUSE,1.0,,,,,,,,,1,,,,,
Q7TR13,Q7TR13_MOUSE,nan,MOUSE,1.0,,,,,,,,,1,,,,,
Q7TR14,Q7TR14_MOUSE,nan,MOUSE,1.0,,,,,,,,,1,,,,,
Q7TR16,Q7TR16_MOUSE,nan,MOUSE,1.0,,,,,,,,,1,,,,,
Q7TR17,Q7TR17_MOUSE,nan,MOUSE,1.0,,,,,,,,,1,,,,,
Q7TRN4,Q7TRN4_MOUSE,nan,MOUSE,1.0,,,,,,,,,1,,,,,
Q7TRN6,Q7TRN6_MOUSE,nan,MOUSE,1.0,,,,,,,,,1,,,,,
Q7TRN7,Q7TRN7_MOUSE,nan,MOUSE,1.0,,,,,,,,,1,,,,,
Q7TS07,Q7TS07_MOUSE,nan,MOUSE,1.0,,,,,,,,,1,,,,,
Q7TRY5,Q7TRY5_MOUSE,nan,MOUSE,1.0,,,,,,,,,1,,,,,
Q7TRZ4,Q7TRZ4_MOUSE,nan,MOUSE,1.0,,,,,,,,,1,,,,,
Q7TRZ7,Q7TRZ7_MOUSE,nan,MOUSE,1.0,,,,,,,,,1,,,,,
Q7TS01,Q7TS01_MOUSE,nan,MOUSE,1.0,,,,,,,,,1,,,,,
Q7TS02,Q7TS02_MOUSE,nan,MOUSE,1.0,,,,,,,,,1,,,,,
Q7TS03,Q7TS03_MOUSE,nan,MOUSE,1.0,,,,,,,,,1,,,,,
Q7TS04,Q7TS04_MOUSE,nan,MOUSE,1.0,,,,,,,,,1,,,,,
Q7TS05,Q7TS05_MOUSE,nan,MOUSE,1.0,,,,,,,,,1,,,,,
Q7TS06,Q7TS06_MOUSE,nan,MOUSE,1.0,,,,,,,,,1,,,,,
Q7TS08,Q7TS08_MOUSE,nan,MOUSE,1.0,,,,,,,,,1,,,,,
Q7TRW8,Q7TRW8_MOUSE,nan,MOUSE,1.0,,,,,,,,,1,,,,,
Q7TS10,Q7TS10_MOUSE,nan,MOUSE,1.0,,,,,,,,,1,,,,,
Q7TS13,Q7TS13_MOUSE,nan,MOUSE,1.0,,,,,,,,,1,,,,,
nan,nan,ENSBTAP00000013779,BOVIN,1.0,,,,,,,,,1,,,,,
Q7TS16,Q7TS16_MOUSE,nan,MOUSE,1.0,,,,,,,,,1,,,,,
Q7TS24,Q7TS24_MOUSE,nan,MOUSE,1.0,,,,,,,,,1,,,,,
Q7TS43,Q7TS43_MOUSE,nan,MOUSE,1.0,,,,,,,,,1,,,,,
Q7TS51,Q7TS51_MOUSE,nan,MOUSE,1.0,,,,,,,,,1,,,,,
Q7TS53,Q7TS53_MOUSE,nan,MOUSE,1.0,,,,,,,,,1,,,,,
Q8K521,Q8K521_MOUSE,nan,MOUSE,1.0,,,,,,,,,1,,,,,
Q7TRY2,Q7TRY2_MOUSE,nan,MOUSE,1.0,,,,,,,,,1,,,,,
Q7TRW7,Q7TRW7_MOUSE,nan,MOUSE,1.0,,,,,,,,,1,,,,,
Q7TRN8,Q7TRN8_MOUSE,nan,MOUSE,1.0,,,,,,,,,1,,,,,
Q7TRQ9,Q7TRQ9_MOUSE,nan,MOUSE,1.0,,,,,,,,,1,,,,,
Q7TRP1,Q7TRP1_MOUSE,nan,MOUSE,1.0,,,,,,,,,1,,,,,
Q7TRP2,Q7TRP2_MOUSE,nan,MOUSE,1.0,,,,,,,,,1,,,,,
Q7TRP3,Q7TRP3_MOUSE,nan,MOUSE,1.0,,,,,,,,,1,,,,,
Q7TRP4,Q7TRP4_MOUSE,nan,MOUSE,1.0,,,,,,,,,1,,,,,
Q7TRP5,Q7TRP5_MOUSE,nan,MOUSE,1.0,,,,,,,,,1,,,,,
Q7TRP7,Q7TRP7_MOUSE,nan,MOUSE,1.0,,,,,,,,,1,,,,,
Q7TRQ1,Q7TRQ1_MOUSE,nan,MOUSE,1.0,,,,,,,,,1,,,,,
Q7TRQ3,Q7TRQ3_MOUSE,nan,MOUSE,1.0,,,,,,,,,1,,,,,
Q7TRQ5,Q7TRQ5_MOUSE,nan,MOUSE,1.0,,,,,,,,,1,,,,,
Q7TRR2,Q7TRR2_MOUSE,nan,MOUSE,1.0,,,,,,,,,1,,,,,
Q7TRV9,Q7TRV9_MOUSE,nan,MOUSE,1.0,,,,,,,,,1,,,,,
Q7TRR4,Q7TRR4_MOUSE,nan,MOUSE,1.0,,,,,,,,,1,,,,,
Q7TRR7,Q7TRR7_MOUSE,nan,MOUSE,1.0,,,,,,,,,1,,,,,
Q7TRS5,Q7TRS5_MOUSE,nan,MOUSE,1.0,,,,,,,,,1,,,,,
Q7TRS6,Q7TRS6_MOUSE,nan,MOUSE,1.0,,,,,,,,,1,,,,,
Q7TRT5,Q7TRT5_MOUSE,nan,MOUSE,1.0,,,,,,,,,1,,,,,
Q7TRT7,Q7TRT7_MOUSE,nan,MOUSE,1.0,,,,,,,,,1,,,,,
Q7TRT9,Q7TRT9_MOUSE,nan,MOUSE,1.0,,,,,,,,,1,,,,,
Q7TRU7,Q7TRU7_MOUSE,nan,MOUSE,1.0,,,,,,,,,1,,,,,
Q7TRU8,Q7TRU8_MOUSE,nan,MOUSE,1.0,,,,,,,,,1,,,,,
Q7TQT9,Q7TQT9_MOUSE,nan,MOUSE,1.0,,,,,,,,,1,,,,,
Q7TQS3,Q7TQS3_MOUSE,nan,MOUSE,1.0,,,,,,,,,1,,,,,
Q7TQS2,Q7TQS2_MOUSE,nan,MOUSE,1.0,,,,,,,,,1,,,,,
Q2PRK5,Q2PRK5_DANRE,nan,DANRE,1.0,,,,,,,,,1,,,,,
Q2PRJ5,Q2PRJ5_DANRE,nan,DANRE,1.0,,,,,,,,,1,,,,,
Q2PRJ6,Q2PRJ6_DANRE,nan,DANRE,1.0,,,,,,,,,1,,,,,
Q2PRJ7,Q2PRJ7_DANRE,nan,DANRE,1.0,,,,,,,,,1,,,,,
Q2PRJ9,Q2PRJ9_DANRE,nan,DANRE,1.0,,,,,,,,,1,,,,,
Q2PRK0,Q2PRK0_DANRE,nan,DANRE,1.0,,,,,,,,,1,,,,,
Q2PRK1,Q2PRK1_DANRE,nan,DANRE,1.0,,,,,,,,,1,,,,,
Q2PRK2,Q2PRK2_DANRE,nan,DANRE,1.0,,,,,,,,,1,,,,,
Q2PRK3,Q2PRK3_DANRE,nan,DANRE,1.0,,,,,,,,,1,,,,,
Q2PRK4,Q2PRK4_DANRE,nan,DANRE,1.0,,,,,,,,,1,,,,,
Q2PRK6,Q2PRK6_DANRE,nan,DANRE,1.0,,,,,,,,,1,,,,,
Q2PRJ3,Q2PRJ3_DANRE,nan,DANRE,1.0,,,,,,,,,1,,,,,
Q2PRK9,Q2PRK9_DANRE,nan,DANRE,1.0,,,,,,,,,1,,,,,
Q2PRL0,Q2PRL0_DANRE,nan,DANRE,1.0,,,,,,,,,1,,,,,
Q2PRL1,Q2PRL1_DANRE,nan,DANRE,1.0,,,,,,,,,1,,,,,
Q2PRL2,Q2PRL2_DANRE,nan,DANRE,1.0,,,,,,,,,1,,,,,
Q2PRL3,Q2PRL3_DANRE,nan,DANRE,1.0,,,,,,,,,1,,,,,
Q2PRL4,Q2PRL4_DANRE,nan,DANRE,1.0,,,,,,,,,1,,,,,
Q2PRL5,Q2PRL5_DANRE,nan,DANRE,1.0,,,,,,,,,1,,,,,
Q2PRL6,Q2PRL6_DANRE,nan,DANRE,1.0,,,,,,,,,1,,,,,
Q2PRM1,Q2PRM1_DANRE,nan,DANRE,1.0,,,,,,,,,1,,,,,
Q2PRJ4,Q2PRJ4_DANRE,nan,DANRE,1.0,,,,,,,,,1,,,,,
Q2PRE5,Q2PRE5_DANRE,nan,DANRE,1.0,,,,,,,,,1,,,,,
Q2PRM3,Q2PRM3_DANRE,nan,DANRE,1.0,,,,,,,,,1,,,,,
Q2PRC4,Q2PRC4_DANRE,nan,DANRE,1.0,,,,,,,,,1,,,,,
Q0VBH3,Q0VBH3_MOUSE,nan,MOUSE,1.0,,,,,,,,,1,,,,,
Q0VBI4,Q0VBI4_MOUSE,nan,MOUSE,1.0,,,,,,,,,1,,,,,
Q14AJ9,Q14AJ9_MOUSE,nan,MOUSE,1.0,,,,,,,,,1,,,,,
Q15612,OR1Q1_HUMAN,nan,HUMAN,1.0,,,,,,,,,1,,,,,
Q2PRA0,Q2PRA0_DANRE,nan,DANRE,1.0,,,,,,,1,,,,,,,
Q2PRA9,Q2PRA9_DANRE,nan,DANRE,1.0,,,,,,,,,1,,,,,
Q2PRB4,Q2PRB4_DANRE,nan,DANRE,1.0,,,,,,,,,1,,,,,
Q2PRB8,Q2PRB8_DANRE,nan,DANRE,1.0,,,,,,,,,1,,,,,
Q2PRB9,Q2PRB9_DANRE,nan,DANRE,1.0,,,,,,,,,1,,,,,
Q2PRC8,Q2PRC8_DANRE,nan,DANRE,1.0,,,,,,,,,1,,,,,
Q2PRE4,Q2PRE4_DANRE,nan,DANRE,1.0,,,,,,,,,1,,,,,
Q2PRD2,Q2PRD2_DANRE,nan,DANRE,1.0,,,,,,,,,1,,,,,
Q2PRD6,Q2PRD6_DANRE,nan,DANRE,1.0,,,,,,,,,1,,,,,
Q2PRD7,Q2PRD7_DANRE,nan,DANRE,1.0,,,,,,,,,1,,,,,
Q2PRD8,Q2PRD8_DANRE,nan,DANRE,1.0,,,,,,,,,1,,,,,
Q2PRD9,Q2PRD9_DANRE,nan,DANRE,1.0,,,,,,,,,1,,,,,
Q2PRE0,Q2PRE0_DANRE,nan,DANRE,1.0,,,,,,,,,1,,,,,
Q2PRE1,Q2PRE1_DANRE,nan,DANRE,1.0,,,,,,,,,1,,,,,
Q2PRE2,Q2PRE2_DANRE,nan,DANRE,1.0,,,,,,,,,1,,,,,
Q2PRE3,Q2PRE3_DANRE,nan,DANRE,1.0,,,,,,,,,1,,,,,
Q2PRM2,Q2PRM2_DANRE,nan,DANRE,1.0,,,,,,,,,1,,,,,
Q2PRM4,Q2PRM4_DANRE,nan,DANRE,1.0,,,,,,,,,1,,,,,
Q7TQQ5,Q7TQQ5_MOUSE,nan,MOUSE,1.0,,,,,,,,,1,,,,,
Q6MFW9,Q6MFW9_RAT,nan,RAT,1.0,,,,,,,,,1,,,,,
Q640T0,Q640T0_XENTR,ENSXETP00000020478,XENTR,1.0,,,,,,,,,1,,,,,
Q6IEV9,OR4CB_HUMAN,nan,HUMAN,1.0,,,,,,,,,1,,,,,
Q6IEZ7,OR2T5_HUMAN,nan,HUMAN,1.0,,,,,,,,,1,,,,,
Q6IF00,OR2T2_HUMAN,nan,HUMAN,1.0,,,,,,,,,1,,,,,
Q6IF63,O52W1_HUMAN,nan,HUMAN,1.0,,,,,,,,,1,,,,,
Q6IF82,O4A47_HUMAN,nan,HUMAN,1.0,,,,,,,,,1,,,,,
Q6IF99,O10K2_HUMAN,nan,HUMAN,1.0,,,,,,,,,1,,,,,
Q6IFG1,O52E8_HUMAN,nan,HUMAN,1.0,,,,,,,,,1,,,,,
Q6MFW7,Q6MFW7_RAT,nan,RAT,1.0,,,,,,,,,1,,,,,
Q6MFX0,Q6MFX0_RAT,nan,RAT,1.0,,,,,,,,,1,,,,,
Q62942,Q62942_RAT,ENSRNOP00000045723,RAT,1.0,,,,,,,,,1,,,,,
Q6SMY7,Q6SMY7_MACMU,ENSMMUP00000026167,MACMU,1.0,,,,,,,,,1,,,,,
Q6UAH0,Q6UAH0_MOUSE,nan,MOUSE,1.0,,,,,,,,,1,,,,,
Q6UV19,Q6UV19_DANRE,nan,DANRE,1.0,,,,,,,,,1,,,,,
Q6W049,OL688_MOUSE,ENSMUSP00000095758,MOUSE,1.0,,,,,,,,,1,,,,,
Q6W068,Q6W068_MOUSE,nan,MOUSE,1.0,,,,,,,,,1,,,,,
Q6ZMA1,Q6ZMA1_RAT,nan,RAT,1.0,,,,,,,,,1,,,,,
Q6ZMA2,Q6ZMA2_RAT,nan,RAT,1.0,,,,,,,,,1,,,,,
Q792R9,Q792R9_RAT,nan,RAT,1.0,,,,,,,,,1,,,,,
Q7TQQ3,Q7TQQ3_MOUSE,nan,MOUSE,1.0,,,,,,,,,1,,,,,
Q62942,Q62942_RAT,nan,RAT,1.0,,,,,,,,,1,,,,,
Q62342,Q62342_MOUSE,nan,MOUSE,1.0,,,,,,,,,1,,,,,
Q2PRM5,Q2PRM5_DANRE,nan,DANRE,1.0,,,,,,,,,1,,,,,
Q5NCC7,Q5NCC7_MOUSE,nan,MOUSE,1.0,,,,,,,,,1,,,,,
Q32PT1,Q32PT1_DANRE,nan,DANRE,1.0,,,,,,,,,1,,,,,
Q3KPB0,Q3KPB0_MOUSE,nan,MOUSE,1.0,,,,,,,,,1,,,,,
Q3SXH8,Q3SXH8_MOUSE,nan,MOUSE,1.0,,,,,,,,,1,,,,,
Q3SXJ3,Q3SXJ3_MOUSE,nan,MOUSE,1.0,,,,,,,,,1,,,,,
Q5CZY0,Q5CZY0_MOUSE,nan,MOUSE,1.0,,,,,,,,,1,,,,,
Q5JRS4,O10J3_HUMAN,nan,HUMAN,1.0,,,,,,,,,1,,,,,
Q5MD65,Q5MD65_RAT,nan,RAT,1.0,,,,,,,,,1,,,,,
Q5NC44,Q5NC44_MOUSE,nan,MOUSE,1.0,,,,,,,,,1,,,,,
Q5NC45,Q5NC45_MOUSE,nan,MOUSE,1.0,,,,,,,,,1,,,,,
Q5NCD2,Q5NCD2_MOUSE,nan,MOUSE,1.0,,,,,,,,,1,,,,,
Q60891,OL139_MOUSE,nan,MOUSE,1.0,,,,,,,,,1,,,,,
Q5NCD3,Q5NCD3_MOUSE,nan,MOUSE,1.0,,,,,,,,,1,,,,,
Q5NCD5,nan,nan,nan,1.0,,,,,,,,,1,,,,,
Q5NCD7,Q5NCD7_MOUSE,nan,MOUSE,1.0,,,,,,,,,1,,,,,
Q5NCD8,nan,nan,nan,1.0,,,,,,,,,1,,,,,
Q5RJS1,Q5RJS1_RAT,nan,RAT,1.0,,,,,,,,,1,,,,,
Q5USB7,Q5USB7_RAT,nan,RAT,1.0,,,,,,,,,1,,,,,
Q5USC0,Q5USC0_RAT,nan,RAT,1.0,,,,,,,,,1,,,,,
Q60887,OL148_MOUSE,nan,MOUSE,1.0,,,,,,,,,1,,,,,
Q60888,OL149_MOUSE,nan,MOUSE,1.0,,,,,,,,,1,,,,,
nan,nan,ENSBTAP00000013102,BOVIN,1.0,,,,,,,,,1,,,,,
nan,nan,ENSBTAP00000020317,BOVIN,1.0,,,,,,,,,1,,,,,
nan,nan,ENSBTAP00000014244,BOVIN,1.0,,,,,,,,,1,,,,,
nan,nan,ENSGALP00000035104,CHICK,1.0,,,,,,,,,1,,,,,
nan,nan,ENSGALP00000035005,CHICK,1.0,,,,,,,,,1,,,,,
nan,nan,ENSGALP00000035013,CHICK,1.0,,,,,,,,,1,,,,,
nan,nan,ENSGALP00000035019,CHICK,1.0,,,,,,,,,1,,,,,
nan,nan,ENSGALP00000035020,CHICK,1.0,,,,,,,,,1,,,,,
nan,nan,ENSGALP00000035021,CHICK,1.0,,,,,,,,,1,,,,,
nan,nan,ENSGALP00000035022,CHICK,1.0,,,,,,,,,1,,,,,
nan,nan,ENSGALP00000035029,CHICK,1.0,,,,,,,,,1,,,,,
nan,nan,ENSGALP00000035030,CHICK,1.0,,,,,,,,,1,,,,,
nan,nan,ENSGALP00000035037,CHICK,1.0,,,,,,,,,1,,,,,
nan,nan,ENSGALP00000035038,CHICK,1.0,,,,,,,,,1,,,,,
nan,nan,ENSGALP00000035039,CHICK,1.0,,,,,,,,,1,,,,,
nan,nan,ENSGALP00000035055,CHICK,1.0,,,,,,,,,1,,,,,
nan,nan,ENSGALP00000035056,CHICK,1.0,,,,,,,,,1,,,,,
nan,nan,ENSGALP00000035057,CHICK,1.0,,,,,,,,,1,,,,,
nan,nan,ENSGALP00000035067,CHICK,1.0,,,,,,,,,1,,,,,
nan,nan,ENSGALP00000035082,CHICK,1.0,,,,,,,,,1,,,,,
nan,nan,ENSGALP00000035083,CHICK,1.0,,,,,,,,,1,,,,,
nan,nan,ENSGALP00000035084,CHICK,1.0,,,,,,,,,1,,,,,
nan,nan,ENSGALP00000035085,CHICK,1.0,,,,,,,,,1,,,,,
nan,nan,ENSGALP00000035086,CHICK,1.0,,,,,,,,,1,,,,,
nan,nan,ENSGALP00000035101,CHICK,1.0,,,,,,,,,1,,,,,
nan,nan,ENSGALP00000035002,CHICK,1.0,,,,,,,,,1,,,,,
nan,nan,ENSGALP00000035001,CHICK,1.0,,,,,,,,,1,,,,,
nan,nan,ENSGALP00000034997,CHICK,1.0,,,,,,,,,1,,,,,
nan,nan,ENSGALP00000034863,CHICK,1.0,,,,,,,,,1,,,,,
nan,nan,ENSGALP00000034828,CHICK,1.0,,,,,,,,,1,,,,,
nan,nan,ENSGALP00000034834,CHICK,1.0,,,,,,,,,1,,,,,
nan,nan,ENSGALP00000034838,CHICK,1.0,,,,,,,,,1,,,,,
nan,nan,ENSGALP00000034839,CHICK,1.0,,,,,,,,,1,,,,,
nan,nan,ENSGALP00000034840,CHICK,1.0,,,,,,,,,1,,,,,
nan,nan,ENSGALP00000034841,CHICK,1.0,,,,,,,,,1,,,,,
nan,nan,ENSGALP00000034857,CHICK,1.0,,,,,,,,,1,,,,,
nan,nan,ENSGALP00000034858,CHICK,1.0,,,,,,,,,1,,,,,
nan,nan,ENSGALP00000034859,CHICK,1.0,,,,,,,,,1,,,,,
nan,nan,ENSGALP00000034864,CHICK,1.0,,,,,,,,,1,,,,,
nan,nan,ENSGALP00000034992,CHICK,1.0,,,,,,,,,1,,,,,
nan,nan,ENSGALP00000034874,CHICK,1.0,,,,,,,,,1,,,,,
nan,nan,ENSGALP00000034881,CHICK,1.0,,,,,,,,,1,,,,,
nan,nan,ENSGALP00000034882,CHICK,1.0,,,,,,,,,1,,,,,
nan,nan,ENSGALP00000034887,CHICK,1.0,,,,,,,,,1,,,,,
nan,nan,ENSGALP00000034895,CHICK,1.0,,,,,,,,,1,,,,,
nan,nan,ENSGALP00000034935,CHICK,1.0,,,,,,,,,1,,,,,
nan,nan,ENSGALP00000034936,CHICK,1.0,,,,,,,,,1,,,,,
nan,nan,ENSGALP00000034940,CHICK,1.0,,,,,,,,,1,,,,,
nan,nan,ENSGALP00000034991,CHICK,1.0,,,,,,,,,1,,,,,
nan,nan,ENSGALP00000035103,CHICK,1.0,,,,,,,,,1,,,,,
nan,nan,ENSGALP00000035110,CHICK,1.0,,,,,,,,,1,,,,,
nan,nan,ENSGALP00000035278,CHICK,1.0,,,,,,,,,1,,,,,
nan,nan,ENSGALP00000035111,CHICK,1.0,,,,,,,,,1,,,,,
nan,nan,ENSGALP00000035205,CHICK,1.0,,,,,,,,,1,,,,,
nan,nan,ENSGALP00000035208,CHICK,1.0,,,,,,,,,1,,,,,
nan,nan,ENSGALP00000035215,CHICK,1.0,,,,,,,,,1,,,,,
nan,nan,ENSGALP00000035216,CHICK,1.0,,,,,,,,,1,,,,,
nan,nan,ENSGALP00000035217,CHICK,1.0,,,,,,,,,1,,,,,
nan,nan,ENSGALP00000035218,CHICK,1.0,,,,,,,,,1,,,,,
nan,nan,ENSGALP00000035219,CHICK,1.0,,,,,,,,,1,,,,,
nan,nan,ENSGALP00000035220,CHICK,1.0,,,,,,,,,1,,,,,
nan,nan,ENSGALP00000035222,CHICK,1.0,,,,,,,,,1,,,,,
nan,nan,ENSGALP00000035223,CHICK,1.0,,,,,,,,,1,,,,,
nan,nan,ENSGALP00000035224,CHICK,1.0,,,,,,,,,1,,,,,
nan,nan,ENSGALP00000035225,CHICK,1.0,,,,,,,,,1,,,,,
nan,nan,ENSGALP00000035244,CHICK,1.0,,,,,,,,,1,,,,,
nan,nan,ENSGALP00000035251,CHICK,1.0,,,,,,,,,1,,,,,
nan,nan,ENSGALP00000035267,CHICK,1.0,,,,,,,,,1,,,,,
nan,nan,ENSGALP00000035269,CHICK,1.0,,,,,,,,,1,,,,,
nan,nan,ENSGALP00000035270,CHICK,1.0,,,,,,,,,1,,,,,
nan,nan,ENSGALP00000035273,CHICK,1.0,,,,,,,,,1,,,,,
nan,nan,ENSGALP00000035274,CHICK,1.0,,,,,,,,,1,,,,,
nan,nan,ENSGALP00000035275,CHICK,1.0,,,,,,,,,1,,,,,
nan,nan,ENSGALP00000035276,CHICK,1.0,,,,,,,,,1,,,,,
nan,nan,ENSGALP00000035204,CHICK,1.0,,,,,,,,,1,,,,,
nan,nan,ENSGALP00000035203,CHICK,1.0,,,,,,,,,1,,,,,
nan,nan,ENSGALP00000035202,CHICK,1.0,,,,,,,,,1,,,,,
nan,nan,ENSGALP00000035152,CHICK,1.0,,,,,,,,,1,,,,,
nan,nan,ENSGALP00000035112,CHICK,1.0,,,,,,,,,1,,,,,
nan,nan,ENSGALP00000035113,CHICK,1.0,,,,,,,,,1,,,,,
nan,nan,ENSGALP00000035114,CHICK,1.0,,,,,,,,,1,,,,,
nan,nan,ENSGALP00000035115,CHICK,1.0,,,,,,,,,1,,,,,
nan,nan,ENSGALP00000035124,CHICK,1.0,,,,,,,,,1,,,,,
nan,nan,ENSGALP00000035137,CHICK,1.0,,,,,,,,,1,,,,,
nan,nan,ENSGALP00000035149,CHICK,1.0,,,,,,,,,1,,,,,
nan,nan,ENSGALP00000035150,CHICK,1.0,,,,,,,,,1,,,,,
nan,nan,ENSGALP00000035151,CHICK,1.0,,,,,,,,,1,,,,,
nan,nan,ENSGALP00000035153,CHICK,1.0,,,,,,,,,1,,,,,
nan,nan,ENSGALP00000035199,CHICK,1.0,,,,,,,,,1,,,,,
nan,nan,ENSGALP00000035154,CHICK,1.0,,,,,,,,,1,,,,,
nan,nan,ENSGALP00000035155,CHICK,1.0,,,,,,,,,1,,,,,
nan,nan,ENSGALP00000035156,CHICK,1.0,,,,,,,,,1,,,,,
nan,nan,ENSGALP00000035157,CHICK,1.0,,,,,,,,,1,,,,,
nan,nan,ENSGALP00000035193,CHICK,1.0,,,,,,,,,1,,,,,
nan,nan,ENSGALP00000035194,CHICK,1.0,,,,,,,,,1,,,,,
nan,nan,ENSGALP00000035195,CHICK,1.0,,,,,,,,,1,,,,,
nan,nan,ENSGALP00000035196,CHICK,1.0,,,,,,,,,1,,,,,
nan,nan,ENSGALP00000035198,CHICK,1.0,,,,,,,,,1,,,,,
nan,nan,ENSGALP00000034823,CHICK,1.0,,,,,,,,,1,,,,,
nan,nan,ENSGALP00000034805,CHICK,1.0,,,,,,,,,1,,,,,
nan,nan,ENSGALP00000034794,CHICK,1.0,,,,,,,,,1,,,,,
nan,nan,ENSGALP00000034752,CHICK,1.0,,,,,,,,,1,,,,,
nan,nan,ENSCAFP00000035012,CANFA,1.0,,,,,,,,,1,,,,,
nan,nan,ENSCAFP00000035084,CANFA,1.0,,,,,,,,,1,,,,,
nan,nan,ENSCAFP00000035089,CANFA,1.0,,,,,,,,,1,,,,,
nan,nan,ENSCAFP00000035124,CANFA,1.0,,,,,,,,,1,,,,,
nan,nan,ENSCAFP00000035145,CANFA,1.0,,,,,,,,,1,,,,,
nan,nan,ENSCAFP00000035245,CANFA,1.0,,,,,,,,,1,,,,,
nan,nan,ENSCAFP00000035310,CANFA,1.0,,,,,,,,,1,,,,,
nan,nan,ENSCAFP00000035330,CANFA,1.0,,,,,,,,,1,,,,,
nan,nan,ENSCAFP00000035332,CANFA,1.0,,,,,,,,,1,,,,,
nan,nan,ENSCAFP00000035338,CANFA,1.0,,,,,,,,,1,,,,,
nan,nan,ENSCAFP00000035347,CANFA,1.0,,,,,,,,,1,,,,,
nan,nan,ENSCAFP00000035376,CANFA,1.0,,,,,,,,,1,,,,,
nan,nan,ENSCAFP00000035379,CANFA,1.0,,,,,,,,,1,,,,,
nan,nan,ENSCAFP00000035395,CANFA,1.0,,,,,,,,,1,,,,,
nan,nan,ENSCAFP00000035412,CANFA,1.0,,,,,,,,,1,,,,,
nan,nan,ENSCAFP00000035430,CANFA,1.0,,,,,,,,,1,,,,,
nan,nan,ENSCAFP00000035498,CANFA,1.0,,,,,,,,,1,,,,,
nan,nan,ENSCAFP00000035528,CANFA,1.0,,,,,,,,,1,,,,,
nan,nan,ENSCAFP00000035529,CANFA,1.0,,,,,,,,,1,,,,,
nan,nan,ENSCAFP00000035607,CANFA,1.0,,,,,,,,,1,,,,,
nan,nan,ENSCAFP00000035610,CANFA,1.0,,,,,,,,,1,,,,,
nan,nan,ENSCAFP00000035010,CANFA,1.0,,,,,,,,,1,,,,,
nan,nan,ENSCAFP00000035000,CANFA,1.0,,,,,,,,,1,,,,,
nan,nan,ENSCAFP00000034941,CANFA,1.0,,,,,,,,,1,,,,,
nan,nan,ENSCAFP00000034524,CANFA,1.0,,,,,,,,,1,,,,,
nan,nan,ENSCAFP00000033980,CANFA,1.0,,,,,,,,,1,,,,,
nan,nan,ENSCAFP00000034128,CANFA,1.0,,,,,,,,,1,,,,,
nan,nan,ENSCAFP00000034159,CANFA,1.0,,,,,,,,,1,,,,,
nan,nan,ENSCAFP00000034287,CANFA,1.0,,,,,,,,,1,,,,,
nan,nan,ENSCAFP00000034344,CANFA,1.0,,,,,,,,,1,,,,,
nan,nan,ENSCAFP00000034401,CANFA,1.0,,,,,,,,,1,,,,,
nan,nan,ENSCAFP00000034427,CANFA,1.0,,,,,,,,,1,,,,,
nan,nan,ENSCAFP00000034440,CANFA,1.0,,,,,,,,,1,,,,,
nan,nan,ENSCAFP00000034503,CANFA,1.0,,,,,,,,,1,,,,,
nan,nan,ENSCAFP00000034552,CANFA,1.0,,,,,,,,,1,,,,,
nan,nan,ENSCAFP00000034935,CANFA,1.0,,,,,,,,,1,,,,,
nan,nan,ENSCAFP00000034610,CANFA,1.0,,,,,,,,,1,,,,,
nan,nan,ENSCAFP00000034614,CANFA,1.0,,,,,,,,,1,,,,,
nan,nan,ENSCAFP00000034671,CANFA,1.0,,,,,,,,,1,,,,,
nan,nan,ENSCAFP00000034679,CANFA,1.0,,,,,,,,,1,,,,,
nan,nan,ENSCAFP00000034681,CANFA,1.0,,,,,,,,,1,,,,,
nan,nan,ENSCAFP00000034762,CANFA,1.0,,,,,,,,,1,,,,,
nan,nan,ENSCAFP00000034892,CANFA,1.0,,,,,,,,,1,,,,,
nan,nan,ENSCAFP00000034897,CANFA,1.0,,,,,,,,,1,,,,,
nan,nan,ENSCAFP00000034916,CANFA,1.0,,,,,,,,,1,,,,,
nan,nan,ENSCAFP00000035620,CANFA,1.0,,,,,,,,,1,,,,,
nan,nan,ENSCAFP00000035662,CANFA,1.0,,,,,,,,,1,,,,,
nan,nan,ENSCAFP00000035700,CANFA,1.0,,,,,,,,,1,,,,,
nan,nan,ENSGALP00000028772,CHICK,1.0,,,,,,,,,1,,,,,
nan,nan,ENSGALP00000022499,CHICK,1.0,,,,,,,,,1,,,,,
nan,nan,ENSGALP00000022829,CHICK,1.0,,,,,,,,,1,,,,,
nan,nan,ENSGALP00000028516,CHICK,1.0,,,,,,,,,1,,,,,
nan,nan,ENSGALP00000028559,CHICK,1.0,,,,,,,,,1,,,,,
nan,nan,ENSGALP00000028590,CHICK,1.0,,,,,,,,,1,,,,,
nan,nan,ENSGALP00000028592,CHICK,1.0,,,,,,,,,1,,,,,
nan,nan,ENSGALP00000028662,CHICK,1.0,,,,,,,,,1,,,,,
nan,nan,ENSGALP00000028754,CHICK,1.0,,,,,,,,,1,,,,,
nan,nan,ENSGALP00000028762,CHICK,1.0,,,,,,,,,1,,,,,
nan,nan,ENSGALP00000028779,CHICK,1.0,,,,,,,,,1,,,,,
nan,nan,ENSGALP00000021736,CHICK,1.0,,,,,,,,,1,,,,,
nan,nan,ENSGALP00000028846,CHICK,1.0,,,,,,,,,1,,,,,
nan,nan,ENSGALP00000028890,CHICK,1.0,,,,,,,,,1,,,,,
nan,nan,ENSGALP00000028955,CHICK,1.0,,,,,,,,,1,,,,,
nan,nan,ENSGALP00000028994,CHICK,1.0,,,,,,,,,1,,,,,
nan,nan,ENSGALP00000029177,CHICK,1.0,,,,,,,,,1,,,,,
nan,nan,ENSGALP00000029251,CHICK,1.0,,,,,,,,,1,,,,,
nan,nan,ENSGALP00000029263,CHICK,1.0,,,,,,,,,1,,,,,
nan,nan,ENSGALP00000034748,CHICK,1.0,,,,,,,,,1,,,,,
nan,nan,ENSGALP00000034751,CHICK,1.0,,,,,,,,,1,,,,,
nan,nan,ENSGALP00000022351,CHICK,1.0,,,,,,,,,1,,,,,
nan,nan,ENSGALP00000021205,CHICK,1.0,,,,,,,,,1,,,,,
nan,nan,ENSCAFP00000035711,CANFA,1.0,,,,,,,,,1,,,,,
nan,nan,ENSCAFP00000035802,CANFA,1.0,,,,,,,,,1,,,,,
nan,nan,ENSCAFP00000035713,CANFA,1.0,,,,,,,,,1,,,,,
nan,nan,ENSCAFP00000035721,CANFA,1.0,,,,,,,,,1,,,,,
nan,nan,ENSCAFP00000035723,CANFA,1.0,,,,,,,,,1,,,,,
nan,nan,ENSCAFP00000035729,CANFA,1.0,,,,,,,,,1,,,,,
nan,nan,ENSCAFP00000035733,CANFA,1.0,,,,,,,,,1,,,,,
nan,nan,ENSCAFP00000035755,CANFA,1.0,,,,,,,,,1,,,,,
nan,nan,ENSCAFP00000035778,CANFA,1.0,,,,,,,,,1,,,,,
nan,nan,ENSCAFP00000035787,CANFA,1.0,,,,,,,,,1,,,,,
nan,nan,ENSCAFP00000035800,CANFA,1.0,,,,,,,,,1,,,,,
nan,nan,ENSGALP00000000133,CHICK,1.0,,,,,,,,,1,,,,,
nan,nan,ENSGALP00000020401,CHICK,1.0,,,,,,,,,1,,,,,
nan,nan,ENSGALP00000001357,CHICK,1.0,,,,,,,,,1,,,,,
nan,nan,ENSGALP00000002494,CHICK,1.0,,,,,,,,,1,,,,,
nan,nan,ENSGALP00000002873,CHICK,1.0,,,,,,,,,1,,,,,
nan,nan,ENSGALP00000003095,CHICK,1.0,,,,,,,,,1,,,,,
nan,nan,ENSGALP00000004181,CHICK,1.0,,,,,,,,,1,,,,,
nan,nan,ENSGALP00000007946,CHICK,1.0,,,,,,,,,1,,,,,
nan,nan,ENSGALP00000013081,CHICK,1.0,,,,,,,,,1,,,,,
nan,nan,ENSGALP00000013338,CHICK,1.0,,,,,,,,,1,,,,,
nan,nan,ENSGALP00000017551,CHICK,1.0,,,,,,,,,1,,,,,
nan,nan,ENSGALP00000035277,CHICK,1.0,,,,,,,,,1,,,,,
nan,nan,ENSGALP00000035279,CHICK,1.0,,,,,,,,,1,,,,,
nan,nan,ENSBTAP00000015296,BOVIN,1.0,,,,,,,,,1,,,,,
nan,nan,ENSXETP00000053067,XENTR,1.0,,,,,,,,,1,,,,,
nan,nan,ENSXETP00000039746,XENTR,1.0,,,,,,,,,1,,,,,
nan,nan,ENSXETP00000039747,XENTR,1.0,,,,,,,,,1,,,,,
nan,nan,ENSXETP00000039750,XENTR,1.0,,,,,,,,,1,,,,,
nan,nan,ENSXETP00000041109,XENTR,1.0,,,,,,,,,1,,,,,
nan,nan,ENSXETP00000045423,XENTR,1.0,,,,,,,,,1,,,,,
nan,nan,ENSXETP00000045431,XENTR,1.0,,,,,,,,,1,,,,,
nan,nan,ENSXETP00000045450,XENTR,1.0,,,,,,,,,1,,,,,
nan,nan,ENSXETP00000045456,XENTR,1.0,,,,,,,,,1,,,,,
nan,nan,ENSXETP00000045466,XENTR,1.0,,,,,,,,,1,,,,,
nan,nan,ENSXETP00000045467,XENTR,1.0,,,,,,,,,1,,,,,
nan,nan,ENSXETP00000045472,XENTR,1.0,,,,,,,,,1,,,,,
nan,nan,ENSXETP00000045475,XENTR,1.0,,,,,,,,,1,,,,,
nan,nan,ENSXETP00000045477,XENTR,1.0,,,,,,,,,1,,,,,
nan,nan,ENSXETP00000045479,XENTR,1.0,,,,,,,,,1,,,,,
nan,nan,ENSXETP00000045858,XENTR,1.0,,,,,,,,,1,,,,,
nan,nan,ENSXETP00000045917,XENTR,1.0,,,,,,,,,1,,,,,
nan,nan,ENSXETP00000047463,XENTR,1.0,,,,,,,,,1,,,,,
nan,nan,ENSXETP00000050460,XENTR,1.0,,,,,,,,,1,,,,,
nan,nan,ENSXETP00000050478,XENTR,1.0,,,,,,,,,1,,,,,
nan,nan,ENSXETP00000050489,XENTR,1.0,,,,,,,,,1,,,,,
nan,nan,ENSXETP00000050508,XENTR,1.0,,,,,,,,,1,,,,,
nan,nan,ENSXETP00000039736,XENTR,1.0,,,,,,,,,1,,,,,
nan,nan,ENSXETP00000039581,XENTR,1.0,,,,,,,,,1,,,,,
nan,nan,ENSXETP00000037490,XENTR,1.0,,,,,,,,,1,,,,,
nan,nan,ENSXETP00000020403,XENTR,1.0,,,,,,,,,1,,,,,
nan,nan,ENSRNOP00000051205,RAT,1.0,,,,,,,,,1,,,,,
nan,nan,ENSRNOP00000058546,RAT,1.0,,,,,,,,,1,,,,,
nan,nan,ENSRNOP00000058857,RAT,1.0,,,,,,,,,1,,,,,
nan,nan,ENSRNOP00000060055,RAT,1.0,,,,,,,,,1,,,,,
nan,nan,ENSRNOP00000060117,RAT,1.0,,,,,,,,,1,,,,,
nan,nan,ENSXETP00000010726,XENTR,1.0,,,,,,,,,1,,,,,
nan,nan,ENSXETP00000014047,XENTR,1.0,,,,,,,,,1,,,,,
nan,nan,ENSXETP00000018321,XENTR,1.0,,,,,,,,,1,,,,,
nan,nan,ENSXETP00000018342,XENTR,1.0,,,,,,,,,1,,,,,
nan,nan,ENSXETP00000020455,XENTR,1.0,,,,,,,,,1,,,,,
nan,nan,ENSXETP00000036913,XENTR,1.0,,,,,,,,,1,,,,,
nan,nan,ENSXETP00000024065,XENTR,1.0,,,,,,,,,1,,,,,
nan,nan,ENSXETP00000024092,XENTR,1.0,,,,,,,,,1,,,,,
nan,nan,ENSXETP00000024096,XENTR,1.0,,,,,,,,,1,,,,,
nan,nan,ENSXETP00000024113,XENTR,1.0,,,,,,,,,1,,,,,
nan,nan,ENSXETP00000033205,XENTR,1.0,,,,,,,,,1,,,,,
nan,nan,ENSXETP00000033217,XENTR,1.0,,,,,,,,,1,,,,,
nan,nan,ENSXETP00000033219,XENTR,1.0,,,,,,,,,1,,,,,
nan,nan,ENSXETP00000036367,XENTR,1.0,,,,,,,,,1,,,,,
nan,nan,ENSXETP00000036368,XENTR,1.0,,,,,,,,,1,,,,,
nan,nan,ENSXETP00000053066,XENTR,1.0,,,,,,,,,1,,,,,
nan,nan,ENSXETP00000053361,XENTR,1.0,,,,,,,,,1,,,,,
nan,nan,ENSGALP00000035280,CHICK,1.0,,,,,,,,,1,,,,,
nan,nan,ENSXETP00000053367,XENTR,1.0,,,,,,,,,1,,,,,
nan,nan,ENSXETP00000055982,XENTR,1.0,,,,,,,,,1,,,,,
nan,nan,ENSXETP00000055997,XENTR,1.0,,,,,,,,,1,,,,,
nan,nan,ENSXETP00000056000,XENTR,1.0,,,,,,,,,1,,,,,
nan,nan,ENSXETP00000056022,XENTR,1.0,,,,,,,,,1,,,,,
nan,nan,ENSXETP00000056032,XENTR,1.0,,,,,,,,,1,,,,,
nan,nan,ENSXETP00000056033,XENTR,1.0,,,,,,,,,1,,,,,
nan,nan,ENSXETP00000056102,XENTR,1.0,,,,,,,,,1,,,,,
nan,nan,ENSXETP00000056103,XENTR,1.0,,,,,,,,,1,,,,,
nan,nan,ENSXETP00000056268,XENTR,1.0,,,,,,,,,1,,,,,
nan,nan,ENSXETP00000056361,XENTR,1.0,,,,,,,,,1,,,,,
nan,nan,ENSXETP00000056428,XENTR,1.0,,,,,,,,,1,,,,,
nan,nan,ENSXETP00000056811,XENTR,1.0,,,,,,,,,1,,,,,
nan,nan,ENSXETP00000057434,XENTR,1.0,,,,,,,,,1,,,,,
nan,nan,ENSXETP00000057435,XENTR,1.0,,,,,,,,,1,,,,,
nan,nan,ENSXETP00000057437,XENTR,1.0,,,,,,,,,1,,,,,
nan,nan,ENSXETP00000057762,XENTR,1.0,,,,,,,,,1,,,,,
nan,nan,ENSXETP00000057775,XENTR,1.0,,,,,,,,,1,,,,,
nan,nan,ENSXETP00000057861,XENTR,1.0,,,,,,,,,1,,,,,
nan,nan,ENSXETP00000057865,XENTR,1.0,,,,,,,,,1,,,,,
nan,nan,ENSXETP00000058039,XENTR,1.0,,,,,,,,,1,,,,,
nan,nan,ENSXETP00000058042,XENTR,1.0,,,,,,,,,1,,,,,
nan,nan,ENSXETP00000055975,XENTR,1.0,,,,,,,,,1,,,,,
nan,nan,ENSXETP00000055969,XENTR,1.0,,,,,,,,,1,,,,,
nan,nan,ENSXETP00000055963,XENTR,1.0,,,,,,,,,1,,,,,
nan,nan,ENSXETP00000054847,XENTR,1.0,,,,,,,,,1,,,,,
nan,nan,ENSXETP00000053895,XENTR,1.0,,,,,,,,,1,,,,,
nan,nan,ENSXETP00000054226,XENTR,1.0,,,,,,,,,1,,,,,
nan,nan,ENSXETP00000054236,XENTR,1.0,,,,,,,,,1,,,,,
nan,nan,ENSXETP00000054239,XENTR,1.0,,,,,,,,,1,,,,,
nan,nan,ENSXETP00000054251,XENTR,1.0,,,,,,,,,1,,,,,
nan,nan,ENSXETP00000054252,XENTR,1.0,,,,,,,,,1,,,,,
nan,nan,ENSXETP00000054257,XENTR,1.0,,,,,,,,,1,,,,,
nan,nan,ENSXETP00000054820,XENTR,1.0,,,,,,,,,1,,,,,
nan,nan,ENSXETP00000054846,XENTR,1.0,,,,,,,,,1,,,,,
nan,nan,ENSXETP00000054857,XENTR,1.0,,,,,,,,,1,,,,,
nan,nan,ENSXETP00000055959,XENTR,1.0,,,,,,,,,1,,,,,
nan,nan,ENSXETP00000054903,XENTR,1.0,,,,,,,,,1,,,,,
nan,nan,ENSXETP00000055123,XENTR,1.0,,,,,,,,,1,,,,,
nan,nan,ENSXETP00000055293,XENTR,1.0,,,,,,,,,1,,,,,
nan,nan,ENSXETP00000055297,XENTR,1.0,,,,,,,,,1,,,,,
nan,nan,ENSXETP00000055409,XENTR,1.0,,,,,,,,,1,,,,,
nan,nan,ENSXETP00000055413,XENTR,1.0,,,,,,,,,1,,,,,
nan,nan,ENSXETP00000055656,XENTR,1.0,,,,,,,,,1,,,,,
nan,nan,ENSXETP00000055659,XENTR,1.0,,,,,,,,,1,,,,,
nan,nan,ENSXETP00000055851,XENTR,1.0,,,,,,,,,1,,,,,
nan,nan,ENSRNOP00000050837,RAT,1.0,,,,,,,,,1,,,,,
nan,nan,ENSRNOP00000050658,RAT,1.0,,,,,,,,,1,,,,,
nan,nan,ENSRNOP00000050424,RAT,1.0,,,,,,,,,1,,,,,
nan,nan,ENSRNOP00000049559,RAT,1.0,,,,,,,,,1,,,,,
nan,nan,ENSMODP00000027606,MONDO,1.0,,,,,,,,,1,,,,,
nan,nan,ENSMODP00000027607,MONDO,1.0,,,,,,,,,1,,,,,
nan,nan,ENSMODP00000027608,MONDO,1.0,,,,,,,,,1,,,,,
nan,nan,ENSMODP00000032443,MONDO,1.0,,,,,,,,,1,,,,,
nan,nan,ENSMODP00000032451,MONDO,1.0,,,,,,,,,1,,,,,
nan,nan,ENSMODP00000032452,MONDO,1.0,,,,,,,,,1,,,,,
nan,nan,ENSMODP00000034575,MONDO,1.0,,,,,,,,,1,,,,,
nan,nan,ENSMODP00000038059,MONDO,1.0,,,,,,,,,1,,,,,
nan,nan,ENSMUSP00000052418,MOUSE,1.0,,,,,,,,,1,,,,,
nan,nan,ENSMUSP00000085121,MOUSE,1.0,,,,,,,,,1,,,,,
nan,nan,ENSMUSP00000085669,MOUSE,1.0,,,,,,,,,1,,,,,
nan,nan,ENSMUSP00000095814,MOUSE,1.0,,,,,,,,,1,,,,,
nan,nan,ENSMUSP00000102489,MOUSE,1.0,,,,,,,,,1,,,,,
nan,nan,ENSMUSP00000131106,MOUSE,1.0,,,,,,,,,1,,,,,
nan,nan,ENSOANP00000022928,ORNAN,1.0,,,,,,,,,1,,,,,
nan,nan,ENSP00000349693,HUMAN,1.0,,,,,,,,,1,,,,,
nan,nan,ENSP00000395317,HUMAN,1.0,,,,,,,,,1,,,,,
nan,nan,ENSPTRP00000002547,PANTR,1.0,,,,,,,,,1,,,,,
nan,nan,ENSPTRP00000002571,PANTR,1.0,,,,,,,,,1,,,,,
nan,nan,ENSPTRP00000005679,PANTR,1.0,,,,,,,,,1,,,,,
nan,nan,ENSPTRP00000005741,PANTR,1.0,,,,,,,,,1,,,,,
nan,nan,ENSMODP00000014137,MONDO,1.0,,,,,,,,,1,,,,,
nan,nan,ENSMODP00000011568,MONDO,1.0,,,,,,,,,1,,,,,
nan,nan,ENSMODP00000011513,MONDO,1.0,,,,,,,,,1,,,,,
nan,nan,ENSGALP00000035363,CHICK,1.0,,,,,,,,,1,,,,,
nan,nan,ENSGALP00000035281,CHICK,1.0,,,,,,,,,1,,,,,
nan,nan,ENSGALP00000035283,CHICK,1.0,,,,,,,,,1,,,,,
nan,nan,ENSGALP00000035284,CHICK,1.0,,,,,,,,,1,,,,,
nan,nan,ENSGALP00000035329,CHICK,1.0,,,,,,,,,1,,,,,
nan,nan,ENSGALP00000035330,CHICK,1.0,,,,,,,,,1,,,,,
nan,nan,ENSGALP00000035334,CHICK,1.0,,,,,,,,,1,,,,,
nan,nan,ENSGALP00000035343,CHICK,1.0,,,,,,,,,1,,,,,
nan,nan,ENSGALP00000035345,CHICK,1.0,,,,,,,,,1,,,,,
nan,nan,ENSGALP00000035360,CHICK,1.0,,,,,,,,,1,,,,,
nan,nan,ENSGALP00000035375,CHICK,1.0,,,,,,,,,1,,,,,
nan,nan,ENSMODP00000010986,MONDO,1.0,,,,,,,,,1,,,,,
nan,nan,ENSGALP00000035385,CHICK,1.0,,,,,,,,,1,,,,,
nan,nan,ENSGALP00000035405,CHICK,1.0,,,,,,,,,1,,,,,
nan,nan,ENSGALP00000035409,CHICK,1.0,,,,,,,,,1,,,,,
nan,nan,ENSGALP00000035422,CHICK,1.0,,,,,,,,,1,,,,,
nan,nan,ENSGALP00000035430,CHICK,1.0,,,,,,,,,1,,,,,
nan,nan,ENSGALP00000035588,CHICK,1.0,,,,,,,,,1,,,,,
nan,nan,ENSGALP00000039576,CHICK,1.0,,,,,,,,,1,,,,,
nan,nan,ENSGALP00000039578,CHICK,1.0,,,,,,,,,1,,,,,
nan,nan,ENSGALP00000039583,CHICK,1.0,,,,,,,,,1,,,,,
nan,nan,ENSPTRP00000006265,PANTR,1.0,,,,,,,,,1,,,,,
nan,nan,ENSPTRP00000006290,PANTR,1.0,,,,,,,,,1,,,,,
nan,nan,ENSPTRP00000006326,PANTR,1.0,,,,,,,,,1,,,,,
nan,nan,ENSRNOP00000041727,RAT,1.0,,,,,,,,,1,,,,,
nan,nan,ENSPTRP00000055389,PANTR,1.0,,,,,,,,,1,,,,,
nan,nan,ENSPTRP00000056554,PANTR,1.0,,,,,,,,,1,,,,,
nan,nan,ENSPTRP00000056824,PANTR,1.0,,,,,,,,,1,,,,,
nan,nan,ENSPTRP00000059403,PANTR,1.0,,,,,,,,,1,,,,,
nan,nan,ENSPTRP00000059648,PANTR,1.0,,,,,,,,,1,,,,,
nan,nan,ENSRNOP00000007863,RAT,1.0,,,,,,,,,1,,,,,
nan,nan,ENSRNOP00000021160,RAT,1.0,,,,,,,,,1,,,,,
nan,nan,ENSRNOP00000039954,RAT,1.0,,,,,,,,,1,,,,,
nan,nan,ENSRNOP00000041368,RAT,1.0,,,,,,,,,1,,,,,
nan,nan,ENSRNOP00000042413,RAT,1.0,,,,,,,,,1,,,,,
nan,nan,ENSPTRP00000054943,PANTR,1.0,,,,,,,,,1,,,,,
nan,nan,ENSRNOP00000043194,RAT,1.0,,,,,,,,,1,,,,,
nan,nan,ENSRNOP00000044734,RAT,1.0,,,,,,,,,1,,,,,
nan,nan,ENSRNOP00000044915,RAT,1.0,,,,,,,,,1,,,,,
nan,nan,ENSRNOP00000045349,RAT,1.0,,,,,,,,,1,,,,,
nan,nan,ENSRNOP00000045399,RAT,1.0,,,,,,,,,1,,,,,
nan,nan,ENSRNOP00000046441,RAT,1.0,,,,,,,,,1,,,,,
nan,nan,ENSRNOP00000047119,RAT,1.0,,,,,,,,,1,,,,,
nan,nan,ENSRNOP00000047605,RAT,1.0,,,,,,,,,1,,,,,
nan,nan,ENSRNOP00000048030,RAT,1.0,,,,,,,,,1,,,,,
nan,nan,ENSPTRP00000055195,PANTR,1.0,,,,,,,,,1,,,,,
nan,nan,ENSPTRP00000054868,PANTR,1.0,,,,,,,,,1,,,,,
nan,nan,ENSPTRP00000007551,PANTR,1.0,,,,,,,,,1,,,,,
nan,nan,ENSPTRP00000050949,PANTR,1.0,,,,,,,,,1,,,,,
nan,nan,ENSPTRP00000014605,PANTR,1.0,,,,,,,,,1,,,,,
nan,nan,ENSPTRP00000026089,PANTR,1.0,,,,,,,,,1,,,,,
nan,nan,ENSPTRP00000033937,PANTR,1.0,,,,,,,,,1,,,,,
nan,nan,ENSPTRP00000040855,PANTR,1.0,,,,,,,,,1,,,,,
nan,nan,ENSPTRP00000041494,PANTR,1.0,,,,,,,,,1,,,,,
nan,nan,ENSPTRP00000043638,PANTR,1.0,,,,,,,,,1,,,,,
nan,nan,ENSPTRP00000047835,PANTR,1.0,,,,,,,,,1,,,,,
nan,nan,ENSPTRP00000048085,PANTR,1.0,,,,,,,,,1,,,,,
nan,nan,ENSPTRP00000050809,PANTR,1.0,,,,,,,,,1,,,,,
nan,nan,ENSPTRP00000050955,PANTR,1.0,,,,,,,,,1,,,,,
nan,nan,ENSPTRP00000054860,PANTR,1.0,,,,,,,,,1,,,,,
nan,nan,ENSPTRP00000051205,PANTR,1.0,,,,,,,,,1,,,,,
nan,nan,ENSPTRP00000053189,PANTR,1.0,,,,,,,,,1,,,,,
nan,nan,ENSPTRP00000053233,PANTR,1.0,,,,,,,,,1,,,,,
nan,nan,ENSPTRP00000053235,PANTR,1.0,,,,,,,,,1,,,,,
nan,nan,ENSPTRP00000054543,PANTR,1.0,,,,,,,,,1,,,,,
nan,nan,ENSPTRP00000054660,PANTR,1.0,,,,,,,,,1,,,,,
nan,nan,ENSPTRP00000054853,PANTR,1.0,,,,,,,,,1,,,,,
nan,nan,ENSPTRP00000054855,PANTR,1.0,,,,,,,,,1,,,,,
nan,nan,ENSPTRP00000054857,PANTR,1.0,,,,,,,,,1,,,,,
nan,nan,ENSCAFP00000033969,CANFA,1.0,,,,,,,,,1,,,,,
nan,nan,ENSCAFP00000033883,CANFA,1.0,,,,,,,,,1,,,,,
nan,nan,ENSCAFP00000033810,CANFA,1.0,,,,,,,,,1,,,,,
nan,nan,ENSBTAP00000049941,BOVIN,1.0,,,,,,,,,1,,,,,
nan,nan,ENSBTAP00000049496,BOVIN,1.0,,,,,,,,,1,,,,,
nan,nan,ENSBTAP00000049497,BOVIN,1.0,,,,,,,,,1,,,,,
nan,nan,ENSBTAP00000049515,BOVIN,1.0,,,,,,,,,1,,,,,
nan,nan,ENSBTAP00000049523,BOVIN,1.0,,,,,,,,,1,,,,,
nan,nan,ENSBTAP00000049537,BOVIN,1.0,,,,,,,,,1,,,,,
nan,nan,ENSBTAP00000049542,BOVIN,1.0,,,,,,,,,1,,,,,
nan,nan,ENSBTAP00000049649,BOVIN,1.0,,,,,,,,,1,,,,,
nan,nan,ENSBTAP00000049658,BOVIN,1.0,,,,,,,,,1,,,,,
nan,nan,ENSBTAP00000049661,BOVIN,1.0,,,,,,,,,1,,,,,
nan,nan,ENSBTAP00000049697,BOVIN,1.0,,,,,,,,,1,,,,,
nan,nan,ENSBTAP00000049728,BOVIN,1.0,,,,,,,,,1,,,,,
nan,nan,ENSBTAP00000049741,BOVIN,1.0,,,,,,,,,1,,,,,
nan,nan,ENSBTAP00000049758,BOVIN,1.0,,,,,,,,,1,,,,,
nan,nan,ENSBTAP00000049760,BOVIN,1.0,,,,,,,,,1,,,,,
nan,nan,ENSBTAP00000049764,BOVIN,1.0,,,,,,,,,1,,,,,
nan,nan,ENSBTAP00000049767,BOVIN,1.0,,,,,,,,,1,,,,,
nan,nan,ENSBTAP00000049836,BOVIN,1.0,,,,,,,,,1,,,,,
nan,nan,ENSBTAP00000049839,BOVIN,1.0,,,,,,,,,1,,,,,
nan,nan,ENSBTAP00000049880,BOVIN,1.0,,,,,,,,,1,,,,,
nan,nan,ENSBTAP00000049899,BOVIN,1.0,,,,,,,,,1,,,,,
nan,nan,ENSBTAP00000049900,BOVIN,1.0,,,,,,,,,1,,,,,
nan,nan,ENSBTAP00000049487,BOVIN,1.0,,,,,,,,,1,,,,,
nan,nan,ENSBTAP00000049460,BOVIN,1.0,,,,,,,,,1,,,,,
nan,nan,ENSBTAP00000049446,BOVIN,1.0,,,,,,,,,1,,,,,
nan,nan,ENSBTAP00000049218,BOVIN,1.0,,,,,,,,,1,,,,,
nan,nan,ENSBTAP00000049045,BOVIN,1.0,,,,,,,,,1,,,,,
nan,nan,ENSBTAP00000049047,BOVIN,1.0,,,,,,,,,1,,,,,
nan,nan,ENSBTAP00000049064,BOVIN,1.0,,,,,,,,,1,,,,,
nan,nan,ENSBTAP00000049086,BOVIN,1.0,,,,,,,,,1,,,,,
nan,nan,ENSBTAP00000049107,BOVIN,1.0,,,,,,,,,1,,,,,
nan,nan,ENSBTAP00000049110,BOVIN,1.0,,,,,,,,,1,,,,,
nan,nan,ENSBTAP00000049111,BOVIN,1.0,,,,,,,,,1,,,,,
nan,nan,ENSBTAP00000049124,BOVIN,1.0,,,,,,,,,1,,,,,
nan,nan,ENSBTAP00000049128,BOVIN,1.0,,,,,,,,,1,,,,,
nan,nan,ENSBTAP00000049249,BOVIN,1.0,,,,,,,,,1,,,,,
nan,nan,ENSBTAP00000049440,BOVIN,1.0,,,,,,,,,1,,,,,
nan,nan,ENSBTAP00000049265,BOVIN,1.0,,,,,,,,,1,,,,,
nan,nan,ENSBTAP00000049276,BOVIN,1.0,,,,,,,,,1,,,,,
nan,nan,ENSBTAP00000049282,BOVIN,1.0,,,,,,,,,1,,,,,
nan,nan,ENSBTAP00000049284,BOVIN,1.0,,,,,,,,,1,,,,,
nan,nan,ENSBTAP00000049312,BOVIN,1.0,,,,,,,,,1,,,,,
nan,nan,ENSBTAP00000049339,BOVIN,1.0,,,,,,,,,1,,,,,
nan,nan,ENSBTAP00000049372,BOVIN,1.0,,,,,,,,,1,,,,,
nan,nan,ENSBTAP00000049376,BOVIN,1.0,,,,,,,,,1,,,,,
nan,nan,ENSBTAP00000049392,BOVIN,1.0,,,,,,,,,1,,,,,
nan,nan,ENSBTAP00000049928,BOVIN,1.0,,,,,,,,,1,,,,,
nan,nan,ENSBTAP00000049951,BOVIN,1.0,,,,,,,,,1,,,,,
nan,nan,ENSCAFP00000033729,CANFA,1.0,,,,,,,,,1,,,,,
nan,nan,ENSBTAP00000049953,BOVIN,1.0,,,,,,,,,1,,,,,
nan,nan,ENSBTAP00000050487,BOVIN,1.0,,,,,,,,,1,,,,,
nan,nan,ENSBTAP00000050523,BOVIN,1.0,,,,,,,,,1,,,,,
nan,nan,ENSBTAP00000050587,BOVIN,1.0,,,,,,,,,1,,,,,
nan,nan,ENSBTAP00000050603,BOVIN,1.0,,,,,,,,,1,,,,,
nan,nan,ENSBTAP00000050611,BOVIN,1.0,,,,,,,,,1,,,,,
nan,nan,ENSBTAP00000050622,BOVIN,1.0,,,,,,,,,1,,,,,
nan,nan,ENSBTAP00000050733,BOVIN,1.0,,,,,,,,,1,,,,,
nan,nan,ENSBTAP00000050769,BOVIN,1.0,,,,,,,,,1,,,,,
nan,nan,ENSBTAP00000050777,BOVIN,1.0,,,,,,,,,1,,,,,
nan,nan,ENSBTAP00000050821,BOVIN,1.0,,,,,,,,,1,,,,,
nan,nan,ENSBTAP00000050822,BOVIN,1.0,,,,,,,,,1,,,,,
nan,nan,ENSBTAP00000050867,BOVIN,1.0,,,,,,,,,1,,,,,
nan,nan,ENSBTAP00000050896,BOVIN,1.0,,,,,,,,,1,,,,,
nan,nan,ENSBTAP00000050924,BOVIN,1.0,,,,,,,,,1,,,,,
nan,nan,ENSBTAP00000050930,BOVIN,1.0,,,,,,,,,1,,,,,
nan,nan,ENSBTAP00000050938,BOVIN,1.0,,,,,,,,,1,,,,,
nan,nan,ENSBTAP00000050947,BOVIN,1.0,,,,,,,,,1,,,,,
nan,nan,ENSBTAP00000050950,BOVIN,1.0,,,,,,,,,1,,,,,
nan,nan,ENSBTAP00000050964,BOVIN,1.0,,,,,,,,,1,,,,,
nan,nan,ENSBTAP00000050972,BOVIN,1.0,,,,,,,,,1,,,,,
nan,nan,ENSBTAP00000050986,BOVIN,1.0,,,,,,,,,1,,,,,
nan,nan,ENSBTAP00000050469,BOVIN,1.0,,,,,,,,,1,,,,,
nan,nan,ENSBTAP00000050392,BOVIN,1.0,,,,,,,,,1,,,,,
nan,nan,ENSBTAP00000050383,BOVIN,1.0,,,,,,,,,1,,,,,
nan,nan,ENSBTAP00000050209,BOVIN,1.0,,,,,,,,,1,,,,,
nan,nan,ENSBTAP00000049977,BOVIN,1.0,,,,,,,,,1,,,,,
nan,nan,ENSBTAP00000050007,BOVIN,1.0,,,,,,,,,1,,,,,
nan,nan,ENSBTAP00000050025,BOVIN,1.0,,,,,,,,,1,,,,,
nan,nan,ENSBTAP00000050031,BOVIN,1.0,,,,,,,,,1,,,,,
nan,nan,ENSBTAP00000050119,BOVIN,1.0,,,,,,,,,1,,,,,
nan,nan,ENSBTAP00000050165,BOVIN,1.0,,,,,,,,,1,,,,,
nan,nan,ENSBTAP00000050168,BOVIN,1.0,,,,,,,,,1,,,,,
nan,nan,ENSBTAP00000050179,BOVIN,1.0,,,,,,,,,1,,,,,
nan,nan,ENSBTAP00000050201,BOVIN,1.0,,,,,,,,,1,,,,,
nan,nan,ENSBTAP00000050224,BOVIN,1.0,,,,,,,,,1,,,,,
nan,nan,ENSBTAP00000050332,BOVIN,1.0,,,,,,,,,1,,,,,
nan,nan,ENSBTAP00000050225,BOVIN,1.0,,,,,,,,,1,,,,,
nan,nan,ENSBTAP00000050240,BOVIN,1.0,,,,,,,,,1,,,,,
nan,nan,ENSBTAP00000050259,BOVIN,1.0,,,,,,,,,1,,,,,
nan,nan,ENSBTAP00000050260,BOVIN,1.0,,,,,,,,,1,,,,,
nan,nan,ENSBTAP00000050266,BOVIN,1.0,,,,,,,,,1,,,,,
nan,nan,ENSBTAP00000050294,BOVIN,1.0,,,,,,,,,1,,,,,
nan,nan,ENSBTAP00000050303,BOVIN,1.0,,,,,,,,,1,,,,,
nan,nan,ENSBTAP00000050320,BOVIN,1.0,,,,,,,,,1,,,,,
nan,nan,ENSBTAP00000050328,BOVIN,1.0,,,,,,,,,1,,,,,
nan,nan,ENSBTAP00000049003,BOVIN,1.0,,,,,,,,,1,,,,,
nan,nan,ENSBTAP00000048979,BOVIN,1.0,,,,,,,,,1,,,,,
nan,nan,ENSBTAP00000048961,BOVIN,1.0,,,,,,,,,1,,,,,
nan,nan,ENSBTAP00000048959,BOVIN,1.0,,,,,,,,,1,,,,,
nan,nan,ENSBTAP00000042677,BOVIN,1.0,,,,,,,,,1,,,,,
nan,nan,ENSBTAP00000042688,BOVIN,1.0,,,,,,,,,1,,,,,
nan,nan,ENSBTAP00000042693,BOVIN,1.0,,,,,,,,,1,,,,,
nan,nan,ENSBTAP00000043126,BOVIN,1.0,,,,,,,,,1,,,,,
nan,nan,ENSBTAP00000044198,BOVIN,1.0,,,,,,,,,1,,,,,
nan,nan,ENSBTAP00000045342,BOVIN,1.0,,,,,,,,,1,,,,,
nan,nan,ENSBTAP00000045926,BOVIN,1.0,,,,,,,,,1,,,,,
nan,nan,ENSBTAP00000046154,BOVIN,1.0,,,,,,,,,1,,,,,
nan,nan,ENSBTAP00000046188,BOVIN,1.0,,,,,,,,,1,,,,,
nan,nan,ENSBTAP00000046316,BOVIN,1.0,,,,,,,,,1,,,,,
nan,nan,ENSBTAP00000046709,BOVIN,1.0,,,,,,,,,1,,,,,
nan,nan,ENSBTAP00000046928,BOVIN,1.0,,,,,,,,,1,,,,,
nan,nan,ENSBTAP00000047174,BOVIN,1.0,,,,,,,,,1,,,,,
nan,nan,ENSBTAP00000047476,BOVIN,1.0,,,,,,,,,1,,,,,
nan,nan,ENSBTAP00000047536,BOVIN,1.0,,,,,,,,,1,,,,,
nan,nan,ENSBTAP00000047537,BOVIN,1.0,,,,,,,,,1,,,,,
nan,nan,ENSBTAP00000047578,BOVIN,1.0,,,,,,,,,1,,,,,
nan,nan,ENSBTAP00000047603,BOVIN,1.0,,,,,,,,,1,,,,,
nan,nan,ENSBTAP00000047612,BOVIN,1.0,,,,,,,,,1,,,,,
nan,nan,ENSBTAP00000047616,BOVIN,1.0,,,,,,,,,1,,,,,
nan,nan,ENSBTAP00000047633,BOVIN,1.0,,,,,,,,,1,,,,,
nan,nan,ENSBTAP00000042423,BOVIN,1.0,,,,,,,,,1,,,,,
nan,nan,ENSBTAP00000042421,BOVIN,1.0,,,,,,,,,1,,,,,
nan,nan,ENSBTAP00000041010,BOVIN,1.0,,,,,,,,,1,,,,,
nan,nan,ENSBTAP00000026205,BOVIN,1.0,,,,,,,,,1,,,,,
nan,nan,ENSBTAP00000015821,BOVIN,1.0,,,,,,,,,1,,,,,
nan,nan,ENSBTAP00000016208,BOVIN,1.0,,,,,,,,,1,,,,,
nan,nan,ENSBTAP00000016215,BOVIN,1.0,,,,,,,,,1,,,,,
nan,nan,ENSBTAP00000016613,BOVIN,1.0,,,,,,,,,1,,,,,
H2Q307,H2Q307_PANTR,ENSPTRP00000005736,PANTR,1.0,,,,,,,,,1,,,,,
nan,nan,ENSBTAP00000021452,BOVIN,1.0,,,,,,,,,1,,,,,
nan,nan,ENSBTAP00000022672,BOVIN,1.0,,,,,,,,,1,,,,,
nan,nan,ENSBTAP00000024055,BOVIN,1.0,,,,,,,,,1,,,,,
nan,nan,ENSBTAP00000026020,BOVIN,1.0,,,,,,,,,1,,,,,
nan,nan,ENSBTAP00000030193,BOVIN,1.0,,,,,,,,,1,,,,,
nan,nan,ENSBTAP00000041009,BOVIN,1.0,,,,,,,,,1,,,,,
nan,nan,ENSBTAP00000030289,BOVIN,1.0,,,,,,,,,1,,,,,
nan,nan,ENSBTAP00000030738,BOVIN,1.0,,,,,,,,,1,,,,,
nan,nan,ENSBTAP00000030750,BOVIN,1.0,,,,,,,,,1,,,,,
nan,nan,ENSBTAP00000033232,BOVIN,1.0,,,,,,,,,1,,,,,
nan,nan,ENSBTAP00000033373,BOVIN,1.0,,,,,,,,,1,,,,,
nan,nan,ENSBTAP00000034367,BOVIN,1.0,,,,,,,,,1,,,,,
nan,nan,ENSBTAP00000035827,BOVIN,1.0,,,,,,,,,1,,,,,
nan,nan,ENSBTAP00000037416,BOVIN,1.0,,,,,,,,,1,,,,,
nan,nan,ENSBTAP00000037417,BOVIN,1.0,,,,,,,,,1,,,,,
nan,nan,ENSBTAP00000047673,BOVIN,1.0,,,,,,,,,1,,,,,
nan,nan,ENSBTAP00000047674,BOVIN,1.0,,,,,,,,,1,,,,,
nan,nan,ENSBTAP00000047684,BOVIN,1.0,,,,,,,,,1,,,,,
nan,nan,ENSBTAP00000048578,BOVIN,1.0,,,,,,,,,1,,,,,
nan,nan,ENSBTAP00000048265,BOVIN,1.0,,,,,,,,,1,,,,,
nan,nan,ENSBTAP00000048288,BOVIN,1.0,,,,,,,,,1,,,,,
nan,nan,ENSBTAP00000048371,BOVIN,1.0,,,,,,,,,1,,,,,
nan,nan,ENSBTAP00000048428,BOVIN,1.0,,,,,,,,,1,,,,,
nan,nan,ENSBTAP00000048480,BOVIN,1.0,,,,,,,,,1,,,,,
nan,nan,ENSBTAP00000048499,BOVIN,1.0,,,,,,,,,1,,,,,
nan,nan,ENSBTAP00000048508,BOVIN,1.0,,,,,,,,,1,,,,,
nan,nan,ENSBTAP00000048558,BOVIN,1.0,,,,,,,,,1,,,,,
nan,nan,ENSBTAP00000048568,BOVIN,1.0,,,,,,,,,1,,,,,
nan,nan,ENSBTAP00000048670,BOVIN,1.0,,,,,,,,,1,,,,,
nan,nan,ENSBTAP00000048257,BOVIN,1.0,,,,,,,,,1,,,,,
nan,nan,ENSBTAP00000048671,BOVIN,1.0,,,,,,,,,1,,,,,
nan,nan,ENSBTAP00000048803,BOVIN,1.0,,,,,,,,,1,,,,,
nan,nan,ENSBTAP00000048824,BOVIN,1.0,,,,,,,,,1,,,,,
nan,nan,ENSBTAP00000048858,BOVIN,1.0,,,,,,,,,1,,,,,
nan,nan,ENSBTAP00000048875,BOVIN,1.0,,,,,,,,,1,,,,,
nan,nan,ENSBTAP00000048879,BOVIN,1.0,,,,,,,,,1,,,,,
nan,nan,ENSBTAP00000048912,BOVIN,1.0,,,,,,,,,1,,,,,
nan,nan,ENSBTAP00000048941,BOVIN,1.0,,,,,,,,,1,,,,,
nan,nan,ENSBTAP00000048945,BOVIN,1.0,,,,,,,,,1,,,,,
nan,nan,ENSBTAP00000048258,BOVIN,1.0,,,,,,,,,1,,,,,
nan,nan,ENSBTAP00000048254,BOVIN,1.0,,,,,,,,,1,,,,,
nan,nan,ENSBTAP00000047686,BOVIN,1.0,,,,,,,,,1,,,,,
nan,nan,ENSBTAP00000047968,BOVIN,1.0,,,,,,,,,1,,,,,
nan,nan,ENSBTAP00000047722,BOVIN,1.0,,,,,,,,,1,,,,,
nan,nan,ENSBTAP00000047724,BOVIN,1.0,,,,,,,,,1,,,,,
nan,nan,ENSBTAP00000047771,BOVIN,1.0,,,,,,,,,1,,,,,
nan,nan,ENSBTAP00000047803,BOVIN,1.0,,,,,,,,,1,,,,,
nan,nan,ENSBTAP00000047804,BOVIN,1.0,,,,,,,,,1,,,,,
nan,nan,ENSBTAP00000047844,BOVIN,1.0,,,,,,,,,1,,,,,
nan,nan,ENSBTAP00000047860,BOVIN,1.0,,,,,,,,,1,,,,,
nan,nan,ENSBTAP00000047894,BOVIN,1.0,,,,,,,,,1,,,,,
nan,nan,ENSBTAP00000047939,BOVIN,1.0,,,,,,,,,1,,,,,
nan,nan,ENSBTAP00000048006,BOVIN,1.0,,,,,,,,,1,,,,,
nan,nan,ENSBTAP00000048238,BOVIN,1.0,,,,,,,,,1,,,,,
nan,nan,ENSBTAP00000048011,BOVIN,1.0,,,,,,,,,1,,,,,
nan,nan,ENSBTAP00000048019,BOVIN,1.0,,,,,,,,,1,,,,,
nan,nan,ENSBTAP00000048063,BOVIN,1.0,,,,,,,,,1,,,,,
nan,nan,ENSBTAP00000048066,BOVIN,1.0,,,,,,,,,1,,,,,
nan,nan,ENSBTAP00000048105,BOVIN,1.0,,,,,,,,,1,,,,,
nan,nan,ENSBTAP00000048110,BOVIN,1.0,,,,,,,,,1,,,,,
nan,nan,ENSBTAP00000048169,BOVIN,1.0,,,,,,,,,1,,,,,
nan,nan,ENSBTAP00000048175,BOVIN,1.0,,,,,,,,,1,,,,,
nan,nan,ENSBTAP00000048177,BOVIN,1.0,,,,,,,,,1,,,,,
nan,nan,ENSBTAP00000050988,BOVIN,1.0,,,,,,,,,1,,,,,
nan,nan,ENSBTAP00000051026,BOVIN,1.0,,,,,,,,,1,,,,,
nan,nan,ENSBTAP00000051035,BOVIN,1.0,,,,,,,,,1,,,,,
nan,nan,ENSCAFP00000009324,CANFA,1.0,,,,,,,,,1,,,,,
nan,nan,ENSCAFP00000018030,CANFA,1.0,,,,,,,,,1,,,,,
nan,nan,ENSCAFP00000018232,CANFA,1.0,,,,,,,,,1,,,,,
nan,nan,ENSCAFP00000018373,CANFA,1.0,,,,,,,,,1,,,,,
nan,nan,ENSCAFP00000018378,CANFA,1.0,,,,,,,,,1,,,,,
nan,nan,ENSCAFP00000018386,CANFA,1.0,,,,,,,,,1,,,,,
nan,nan,ENSCAFP00000018398,CANFA,1.0,,,,,,,,,1,,,,,
nan,nan,ENSCAFP00000018411,CANFA,1.0,,,,,,,,,1,,,,,
nan,nan,ENSCAFP00000018586,CANFA,1.0,,,,,,,,,1,,,,,
nan,nan,ENSCAFP00000020964,CANFA,1.0,,,,,,,,,1,,,,,
nan,nan,ENSCAFP00000022320,CANFA,1.0,,,,,,,,,1,,,,,
nan,nan,ENSCAFP00000022416,CANFA,1.0,,,,,,,,,1,,,,,
nan,nan,ENSCAFP00000022695,CANFA,1.0,,,,,,,,,1,,,,,
nan,nan,ENSCAFP00000023251,CANFA,1.0,,,,,,,,,1,,,,,
nan,nan,ENSCAFP00000023252,CANFA,1.0,,,,,,,,,1,,,,,
nan,nan,ENSCAFP00000023254,CANFA,1.0,,,,,,,,,1,,,,,
nan,nan,ENSCAFP00000023257,CANFA,1.0,,,,,,,,,1,,,,,
nan,nan,ENSCAFP00000023261,CANFA,1.0,,,,,,,,,1,,,,,
nan,nan,ENSCAFP00000023273,CANFA,1.0,,,,,,,,,1,,,,,
nan,nan,ENSCAFP00000023279,CANFA,1.0,,,,,,,,,1,,,,,
nan,nan,ENSCAFP00000023902,CANFA,1.0,,,,,,,,,1,,,,,
nan,nan,ENSCAFP00000023908,CANFA,1.0,,,,,,,,,1,,,,,
nan,nan,ENSCAFP00000017174,CANFA,1.0,,,,,,,,,1,,,,,
nan,nan,ENSCAFP00000016771,CANFA,1.0,,,,,,,,,1,,,,,
nan,nan,ENSCAFP00000016654,CANFA,1.0,,,,,,,,,1,,,,,
nan,nan,ENSCAFP00000011431,CANFA,1.0,,,,,,,,,1,,,,,
nan,nan,ENSCAFP00000009435,CANFA,1.0,,,,,,,,,1,,,,,
nan,nan,ENSCAFP00000009438,CANFA,1.0,,,,,,,,,1,,,,,
nan,nan,ENSCAFP00000009464,CANFA,1.0,,,,,,,,,1,,,,,
nan,nan,ENSCAFP00000009466,CANFA,1.0,,,,,,,,,1,,,,,
nan,nan,ENSCAFP00000009467,CANFA,1.0,,,,,,,,,1,,,,,
nan,nan,ENSCAFP00000009495,CANFA,1.0,,,,,,,,,1,,,,,
nan,nan,ENSCAFP00000009499,CANFA,1.0,,,,,,,,,1,,,,,
nan,nan,ENSCAFP00000009527,CANFA,1.0,,,,,,,,,1,,,,,
nan,nan,ENSCAFP00000009879,CANFA,1.0,,,,,,,,,1,,,,,
nan,nan,ENSCAFP00000011969,CANFA,1.0,,,,,,,,,1,,,,,
nan,nan,ENSCAFP00000012113,CANFA,1.0,,,,,,,,,1,,,,,
nan,nan,ENSCAFP00000011974,CANFA,1.0,,,,,,,,,1,,,,,
nan,nan,ENSCAFP00000011992,CANFA,1.0,,,,,,,,,1,,,,,
nan,nan,ENSCAFP00000012000,CANFA,1.0,,,,,,,,,1,,,,,
nan,nan,ENSCAFP00000012010,CANFA,1.0,,,,,,,,,1,,,,,
nan,nan,ENSCAFP00000012015,CANFA,1.0,,,,,,,,,1,,,,,
nan,nan,ENSCAFP00000012057,CANFA,1.0,,,,,,,,,1,,,,,
nan,nan,ENSCAFP00000012078,CANFA,1.0,,,,,,,,,1,,,,,
nan,nan,ENSCAFP00000012090,CANFA,1.0,,,,,,,,,1,,,,,
nan,nan,ENSCAFP00000012093,CANFA,1.0,,,,,,,,,1,,,,,
nan,nan,ENSCAFP00000028518,CANFA,1.0,,,,,,,,,1,,,,,
nan,nan,ENSCAFP00000028527,CANFA,1.0,,,,,,,,,1,,,,,
nan,nan,ENSCAFP00000030416,CANFA,1.0,,,,,,,,,1,,,,,
nan,nan,ENSCAFP00000033179,CANFA,1.0,,,,,,,,,1,,,,,
nan,nan,ENSCAFP00000032754,CANFA,1.0,,,,,,,,,1,,,,,
nan,nan,ENSCAFP00000032758,CANFA,1.0,,,,,,,,,1,,,,,
nan,nan,ENSCAFP00000032761,CANFA,1.0,,,,,,,,,1,,,,,
nan,nan,ENSCAFP00000032764,CANFA,1.0,,,,,,,,,1,,,,,
nan,nan,ENSCAFP00000032859,CANFA,1.0,,,,,,,,,1,,,,,
nan,nan,ENSCAFP00000032971,CANFA,1.0,,,,,,,,,1,,,,,
nan,nan,ENSCAFP00000033023,CANFA,1.0,,,,,,,,,1,,,,,
nan,nan,ENSCAFP00000033153,CANFA,1.0,,,,,,,,,1,,,,,
nan,nan,ENSCAFP00000033168,CANFA,1.0,,,,,,,,,1,,,,,
nan,nan,ENSCAFP00000033222,CANFA,1.0,,,,,,,,,1,,,,,
nan,nan,ENSCAFP00000032742,CANFA,1.0,,,,,,,,,1,,,,,
nan,nan,ENSCAFP00000033227,CANFA,1.0,,,,,,,,,1,,,,,
nan,nan,ENSCAFP00000033250,CANFA,1.0,,,,,,,,,1,,,,,
nan,nan,ENSCAFP00000033261,CANFA,1.0,,,,,,,,,1,,,,,
nan,nan,ENSCAFP00000033264,CANFA,1.0,,,,,,,,,1,,,,,
nan,nan,ENSCAFP00000033292,CANFA,1.0,,,,,,,,,1,,,,,
nan,nan,ENSCAFP00000033565,CANFA,1.0,,,,,,,,,1,,,,,
nan,nan,ENSCAFP00000033591,CANFA,1.0,,,,,,,,,1,,,,,
nan,nan,ENSCAFP00000033615,CANFA,1.0,,,,,,,,,1,,,,,
nan,nan,ENSCAFP00000033655,CANFA,1.0,,,,,,,,,1,,,,,
nan,nan,ENSCAFP00000032751,CANFA,1.0,,,,,,,,,1,,,,,
nan,nan,ENSCAFP00000032740,CANFA,1.0,,,,,,,,,1,,,,,
nan,nan,ENSCAFP00000030719,CANFA,1.0,,,,,,,,,1,,,,,
nan,nan,ENSCAFP00000032600,CANFA,1.0,,,,,,,,,1,,,,,
nan,nan,ENSCAFP00000031003,CANFA,1.0,,,,,,,,,1,,,,,
nan,nan,ENSCAFP00000031009,CANFA,1.0,,,,,,,,,1,,,,,
nan,nan,ENSCAFP00000031220,CANFA,1.0,,,,,,,,,1,,,,,
nan,nan,ENSCAFP00000031536,CANFA,1.0,,,,,,,,,1,,,,,
nan,nan,ENSCAFP00000031647,CANFA,1.0,,,,,,,,,1,,,,,
nan,nan,ENSCAFP00000031880,CANFA,1.0,,,,,,,,,1,,,,,
nan,nan,ENSCAFP00000032161,CANFA,1.0,,,,,,,,,1,,,,,
nan,nan,ENSCAFP00000032399,CANFA,1.0,,,,,,,,,1,,,,,
nan,nan,ENSCAFP00000032547,CANFA,1.0,,,,,,,,,1,,,,,
nan,nan,ENSCAFP00000032614,CANFA,1.0,,,,,,,,,1,,,,,
nan,nan,ENSCAFP00000032738,CANFA,1.0,,,,,,,,,1,,,,,
nan,nan,ENSCAFP00000032648,CANFA,1.0,,,,,,,,,1,,,,,
nan,nan,ENSCAFP00000032657,CANFA,1.0,,,,,,,,,1,,,,,
nan,nan,ENSCAFP00000032665,CANFA,1.0,,,,,,,,,1,,,,,
nan,nan,ENSCAFP00000032672,CANFA,1.0,,,,,,,,,1,,,,,
nan,nan,ENSCAFP00000032677,CANFA,1.0,,,,,,,,,1,,,,,
nan,nan,ENSCAFP00000032680,CANFA,1.0,,,,,,,,,1,,,,,
nan,nan,ENSCAFP00000032693,CANFA,1.0,,,,,,,,,1,,,,,
nan,nan,ENSCAFP00000032705,CANFA,1.0,,,,,,,,,1,,,,,
nan,nan,ENSCAFP00000032728,CANFA,1.0,,,,,,,,,1,,,,,
nan,nan,ENSCAFP00000009432,CANFA,1.0,,,,,,,,,1,,,,,
nan,nan,ENSCAFP00000009294,CANFA,1.0,,,,,,,,,1,,,,,
nan,nan,ENSBTAP00000051042,BOVIN,1.0,,,,,,,,,1,,,,,
nan,nan,ENSCAFP00000009218,CANFA,1.0,,,,,,,,,1,,,,,
nan,nan,ENSBTAP00000051621,BOVIN,1.0,,,,,,,,,1,,,,,
nan,nan,ENSBTAP00000051702,BOVIN,1.0,,,,,,,,,1,,,,,
nan,nan,ENSBTAP00000051797,BOVIN,1.0,,,,,,,,,1,,,,,
nan,nan,ENSBTAP00000051817,BOVIN,1.0,,,,,,,,,1,,,,,
nan,nan,ENSBTAP00000051833,BOVIN,1.0,,,,,,,,,1,,,,,
nan,nan,ENSBTAP00000051837,BOVIN,1.0,,,,,,,,,1,,,,,
nan,nan,ENSBTAP00000051872,BOVIN,1.0,,,,,,,,,1,,,,,
nan,nan,ENSBTAP00000051884,BOVIN,1.0,,,,,,,,,1,,,,,
nan,nan,ENSBTAP00000051887,BOVIN,1.0,,,,,,,,,1,,,,,
nan,nan,ENSBTAP00000051890,BOVIN,1.0,,,,,,,,,1,,,,,
nan,nan,ENSBTAP00000051895,BOVIN,1.0,,,,,,,,,1,,,,,
nan,nan,ENSBTAP00000051907,BOVIN,1.0,,,,,,,,,1,,,,,
nan,nan,ENSBTAP00000051923,BOVIN,1.0,,,,,,,,,1,,,,,
nan,nan,ENSBTAP00000051996,BOVIN,1.0,,,,,,,,,1,,,,,
nan,nan,ENSBTAP00000052008,BOVIN,1.0,,,,,,,,,1,,,,,
nan,nan,ENSBTAP00000052058,BOVIN,1.0,,,,,,,,,1,,,,,
nan,nan,ENSBTAP00000052081,BOVIN,1.0,,,,,,,,,1,,,,,
nan,nan,ENSBTAP00000052143,BOVIN,1.0,,,,,,,,,1,,,,,
nan,nan,ENSBTAP00000052180,BOVIN,1.0,,,,,,,,,1,,,,,
nan,nan,ENSBTAP00000052181,BOVIN,1.0,,,,,,,,,1,,,,,
nan,nan,ENSBTAP00000052182,BOVIN,1.0,,,,,,,,,1,,,,,
nan,nan,ENSBTAP00000051615,BOVIN,1.0,,,,,,,,,1,,,,,
nan,nan,ENSBTAP00000051609,BOVIN,1.0,,,,,,,,,1,,,,,
nan,nan,ENSBTAP00000051601,BOVIN,1.0,,,,,,,,,1,,,,,
nan,nan,ENSBTAP00000051303,BOVIN,1.0,,,,,,,,,1,,,,,
nan,nan,ENSBTAP00000051122,BOVIN,1.0,,,,,,,,,1,,,,,
nan,nan,ENSBTAP00000051148,BOVIN,1.0,,,,,,,,,1,,,,,
nan,nan,ENSBTAP00000051157,BOVIN,1.0,,,,,,,,,1,,,,,
nan,nan,ENSBTAP00000051197,BOVIN,1.0,,,,,,,,,1,,,,,
nan,nan,ENSBTAP00000051217,BOVIN,1.0,,,,,,,,,1,,,,,
nan,nan,ENSBTAP00000051275,BOVIN,1.0,,,,,,,,,1,,,,,
nan,nan,ENSBTAP00000051283,BOVIN,1.0,,,,,,,,,1,,,,,
nan,nan,ENSBTAP00000051293,BOVIN,1.0,,,,,,,,,1,,,,,
nan,nan,ENSBTAP00000051294,BOVIN,1.0,,,,,,,,,1,,,,,
nan,nan,ENSBTAP00000051332,BOVIN,1.0,,,,,,,,,1,,,,,
nan,nan,ENSBTAP00000051561,BOVIN,1.0,,,,,,,,,1,,,,,
nan,nan,ENSBTAP00000051348,BOVIN,1.0,,,,,,,,,1,,,,,
nan,nan,ENSBTAP00000051363,BOVIN,1.0,,,,,,,,,1,,,,,
nan,nan,ENSBTAP00000051382,BOVIN,1.0,,,,,,,,,1,,,,,
nan,nan,ENSBTAP00000051433,BOVIN,1.0,,,,,,,,,1,,,,,
nan,nan,ENSBTAP00000051483,BOVIN,1.0,,,,,,,,,1,,,,,
nan,nan,ENSBTAP00000051491,BOVIN,1.0,,,,,,,,,1,,,,,
nan,nan,ENSBTAP00000051514,BOVIN,1.0,,,,,,,,,1,,,,,
nan,nan,ENSBTAP00000051548,BOVIN,1.0,,,,,,,,,1,,,,,
nan,nan,ENSBTAP00000051550,BOVIN,1.0,,,,,,,,,1,,,,,
nan,nan,ENSBTAP00000052204,BOVIN,1.0,,,,,,,,,1,,,,,
nan,nan,ENSBTAP00000052208,BOVIN,1.0,,,,,,,,,1,,,,,
nan,nan,ENSBTAP00000052218,BOVIN,1.0,,,,,,,,,1,,,,,
nan,nan,ENSCAFP00000001783,CANFA,1.0,,,,,,,,,1,,,,,
nan,nan,ENSBTAP00000053107,BOVIN,1.0,,,,,,,,,1,,,,,
nan,nan,ENSBTAP00000053120,BOVIN,1.0,,,,,,,,,1,,,,,
nan,nan,ENSBTAP00000053130,BOVIN,1.0,,,,,,,,,1,,,,,
nan,nan,ENSCAFP00000000057,CANFA,1.0,,,,,,,,,1,,,,,
nan,nan,ENSCAFP00000001722,CANFA,1.0,,,,,,,,,1,,,,,
nan,nan,ENSCAFP00000001728,CANFA,1.0,,,,,,,,,1,,,,,
nan,nan,ENSCAFP00000001729,CANFA,1.0,,,,,,,,,1,,,,,
nan,nan,ENSCAFP00000001775,CANFA,1.0,,,,,,,,,1,,,,,
nan,nan,ENSCAFP00000001777,CANFA,1.0,,,,,,,,,1,,,,,
nan,nan,ENSCAFP00000001789,CANFA,1.0,,,,,,,,,1,,,,,
nan,nan,ENSBTAP00000053078,BOVIN,1.0,,,,,,,,,1,,,,,
nan,nan,ENSCAFP00000001792,CANFA,1.0,,,,,,,,,1,,,,,
nan,nan,ENSCAFP00000001802,CANFA,1.0,,,,,,,,,1,,,,,
nan,nan,ENSCAFP00000001827,CANFA,1.0,,,,,,,,,1,,,,,
nan,nan,ENSCAFP00000003577,CANFA,1.0,,,,,,,,,1,,,,,
nan,nan,ENSCAFP00000008123,CANFA,1.0,,,,,,,,,1,,,,,
nan,nan,ENSCAFP00000009123,CANFA,1.0,,,,,,,,,1,,,,,
nan,nan,ENSCAFP00000009133,CANFA,1.0,,,,,,,,,1,,,,,
nan,nan,ENSCAFP00000009140,CANFA,1.0,,,,,,,,,1,,,,,
nan,nan,ENSCAFP00000009169,CANFA,1.0,,,,,,,,,1,,,,,
nan,nan,ENSBTAP00000053086,BOVIN,1.0,,,,,,,,,1,,,,,
nan,nan,ENSBTAP00000053021,BOVIN,1.0,,,,,,,,,1,,,,,
nan,nan,ENSBTAP00000052228,BOVIN,1.0,,,,,,,,,1,,,,,
nan,nan,ENSBTAP00000052421,BOVIN,1.0,,,,,,,,,1,,,,,
nan,nan,ENSBTAP00000052248,BOVIN,1.0,,,,,,,,,1,,,,,
nan,nan,ENSBTAP00000052262,BOVIN,1.0,,,,,,,,,1,,,,,
nan,nan,ENSBTAP00000052291,BOVIN,1.0,,,,,,,,,1,,,,,
nan,nan,ENSBTAP00000052293,BOVIN,1.0,,,,,,,,,1,,,,,
nan,nan,ENSBTAP00000052317,BOVIN,1.0,,,,,,,,,1,,,,,
nan,nan,ENSBTAP00000052342,BOVIN,1.0,,,,,,,,,1,,,,,
nan,nan,ENSBTAP00000052343,BOVIN,1.0,,,,,,,,,1,,,,,
nan,nan,ENSBTAP00000052360,BOVIN,1.0,,,,,,,,,1,,,,,
nan,nan,ENSBTAP00000052369,BOVIN,1.0,,,,,,,,,1,,,,,
nan,nan,ENSBTAP00000052486,BOVIN,1.0,,,,,,,,,1,,,,,
nan,nan,ENSBTAP00000052987,BOVIN,1.0,,,,,,,,,1,,,,,
nan,nan,ENSBTAP00000052581,BOVIN,1.0,,,,,,,,,1,,,,,
nan,nan,ENSBTAP00000052640,BOVIN,1.0,,,,,,,,,1,,,,,
nan,nan,ENSBTAP00000052674,BOVIN,1.0,,,,,,,,,1,,,,,
nan,nan,ENSBTAP00000052686,BOVIN,1.0,,,,,,,,,1,,,,,
nan,nan,ENSBTAP00000052697,BOVIN,1.0,,,,,,,,,1,,,,,
nan,nan,ENSBTAP00000052736,BOVIN,1.0,,,,,,,,,1,,,,,
nan,nan,ENSBTAP00000052794,BOVIN,1.0,,,,,,,,,1,,,,,
nan,nan,ENSBTAP00000052796,BOVIN,1.0,,,,,,,,,1,,,,,
nan,nan,ENSBTAP00000052824,BOVIN,1.0,,,,,,,,,1,,,,,
H2Q308,H2Q308_PANTR,ENSPTRP00000005737,PANTR,1.0,,,,,,,,,1,,,,,
H2Q2Z7,H2Q2Z7_PANTR,ENSPTRP00000005715,PANTR,1.0,,,,,,,,,1,,,,,
H2Q306,H2Q306_PANTR,ENSPTRP00000005734,PANTR,1.0,,,,,,,,,1,,,,,
E2RGT9,E2RGT9_CANFA,ENSCAFP00000035052,CANFA,1.0,,,,,,,,,1,,,,,
E2QXN1,E2QXN1_CANFA,ENSCAFP00000035108,CANFA,1.0,,,,,,,,,1,,,,,
E2QZX2,E2QZX2_CANFA,ENSCAFP00000031461,CANFA,1.0,,,,,,,,,1,,,,,
E2R0N4,E2R0N4_CANFA,ENSCAFP00000016990,CANFA,1.0,,,,,,,,,1,,,,,
E2R128,E2R128_CANFA,ENSCAFP00000012006,CANFA,1.0,,,,,,,,,1,,,,,
E2R1F3,E2R1F3_CANFA,ENSCAFP00000034832,CANFA,1.0,,,,,,,,,1,,,,,
E2R1S7,E2R1S7_CANFA,ENSCAFP00000009526,CANFA,1.0,,,,,,,,,1,,,,,
E2R1W0,E2R1W0_CANFA,ENSCAFP00000009506,CANFA,1.0,,,,,,,,,1,,,,,
E2R5N8,E2R5N8_CANFA,ENSCAFP00000009490,CANFA,1.0,,,,,,,,,1,,,,,
E2R5Q4,E2R5Q4_CANFA,ENSCAFP00000009489,CANFA,1.0,,,,,,,,,1,,,,,
E2R5R3,E2R5R3_CANFA,ENSCAFP00000035725,CANFA,1.0,,,,,,,,,1,,,,,
E2R6I9,E2R6I9_CANFA,ENSCAFP00000009477,CANFA,1.0,,,,,,,,,1,,,,,
E2R6R4,E2R6R4_CANFA,ENSCAFP00000009441,CANFA,1.0,,,,,,,,,1,,,,,
E2R8P9,E2R8P9_CANFA,ENSCAFP00000028530,CANFA,1.0,,,,,,,,,1,,,,,
E2RB84,E2RB84_CANFA,ENSCAFP00000030046,CANFA,1.0,,,,,,,,,1,,,,,
E2RBP7,E2RBP7_CANFA,ENSCAFP00000001810,CANFA,1.0,,,,,,,,,1,,,,,
E2RC48,E2RC48_CANFA,ENSCAFP00000008137,CANFA,1.0,,,,,,,,,1,,,,,
E2RCZ0,E2RCZ0_CANFA,ENSCAFP00000032697,CANFA,1.0,,,,,,,,,1,,,,,
E2RCZ9,E2RCZ9_CANFA,ENSCAFP00000032682,CANFA,1.0,,,,,,,,,1,,,,,
E2RFA8,E2RFA8_CANFA,ENSCAFP00000033604,CANFA,1.0,,,,,,,,,1,,,,,
E2RFK0,E2RFK0_CANFA,ENSCAFP00000001799,CANFA,1.0,,,,,,,,,1,,,,,
E2RFK5,E2RFK5_CANFA,ENSCAFP00000001791,CANFA,1.0,,,,,,,,,1,,,,,
E2QUJ2,E2QUJ2_CANFA,ENSCAFP00000009120,CANFA,1.0,,,,,,,,,1,,,,,
E2QUG7,E2QUG7_CANFA,ENSCAFP00000009135,CANFA,1.0,,,,,,,,,1,,,,,
E1C4Q9,E1C4Q9_CHICK,nan,CHICK,1.0,,,,,,,,,1,,,,,
E1BJK6,E1BJK6_BOVIN,ENSBTAP00000050876,BOVIN,1.0,,,,,,,,,1,,,,,
E1BEI9,E1BEI9_BOVIN,ENSBTAP00000047484,BOVIN,1.0,,,,,,,,,1,,,,,
E1BEX9,E1BEX9_BOVIN,ENSBTAP00000048316,BOVIN,1.0,,,,,,,,,1,,,,,
E1BF36,E1BF36_BOVIN,ENSBTAP00000023466,BOVIN,1.0,,,,,,,,,1,,,,,
E1BFI7,E1BFI7_BOVIN,ENSBTAP00000047851,BOVIN,1.0,,,,,,,,,1,,,,,
E1BGJ3,E1BGJ3_BOVIN,ENSBTAP00000009943,BOVIN,1.0,,,,,,,,,1,,,,,
E1BGM4,E1BGM4_BOVIN,ENSBTAP00000025129,BOVIN,1.0,,,,,,,,,1,,,,,
E1BHC4,E1BHC4_BOVIN,ENSBTAP00000050524,BOVIN,1.0,,,,,,,,,1,,,,,
E1BHQ3,E1BHQ3_BOVIN,ENSBTAP00000048607,BOVIN,1.0,,,,,,,,,1,,,,,
E1BI55,E1BI55_BOVIN,ENSBTAP00000008503,BOVIN,1.0,,,,,,,,,1,,,,,
E1BLN0,E1BLN0_BOVIN,ENSBTAP00000030742,BOVIN,1.0,,,,,,,,,1,,,,,
E1C3W3,E1C3W3_CHICK,nan,CHICK,1.0,,,,,,,,,1,,,,,
E1BMU7,E1BMU7_BOVIN,ENSBTAP00000046085,BOVIN,1.0,,,,,,,,,1,,,,,
E1BMX7,E1BMX7_BOVIN,ENSBTAP00000052711,BOVIN,1.0,,,,,,,,,1,,,,,
E1BN41,E1BN41_BOVIN,ENSBTAP00000046414,BOVIN,1.0,,,,,,,,,1,,,,,
E1BPD1,E1BPD1_BOVIN,ENSBTAP00000052988,BOVIN,1.0,,,,,,,,,1,,,,,
E1BPI0,E1BPI0_BOVIN,ENSBTAP00000040946,BOVIN,1.0,,,,,,,,,1,,,,,
E1BT48,nan,nan,nan,1.0,,,,,,,,,1,,,,,
E1BUC0,E1BUC0_CHICK,nan,CHICK,1.0,,,,,,,,,1,,,,,
E1C0X5,nan,nan,nan,1.0,,,,,,,,,1,,,,,
E1C3W1,nan,nan,nan,1.0,,,,,,,,,1,,,,,
E2RGM7,E2RGM7_CANFA,ENSCAFP00000019011,CANFA,1.0,,,,,,,,,1,,,,,
E2RIE9,E2RIE9_CANFA,ENSCAFP00000033585,CANFA,1.0,,,,,,,,,1,,,,,
E9Q8M2,E9Q8M2_MOUSE,ENSMUSP00000060341,MOUSE,1.0,,,,,,,,,1,,,,,
E2RIF1,E2RIF1_CANFA,ENSCAFP00000033583,CANFA,1.0,,,,,,,,,1,,,,,
E9PYY9,E9PYY9_MOUSE,ENSMUSP00000102477,MOUSE,1.0,,,,,,,,,1,,,,,
E9PZ66,E9PZ66_MOUSE,ENSMUSP00000061764,MOUSE,1.0,,,,,,,,,1,,,,,
E9Q252,E9Q252_MOUSE,ENSMUSP00000054108,MOUSE,1.0,,,,,,,,,1,,,,,
E9Q382,E9Q382_MOUSE,ENSMUSP00000070658,MOUSE,1.0,,,,,,,,,1,,,,,
E9Q407,E9Q407_MOUSE,ENSMUSP00000062385,MOUSE,1.0,,,,,,,,,1,,,,,
E9Q4J3,E9Q4J3_MOUSE,ENSMUSP00000074128,MOUSE,1.0,,,,,,,,,1,,,,,
E9Q4X7,E9Q4X7_MOUSE,ENSMUSP00000051749,MOUSE,1.0,,,,,,,,,1,,,,,
E9Q518,E9Q518_MOUSE,ENSMUSP00000095864,MOUSE,1.0,,,,,,,,,1,,,,,
E9Q519,E9Q519_MOUSE,ENSMUSP00000095863,MOUSE,1.0,,,,,,,,,1,,,,,
E9Q542,E9Q542_MOUSE,ENSMUSP00000095829,MOUSE,1.0,,,,,,,,,1,,,,,
E9Q544,E9Q544_MOUSE,ENSMUSP00000095828,MOUSE,1.0,,,,,,,,,1,,,,,
E9Q545,E9Q545_MOUSE,ENSMUSP00000095826,MOUSE,1.0,,,,,,,,,1,,,,,
E9Q546,E9Q546_MOUSE,ENSMUSP00000095824,MOUSE,1.0,,,,,,,,,1,,,,,
E9Q547,E9Q547_MOUSE,ENSMUSP00000095823,MOUSE,1.0,,,,,,,,,1,,,,,
E9Q549,E9Q549_MOUSE,ENSMUSP00000095822,MOUSE,1.0,,,,,,,,,1,,,,,
E9Q550,E9Q550_MOUSE,ENSMUSP00000095821,MOUSE,1.0,,,,,,,,,1,,,,,
E9Q564,E9Q564_MOUSE,ENSMUSP00000095801,MOUSE,1.0,,,,,,,,,1,,,,,
E9Q598,E9Q598_MOUSE,ENSMUSP00000052577,MOUSE,1.0,,,,,,,,,1,,,,,
E9Q7C5,E9Q7C5_MOUSE,ENSMUSP00000102491,MOUSE,1.0,,,,,,,,,1,,,,,
E9Q7P5,E9Q7P5_MOUSE,ENSMUSP00000081858,MOUSE,1.0,,,,,,,,,1,,,,,
E9Q843,E9Q843_MOUSE,ENSMUSP00000055451,MOUSE,1.0,,,,,,,,,1,,,,,
E9PYY2,E9PYY2_MOUSE,ENSMUSP00000072329,MOUSE,1.0,,,,,,,,,1,,,,,
E9PYP4,E9PYP4_MOUSE,ENSMUSP00000076285,MOUSE,1.0,,,,,,,,,1,,,,,
E9PYK6,E9PYK6_MOUSE,ENSMUSP00000078720,MOUSE,1.0,,,,,,,,,1,,,,,
E2RQS4,E2RQS4_CANFA,ENSCAFP00000032644,CANFA,1.0,,,,,,,,,1,,,,,
E2RIT3,E2RIT3_CANFA,ENSCAFP00000034586,CANFA,1.0,,,,,,,,,1,,,,,
E2RLF7,E2RLF7_CANFA,ENSCAFP00000033215,CANFA,1.0,,,,,,,,,1,,,,,
E2RME2,E2RME2_CANFA,ENSCAFP00000032756,CANFA,1.0,,,,,,,,,1,,,,,
E2RMH4,E2RMH4_CANFA,ENSCAFP00000018467,CANFA,1.0,,,,,,,,,1,,,,,
E2RMI6,E2RMI6_CANFA,ENSCAFP00000032736,CANFA,1.0,,,,,,,,,1,,,,,
E2RNF3,E2RNF3_CANFA,ENSCAFP00000032706,CANFA,1.0,,,,,,,,,1,,,,,
E2RQ05,E2RQ05_CANFA,ENSCAFP00000018142,CANFA,1.0,,,,,,,,,1,,,,,
E2RQR7,E2RQR7_CANFA,ENSCAFP00000018376,CANFA,1.0,,,,,,,,,1,,,,,
E2RQS3,E2RQS3_CANFA,ENSCAFP00000032645,CANFA,1.0,,,,,,,,,1,,,,,
E2RQX9,E2RQX9_CANFA,ENSCAFP00000032605,CANFA,1.0,,,,,,,,,1,,,,,
E9PYB3,E9PYB3_MOUSE,ENSMUSP00000102506,MOUSE,1.0,,,,,,,,,1,,,,,
E2RRI8,E2RRI8_CANFA,ENSCAFP00000033027,CANFA,1.0,,,,,,,,,1,,,,,
E9PTU2,E9PTU2_RAT,ENSRNOP00000039964,RAT,1.0,,,,,,,,,1,,,,,
E9PUN7,E9PUN7_MOUSE,ENSMUSP00000053887,MOUSE,1.0,,,,,,,,,1,,,,,
E9PV95,E9PV95_MOUSE,ENSMUSP00000095798,MOUSE,1.0,,,,,,,,,1,,,,,
E9PVA0,E9PVA0_MOUSE,ENSMUSP00000095776,MOUSE,1.0,,,,,,,,,1,,,,,
E9PWA8,E9PWA8_MOUSE,ENSMUSP00000129376,MOUSE,1.0,,,,,,,,,1,,,,,
E9PWI5,E9PWI5_MOUSE,ENSMUSP00000051348,MOUSE,1.0,,,,,,,,,1,,,,,
E9PX47,E9PX47_MOUSE,ENSMUSP00000051280,MOUSE,1.0,,,,,,,,,1,,,,,
E9PXN3,E9PXN3_MOUSE,ENSMUSP00000095831,MOUSE,1.0,,,,,,,,,1,,,,,
E1BED0,E1BED0_BOVIN,ENSBTAP00000050676,BOVIN,1.0,,,,,,,,,1,,,,,
E1BEB2,E1BEB2_BOVIN,ENSBTAP00000005245,BOVIN,1.0,,,,,,,,,1,,,,,
E1BE75,E1BE75_BOVIN,ENSBTAP00000049201,BOVIN,1.0,,,,,,,,,1,,,,,
E1BDV2,E1BDV2_BOVIN,ENSBTAP00000050220,BOVIN,1.0,,,,,,,,,1,,,,,
D4ABE9,D4ABE9_RAT,nan,RAT,1.0,,,,,,,,,1,,,,,
D4ABF6,D4ABF6_RAT,nan,RAT,1.0,,,,,,,,,1,,,,,
D4ABG1,D4ABG1_RAT,nan,RAT,1.0,,,,,,,,,1,,,,,
D4ABG3,D4ABG3_RAT,nan,RAT,1.0,,,,,,,,,1,,,,,
D4ABH8,D4ABH8_RAT,nan,RAT,1.0,,,,,,,,,1,,,,,
D4ABI0,nan,nan,nan,1.0,,,,,,,,,1,,,,,
D4ABJ3,D4ABJ3_RAT,nan,RAT,1.0,,,,,,,,,1,,,,,
D4AC00,D4AC00_RAT,nan,RAT,1.0,,,,,,,,,1,,,,,
D4AC18,D4AC18_RAT,nan,RAT,1.0,,,,,,,,,1,,,,,
D4AC42,nan,nan,nan,1.0,,,,,,,,,1,,,,,
D4AC44,D4AC44_RAT,nan,RAT,1.0,,,,,,,,,1,,,,,
D4AC47,nan,nan,nan,1.0,,,,,,,,,1,,,,,
D4AC48,D4AC48_RAT,nan,RAT,1.0,,,,,,,,,1,,,,,
D4AC67,nan,nan,nan,1.0,,,,,,,,,1,,,,,
D4ACA4,D4ACA4_RAT,nan,RAT,1.0,,,,,,,,,1,,,,,
D4ACA8,D4ACA8_RAT,nan,RAT,1.0,,,,,,,,,1,,,,,
D4ACH0,D4ACH0_RAT,nan,RAT,1.0,,,,,,,,,1,,,,,
D4ACI0,D4ACI0_RAT,nan,RAT,1.0,,,,,,,,,1,,,,,
D4ACI1,D4ACI1_RAT,nan,RAT,1.0,,,,,,,,,1,,,,,
D4ACI2,D4ACI2_RAT,nan,RAT,1.0,,,,,,,,,1,,,,,
D4ACJ4,D4ACJ4_RAT,nan,RAT,1.0,,,,,,,,,1,,,,,
D4ABE4,D4ABE4_RAT,nan,RAT,1.0,,,,,,,,,1,,,,,
D4ABB6,D4ABB6_RAT,nan,RAT,1.0,,,,,,,,,1,,,,,
D4AB86,D4AB86_RAT,nan,RAT,1.0,,,,,,,,,1,,,,,
D4AA74,D4AA74_RAT,nan,RAT,1.0,,,,,,,,,1,,,,,
D4A8Z1,D4A8Z1_RAT,nan,RAT,1.0,,,,,,,,,1,,,,,
D4A910,nan,nan,nan,1.0,,,,,,,,,1,,,,,
D4A9E8,D4A9E8_RAT,nan,RAT,1.0,,,,,,,,,1,,,,,
D4A9G8,nan,nan,nan,1.0,,,,,,,,,1,,,,,
D4A9N2,D4A9N2_RAT,nan,RAT,1.0,,,,,,,,,1,,,,,
D4A9S9,D4A9S9_RAT,nan,RAT,1.0,,,,,,,,,1,,,,,
D4A9T4,D4A9T4_RAT,nan,RAT,1.0,,,,,,,,,1,,,,,
D4A9U3,nan,nan,nan,1.0,,,,,,,,,1,,,,,
D4AA57,D4AA57_RAT,nan,RAT,1.0,,,,,,,,,1,,,,,
D4AA80,D4AA80_RAT,nan,RAT,1.0,,,,,,,,,1,,,,,
D4AB74,nan,nan,nan,1.0,,,,,,,,,1,,,,,
D4AAA0,D4AAA0_RAT,nan,RAT,1.0,,,,,,,,,1,,,,,
D4AAC2,D4AAC2_RAT,nan,RAT,1.0,,,,,,,,,1,,,,,
D4AAE0,D4AAE0_RAT,nan,RAT,1.0,,,,,,,,,1,,,,,
D4AAF4,D4AAF4_RAT,nan,RAT,1.0,,,,,,,,,1,,,,,
D4AAM4,nan,nan,nan,1.0,,,,,,,,,1,,,,,
D4AAM9,D4AAM9_RAT,nan,RAT,1.0,,,,,,,,,1,,,,,
D4AAQ5,D4AAQ5_RAT,nan,RAT,1.0,,,,,,,,,1,,,,,
D4AAZ7,D4AAZ7_RAT,nan,RAT,1.0,,,,,,,,,1,,,,,
D4AB35,D4AB35_RAT,nan,RAT,1.0,,,,,,,,,1,,,,,
D4ACL1,D4ACL1_RAT,nan,RAT,1.0,,,,,,,,,1,,,,,
D4ACT9,D4ACT9_RAT,nan,RAT,1.0,,,,,,,,,1,,,,,
D4ACV2,D4ACV2_RAT,nan,RAT,1.0,,,,,,,,,1,,,,,
E1BBA4,E1BBA4_BOVIN,ENSBTAP00000052327,BOVIN,1.0,,,,,,,,,1,,,,,
D4AEP2,D4AEP2_RAT,nan,RAT,1.0,,,,,,,,,1,,,,,
E1B799,E1B799_BOVIN,ENSBTAP00000052334,BOVIN,1.0,,,,,,,,,1,,,,,
E1B7B2,E1B7B2_BOVIN,ENSBTAP00000049959,BOVIN,1.0,,,,,,,,,1,,,,,
E1B7U5,E1B7U5_BOVIN,ENSBTAP00000049903,BOVIN,1.0,,,,,,,,,1,,,,,
E1B973,E1B973_BOVIN,ENSBTAP00000052017,BOVIN,1.0,,,,,,,,,1,,,,,
E1B9Z0,E1B9Z0_BOVIN,ENSBTAP00000049333,BOVIN,1.0,,,,,,,,,1,,,,,
E1B9Z3,E1B9Z3_BOVIN,ENSBTAP00000013417,BOVIN,1.0,,,,,,,,,1,,,,,
E1BA28,E1BA28_BOVIN,ENSBTAP00000024941,BOVIN,1.0,,,,,,,,,1,,,,,
E1BAQ7,E1BAQ7_BOVIN,ENSBTAP00000006684,BOVIN,1.0,,,,,,,,,1,,,,,
E1BBG6,E1BBG6_BOVIN,ENSBTAP00000049574,BOVIN,1.0,,,,,,,,,1,,,,,
D4AEN0,D4AEN0_RAT,nan,RAT,1.0,,,,,,,,,1,,,,,
E1BBR2,E1BBR2_BOVIN,ENSBTAP00000051915,BOVIN,1.0,,,,,,,,,1,,,,,
E1BBY8,E1BBY8_BOVIN,ENSBTAP00000049623,BOVIN,1.0,,,,,,,,,1,,,,,
E1BCA6,E1BCA6_BOVIN,ENSBTAP00000050742,BOVIN,1.0,,,,,,,,,1,,,,,
E1BCD7,E1BCD7_BOVIN,ENSBTAP00000028824,BOVIN,1.0,,,,,,,,,1,,,,,
E1BCE3,E1BCE3_BOVIN,ENSBTAP00000012496,BOVIN,1.0,,,,,,,,,1,,,,,
E1BCZ5,E1BCZ5_BOVIN,ENSBTAP00000000457,BOVIN,1.0,,,,,,,,,1,,,,,
E1BD33,E1BD33_BOVIN,ENSBTAP00000047909,BOVIN,1.0,,,,,,,,,1,,,,,
E1BD80,E1BD80_BOVIN,ENSBTAP00000043121,BOVIN,1.0,,,,,,,,,1,,,,,
E1BDG1,E1BDG1_BOVIN,ENSBTAP00000030195,BOVIN,1.0,,,,,,,,,1,,,,,
D4AEN3,D4AEN3_RAT,nan,RAT,1.0,,,,,,,,,1,,,,,
D4AEH0,D4AEH0_RAT,nan,RAT,1.0,,,,,,,,,1,,,,,
D4ACW2,D4ACW2_RAT,nan,RAT,1.0,,,,,,,,,1,,,,,
D4AD71,D4AD71_RAT,nan,RAT,1.0,,,,,,,,,1,,,,,
D4ACX4,D4ACX4_RAT,nan,RAT,1.0,,,,,,,,,1,,,,,
D4ACX6,D4ACX6_RAT,nan,RAT,1.0,,,,,,,,,1,,,,,
D4ACY0,D4ACY0_RAT,nan,RAT,1.0,,,,,,,,,1,,,,,
D4ACZ6,D4ACZ6_RAT,nan,RAT,1.0,,,,,,,,,1,,,,,
D4ACZ7,D4ACZ7_RAT,nan,RAT,1.0,,,,,,,,,1,,,,,
D4AD51,nan,nan,nan,1.0,,,,,,,,,1,,,,,
D4AD52,D4AD52_RAT,nan,RAT,1.0,,,,,,,,,1,,,,,
D4AD63,D4AD63_RAT,nan,RAT,1.0,,,,,,,,,1,,,,,
D4AD64,D4AD64_RAT,nan,RAT,1.0,,,,,,,,,1,,,,,
D4AD74,D4AD74_RAT,nan,RAT,1.0,,,,,,,,,1,,,,,
D4AEG4,D4AEG4_RAT,nan,RAT,1.0,,,,,,,,,1,,,,,
D4ADN3,D4ADN3_RAT,nan,RAT,1.0,,,,,,,,,1,,,,,
D4ADS3,nan,nan,nan,1.0,,,,,,,,,1,,,,,
D4ADW1,D4ADW1_RAT,nan,RAT,1.0,,,,,,,,,1,,,,,
D4ADX0,nan,nan,nan,1.0,,,,,,,,,1,,,,,
D4ADY4,D4ADY4_RAT,nan,RAT,1.0,,,,,,,,,1,,,,,
D4ADY8,D4ADY8_RAT,nan,RAT,1.0,,,,,,,,,1,,,,,
D4AE13,D4AE13_RAT,nan,RAT,1.0,,,,,,,,,1,,,,,
D4AE43,D4AE43_RAT,nan,RAT,1.0,,,,,,,,,1,,,,,
D4AEE2,D4AEE2_RAT,nan,RAT,1.0,,,,,,,,,1,,,,,
E9Q848,E9Q848_MOUSE,ENSMUSP00000055435,MOUSE,1.0,,,,,,,,,1,,,,,
E9Q8M3,E9Q8M3_MOUSE,ENSMUSP00000060325,MOUSE,1.0,,,,,,,,,1,,,,,
F6PZ70,F6PZ70_MONDO,ENSMODP00000027666,MONDO,1.0,,,,,,,,,1,,,,,
F1PU96,F1PU96_CANFA,ENSCAFP00000020785,CANFA,1.0,,,,,,,,,1,,,,,
F1PIS9,F1PIS9_CANFA,ENSCAFP00000012070,CANFA,1.0,,,,,,,,,1,,,,,
F1PK28,F1PK28_CANFA,ENSCAFP00000034021,CANFA,1.0,,,,,,,,,1,,,,,
F1PKY4,F1PKY4_CANFA,ENSCAFP00000013966,CANFA,1.0,,,,,,,,,1,,,,,
F1PM15,F1PM15_CANFA,ENSCAFP00000032245,CANFA,1.0,,,,,,,,,1,,,,,
F1PMS6,F1PMS6_CANFA,ENSCAFP00000018140,CANFA,1.0,,,,,,,,,1,,,,,
F1PNE2,F1PNE2_CANFA,ENSCAFP00000001807,CANFA,1.0,,,,,,,,,1,,,,,
F1PNE3,F1PNE3_CANFA,ENSCAFP00000001806,CANFA,1.0,,,,,,,,,1,,,,,
F1PNE4,F1PNE4_CANFA,ENSCAFP00000001800,CANFA,1.0,,,,,,,,,1,,,,,
F1PNP8,F1PNP8_CANFA,ENSCAFP00000032322,CANFA,1.0,,,,,,,,,1,,,,,
F1PNU8,F1PNU8_CANFA,ENSCAFP00000034905,CANFA,1.0,,,,,,,,,1,,,,,
F1PPN2,F1PPN2_CANFA,ENSCAFP00000027752,CANFA,1.0,,,,,,,,,1,,,,,
F1PQ72,F1PQ72_CANFA,ENSCAFP00000001782,CANFA,1.0,,,,,,,,,1,,,,,
F1PQZ2,F1PQZ2_CANFA,ENSCAFP00000001716,CANFA,1.0,,,,,,,,,1,,,,,
F1PR01,F1PR01_CANFA,ENSCAFP00000001702,CANFA,1.0,,,,,,,,,1,,,,,
F1PR02,F1PR02_CANFA,ENSCAFP00000001700,CANFA,1.0,,,,,,,,,1,,,,,
F1PR15,F1PR15_CANFA,ENSCAFP00000032878,CANFA,1.0,,,,,,,,,1,,,,,
F1PRP3,F1PRP3_CANFA,ENSCAFP00000018585,CANFA,1.0,,,,,,,,,1,,,,,
F1PRR8,F1PRR8_CANFA,ENSCAFP00000018566,CANFA,1.0,,,,,,,,,1,,,,,
F1PSL1,F1PSL1_CANFA,ENSCAFP00000018508,CANFA,1.0,,,,,,,,,1,,,,,
F1PTA0,F1PTA0_CANFA,ENSCAFP00000034222,CANFA,1.0,,,,,,,,,1,,,,,
F1PTU0,F1PTU0_CANFA,ENSCAFP00000034710,CANFA,1.0,,,,,,,,,1,,,,,
F1PIS6,F1PIS6_CANFA,ENSCAFP00000012074,CANFA,1.0,,,,,,,,,1,,,,,
F1PFG4,F1PFG4_CANFA,ENSCAFP00000033302,CANFA,1.0,,,,,,,,,1,,,,,
F1PEW3,F1PEW3_CANFA,ENSCAFP00000031855,CANFA,1.0,,,,,,,,,1,,,,,
F1N793,F1N793_BOVIN,ENSBTAP00000039354,BOVIN,1.0,,,,,,,,,1,,,,,
F1N2J3,F1N2J3_BOVIN,ENSBTAP00000002318,BOVIN,1.0,,,,,,,,,1,,,,,
F1N341,F1N341_BOVIN,ENSBTAP00000002647,BOVIN,1.0,,,,,,,,,1,,,,,
F1N452,F1N452_BOVIN,ENSBTAP00000038345,BOVIN,1.0,,,,,,,,,1,,,,,
F1N4U0,F1N4U0_BOVIN,ENSBTAP00000019795,BOVIN,1.0,,,,,,,,,1,,,,,
F1N4U2,F1N4U2_BOVIN,ENSBTAP00000019780,BOVIN,1.0,,,,,,,,,1,,,,,
F1N630,F1N630_BOVIN,ENSBTAP00000026051,BOVIN,1.0,,,,,,,,,1,,,,,
F1N666,F1N666_BOVIN,ENSBTAP00000026039,BOVIN,1.0,,,,,,,,,1,,,,,
F1N6H5,F1N6H5_BOVIN,ENSBTAP00000017951,BOVIN,1.0,,,,,,,,,1,,,,,
F1N6N5,F1N6N5_BOVIN,ENSBTAP00000052482,BOVIN,1.0,,,,,,,,,1,,,,,
F1N7S2,F1N7S2_BOVIN,ENSBTAP00000052298,BOVIN,1.0,,,,,,,,,1,,,,,
F1PCY3,F1PCY3_CANFA,ENSCAFP00000033414,CANFA,1.0,,,,,,,,,1,,,,,
F1NB91,F1NB91_CHICK,ENSGALP00000023619,CHICK,1.0,,,,,,,,,1,,,,,
F1NIG2,F1NIG2_CHICK,ENSGALP00000033745,CHICK,1.0,,,,,,,,,1,,,,,
F1NLN2,F1NLN2_CHICK,ENSGALP00000033573,CHICK,1.0,,,,,,,,,1,,,,,
F1NT59,F1NT59_CHICK,ENSGALP00000007018,CHICK,1.0,,,,,,,,,1,,,,,
F1P7J6,F1P7J6_CANFA,ENSCAFP00000017325,CANFA,1.0,,,,,,,,,1,,,,,
F1P801,F1P801_CANFA,ENSCAFP00000033610,CANFA,1.0,,,,,,,,,1,,,,,
F1P9M2,F1P9M2_CANFA,ENSCAFP00000033599,CANFA,1.0,,,,,,,,,1,,,,,
F1PBZ2,F1PBZ2_CANFA,ENSCAFP00000030047,CANFA,1.0,,,,,,,,,1,,,,,
F1PCR4,F1PCR4_CANFA,ENSCAFP00000021996,CANFA,1.0,,,,,,,,,1,,,,,
F1PU69,F1PU69_CANFA,ENSCAFP00000032785,CANFA,1.0,,,,,,,,,1,,,,,
F1PUC4,F1PUC4_CANFA,ENSCAFP00000032732,CANFA,1.0,,,,,,,,,1,,,,,
E9Q8X1,E9Q8X1_MOUSE,ENSMUSP00000072231,MOUSE,1.0,,,,,,,,,1,,,,,
F1PUD0,F1PUD0_CANFA,ENSCAFP00000018440,CANFA,1.0,,,,,,,,,1,,,,,
F1Q278,F1Q278_CANFA,ENSCAFP00000009479,CANFA,1.0,,,,,,,,,1,,,,,
F1Q2K3,F1Q2K3_CANFA,ENSCAFP00000009445,CANFA,1.0,,,,,,,,,1,,,,,
F1Q2M7,F1Q2M7_CANFA,ENSCAFP00000009428,CANFA,1.0,,,,,,,,,1,,,,,
F1Q2P3,F1Q2P3_CANFA,ENSCAFP00000009416,CANFA,1.0,,,,,,,,,1,,,,,
F1Q2R3,F1Q2R3_CANFA,ENSCAFP00000009000,CANFA,1.0,,,,,,,,,1,,,,,
F1Q3L6,F1Q3L6_CANFA,ENSCAFP00000028516,CANFA,1.0,,,,,,,,,1,,,,,
F6PJX1,F6PJX1_MACMU,ENSMMUP00000039200,MACMU,1.0,,,,,,,,,1,,,,,
F6PKR6,F6PKR6_MONDO,ENSMODP00000015739,MONDO,1.0,,,,,,,,,1,,,,,
F6PM36,F6PM36_MACMU,ENSMMUP00000015226,MACMU,1.0,,,,,,,,,1,,,,,
F6PTC7,F6PTC7_XENTR,ENSXETP00000042982,XENTR,1.0,,,,,,,,,1,,,,,
F6PTF8,F6PTF8_MONDO,ENSMODP00000010871,MONDO,1.0,,,,,,,,,1,,,,,
F6PUQ1,F6PUQ1_XENTR,ENSXETP00000054747,XENTR,1.0,,,,,,,,,1,,,,,
F6PX11,F6PX11_MACMU,ENSMMUP00000016848,MACMU,1.0,,,,,,,,,1,,,,,
F6PYP7,F6PYP7_MONDO,ENSMODP00000027676,MONDO,1.0,,,,,,,,,1,,,,,
F6PYR1,F6PYR1_MONDO,ENSMODP00000027675,MONDO,1.0,,,,,,,,,1,,,,,
F6PYR9,F6PYR9_MONDO,ENSMODP00000027674,MONDO,1.0,,,,,,,,,1,,,,,
F6PYS6,F6PYS6_MONDO,ENSMODP00000027673,MONDO,1.0,,,,,,,,,1,,,,,
F6PYV2,F6PYV2_MONDO,ENSMODP00000027671,MONDO,1.0,,,,,,,,,1,,,,,
F6PYW1,F6PYW1_MONDO,ENSMODP00000027670,MONDO,1.0,,,,,,,,,1,,,,,
F6PZ40,F6PZ40_MONDO,ENSMODP00000027669,MONDO,1.0,,,,,,,,,1,,,,,
F6PZ52,F6PZ52_MONDO,ENSMODP00000027668,MONDO,1.0,,,,,,,,,1,,,,,
F1Q1P6,F1Q1P6_CANFA,ENSCAFP00000016658,CANFA,1.0,,,,,,,,,1,,,,,
F1Q106,F1Q106_CANFA,ENSCAFP00000009522,CANFA,1.0,,,,,,,,,1,,,,,
F1Q0Z7,F1Q0Z7_CANFA,ENSCAFP00000009534,CANFA,1.0,,,,,,,,,1,,,,,
F1PX19,F1PX19_CANFA,ENSCAFP00000009311,CANFA,1.0,,,,,,,,,1,,,,,
F1PUJ8,F1PUJ8_CANFA,ENSCAFP00000032455,CANFA,1.0,,,,,,,,,1,,,,,
F1PV22,F1PV22_CANFA,ENSCAFP00000032714,CANFA,1.0,,,,,,,,,1,,,,,
F1PV36,F1PV36_CANFA,ENSCAFP00000032709,CANFA,1.0,,,,,,,,,1,,,,,
F1PV41,F1PV41_CANFA,ENSCAFP00000032700,CANFA,1.0,,,,,,,,,1,,,,,
F1PVS0,F1PVS0_CANFA,ENSCAFP00000034154,CANFA,1.0,,,,,,,,,1,,,,,
F1PWY6,F1PWY6_CANFA,ENSCAFP00000035605,CANFA,1.0,,,,,,,,,1,,,,,
F1PX08,F1PX08_CANFA,ENSCAFP00000009327,CANFA,1.0,,,,,,,,,1,,,,,
F1PX10,F1PX10_CANFA,ENSCAFP00000009320,CANFA,1.0,,,,,,,,,1,,,,,
F1PX18,F1PX18_CANFA,ENSCAFP00000009314,CANFA,1.0,,,,,,,,,1,,,,,
F1PYT3,F1PYT3_CANFA,ENSCAFP00000035576,CANFA,1.0,,,,,,,,,1,,,,,
F1Q0U2,F1Q0U2_CANFA,ENSCAFP00000011449,CANFA,1.0,,,,,,,,,1,,,,,
F1PYV3,F1PYV3_CANFA,ENSCAFP00000009288,CANFA,1.0,,,,,,,,,1,,,,,
F1PZ79,F1PZ79_CANFA,ENSCAFP00000016807,CANFA,1.0,,,,,,,,,1,,,,,
F1PZD1,F1PZD1_CANFA,ENSCAFP00000035512,CANFA,1.0,,,,,,,,,1,,,,,
F1Q0E2,F1Q0E2_CANFA,ENSCAFP00000035466,CANFA,1.0,,,,,,,,,1,,,,,
F1Q0M8,F1Q0M8_CANFA,ENSCAFP00000009187,CANFA,1.0,,,,,,,,,1,,,,,
F1Q0T5,F1Q0T5_CANFA,ENSCAFP00000011455,CANFA,1.0,,,,,,,,,1,,,,,
F1Q0T6,F1Q0T6_CANFA,ENSCAFP00000011453,CANFA,1.0,,,,,,,,,1,,,,,
F1Q0T7,F1Q0T7_CANFA,ENSCAFP00000011452,CANFA,1.0,,,,,,,,,1,,,,,
F1Q0U0,F1Q0U0_CANFA,ENSCAFP00000009137,CANFA,1.0,,,,,,,,,1,,,,,
F1N2G3,F1N2G3_BOVIN,ENSBTAP00000007354,BOVIN,1.0,,,,,,,,,1,,,,,
F1N1W8,F1N1W8_BOVIN,ENSBTAP00000052979,BOVIN,1.0,,,,,,,,,1,,,,,
F1N1U2,F1N1U2_BOVIN,ENSBTAP00000038888,BOVIN,1.0,,,,,,,,,1,,,,,
F1N1B9,F1N1B9_BOVIN,ENSBTAP00000052806,BOVIN,1.0,,,,,,,,,1,,,,,
F1MBK8,F1MBK8_BOVIN,ENSBTAP00000039612,BOVIN,1.0,,,,,,,,,1,,,,,
F1MBY4,F1MBY4_BOVIN,ENSBTAP00000050553,BOVIN,1.0,,,,,,,,,1,,,,,
F1MCG1,F1MCG1_BOVIN,ENSBTAP00000027905,BOVIN,1.0,,,,,,,,,1,,,,,
F1MCG3,F1MCG3_BOVIN,ENSBTAP00000043130,BOVIN,1.0,,,,,,,,,1,,,,,
F1MCY6,F1MCY6_BOVIN,ENSBTAP00000046698,BOVIN,1.0,,,,,,,,,1,,,,,
F1MDQ7,F1MDQ7_BOVIN,ENSBTAP00000003874,BOVIN,1.0,,,,,,,,,1,,,,,
F1MDZ4,F1MDZ4_BOVIN,ENSBTAP00000048406,BOVIN,1.0,,,,,,,,,1,,,,,
F1ME64,F1ME64_BOVIN,ENSBTAP00000024198,BOVIN,1.0,,,,,,,,,1,,,,,
F1MEA9,F1MEA9_BOVIN,ENSBTAP00000000477,BOVIN,1.0,,,,,,,,,1,,,,,
F1MEB0,F1MEB0_BOVIN,ENSBTAP00000000476,BOVIN,1.0,,,,,,,,,1,,,,,
F1MEC4,F1MEC4_BOVIN,ENSBTAP00000024196,BOVIN,1.0,,,,,,,,,1,,,,,
F1MFV6,F1MFV6_BOVIN,ENSBTAP00000024399,BOVIN,1.0,,,,,,,,,1,,,,,
F1MG54,F1MG54_BOVIN,ENSBTAP00000050633,BOVIN,1.0,,,,,,,,,1,,,,,
F1MGD9,F1MGD9_BOVIN,ENSBTAP00000022884,BOVIN,1.0,,,,,,,,,1,,,,,
F1MGU5,F1MGU5_BOVIN,ENSBTAP00000048050,BOVIN,1.0,,,,,,,,,1,,,,,
F1MH05,F1MH05_BOVIN,ENSBTAP00000010718,BOVIN,1.0,,,,,,,,,1,,,,,
F1MHD6,F1MHD6_BOVIN,ENSBTAP00000050030,BOVIN,1.0,,,,,,,,,1,,,,,
F1MHJ0,F1MHJ0_BOVIN,ENSBTAP00000031402,BOVIN,1.0,,,,,,,,,1,,,,,
F1MHS9,F1MHS9_BOVIN,ENSBTAP00000010834,BOVIN,1.0,,,,,,,,,1,,,,,
F1MI55,F1MI55_BOVIN,ENSBTAP00000032723,BOVIN,1.0,,,,,,,,,1,,,,,
F1MI86,F1MI86_BOVIN,ENSBTAP00000051618,BOVIN,1.0,,,,,,,,,1,,,,,
F1MAW6,F1MAW6_BOVIN,ENSBTAP00000017810,BOVIN,1.0,,,,,,,,,1,,,,,
F1MAD7,F1MAD7_RAT,ENSRNOP00000046043,RAT,1.0,,,,,,,,,1,,,,,
F1M8Z7,F1M8Z7_RAT,ENSRNOP00000021115,RAT,1.0,,,,,,,,,1,,,,,
F1M2S6,F1M2S6_RAT,ENSRNOP00000049596,RAT,1.0,,,,,,,,,1,,,,,
F1LMX9,F1LMX9_RAT,ENSRNOP00000048696,RAT,1.0,,,,,,,,,1,,,,,
F1LU31,F1LU31_RAT,ENSRNOP00000039948,RAT,1.0,,,,,,,,,1,,,,,
F1LUD2,F1LUD2_RAT,ENSRNOP00000050914,RAT,1.0,,,,,,,,,1,,,,,
F1LV47,F1LV47_RAT,ENSRNOP00000036790,RAT,1.0,,,,,,,,,1,,,,,
F1LWZ0,F1LWZ0_RAT,ENSRNOP00000020969,RAT,1.0,,,,,,,,,1,,,,,
F1LXE2,F1LXE2_RAT,ENSRNOP00000041128,RAT,1.0,,,,,,,,,1,,,,,
F1LZI8,F1LZI8_RAT,ENSRNOP00000039599,RAT,1.0,,,,,,,,,1,,,,,
F1LZJ9,F1LZJ9_RAT,ENSRNOP00000041666,RAT,1.0,,,,,,,,,1,,,,,
F1M060,F1M060_RAT,ENSRNOP00000059963,RAT,1.0,,,,,,,,,1,,,,,
F1M2T9,F1M2T9_RAT,ENSRNOP00000044667,RAT,1.0,,,,,,,,,1,,,,,
F1M8T9,F1M8T9_RAT,ENSRNOP00000014258,RAT,1.0,,,,,,,,,1,,,,,
F1M507,F1M507_RAT,ENSRNOP00000042338,RAT,1.0,,,,,,,,,1,,,,,
F1M5L4,F1M5L4_RAT,ENSRNOP00000042513,RAT,1.0,,,,,,,,,1,,,,,
F1M5N0,F1M5N0_RAT,ENSRNOP00000023349,RAT,1.0,,,,,,,,,1,,,,,
F1M5V0,F1M5V0_RAT,ENSRNOP00000023170,RAT,1.0,,,,,,,,,1,,,,,
F1M6C8,F1M6C8_RAT,ENSRNOP00000014730,RAT,1.0,,,,,,,,,1,,,,,
F1M6J9,F1M6J9_RAT,ENSRNOP00000045878,RAT,1.0,,,,,,,,,1,,,,,
F1M6U9,F1M6U9_RAT,ENSRNOP00000023007,RAT,1.0,,,,,,,,,1,,,,,
F1M7E1,F1M7E1_RAT,ENSRNOP00000024945,RAT,1.0,,,,,,,,,1,,,,,
F1M857,F1M857_RAT,ENSRNOP00000021282,RAT,1.0,,,,,,,,,1,,,,,
F1MJ98,F1MJ98_BOVIN,ENSBTAP00000032461,BOVIN,1.0,,,,,,,,,1,,,,,
F1MJG5,F1MJG5_BOVIN,ENSBTAP00000051739,BOVIN,1.0,,,,,,,,,1,,,,,
F1MLW5,F1MLW5_BOVIN,ENSBTAP00000018558,BOVIN,1.0,,,,,,,,,1,,,,,
F1MXG3,F1MXG3_BOVIN,ENSBTAP00000011955,BOVIN,1.0,,,,,,,,,1,,,,,
F1MV71,F1MV71_BOVIN,ENSBTAP00000028827,BOVIN,1.0,,,,,,,,,1,,,,,
F1MVE3,F1MVE3_BOVIN,ENSBTAP00000020097,BOVIN,1.0,,,,,,,,,1,,,,,
F1MVH2,F1MVH2_BOVIN,ENSBTAP00000051090,BOVIN,1.0,,,,,,,,,1,,,,,
F1MVW8,F1MVW8_BOVIN,ENSBTAP00000047998,BOVIN,1.0,,,,,,,,,1,,,,,
F1MW35,F1MW35_BOVIN,ENSBTAP00000051058,BOVIN,1.0,,,,,,,,,1,,,,,
F1MWB2,F1MWB2_BOVIN,ENSBTAP00000009537,BOVIN,1.0,,,,,,,,,1,,,,,
F1MWJ6,F1MWJ6_BOVIN,ENSBTAP00000001011,BOVIN,1.0,,,,,,,,,1,,,,,
F1MX71,F1MX71_BOVIN,ENSBTAP00000011709,BOVIN,1.0,,,,,,,,,1,,,,,
F1MX92,F1MX92_BOVIN,ENSBTAP00000032116,BOVIN,1.0,,,,,,,,,1,,,,,
F1MXM2,F1MXM2_BOVIN,ENSBTAP00000051249,BOVIN,1.0,,,,,,,,,1,,,,,
F1MUP8,F1MUP8_BOVIN,ENSBTAP00000051205,BOVIN,1.0,,,,,,,,,1,,,,,
F1MXR7,F1MXR7_BOVIN,ENSBTAP00000028625,BOVIN,1.0,,,,,,,,,1,,,,,
F1MY70,F1MY70_BOVIN,ENSBTAP00000030525,BOVIN,1.0,,,,,,,,,1,,,,,
F1MYD6,F1MYD6_BOVIN,ENSBTAP00000042692,BOVIN,1.0,,,,,,,,,1,,,,,
F1MYP5,F1MYP5_BOVIN,ENSBTAP00000011165,BOVIN,1.0,,,,,,,,,1,,,,,
F1MZQ7,F1MZQ7_BOVIN,ENSBTAP00000030476,BOVIN,1.0,,,,,,,,,1,,,,,
F1N075,F1N075_BOVIN,ENSBTAP00000016138,BOVIN,1.0,,,,,,,,,1,,,,,
F1N087,F1N087_BOVIN,ENSBTAP00000030404,BOVIN,1.0,,,,,,,,,1,,,,,
F1N0J4,F1N0J4_BOVIN,ENSBTAP00000042565,BOVIN,1.0,,,,,,,,,1,,,,,
F1N0N0,F1N0N0_BOVIN,ENSBTAP00000016501,BOVIN,1.0,,,,,,,,,1,,,,,
F1MV21,F1MV21_BOVIN,ENSBTAP00000004620,BOVIN,1.0,,,,,,,,,1,,,,,
F1MUI2,F1MUI2_BOVIN,ENSBTAP00000028770,BOVIN,1.0,,,,,,,,,1,,,,,
F1MML7,F1MML7_BOVIN,ENSBTAP00000049688,BOVIN,1.0,,,,,,,,,1,,,,,
F1MQT0,F1MQT0_BOVIN,ENSBTAP00000048626,BOVIN,1.0,,,,,,,,,1,,,,,
F1MMM3,F1MMM3_BOVIN,ENSBTAP00000051997,BOVIN,1.0,,,,,,,,,1,,,,,
F1MN81,F1MN81_BOVIN,ENSBTAP00000046401,BOVIN,1.0,,,,,,,,,1,,,,,
F1MPC7,F1MPC7_BOVIN,ENSBTAP00000053046,BOVIN,1.0,,,,,,,,,1,,,,,
F1MPX7,F1MPX7_BOVIN,ENSBTAP00000041008,BOVIN,1.0,,,,,,,,,1,,,,,
F1MPX9,F1MPX9_BOVIN,ENSBTAP00000041006,BOVIN,1.0,,,,,,,,,1,,,,,
F1MPY1,F1MPY1_BOVIN,ENSBTAP00000041000,BOVIN,1.0,,,,,,,,,1,,,,,
F1MQH5,F1MQH5_BOVIN,ENSBTAP00000041556,BOVIN,1.0,,,,,,,,,1,,,,,
F1MQQ3,F1MQQ3_BOVIN,ENSBTAP00000048785,BOVIN,1.0,,,,,,,,,1,,,,,
F1MQS8,F1MQS8_BOVIN,ENSBTAP00000050940,BOVIN,1.0,,,,,,,,,1,,,,,
F1MQY6,F1MQY6_BOVIN,ENSBTAP00000052072,BOVIN,1.0,,,,,,,,,1,,,,,
F1MT94,F1MT94_BOVIN,ENSBTAP00000048953,BOVIN,1.0,,,,,,,,,1,,,,,
F1MR48,F1MR48_BOVIN,ENSBTAP00000024942,BOVIN,1.0,,,,,,,,,1,,,,,
F1MR94,F1MR94_BOVIN,ENSBTAP00000024940,BOVIN,1.0,,,,,,,,,1,,,,,
F1MRC1,F1MRC1_BOVIN,ENSBTAP00000048716,BOVIN,1.0,,,,,,,,,1,,,,,
F1MRD3,F1MRD3_BOVIN,ENSBTAP00000048706,BOVIN,1.0,,,,,,,,,1,,,,,
F1MRN4,F1MRN4_BOVIN,ENSBTAP00000052030,BOVIN,1.0,,,,,,,,,1,,,,,
F1MSB0,F1MSB0_BOVIN,ENSBTAP00000040000,BOVIN,1.0,,,,,,,,,1,,,,,
F1MSY7,F1MSY7_BOVIN,ENSBTAP00000048582,BOVIN,1.0,,,,,,,,,1,,,,,
F1MT09,F1MT09_BOVIN,ENSBTAP00000036889,BOVIN,1.0,,,,,,,,,1,,,,,
F1MT36,F1MT36_BOVIN,ENSBTAP00000050987,BOVIN,1.0,,,,,,,,,1,,,,,
D4A8V3,D4A8V3_RAT,nan,RAT,1.0,,,,,,,,,1,,,,,
D4A8R4,nan,nan,nan,1.0,,,,,,,,,1,,,,,
D4A8M9,nan,nan,nan,1.0,,,,,,,,,1,,,,,
D3ZH96,D3ZH96_RAT,nan,RAT,1.0,,,,,,,,,1,,,,,
D3ZF43,nan,nan,nan,1.0,,,,,,,,,1,,,,,
D3ZF57,nan,nan,nan,1.0,,,,,,,,,1,,,,,
D3ZFQ0,nan,nan,nan,1.0,,,,,,,,,1,,,,,
D3ZFR4,D3ZFR4_RAT,nan,RAT,1.0,,,,,,,,,1,,,,,
D3ZFT4,D3ZFT4_RAT,nan,RAT,1.0,,,,,,,,,1,,,,,
D3ZFV2,D3ZFV2_RAT,nan,RAT,1.0,,,,,,,,,1,,,,,
D3ZG67,D3ZG67_RAT,nan,RAT,1.0,,,,,,,,,1,,,,,
D3ZG80,D3ZG80_RAT,nan,RAT,1.0,,,,,,,,,1,,,,,
D3ZGE3,D3ZGE3_RAT,nan,RAT,1.0,,,,,,,,,1,,,,,
D3ZGF0,D3ZGF0_RAT,nan,RAT,1.0,,,,,,,,,1,,,,,
D3ZGF7,D3ZGF7_RAT,nan,RAT,1.0,,,,,,,,,1,,,,,
D3ZGN1,D3ZGN1_RAT,nan,RAT,1.0,,,,,,,,,1,,,,,
D3ZGN9,D3ZGN9_RAT,nan,RAT,1.0,,,,,,,,,1,,,,,
D3ZGP3,D3ZGP3_RAT,nan,RAT,1.0,,,,,,,,,1,,,,,
D3ZGR3,nan,nan,nan,1.0,,,,,,,,,1,,,,,
D3ZGR8,D3ZGR8_RAT,nan,RAT,1.0,,,,,,,,,1,,,,,
D3ZGU8,D3ZGU8_RAT,nan,RAT,1.0,,,,,,,,,1,,,,,
D3ZGU9,D3ZGU9_RAT,nan,RAT,1.0,,,,,,,,,1,,,,,
D3ZGV1,D3ZGV1_RAT,nan,RAT,1.0,,,,,,,,,1,,,,,
D3ZGZ7,D3ZGZ7_RAT,nan,RAT,1.0,,,,,,,,,1,,,,,
D3ZH82,D3ZH82_RAT,nan,RAT,1.0,,,,,,,,,1,,,,,
D3ZF09,D3ZF09_RAT,nan,RAT,1.0,,,,,,,,,1,,,,,
D3ZF04,nan,nan,nan,1.0,,,,,,,,,1,,,,,
D3ZF02,D3ZF02_RAT,nan,RAT,1.0,,,,,,,,,1,,,,,
D3ZE89,nan,nan,nan,1.0,,,,,,,,,1,,,,,
D3ZCH0,D3ZCH0_RAT,nan,RAT,1.0,,,,,,,,,1,,,,,
D3ZCN8,D3ZCN8_RAT,nan,RAT,1.0,,,,,,,,,1,,,,,
D3ZCW9,D3ZCW9_RAT,nan,RAT,1.0,,,,,,,,,1,,,,,
D3ZCZ1,D3ZCZ1_RAT,nan,RAT,1.0,,,,,,,,,1,,,,,
D3ZCZ7,D3ZCZ7_RAT,nan,RAT,1.0,,,,,,,,,1,,,,,
D3ZDB0,D3ZDB0_RAT,nan,RAT,1.0,,,,,,,,,1,,,,,
D3ZDH5,D3ZDH5_RAT,nan,RAT,1.0,,,,,,,,,1,,,,,
D3ZDY8,D3ZDY8_RAT,nan,RAT,1.0,,,,,,,,,1,,,,,
D3ZE76,D3ZE76_RAT,nan,RAT,1.0,,,,,,,,,1,,,,,
D3ZE99,nan,nan,nan,1.0,,,,,,,,,1,,,,,
D3ZEZ0,nan,nan,nan,1.0,,,,,,,,,1,,,,,
D3ZEA7,D3ZEA7_RAT,nan,RAT,1.0,,,,,,,,,1,,,,,
D3ZEC7,D3ZEC7_RAT,nan,RAT,1.0,,,,,,,,,1,,,,,
D3ZEF1,D3ZEF1_RAT,nan,RAT,1.0,,,,,,,,,1,,,,,
D3ZEG2,nan,nan,nan,1.0,,,,,,,,,1,,,,,
D3ZEG7,nan,nan,nan,1.0,,,,,,,,,1,,,,,
D3ZEM2,D3ZEM2_RAT,nan,RAT,1.0,,,,,,,,,1,,,,,
D3ZEN9,D3ZEN9_RAT,nan,RAT,1.0,,,,,,,,,1,,,,,
D3ZEW4,D3ZEW4_RAT,nan,RAT,1.0,,,,,,,,,1,,,,,
D3ZEX5,D3ZEX5_RAT,nan,RAT,1.0,,,,,,,,,1,,,,,
D3ZH83,nan,nan,nan,1.0,,,,,,,,,1,,,,,
D3ZHP5,D3ZHP5_RAT,nan,RAT,1.0,,,,,,,,,1,,,,,
D4A8K9,D4A8K9_RAT,nan,RAT,1.0,,,,,,,,,1,,,,,
D3ZHT8,D3ZHT8_RAT,nan,RAT,1.0,,,,,,,,,1,,,,,
D3ZK10,D3ZK10_RAT,nan,RAT,1.0,,,,,,,,,1,,,,,
D3ZKF9,D3ZKF9_RAT,nan,RAT,1.0,,,,,,,,,1,,,,,
D3ZKH3,D3ZKH3_RAT,nan,RAT,1.0,,,,,,,,,1,,,,,
D3ZKK7,D3ZKK7_RAT,nan,RAT,1.0,,,,,,,,,1,,,,,
D3ZKL5,D3ZKL5_RAT,nan,RAT,1.0,,,,,,,,,1,,,,,
D3ZKQ1,D3ZKQ1_RAT,nan,RAT,1.0,,,,,,,,,1,,,,,
D3ZKR2,D3ZKR2_RAT,nan,RAT,1.0,,,,,,,,,1,,,,,
D3ZKU1,D3ZKU1_RAT,nan,RAT,1.0,,,,,,,,,1,,,,,
D3ZKU2,D3ZKU2_RAT,nan,RAT,1.0,,,,,,,,,1,,,,,
D3ZL01,D3ZL01_RAT,nan,RAT,1.0,,,,,,,,,1,,,,,
D3ZL22,D3ZL22_RAT,nan,RAT,1.0,,,,,,,,,1,,,,,
D3ZL55,nan,nan,nan,1.0,,,,,,,,,1,,,,,
D3ZL56,D3ZL56_RAT,nan,RAT,1.0,,,,,,,,,1,,,,,
D3ZLF3,D3ZLF3_RAT,nan,RAT,1.0,,,,,,,,,1,,,,,
D3ZLH1,D3ZLH1_RAT,nan,RAT,1.0,,,,,,,,,1,,,,,
D3ZLI7,nan,nan,nan,1.0,,,,,,,,,1,,,,,
D3ZLL9,D3ZLL9_RAT,nan,RAT,1.0,,,,,,,,,1,,,,,
D3ZLM2,D3ZLM2_RAT,nan,RAT,1.0,,,,,,,,,1,,,,,
D3ZLM3,D3ZLM3_RAT,nan,RAT,1.0,,,,,,,,,1,,,,,
D3ZLN8,D3ZLN8_RAT,nan,RAT,1.0,,,,,,,,,1,,,,,
D3ZLQ2,D3ZLQ2_RAT,nan,RAT,1.0,,,,,,,,,1,,,,,
D3ZJY3,D3ZJY3_RAT,nan,RAT,1.0,,,,,,,,,1,,,,,
D3ZJV6,nan,nan,nan,1.0,,,,,,,,,1,,,,,
D3ZJT5,D3ZJT5_RAT,nan,RAT,1.0,,,,,,,,,1,,,,,
D3ZIL7,nan,nan,nan,1.0,,,,,,,,,1,,,,,
D3ZHU1,D3ZHU1_RAT,nan,RAT,1.0,,,,,,,,,1,,,,,
D3ZI85,D3ZI85_RAT,nan,RAT,1.0,,,,,,,,,1,,,,,
D3ZIB6,nan,nan,nan,1.0,,,,,,,,,1,,,,,
D3ZID6,D3ZID6_RAT,nan,RAT,1.0,,,,,,,,,1,,,,,
D3ZII3,D3ZII3_RAT,nan,RAT,1.0,,,,,,,,,1,,,,,
D3ZIK2,nan,nan,nan,1.0,,,,,,,,,1,,,,,
D3ZIK6,D3ZIK6_RAT,nan,RAT,1.0,,,,,,,,,1,,,,,
D3ZIL2,D3ZIL2_RAT,nan,RAT,1.0,,,,,,,,,1,,,,,
D3ZIL5,D3ZIL5_RAT,nan,RAT,1.0,,,,,,,,,1,,,,,
D3ZIN4,D3ZIN4_RAT,nan,RAT,1.0,,,,,,,,,1,,,,,
D3ZJR3,D3ZJR3_RAT,nan,RAT,1.0,,,,,,,,,1,,,,,
D3ZIT1,D3ZIT1_RAT,nan,RAT,1.0,,,,,,,,,1,,,,,
D3ZIU7,nan,nan,nan,1.0,,,,,,,,,1,,,,,
D3ZIW1,D3ZIW1_RAT,nan,RAT,1.0,,,,,,,,,1,,,,,
D3ZIW2,D3ZIW2_RAT,nan,RAT,1.0,,,,,,,,,1,,,,,
D3ZIZ3,D3ZIZ3_RAT,nan,RAT,1.0,,,,,,,,,1,,,,,
D3ZJ22,nan,nan,nan,1.0,,,,,,,,,1,,,,,
D3ZJ99,D3ZJ99_RAT,nan,RAT,1.0,,,,,,,,,1,,,,,
D3ZJB3,D3ZJB3_RAT,nan,RAT,1.0,,,,,,,,,1,,,,,
D3ZJB4,D3ZJB4_RAT,nan,RAT,1.0,,,,,,,,,1,,,,,
D3ZCE8,D3ZCE8_RAT,nan,RAT,1.0,,,,,,,,,1,,,,,
D3ZCB1,nan,nan,nan,1.0,,,,,,,,,1,,,,,
D3ZCA5,D3ZCA5_RAT,nan,RAT,1.0,,,,,,,,,1,,,,,
D3ZC17,D3ZC17_RAT,nan,RAT,1.0,,,,,,,,,1,,,,,
A3KGY9,A3KGY9_MOUSE,nan,MOUSE,1.0,,,,,,,,,1,,,,,
A6ND48,O14I1_HUMAN,nan,HUMAN,1.0,,,,,,,,,1,,,,,
A6NDH6,O5H15_HUMAN,nan,HUMAN,1.0,,,,,,,,,1,,,,,
A6NGY5,O51F1_HUMAN,nan,HUMAN,1.0,,,,,,,,,1,,,,,
A6NH00,OR2T8_HUMAN,nan,HUMAN,1.0,,,,,,,,,1,,,,,
A6NHG9,O5H14_HUMAN,nan,HUMAN,1.0,,,,,,,,,1,,,,,
A6NKK0,OR5H1_HUMAN,nan,HUMAN,1.0,,,,,,,,,1,,,,,
A6NM03,O2AG2_HUMAN,nan,HUMAN,1.0,,,,,,,,,1,,,,,
A6NMU1,O52A4_HUMAN,nan,HUMAN,1.0,,,,,,,,,1,,,,,
A6NMZ5,O4C45_HUMAN,nan,HUMAN,1.0,,,,,,,,,1,,,,,
A6NND4,O2AT4_HUMAN,nan,HUMAN,1.0,,,,,,,,,1,,,,,
B1ARU8,B1ARU8_MOUSE,nan,MOUSE,1.0,,,,,,,,,1,,,,,
B1ARU9,nan,nan,nan,1.0,,,,,,,,,1,,,,,
B1ARV1,nan,nan,nan,1.0,,,,,,,,,1,,,,,
B1ARV2,B1ARV2_MOUSE,nan,MOUSE,1.0,,,,,,,,,1,,,,,
B2RVX8,B2RVX8_MOUSE,nan,MOUSE,1.0,,,,,,,,,1,,,,,
B2RVY8,B2RVY8_MOUSE,nan,MOUSE,1.0,,,,,,,,,1,,,,,
B2RVZ1,B2RVZ1_MOUSE,nan,MOUSE,1.0,,,,,,,,,1,,,,,
B9EHE6,B9EHE6_MOUSE,nan,MOUSE,1.0,,,,,,,,,1,,,,,
D3YV91,nan,nan,nan,1.0,,,,,,,,,1,,,,,
D3YVD8,nan,nan,nan,1.0,,,,,,,,,1,,,,,
A3KGY5,nan,nan,nan,1.0,,,,,,,,,1,,,,,
A3KGY4,A3KGY4_MOUSE,nan,MOUSE,1.0,,,,,,,,,1,,,,,
A3KFT3,OR2M5_HUMAN,nan,HUMAN,1.0,,,,,,,,,1,,,,,
A2ATG2,A2ATG2_MOUSE,nan,MOUSE,1.0,,,,,,,,,1,,,,,
A2ACY7,A2ACY7_MOUSE,nan,MOUSE,1.0,,,,,,,,,1,,,,,
A2ACY8,A2ACY8_MOUSE,nan,MOUSE,1.0,,,,,,,,,1,,,,,
A2AT76,nan,nan,nan,1.0,,,,,,,,,1,,,,,
A2AT78,A2AT78_MOUSE,nan,MOUSE,1.0,,,,,,,,,1,,,,,
A2AT80,nan,nan,nan,1.0,,,,,,,,,1,,,,,
A2AT96,A2AT96_MOUSE,nan,MOUSE,1.0,,,1,,,,,,,,,,,
A2ATC3,nan,nan,nan,1.0,,,,,,,,,1,,,,,
A2ATC4,nan,nan,nan,1.0,,,,,,,,,1,,,,,
A2ATE5,A2ATE5_MOUSE,nan,MOUSE,1.0,,,,,,,,,1,,,,,
A2ATG3,A2ATG3_MOUSE,nan,MOUSE,1.0,,,,,,,,,1,,,,,
A2RS33,A2RS33_MOUSE,nan,MOUSE,1.0,,,,,,,,,1,,,,,
A2ATG4,nan,nan,nan,1.0,,,,,,,,,1,,,,,
A2ATG7,nan,nan,nan,1.0,,,,,,,,,1,,,,,
A2ATJ4,A2ATJ4_MOUSE,nan,MOUSE,1.0,,,,,,,,,1,,,,,
A2ATJ7,A2ATJ7_MOUSE,nan,MOUSE,1.0,,,,,,,,,1,,,,,
A2ATJ9,A2ATJ9_MOUSE,nan,MOUSE,1.0,,,,,,,,,1,,,,,
A2AUS6,A2AUS6_MOUSE,nan,MOUSE,1.0,,,,,,,,,1,,,,,
A2AV11,A2AV11_MOUSE,nan,MOUSE,1.0,,,,,,,,,1,,,,,
A2AVC0,A2AVC0_MOUSE,nan,MOUSE,1.0,,,,,,,,,1,,,,,
A2BDZ7,A2BDZ7_MOUSE,nan,MOUSE,1.0,,,,,,,,,1,,,,,
D3YVL6,nan,nan,nan,1.0,,,,,,,,,1,,,,,
D3Z2Z2,nan,nan,nan,1.0,,,,,,,,,1,,,,,
D3Z3J8,nan,nan,nan,1.0,,,,,,,,,1,,,,,
D3ZB08,D3ZB08_RAT,nan,RAT,1.0,,,,,,,,,1,,,,,
D3ZAF1,D3ZAF1_RAT,nan,RAT,1.0,,,,,,,,,1,,,,,
D3ZAH9,nan,nan,nan,1.0,,,,,,,,,1,,,,,
D3ZAI1,D3ZAI1_RAT,nan,RAT,1.0,,,,,,,,,1,,,,,
D3ZAJ3,D3ZAJ3_RAT,nan,RAT,1.0,,,,,,,,,1,,,,,
D3ZAL0,D3ZAL0_RAT,nan,RAT,1.0,,,,,,,,,1,,,,,
D3ZAN7,nan,nan,nan,1.0,,,,,,,,,1,,,,,
D3ZAR5,nan,nan,nan,1.0,,,,,,,,,1,,,,,
D3ZAW0,nan,nan,nan,1.0,,,,,,,,,1,,,,,
D3ZAZ6,D3ZAZ6_RAT,nan,RAT,1.0,,,,,,,,,1,,,,,
D3ZB20,D3ZB20_RAT,ENSRNOP00000007665,RAT,1.0,,,,,,,,,1,,,,,
D3ZAC4,nan,nan,nan,1.0,,,,,,,,,1,,,,,
D3ZB20,D3ZB20_RAT,nan,RAT,1.0,,,,,,,,,1,,,,,
D3ZBD9,D3ZBD9_RAT,nan,RAT,1.0,,,,,,,,,1,,,,,
D3ZBK1,D3ZBK1_RAT,nan,RAT,1.0,,,,,,,,,1,,,,,
D3ZBR6,D3ZBR6_RAT,nan,RAT,1.0,,,,,,,,,1,,,,,
D3ZBS1,D3ZBS1_RAT,nan,RAT,1.0,,,,,,,,,1,,,,,
D3ZBT1,D3ZBT1_RAT,nan,RAT,1.0,,,,,,,,,1,,,,,
D3ZBY0,D3ZBY0_RAT,nan,RAT,1.0,,,,,,,,,1,,,,,
D3ZBY3,D3ZBY3_RAT,nan,RAT,1.0,,,,,,,,,1,,,,,
D3ZBY9,D3ZBY9_RAT,nan,RAT,1.0,,,,,,,,,1,,,,,
D3ZAC9,D3ZAC9_RAT,nan,RAT,1.0,,,,,,,,,1,,,,,
D3ZAA5,nan,nan,nan,1.0,,,,,,,,,1,,,,,
D3Z4A1,nan,nan,nan,1.0,,,,,,,,,1,,,,,
D3Z8S3,D3Z8S3_RAT,nan,RAT,1.0,,,,,,,,,1,,,,,
D3Z4R8,nan,nan,nan,1.0,,,,,,,,,1,,,,,
D3Z7Z1,D3Z7Z1_RAT,nan,RAT,1.0,,,,,,,,,1,,,,,
D3Z7Z3,D3Z7Z3_RAT,nan,RAT,1.0,,,,,,,,,1,,,,,
D3Z842,D3Z842_RAT,nan,RAT,1.0,,,,,,,,,1,,,,,
D3Z867,D3Z867_RAT,nan,RAT,1.0,,,,,,,,,1,,,,,
D3Z882,nan,nan,nan,1.0,,,,,,,,,1,,,,,
D3Z8G1,D3Z8G1_RAT,nan,RAT,1.0,,,,,,,,,1,,,,,
D3Z8G6,D3Z8G6_RAT,nan,RAT,1.0,,,,,,,,,1,,,,,
D3Z8M1,D3Z8M1_RAT,nan,RAT,1.0,,,,,,,,,1,,,,,
D3Z928,D3Z928_RAT,nan,RAT,1.0,,,,,,,,,1,,,,,
D3ZA29,D3ZA29_RAT,nan,RAT,1.0,,,,,,,,,1,,,,,
D3Z947,D3Z947_RAT,nan,RAT,1.0,,,,,,,,,1,,,,,
D3Z963,D3Z963_RAT,nan,RAT,1.0,,,,,,,,,1,,,,,
D3Z966,D3Z966_RAT,nan,RAT,1.0,,,,,,,,,1,,,,,
D3Z9B1,nan,nan,nan,1.0,,,,,,,,,1,,,,,
D3Z9G7,D3Z9G7_RAT,nan,RAT,1.0,,,,,,,,,1,,,,,
D3Z9J0,D3Z9J0_RAT,nan,RAT,1.0,,,,,,,,,1,,,,,
D3Z9N7,nan,nan,nan,1.0,,,,,,,,,1,,,,,
D3Z9S2,D3Z9S2_RAT,nan,RAT,1.0,,,,,,,,,1,,,,,
D3Z9U9,D3Z9U9_RAT,nan,RAT,1.0,,,,,,,,,1,,,,,
D3ZLR2,D3ZLR2_RAT,nan,RAT,1.0,,,,,,,,,1,,,,,
D3ZLS3,D3ZLS3_RAT,nan,RAT,1.0,,,,,,,,,1,,,,,
D3ZLT4,D3ZLT4_RAT,nan,RAT,1.0,,,,,,,,,1,,,,,
D3ZWV4,D3ZWV4_RAT,nan,RAT,1.0,,,,,,,,,1,,,,,
D3ZZZ2,D3ZZZ2_RAT,nan,RAT,1.0,,,,,,,,,1,,,,,
D4A044,D4A044_RAT,nan,RAT,1.0,,,,,,,,,1,,,,,
D4A084,D4A084_RAT,nan,RAT,1.0,,,,,,,,,1,,,,,
D4A0C0,D4A0C0_RAT,nan,RAT,1.0,,,,,,,,,1,,,,,
D4A0N1,D4A0N1_RAT,nan,RAT,1.0,,,,,,,,,1,,,,,
D4A0P9,D4A0P9_RAT,nan,RAT,1.0,,,,,,,,,1,,,,,
D4A0R7,D4A0R7_RAT,nan,RAT,1.0,,,,,,,,,1,,,,,
D4A103,D4A103_RAT,nan,RAT,1.0,,,,,,,,,1,,,,,
D4A178,D4A178_RAT,nan,RAT,1.0,,,,,,,,,1,,,,,
D4A1C9,nan,nan,nan,1.0,,,,,,,,,1,,,,,
D4A1E3,D4A1E3_RAT,nan,RAT,1.0,,,,,,,,,1,,,,,
D4A1G9,D4A1G9_RAT,nan,RAT,1.0,,,,,,,,,1,,,,,
D4A1L4,D4A1L4_RAT,nan,RAT,1.0,,,,,,,,,1,,,,,
D4A1L5,nan,nan,nan,1.0,,,,,,,,,1,,,,,
D4A1V9,nan,nan,nan,1.0,,,,,,,,,1,,,,,
D4A293,nan,nan,nan,1.0,,,,,,,,,1,,,,,
D4A2N6,D4A2N6_RAT,nan,RAT,1.0,,,,,,,,,1,,,,,
D4A2R3,nan,nan,nan,1.0,,,,,,,,,1,,,,,
D4A2S0,D4A2S0_RAT,nan,RAT,1.0,,,,,,,,,1,,,,,
D4A2W3,D4A2W3_RAT,nan,RAT,1.0,,,,,,,,,1,,,,,
D4A2Z0,nan,nan,nan,1.0,,,,,,,,,1,,,,,
D3ZZU6,D3ZZU6_RAT,nan,RAT,1.0,,,,,,,,,1,,,,,
D3ZZN1,D3ZZN1_RAT,nan,RAT,1.0,,,,,,,,,1,,,,,
D3ZZA0,D3ZZA0_RAT,nan,RAT,1.0,,,,,,,,,1,,,,,
D3ZYG7,nan,nan,nan,1.0,,,,,,,,,1,,,,,
D3ZX55,D3ZX55_RAT,nan,RAT,1.0,,,,,,,,,1,,,,,
D3ZX88,D3ZX88_RAT,nan,RAT,1.0,,,,,,,,,1,,,,,
D3ZXC4,nan,nan,nan,1.0,,,,,,,,,1,,,,,
D3ZXV3,D3ZXV3_RAT,nan,RAT,1.0,,,,,,,,,1,,,,,
D3ZXV7,D3ZXV7_RAT,nan,RAT,1.0,,,,,,,,,1,,,,,
D3ZXX1,D3ZXX1_RAT,nan,RAT,1.0,,,,,,,,,1,,,,,
D3ZXZ2,nan,nan,nan,1.0,,,,,,,,,1,,,,,
D3ZY06,D3ZY06_RAT,nan,RAT,1.0,,,,,,,,,1,,,,,
D3ZYE0,D3ZYE0_RAT,nan,RAT,1.0,,,,,,,,,1,,,,,
D3ZYI9,D3ZYI9_RAT,nan,RAT,1.0,,,,,,,,,1,,,,,
D3ZZ91,D3ZZ91_RAT,nan,RAT,1.0,,,,,,,,,1,,,,,
D3ZYP6,nan,nan,nan,1.0,,,,,,,,,1,,,,,
D3ZYQ1,D3ZYQ1_RAT,nan,RAT,1.0,,,,,,,,,1,,,,,
D3ZYQ5,D3ZYQ5_RAT,nan,RAT,1.0,,,,,,,,,1,,,,,
D3ZYS6,D3ZYS6_RAT,nan,RAT,1.0,,,,,,,,,1,,,,,
D3ZYT7,D3ZYT7_RAT,nan,RAT,1.0,,,,,,,,,1,,,,,
D3ZYY2,D3ZYY2_RAT,nan,RAT,1.0,,,,,,,,,1,,,,,
D3ZYY4,D3ZYY4_RAT,nan,RAT,1.0,,,,,,,,,1,,,,,
D3ZZ75,D3ZZ75_RAT,nan,RAT,1.0,,,,,,,,,1,,,,,
D3ZZ77,D3ZZ77_RAT,nan,RAT,1.0,,,,,,,,,1,,,,,
D4A324,nan,nan,nan,1.0,,,,,,,,,1,,,,,
D4A326,nan,nan,nan,1.0,,,,,,,,,1,,,,,
D4A368,D4A368_RAT,nan,RAT,1.0,,,,,,,,,1,,,,,
D4A7N5,D4A7N5_RAT,nan,RAT,1.0,,,,,,,,,1,,,,,
D4A7C6,D4A7C6_RAT,nan,RAT,1.0,,,,,,,,,1,,,,,
D4A7G7,D4A7G7_RAT,nan,RAT,1.0,,,,,,,,,1,,,,,
D4A7H3,D4A7H3_RAT,nan,RAT,1.0,,,,,,,,,1,,,,,
D4A7I0,D4A7I0_RAT,nan,RAT,1.0,,,,,,,,,1,,,,,
D4A7K3,nan,nan,nan,1.0,,,,,,,,,1,,,,,
D4A7L3,nan,nan,nan,1.0,,,,,,,,,1,,,,,
D4A7M8,nan,nan,nan,1.0,,,,,,,,,1,,,,,
D4A7M9,D4A7M9_RAT,nan,RAT,1.0,,,,,,,,,1,,,,,
D4A7N0,D4A7N0_RAT,nan,RAT,1.0,,,,,,,,,1,,,,,
D4A7P4,D4A7P4_RAT,nan,RAT,1.0,,,,,,,,,1,,,,,
D4A743,nan,nan,nan,1.0,,,,,,,,,1,,,,,
D4A7T4,D4A7T4_RAT,nan,RAT,1.0,,,,,,,,,1,,,,,
D4A7Y8,D4A7Y8_RAT,nan,RAT,1.0,,,,,,,,,1,,,,,
D4A838,D4A838_RAT,nan,RAT,1.0,,,,,,,,,1,,,,,
D4A854,nan,nan,nan,1.0,,,,,,,,,1,,,,,
D4A8A1,nan,nan,nan,1.0,,,,,,,,,1,,,,,
D4A8A3,D4A8A3_RAT,nan,RAT,1.0,,,,,,,,,1,,,,,
D4A8I2,D4A8I2_RAT,nan,RAT,1.0,,,,,,,,,1,,,,,
D4A8J0,nan,nan,nan,1.0,,,,,,,,,1,,,,,
D4A8K0,nan,nan,nan,1.0,,,,,,,,,1,,,,,
D4A7A7,D4A7A7_RAT,nan,RAT,1.0,,,,,,,,,1,,,,,
D4A730,D4A730_RAT,nan,RAT,1.0,,,,,,,,,1,,,,,
D4A3F2,D4A3F2_RAT,nan,RAT,1.0,,,,,,,,,1,,,,,
D4A4K1,D4A4K1_RAT,nan,RAT,1.0,,,,,,,,,1,,,,,
D4A3G1,D4A3G1_RAT,nan,RAT,1.0,,,,,,,,,1,,,,,
D4A3G5,D4A3G5_RAT,nan,RAT,1.0,,,,,,,,,1,,,,,
D4A3H7,D4A3H7_RAT,nan,RAT,1.0,,,,,,,,,1,,,,,
D4A3K1,nan,nan,nan,1.0,,,,,,,,,1,,,,,
D4A3P2,D4A3P2_RAT,nan,RAT,1.0,,,,,,,,,1,,,,,
D4A432,nan,nan,nan,1.0,,,,,,,,,1,,,,,
D4A4B7,nan,nan,nan,1.0,,,,,,,,,1,,,,,
D4A4F1,D4A4F1_RAT,nan,RAT,1.0,,,,,,,,,1,,,,,
D4A4H6,nan,nan,nan,1.0,,,,,,,,,1,,,,,
D4A4L0,D4A4L0_RAT,nan,RAT,1.0,,,,,,,,,1,,,,,
D4A5X3,D4A5X3_RAT,nan,RAT,1.0,,,,,,,,,1,,,,,
D4A4P0,nan,nan,nan,1.0,,,,,,,,,1,,,,,
D4A4P2,D4A4P2_RAT,nan,RAT,1.0,,,,,,,,,1,,,,,
D4A4P9,D4A4P9_RAT,nan,RAT,1.0,,,,,,,,,1,,,,,
D4A4S6,D4A4S6_RAT,nan,RAT,1.0,,,,,,,,,1,,,,,
D4A4Z8,nan,nan,nan,1.0,,,,,,,,,1,,,,,
D4A501,D4A501_RAT,nan,RAT,1.0,,,,,,,,,1,,,,,
D4A522,D4A522_RAT,nan,RAT,1.0,,,,,,,,,1,,,,,
D4A5I0,D4A5I0_RAT,nan,RAT,1.0,,,,,,,,,1,,,,,
D4A5R9,D4A5R9_RAT,nan,RAT,1.0,,,,,,,,,1,,,,,
D3ZX33,D3ZX33_RAT,nan,RAT,1.0,,,,,,,,,1,,,,,
D3ZWV3,D3ZWV3_RAT,nan,RAT,1.0,,,,,,,,,1,,,,,
D3ZLV0,D3ZLV0_RAT,nan,RAT,1.0,,,,,,,,,1,,,,,
D3ZWL8,nan,nan,nan,1.0,,,,,,,,,1,,,,,
D3ZNQ9,nan,nan,nan,1.0,,,,,,,,,1,,,,,
D3ZP03,D3ZP03_RAT,nan,RAT,1.0,,,,,,,,,1,,,,,
D3ZP32,D3ZP32_RAT,nan,RAT,1.0,,,,,,,,,1,,,,,
D3ZPB5,D3ZPB5_RAT,nan,RAT,1.0,,,,,,,,,1,,,,,
D3ZPH1,D3ZPH1_RAT,nan,RAT,1.0,,,,,,,,,1,,,,,
D3ZPT6,D3ZPT6_RAT,nan,RAT,1.0,,,,,,,,,1,,,,,
D3ZPV6,D3ZPV6_RAT,nan,RAT,1.0,,,,,,,,,1,,,,,
D3ZQ19,D3ZQ19_RAT,nan,RAT,1.0,,,,,,,,,1,,,,,
D3ZQ39,D3ZQ39_RAT,nan,RAT,1.0,,,,,,,,,1,,,,,
D3ZQ50,D3ZQ50_RAT,nan,RAT,1.0,,,,,,,,,1,,,,,
D3ZQ58,D3ZQ58_RAT,nan,RAT,1.0,,,,,,,,,1,,,,,
D3ZQ64,D3ZQ64_RAT,nan,RAT,1.0,,,,,,,,,1,,,,,
D3ZQB2,D3ZQB2_RAT,nan,RAT,1.0,,,,,,,,,1,,,,,
D3ZQB3,D3ZQB3_RAT,nan,RAT,1.0,,,,,,,,,1,,,,,
D3ZQC5,D3ZQC5_RAT,nan,RAT,1.0,,,,,,,,,1,,,,,
D3ZQD6,D3ZQD6_RAT,nan,RAT,1.0,,,,,,,,,1,,,,,
D3ZQK2,nan,nan,nan,1.0,,,,,,,,,1,,,,,
D3ZQM4,D3ZQM4_RAT,nan,RAT,1.0,,,,,,,,,1,,,,,
D3ZQS4,D3ZQS4_RAT,nan,RAT,1.0,,,,,,,,,1,,,,,
D3ZQW2,nan,nan,nan,1.0,,,,,,,,,1,,,,,
D3ZQW9,D3ZQW9_RAT,nan,RAT,1.0,,,1,,,,,,,,,,,
D3ZNH9,D3ZNH9_RAT,nan,RAT,1.0,,,,,,,,,1,,,,,
D3ZNH6,nan,nan,nan,1.0,,,,,,,,,1,,,,,
D3ZNH5,D3ZNH5_RAT,nan,RAT,1.0,,,,,,,,,1,,,,,
D3ZMJ0,nan,nan,nan,1.0,,,,,,,,,1,,,,,
D3ZLY6,D3ZLY6_RAT,nan,RAT,1.0,,,,,,,,,1,,,,,
D3ZM28,D3ZM28_RAT,nan,RAT,1.0,,,,,,,,,1,,,,,
D3ZM78,D3ZM78_RAT,nan,RAT,1.0,,,,,,,,,1,,,,,
D3ZM88,D3ZM88_RAT,nan,RAT,1.0,,,,,,,,,1,,,,,
D3ZMC8,D3ZMC8_RAT,nan,RAT,1.0,,,,,,,,,1,,,,,
D3ZMC9,D3ZMC9_RAT,nan,RAT,1.0,,,,,,,,,1,,,,,
D3ZMD0,D3ZMD0_RAT,nan,RAT,1.0,,,,,,,,,1,,,,,
D3ZMF1,D3ZMF1_RAT,nan,RAT,1.0,,,,,,,,,1,,,,,
D3ZMI5,nan,nan,nan,1.0,,,,,,,,,1,,,,,
D3ZMK1,D3ZMK1_RAT,nan,RAT,1.0,,,,,,,,,1,,,,,
D3ZNF9,D3ZNF9_RAT,nan,RAT,1.0,,,,,,,,,1,,,,,
D3ZMP4,D3ZMP4_RAT,nan,RAT,1.0,,,,,,,,,1,,,,,
D3ZMP5,D3ZMP5_RAT,nan,RAT,1.0,,,,,,,,,1,,,,,
D3ZMP8,D3ZMP8_RAT,nan,RAT,1.0,,,,,,,,,1,,,,,
D3ZMU1,nan,nan,nan,1.0,,,,,,,,,1,,,,,
D3ZMW6,D3ZMW6_RAT,nan,RAT,1.0,,,,,,,,,1,,,,,
D3ZMZ6,D3ZMZ6_RAT,nan,RAT,1.0,,,,,,,,,1,,,,,
D3ZNE5,nan,nan,nan,1.0,,,,,,,,,1,,,,,
D3ZNE7,D3ZNE7_RAT,nan,RAT,1.0,,,,,,,,,1,,,,,
D3ZNF0,D3ZNF0_RAT,nan,RAT,1.0,,,,,,,,,1,,,,,
D3ZRJ4,D3ZRJ4_RAT,nan,RAT,1.0,,,,,,,,,1,,,,,
D3ZRJ8,D3ZRJ8_RAT,nan,RAT,1.0,,,,,,,,,1,,,,,
D3ZRP2,D3ZRP2_RAT,nan,RAT,1.0,,,,,,,,,1,,,,,
D3ZUP6,nan,nan,nan,1.0,,,,,,,,,1,,,,,
D3ZTF8,D3ZTF8_RAT,nan,RAT,1.0,,,,,,,,,1,,,,,
D3ZTJ5,D3ZTJ5_RAT,nan,RAT,1.0,,,,,,,,,1,,,,,
D3ZTS7,D3ZTS7_RAT,nan,RAT,1.0,,,,,,,,,1,,,,,
D3ZTS9,D3ZTS9_RAT,nan,RAT,1.0,,,,,,,,,1,,,,,
D3ZTT6,D3ZTT6_RAT,nan,RAT,1.0,,,,,,,,,1,,,,,
D3ZU05,D3ZU05_RAT,nan,RAT,1.0,,,,,,,,,1,,,,,
D3ZU34,D3ZU34_RAT,nan,RAT,1.0,,,,,,,,,1,,,,,
D3ZU58,nan,nan,nan,1.0,,,,,,,,,1,,,,,
D3ZUN8,D3ZUN8_RAT,nan,RAT,1.0,,,,,,,,,1,,,,,
D3ZUQ4,D3ZUQ4_RAT,nan,RAT,1.0,,,,,,,,,1,,,,,
D3ZT66,D3ZT66_RAT,nan,RAT,1.0,,,,,,,,,1,,,,,
D3ZV09,D3ZV09_RAT,nan,RAT,1.0,,,,,,,,,1,,,,,
D3ZV48,D3ZV48_RAT,nan,RAT,1.0,,,,,,,,,1,,,,,
D3ZVA3,D3ZVA3_RAT,nan,RAT,1.0,,,,,,,,,1,,,,,
D3ZVJ5,nan,nan,nan,1.0,,,,,,,,,1,,,,,
D3ZVV4,D3ZVV4_RAT,nan,RAT,1.0,,,,,,,,,1,,,,,
D3ZVZ1,D3ZVZ1_RAT,nan,RAT,1.0,,,,,,,,,1,,,,,
D3ZW36,D3ZW36_RAT,nan,RAT,1.0,,,,,,,,,1,,,,,
D3ZW68,D3ZW68_RAT,nan,RAT,1.0,,,,,,,,,1,,,,,
D3ZWI7,nan,nan,nan,1.0,,,,,,,,,1,,,,,
D3ZTF2,D3ZTF2_RAT,nan,RAT,1.0,,,,,,,,,1,,,,,
D3ZT49,D3ZT49_RAT,nan,RAT,1.0,,,,,,,,,1,,,,,
D3ZRR0,D3ZRR0_RAT,nan,RAT,1.0,,,,,,,,,1,,,,,
D3ZS96,D3ZS96_RAT,nan,RAT,1.0,,,,,,,,,1,,,,,
D3ZRU1,D3ZRU1_RAT,nan,RAT,1.0,,,,,,,,,1,,,,,
D3ZRV8,D3ZRV8_RAT,nan,RAT,1.0,,,,,,,,,1,,,,,
D3ZRX6,D3ZRX6_RAT,nan,RAT,1.0,,,,,,,,,1,,,,,
D3ZRY4,D3ZRY4_RAT,nan,RAT,1.0,,,,,,,,,1,,,,,
D3ZRY8,D3ZRY8_RAT,nan,RAT,1.0,,,,,,,,,1,,,,,
D3ZS20,D3ZS20_RAT,nan,RAT,1.0,,,,,,,,,1,,,,,
D3ZS23,D3ZS23_RAT,nan,RAT,1.0,,,,,,,,,1,,,,,
D3ZS89,D3ZS89_RAT,nan,RAT,1.0,,,,,,,,,1,,,,,
D3ZS94,D3ZS94_RAT,nan,RAT,1.0,,,,,,,,,1,,,,,
D3ZSA2,nan,nan,nan,1.0,,,,,,,,,1,,,,,
D3ZT42,nan,nan,nan,1.0,,,,,,,,,1,,,,,
D3ZSC7,D3ZSC7_RAT,nan,RAT,1.0,,,,,,,,,1,,,,,
D3ZSH9,D3ZSH9_RAT,nan,RAT,1.0,,,,,,,,,1,,,,,
D3ZSI9,D3ZSI9_RAT,nan,RAT,1.0,,,,,,,,,1,,,,,
D3ZSL0,D3ZSL0_RAT,nan,RAT,1.0,,,,,,,,,1,,,,,
D3ZSM3,D3ZSM3_RAT,nan,RAT,1.0,,,,,,,,,1,,,,,
D3ZSQ8,D3ZSQ8_RAT,nan,RAT,1.0,,,,,,,,,1,,,,,
D3ZST9,D3ZST9_RAT,nan,RAT,1.0,,,,,,,,,1,,,,,
D3ZSV0,D3ZSV0_RAT,nan,RAT,1.0,,,,,,,,,1,,,,,
D3ZT21,D3ZT21_RAT,nan,RAT,1.0,,,,,,,,,1,,,,,
F6PZ60,F6PZ60_MONDO,ENSMODP00000027667,MONDO,1.0,,,,,,,,,1,,,,,
F6PZ80,F6PZ80_MONDO,ENSMODP00000027665,MONDO,1.0,,,,,,,,,1,,,,,
H2Q305,H2Q305_PANTR,ENSPTRP00000005733,PANTR,1.0,,,,,,,,,1,,,,,
F7E8C8,F7E8C8_XENTR,ENSXETP00000020428,XENTR,1.0,,,,,,,,,1,,,,,
F7DWX7,F7DWX7_ORNAN,ENSOANP00000019038,ORNAN,1.0,,,,,,,,,1,,,,,
F7DYL8,F7DYL8_ORNAN,ENSOANP00000005844,ORNAN,1.0,,,,,,,,,1,,,,,
F7DZ06,F7DZ06_MONDO,ENSMODP00000030300,MONDO,1.0,,,,,,,,,1,,,,,
F7DZ22,F7DZ22_MACMU,ENSMMUP00000028498,MACMU,1.0,,,,,,,,,1,,,,,
F7DZ32,F7DZ32_XENTR,ENSXETP00000032493,XENTR,1.0,,,,,,,,,1,,,,,
F7DZE9,F7DZE9_MONDO,ENSMODP00000014944,MONDO,1.0,,,,,,,,,1,,,,,
F7DZG0,F7DZG0_MONDO,ENSMODP00000014943,MONDO,1.0,,,,,,,,,1,,,,,
F7E072,F7E072_MONDO,ENSMODP00000030161,MONDO,1.0,,,,,,,,,1,,,,,
F7E0P5,F7E0P5_ORNAN,ENSOANP00000004161,ORNAN,1.0,,,,,,,,,1,,,,,
F7E355,F7E355_ORNAN,ENSOANP00000021926,ORNAN,1.0,,,,,,,,,1,,,,,
F7E3X8,F7E3X8_ORNAN,ENSOANP00000021727,ORNAN,1.0,,,,,,,,,1,,,,,
F7E404,F7E404_ORNAN,ENSOANP00000021723,ORNAN,1.0,,,,,,,,,1,,,,,
F7E4E8,F7E4E8_MACMU,ENSMMUP00000016482,MACMU,1.0,,,,,,,,,1,,,,,
F7E4N7,F7E4N7_XENTR,ENSXETP00000020445,XENTR,1.0,,,,,,,,,1,,,,,
F7E4P3,F7E4P3_XENTR,ENSXETP00000020441,XENTR,1.0,,,,,,,,,1,,,,,
F7E5G3,F7E5G3_MONDO,ENSMODP00000013885,MONDO,1.0,,,,,,,,,1,,,,,
F7E5H4,F7E5H4_MONDO,ENSMODP00000013882,MONDO,1.0,,,,,,,,,1,,,,,
F7E5T5,F7E5T5_MONDO,ENSMODP00000013876,MONDO,1.0,,,,,,,,,1,,,,,
F7E600,F7E600_MACMU,ENSMMUP00000028295,MACMU,1.0,,,,,,,,,1,,,,,
F7E687,F7E687_MONDO,ENSMODP00000013867,MONDO,1.0,,,,,,,,,1,,,,,
F7E6F9,F7E6F9_MONDO,ENSMODP00000018501,MONDO,1.0,,,,,,,,,1,,,,,
F7DVZ1,F7DVZ1_XENTR,ENSXETP00000035988,XENTR,1.0,,,,,,,,,1,,,,,
F7DTW1,F7DTW1_ORNAN,ENSOANP00000021955,ORNAN,1.0,,,,,,,,,1,,,,,
F7DSS0,F7DSS0_MONDO,ENSMODP00000020137,MONDO,1.0,,,,,,,,,1,,,,,
F7DFC7,F7DFC7_XENTR,ENSXETP00000056027,XENTR,1.0,,,,,,,,,1,,,,,
F7DBT9,F7DBT9_ORNAN,ENSOANP00000019474,ORNAN,1.0,,,,,,,,,1,,,,,
F7DCL3,F7DCL3_MONDO,ENSMODP00000016056,MONDO,1.0,,,,,,,,,1,,,,,
F7DD70,F7DD70_MONDO,ENSMODP00000016043,MONDO,1.0,,,,,,,,,1,,,,,
F7DDV2,F7DDV2_MONDO,ENSMODP00000014969,MONDO,1.0,,,,,,,,,1,,,,,
F7DE30,F7DE30_MONDO,ENSMODP00000014962,MONDO,1.0,,,,,,,,,1,,,,,
F7DEM8,F7DEM8_MONDO,ENSMODP00000014956,MONDO,1.0,,,,,,,,,1,,,,,
F7DF37,F7DF37_XENTR,ENSXETP00000056034,XENTR,1.0,,,,,,,,,1,,,,,
F7DFB3,F7DFB3_XENTR,ENSXETP00000056029,XENTR,1.0,,,,,,,,,1,,,,,
F7DFB6,F7DFB6_ORNAN,ENSOANP00000021107,ORNAN,1.0,,,,,,,,,1,,,,,
F7DM13,F7DM13_ORNAN,ENSOANP00000021573,ORNAN,1.0,,,,,,,,,1,,,,,
F7DRC8,F7DRC8_MONDO,ENSMODP00000025146,MONDO,1.0,,,,,,,,,1,,,,,
F7DM99,F7DM99_MONDO,ENSMODP00000018518,MONDO,1.0,,,,,,,,,1,,,,,
F7DNL1,F7DNL1_MACMU,ENSMMUP00000011662,MACMU,1.0,,,,,,,,,1,,,,,
F7DNW8,F7DNW8_MONDO,ENSMODP00000032635,MONDO,1.0,,,,,,,,,1,,,,,
F7DPU3,F7DPU3_MONDO,ENSMODP00000032496,MONDO,1.0,,,,,,,,,1,,,,,
F7DPU8,F7DPU8_MONDO,ENSMODP00000032495,MONDO,1.0,,,,,,,,,1,,,,,
F7DPV6,F7DPV6_MONDO,ENSMODP00000032494,MONDO,1.0,,,,,,,,,1,,,,,
F7DQP5,F7DQP5_MACMU,ENSMMUP00000035421,MACMU,1.0,,,,,,,,,1,,,,,
F7DQU2,F7DQU2_MONDO,ENSMODP00000025154,MONDO,1.0,,,,,,,,,1,,,,,
F7DR94,F7DR94_XENTR,ENSXETP00000035999,XENTR,1.0,,,,,,,,,1,,,,,
F7E7M5,F7E7M5_ORNAN,ENSOANP00000012542,ORNAN,1.0,,,,,,,,,1,,,,,
F7E8H0,F7E8H0_MONDO,ENSMODP00000032475,MONDO,1.0,,,,,,,,,1,,,,,
F7EZ25,F7EZ25_ORNAN,ENSOANP00000002993,ORNAN,1.0,,,,,,,,,1,,,,,
F7E8I0,F7E8I0_MONDO,ENSMODP00000032473,MONDO,1.0,,,,,,,,,1,,,,,
F7ELF0,F7ELF0_ORNAN,ENSOANP00000014171,ORNAN,1.0,,,,,,,,,1,,,,,
F7EM99,F7EM99_MONDO,ENSMODP00000013856,MONDO,1.0,,,,,,,,,1,,,,,
F7EMK6,F7EMK6_MONDO,ENSMODP00000013846,MONDO,1.0,,,,,,,,,1,,,,,
F7EMZ6,F7EMZ6_MONDO,ENSMODP00000013838,MONDO,1.0,,,,,,,,,1,,,,,
F7EN78,F7EN78_ORNAN,ENSOANP00000012961,ORNAN,1.0,,,,,,,,,1,,,,,
F7ENF6,F7ENF6_ORNAN,ENSOANP00000000984,ORNAN,1.0,,,,,,,,,1,,,,,
F7ENP5,F7ENP5_XENTR,ENSXETP00000056143,XENTR,1.0,,,,,,,,,1,,,,,
F7ENR2,F7ENR2_ORNAN,ENSOANP00000024740,ORNAN,1.0,,,,,,,,,1,,,,,
F7ENS1,F7ENS1_XENTR,ENSXETP00000056140,XENTR,1.0,,,,,,,,,1,,,,,
F7EPM1,F7EPM1_ORNAN,ENSOANP00000011261,ORNAN,1.0,,,,,,,,,1,,,,,
F7ERH3,F7ERH3_MONDO,ENSMODP00000032431,MONDO,1.0,,,,,,,,,1,,,,,
F7ERK3,F7ERK3_XENTR,ENSXETP00000037470,XENTR,1.0,,,,,,,,,1,,,,,
F7ERM7,F7ERM7_ORNAN,ENSOANP00000026738,ORNAN,1.0,,,,,,,,,1,,,,,
F7ERV1,F7ERV1_XENTR,ENSXETP00000037465,XENTR,1.0,,,,,,,,,1,,,,,
F7ERW2,F7ERW2_XENTR,ENSXETP00000037464,XENTR,1.0,,,,,,,,,1,,,,,
F7ES51,F7ES51_ORNAN,ENSOANP00000026725,ORNAN,1.0,,,,,,,,,1,,,,,
F7ES68,F7ES68_ORNAN,ENSOANP00000026721,ORNAN,1.0,,,,,,,,,1,,,,,
F7ET56,F7ET56_MONDO,ENSMODP00000013120,MONDO,1.0,,,,,,,,,1,,,,,
F7ETX4,F7ETX4_XENTR,ENSXETP00000056126,XENTR,1.0,,,,,,,,,1,,,,,
F7EY56,F7EY56_MONDO,ENSMODP00000023359,MONDO,1.0,,,,,,,,,1,,,,,
F7EYI6,F7EYI6_MONDO,ENSMODP00000011373,MONDO,1.0,,,,,,,,,1,,,,,
F7EI94,F7EI94_MONDO,ENSMODP00000033839,MONDO,1.0,,,,,,,,,1,,,,,
F7EI24,F7EI24_MONDO,ENSMODP00000033840,MONDO,1.0,,,,,,,,,1,,,,,
F7EI14,F7EI14_MONDO,ENSMODP00000033842,MONDO,1.0,,,,,,,,,1,,,,,
F7EAU9,F7EAU9_MONDO,ENSMODP00000020124,MONDO,1.0,,,,,,,,,1,,,,,
F7E8I5,F7E8I5_MONDO,ENSMODP00000032472,MONDO,1.0,,,,,,,,,1,,,,,
F7E8R8,F7E8R8_MONDO,ENSMODP00000032469,MONDO,1.0,,,,,,,,,1,,,,,
F7E8S8,F7E8S8_MONDO,ENSMODP00000032467,MONDO,1.0,,,,,,,,,1,,,,,
F7E8V4,F7E8V4_MONDO,ENSMODP00000032462,MONDO,1.0,,,,,,,,,1,,,,,
F7E8V8,F7E8V8_MONDO,ENSMODP00000032461,MONDO,1.0,,,,,,,,,1,,,,,
F7E936,F7E936_MONDO,ENSMODP00000032457,MONDO,1.0,,,,,,,,,1,,,,,
F7E946,F7E946_MONDO,ENSMODP00000032455,MONDO,1.0,,,,,,,,,1,,,,,
F7E967,F7E967_MONDO,ENSMODP00000032453,MONDO,1.0,,,,,,,,,1,,,,,
F7EAS6,F7EAS6_MONDO,ENSMODP00000020128,MONDO,1.0,,,,,,,,,1,,,,,
F7EAV4,F7EAV4_MONDO,ENSMODP00000020123,MONDO,1.0,,,,,,,,,1,,,,,
F7EHY2,F7EHY2_MACMU,ENSMMUP00000028780,MACMU,1.0,,,,,,,,,1,,,,,
F7EAW4,F7EAW4_MONDO,ENSMODP00000020121,MONDO,1.0,,,,,,,,,1,,,,,
F7EB83,F7EB83_MONDO,ENSMODP00000009792,MONDO,1.0,,,,,,,,,1,,,,,
F7ED81,F7ED81_ORNAN,ENSOANP00000026187,ORNAN,1.0,,,,,,,,,1,,,,,
F7ED86,F7ED86_ORNAN,ENSOANP00000026186,ORNAN,1.0,,,,,,,,,1,,,,,
F7EE50,F7EE50_MONDO,ENSMODP00000011520,MONDO,1.0,,,,,,,,,1,,,,,
F7EE71,F7EE71_ORNAN,ENSOANP00000024998,ORNAN,1.0,,,,,,,,,1,,,,,
F7EEE6,F7EEE6_MONDO,ENSMODP00000011505,MONDO,1.0,,,,,,,,,1,,,,,
F7EGB9,F7EGB9_XENTR,ENSXETP00000018307,XENTR,1.0,,,,,,,,,1,,,,,
F7EGN5,F7EGN5_MONDO,ENSMODP00000030156,MONDO,1.0,,,,,,,,,1,,,,,
F7DAM5,F7DAM5_MONDO,ENSMODP00000011572,MONDO,1.0,,,,,,,,,1,,,,,
F7DA39,F7DA39_MONDO,ENSMODP00000011580,MONDO,1.0,,,,,,,,,1,,,,,
F7D8M0,F7D8M0_MONDO,ENSMODP00000004766,MONDO,1.0,,,,,,,,,1,,,,,
F7D893,F7D893_MONDO,ENSMODP00000004770,MONDO,1.0,,,,,,,,,1,,,,,
F7BA44,F7BA44_ORNAN,ENSOANP00000012187,ORNAN,1.0,,,,,,,,,1,,,,,
F7BBI0,F7BBI0_MONDO,ENSMODP00000013911,MONDO,1.0,,,,,,,,,1,,,,,
F7BC09,F7BC09_MONDO,ENSMODP00000013729,MONDO,1.0,,,,,,,,,1,,,,,
F7BC24,F7BC24_MONDO,ENSMODP00000013727,MONDO,1.0,,,,,,,,,1,,,,,
F7BF36,F7BF36_MONDO,ENSMODP00000037387,MONDO,1.0,,,,,,,,,1,,,,,
F7BG34,F7BG34_ORNAN,ENSOANP00000022566,ORNAN,1.0,,,,,,,,,1,,,,,
F7BLY3,F7BLY3_MONDO,ENSMODP00000030714,MONDO,1.0,,,,,,,,,1,,,,,
F7BRF0,F7BRF0_MONDO,ENSMODP00000011089,MONDO,1.0,,,,,,,,,1,,,,,
F7BUC1,F7BUC1_XENTR,ENSXETP00000057777,XENTR,1.0,,,,,,,,,1,,,,,
F7BUU0,F7BUU0_XENTR,ENSXETP00000057757,XENTR,1.0,,,,,,,,,1,,,,,
F7BZ62,F7BZ62_ORNAN,ENSOANP00000024375,ORNAN,1.0,,,,,,,,,1,,,,,
F7C053,F7C053_XENTR,ENSXETP00000036370,XENTR,1.0,,,,,,,,,1,,,,,
F7C0I4,F7C0I4_XENTR,ENSXETP00000036363,XENTR,1.0,,,,,,,,,1,,,,,
F7C168,F7C168_XENTR,ENSXETP00000055294,XENTR,1.0,,,,,,,,,1,,,,,
F7C1P4,F7C1P4_XENTR,ENSXETP00000055276,XENTR,1.0,,,,,,,,,1,,,,,
F7C4N4,F7C4N4_ORNAN,ENSOANP00000022751,ORNAN,1.0,,,,,,,,,1,,,,,
F7C5K6,F7C5K6_MONDO,ENSMODP00000009449,MONDO,1.0,,,,,,,,,1,,,,,
F7C6D3,F7C6D3_MACMU,ENSMMUP00000003114,MACMU,1.0,,,,,,,,,1,,,,,
F7C750,F7C750_MACMU,ENSMMUP00000018547,MACMU,1.0,,,,,,,,,1,,,,,
F7C8Z4,F7C8Z4_MONDO,ENSMODP00000030385,MONDO,1.0,,,,,,,,,1,,,,,
F7C983,F7C983_ORNAN,ENSOANP00000018914,ORNAN,1.0,,,,,,,,,1,,,,,
F7B9U4,F7B9U4_ORNAN,ENSOANP00000024165,ORNAN,1.0,,,,,,,,,1,,,,,
F7B666,F7B666_ORNAN,ENSOANP00000016205,ORNAN,1.0,,,,,,,,,1,,,,,
F7B5I5,F7B5I5_MONDO,ENSMODP00000033902,MONDO,1.0,,,,,,,,,1,,,,,
F7AVQ1,F7AVQ1_MONDO,ENSMODP00000013009,MONDO,1.0,,,,,,,,,1,,,,,
F7ANP3,F7ANP3_MONDO,ENSMODP00000013951,MONDO,1.0,,,,,,,,,1,,,,,
F7APE1,F7APE1_MONDO,ENSMODP00000013759,MONDO,1.0,,,,,,,,,1,,,,,
F7API2,F7API2_MONDO,ENSMODP00000013751,MONDO,1.0,,,,,,,,,1,,,,,
F7ARZ9,F7ARZ9_MONDO,ENSMODP00000032505,MONDO,1.0,,,,,,,,,1,,,,,
F7AS18,F7AS18_MONDO,ENSMODP00000032503,MONDO,1.0,,,,,,,,,1,,,,,
F7AS35,F7AS35_ORNAN,ENSOANP00000006760,ORNAN,1.0,,,,,,,,,1,,,,,
F7ASJ3,F7ASJ3_ORNAN,ENSOANP00000006750,ORNAN,1.0,,,,,,,,,1,,,,,
F7ASP5,F7ASP5_ORNAN,ENSOANP00000018723,ORNAN,1.0,,,,,,,,,1,,,,,
F7ASW9,F7ASW9_ORNAN,ENSOANP00000006742,ORNAN,1.0,,,,,,,,,1,,,,,
F7AVT8,F7AVT8_ORNAN,ENSOANP00000020620,ORNAN,1.0,,,,,,,,,1,,,,,
F7B4E0,F7B4E0_MONDO,ENSMODP00000011091,MONDO,1.0,,,,,,,,,1,,,,,
F7AW83,F7AW83_MONDO,ENSMODP00000009662,MONDO,1.0,,,,,,,,,1,,,,,
F7AZQ5,F7AZQ5_MONDO,ENSMODP00000030727,MONDO,1.0,,,,,,,,,1,,,,,
F7B114,F7B114_MONDO,ENSMODP00000011402,MONDO,1.0,,,,,,,,,1,,,,,
F7B270,F7B270_MONDO,ENSMODP00000011272,MONDO,1.0,,,,,,,,,1,,,,,
F7B277,F7B277_MONDO,ENSMODP00000011271,MONDO,1.0,,,,,,,,,1,,,,,
F7B2H2,F7B2H2_MONDO,ENSMODP00000011269,MONDO,1.0,,,,,,,,,1,,,,,
F7B2T4,F7B2T4_ORNAN,ENSOANP00000016618,ORNAN,1.0,,,,,,,,,1,,,,,
F7B419,F7B419_ORNAN,ENSOANP00000004442,ORNAN,1.0,,,,,,,,,1,,,,,
F7B4C7,F7B4C7_MONDO,ENSMODP00000011092,MONDO,1.0,,,,,,,,,1,,,,,
F7C9I8,F7C9I8_ORNAN,ENSOANP00000022169,ORNAN,1.0,,,,,,,,,1,,,,,
F7C9K8,F7C9K8_MACMU,ENSMMUP00000010138,MACMU,1.0,,,,,,,,,1,,,,,
F7CAG5,F7CAG5_MONDO,ENSMODP00000023035,MONDO,1.0,,,,,,,,,1,,,,,
F7D298,F7D298_MONDO,ENSMODP00000018538,MONDO,1.0,,,,,,,,,1,,,,,
F7CUI4,F7CUI4_MONDO,ENSMODP00000011029,MONDO,1.0,,,,,,,,,1,,,,,
F7CUK8,F7CUK8_MONDO,ENSMODP00000011024,MONDO,1.0,,,,,,,,,1,,,,,
F7CW36,F7CW36_ORNAN,ENSOANP00000017491,ORNAN,1.0,,,,,,,,,1,,,,,
F7CWV4,F7CWV4_MOUSE,ENSMUSP00000077662,MOUSE,1.0,,,,,,,,,1,,,,,
F7CWY8,F7CWY8_MONDO,ENSMODP00000034604,MONDO,1.0,,,,,,,,,1,,,,,
F7CX27,F7CX27_MONDO,ENSMODP00000034600,MONDO,1.0,,,,,,,,,1,,,,,
F7D1R9,F7D1R9_MONDO,ENSMODP00000018542,MONDO,1.0,,,,,,,,,1,,,,,
F7D1T0,F7D1T0_MONDO,ENSMODP00000018541,MONDO,1.0,,,,,,,,,1,,,,,
F7D292,F7D292_MONDO,ENSMODP00000018539,MONDO,1.0,,,,,,,,,1,,,,,
F7D2A4,F7D2A4_MONDO,ENSMODP00000018537,MONDO,1.0,,,,,,,,,1,,,,,
F7CT37,F7CT37_MONDO,ENSMODP00000016072,MONDO,1.0,,,,,,,,,1,,,,,
F7D3G0,F7D3G0_ORNAN,ENSOANP00000002227,ORNAN,1.0,,,,,,,,,1,,,,,
F7D4M0,F7D4M0_MONDO,ENSMODP00000025302,MONDO,1.0,,,,,,,,,1,,,,,
F7D4Z9,F7D4Z9_MACMU,ENSMMUP00000006835,MACMU,1.0,,,,,,,,,1,,,,,
F7D538,F7D538_MACMU,ENSMMUP00000006832,MACMU,1.0,,,,,,,,,1,,,,,
F7D5A0,F7D5A0_MONDO,ENSMODP00000025186,MONDO,1.0,,,,,,,,,1,,,,,
F7D5D5,F7D5D5_MONDO,ENSMODP00000025182,MONDO,1.0,,,,,,,,,1,,,,,
F7D5P0,F7D5P0_MONDO,ENSMODP00000025177,MONDO,1.0,,,,,,,,,1,,,,,
F7D7G3,F7D7G3_MONDO,ENSMODP00000020162,MONDO,1.0,,,,,,,,,1,,,,,
F7D840,F7D840_MONDO,ENSMODP00000004779,MONDO,1.0,,,,,,,,,1,,,,,
F7CUC9,F7CUC9_MONDO,ENSMODP00000023009,MONDO,1.0,,,,,,,,,1,,,,,
F7CT09,F7CT09_MONDO,ENSMODP00000016079,MONDO,1.0,,,,,,,,,1,,,,,
F7CAH7,F7CAH7_MONDO,ENSMODP00000023034,MONDO,1.0,,,,,,,,,1,,,,,
F7CDW1,F7CDW1_MONDO,ENSMODP00000010407,MONDO,1.0,,,,,,,,,1,,,,,
F7CAJ6,F7CAJ6_MONDO,ENSMODP00000023031,MONDO,1.0,,,,,,,,,1,,,,,
F7CAK2,F7CAK2_MONDO,ENSMODP00000023030,MONDO,1.0,,,,,,,,,1,,,,,
F7CAV4,F7CAV4_MONDO,ENSMODP00000023024,MONDO,1.0,,,,,,,,,1,,,,,
F7CAX1,F7CAX1_MONDO,ENSMODP00000023021,MONDO,1.0,,,,,,,,,1,,,,,
F7CBI5,F7CBI5_ORNAN,ENSOANP00000025662,ORNAN,1.0,,,,,,,,,1,,,,,
F7CCD9,F7CCD9_MACMU,ENSMMUP00000034254,MACMU,1.0,,,,,,,,,1,,,,,
F7CCE6,F7CCE6_MACMU,ENSMMUP00000034253,MACMU,1.0,,,,,,,,,1,,,,,
F7CCG1,F7CCG1_MACMU,ENSMMUP00000034251,MACMU,1.0,,,,,,,,,1,,,,,
F7CCN9,F7CCN9_MONDO,ENSMODP00000034622,MONDO,1.0,,,,,,,,,1,,,,,
F7CES4,F7CES4_ORNAN,ENSOANP00000013273,ORNAN,1.0,,,,,,,,,1,,,,,
F7CRM9,F7CRM9_ORNAN,ENSOANP00000008454,ORNAN,1.0,,,,,,,,,1,,,,,
F7CET0,F7CET0_ORNAN,ENSOANP00000013272,ORNAN,1.0,,,,,,,,,1,,,,,
F7CET8,F7CET8_ORNAN,ENSOANP00000013270,ORNAN,1.0,,,,,,,,,1,,,,,
F7CF93,F7CF93_ORNAN,ENSOANP00000013268,ORNAN,1.0,,,,,,,,,1,,,,,
F7CFA7,F7CFA7_ORNAN,ENSOANP00000013266,ORNAN,1.0,,,,,,,,,1,,,,,
F7CIR5,F7CIR5_MACMU,ENSMMUP00000010276,MACMU,1.0,,,,,,,,,1,,,,,
F7CMM8,F7CMM8_ORNAN,ENSOANP00000012364,ORNAN,1.0,,,,,,,,,1,,,,,
F7CNZ2,F7CNZ2_XENTR,ENSXETP00000020342,XENTR,1.0,,,,,,,,,1,,,,,
F7CP09,F7CP09_ORNAN,ENSOANP00000012146,ORNAN,1.0,,,,,,,,,1,,,,,
F7CP14,F7CP14_ORNAN,ENSOANP00000012144,ORNAN,1.0,,,,,,,,,1,,,,,
F7EYJ9,F7EYJ9_MONDO,ENSMODP00000011370,MONDO,1.0,,,,,,,,,1,,,,,
F7F0H7,F7F0H7_MONDO,ENSMODP00000007796,MONDO,1.0,,,,,,,,,1,,,,,
F6PZ89,F6PZ89_MONDO,ENSMODP00000027664,MONDO,1.0,,,,,,,,,1,,,,,
G3X865,G3X865_BOVIN,ENSBTAP00000049482,BOVIN,1.0,,,,,,,,,1,,,,,
F8VPJ9,F8VPJ9_MOUSE,ENSMUSP00000102476,MOUSE,1.0,,,,,,,,,1,,,,,
F8VPZ8,F8VPZ8_MOUSE,ENSMUSP00000080444,MOUSE,1.0,,,,,,,,,1,,,,,
F8VQ01,F8VQ01_MOUSE,ENSMUSP00000078119,MOUSE,1.0,,,,,,,,,1,,,,,
F8VQ18,F8VQ18_MOUSE,ENSMUSP00000095815,MOUSE,1.0,,,,,,,,,1,,,,,
F8VQ84,F8VQ84_MOUSE,ENSMUSP00000079060,MOUSE,1.0,,,,,,,,,1,,,,,
G3V8B7,G3V8B7_RAT,ENSRNOP00000024311,RAT,1.0,,,,,,,,,1,,,,,
G3V9R1,G3V9R1_RAT,ENSRNOP00000056841,RAT,1.0,,,,,,,,,1,,,,,
G3V9Z0,G3V9Z0_RAT,ENSRNOP00000063503,RAT,1.0,,,,,,,,,1,,,,,
G3X6E7,G3X6E7_BOVIN,ENSBTAP00000005524,BOVIN,1.0,,,,,,,,,1,,,,,
G3X6G6,G3X6G6_BOVIN,ENSBTAP00000006255,BOVIN,1.0,,,,,,,,,1,,,,,
G3X6Z9,G3X6Z9_BOVIN,ENSBTAP00000016387,BOVIN,1.0,,,,,,,,,1,,,,,
G3X703,G3X703_BOVIN,ENSBTAP00000016651,BOVIN,1.0,,,,,,,,,1,,,,,
G3X791,G3X791_BOVIN,ENSBTAP00000048309,BOVIN,1.0,,,,,,,,,1,,,,,
G3X792,G3X792_BOVIN,ENSBTAP00000022357,BOVIN,1.0,,,,,,,,,1,,,,,
G3X7C6,G3X7C6_BOVIN,ENSBTAP00000023849,BOVIN,1.0,,,,,,,,,1,,,,,
G3X7H2,G3X7H2_BOVIN,ENSBTAP00000028184,BOVIN,1.0,,,,,,,,,1,,,,,
G3X7M6,G3X7M6_BOVIN,ENSBTAP00000038478,BOVIN,1.0,,,,,,,,,1,,,,,
G3X818,G3X818_BOVIN,ENSBTAP00000046912,BOVIN,1.0,,,,,,,,,1,,,,,
G3X856,G3X856_BOVIN,ENSBTAP00000049013,BOVIN,1.0,,,,,,,,,1,,,,,
G3X857,G3X857_BOVIN,ENSBTAP00000049023,BOVIN,1.0,,,,,,,,,1,,,,,
G3X858,G3X858_BOVIN,ENSBTAP00000049084,BOVIN,1.0,,,,,,,,,1,,,,,
F7HTC9,F7HTC9_MACMU,ENSMMUP00000031329,MACMU,1.0,,,,,,,,,1,,,,,
F7HSI6,F7HSI6_MACMU,ENSMMUP00000027417,MACMU,1.0,,,,,,,,,1,,,,,
F7HRV9,F7HRV9_MACMU,ENSMMUP00000008630,MACMU,1.0,,,,,,,,,1,,,,,
F7H1W1,F7H1W1_MACMU,ENSMMUP00000008794,MACMU,1.0,,,,,,,,,1,,,,,
F7GLB2,F7GLB2_MONDO,ENSMODP00000030296,MONDO,1.0,,,,,,,,,1,,,,,
F7GLC4,F7GLC4_MONDO,ENSMODP00000030291,MONDO,1.0,,,,,,,,,1,,,,,
F7GLE6,F7GLE6_MONDO,ENSMODP00000030282,MONDO,1.0,,,,,,,,,1,,,,,
F7GMN5,F7GMN5_MACMU,ENSMMUP00000014477,MACMU,1.0,,,,,,,,,1,,,,,
F7GMX5,F7GMX5_MACMU,ENSMMUP00000017912,MACMU,1.0,,,,,,,,,1,,,,,
F7GN06,F7GN06_MACMU,ENSMMUP00000017909,MACMU,1.0,,,,,,,,,1,,,,,
F7GPD6,F7GPD6_MACMU,ENSMMUP00000002478,MACMU,1.0,,,,,,,,,1,,,,,
F7GSH0,F7GSH0_MACMU,ENSMMUP00000033578,MACMU,1.0,,,,,,,,,1,,,,,
F7GV40,F7GV40_MACMU,ENSMMUP00000014105,MACMU,1.0,,,,,,,,,1,,,,,
F7H2A3,F7H2A3_MACMU,ENSMMUP00000003719,MACMU,1.0,,,,,,,,,1,,,,,
F7HIN1,F7HIN1_MACMU,ENSMMUP00000008322,MACMU,1.0,,,,,,,,,1,,,,,
F7H2V6,F7H2V6_MACMU,ENSMMUP00000008253,MACMU,1.0,,,,,,,,,1,,,,,
F7H2V8,F7H2V8_MACMU,ENSMMUP00000008252,MACMU,1.0,,,,,,,,,1,,,,,
F7H774,F7H774_MACMU,ENSMMUP00000003547,MACMU,1.0,,,,,,,,,1,,,,,
F7HA26,F7HA26_MACMU,ENSMMUP00000015387,MACMU,1.0,,,,,,,,,1,,,,,
F7HBF9,F7HBF9_MACMU,ENSMMUP00000010854,MACMU,1.0,,,,,,,,,1,,,,,
F7HER9,F7HER9_MACMU,ENSMMUP00000024274,MACMU,1.0,,,,,,,,,1,,,,,
F7HEW2,F7HEW2_MACMU,ENSMMUP00000024269,MACMU,1.0,,,,,,,,,1,,,,,
F7HHW9,F7HHW9_MACMU,ENSMMUP00000003824,MACMU,1.0,,,,,,,,,1,,,,,
F7HHX4,F7HHX4_MACMU,ENSMMUP00000003820,MACMU,1.0,,,,,,,,,1,,,,,
G3X864,G3X864_BOVIN,ENSBTAP00000049452,BOVIN,1.0,,,,,,,,,1,,,,,
G3X878,G3X878_BOVIN,ENSBTAP00000050400,BOVIN,1.0,,,,,,,,,1,,,,,
F7F1D0,F7F1D0_MONDO,ENSMODP00000033806,MONDO,1.0,,,,,,,,,1,,,,,
G3X8C0,G3X8C0_BOVIN,ENSBTAP00000052310,BOVIN,1.0,,,,,,,,,1,,,,,
H2Q1H9,H2Q1H9_PANTR,ENSPTRP00000003751,PANTR,1.0,,,,,,,,,1,,,,,
H2Q1I0,H2Q1I0_PANTR,ENSPTRP00000003752,PANTR,1.0,,,,,,,,,1,,,,,
H2Q1I1,H2Q1I1_PANTR,ENSPTRP00000003754,PANTR,1.0,,,,,,,,,1,,,,,
H2Q1U8,H2Q1U8_PANTR,ENSPTRP00000004226,PANTR,1.0,,,,,,,,,1,,,,,
H2Q2Y2,H2Q2Y2_PANTR,ENSPTRP00000005675,PANTR,1.0,,,,,,,,,1,,,,,
H2Q2Y5,H2Q2Y5_PANTR,ENSPTRP00000005681,PANTR,1.0,,,,,,,,,1,,,,,
H2Q2Y6,H2Q2Y6_PANTR,ENSPTRP00000005686,PANTR,1.0,,,,,,,,,1,,,,,
H2Q2Y7,H2Q2Y7_PANTR,ENSPTRP00000005689,PANTR,1.0,,,,,,,,,1,,,,,
H2Q2Y8,H2Q2Y8_PANTR,ENSPTRP00000005690,PANTR,1.0,,,,,,,,,1,,,,,
H2Q2Y9,H2Q2Y9_PANTR,ENSPTRP00000005691,PANTR,1.0,,,,,,,,,1,,,,,
H2Q2Z1,H2Q2Z1_PANTR,ENSPTRP00000005694,PANTR,1.0,,,,,,,,,1,,,,,
H2Q2Z2,H2Q2Z2_PANTR,ENSPTRP00000005695,PANTR,1.0,,,,,,,,,1,,,,,
H2Q2Z4,H2Q2Z4_PANTR,ENSPTRP00000005697,PANTR,1.0,,,,,,,,,1,,,,,
H2Q2Z5,H2Q2Z5_PANTR,ENSPTRP00000005698,PANTR,1.0,,,,,,,,,1,,,,,
H2Q2Z6,H2Q2Z6_PANTR,ENSPTRP00000005714,PANTR,1.0,,,,,,,,,1,,,,,
A2ACY2,nan,nan,nan,1.0,,,,,,,,,1,,,,,
H2Q2Z8,H2Q2Z8_PANTR,ENSPTRP00000005717,PANTR,1.0,,,,,,,,,1,,,,,
H2Q2Z9,H2Q2Z9_PANTR,ENSPTRP00000005718,PANTR,1.0,,,,,,,,,1,,,,,
H2Q300,H2Q300_PANTR,ENSPTRP00000005719,PANTR,1.0,,,,,,,,,1,,,,,
H2Q301,H2Q301_PANTR,ENSPTRP00000005721,PANTR,1.0,,,,,,,,,1,,,,,
H2Q302,H2Q302_PANTR,ENSPTRP00000005723,PANTR,1.0,,,,,,,,,1,,,,,
H2Q1H8,H2Q1H8_PANTR,ENSPTRP00000003750,PANTR,1.0,,,,,,,,,1,,,,,
H2Q1H7,H2Q1H7_PANTR,ENSPTRP00000003749,PANTR,1.0,,,,,,,,,1,,,,,
H2Q1H6,H2Q1H6_PANTR,ENSPTRP00000003748,PANTR,1.0,,,,,,,,,1,,,,,
G5E688,G5E688_BOVIN,ENSBTAP00000048982,BOVIN,1.0,,,,,,,,,1,,,,,
G3X8D1,G3X8D1_BOVIN,ENSBTAP00000052944,BOVIN,1.0,,,,,,,,,1,,,,,
G5E557,G5E557_BOVIN,ENSBTAP00000004541,BOVIN,1.0,,,,,,,,,1,,,,,
G5E5L0,G5E5L0_BOVIN,ENSBTAP00000024632,BOVIN,1.0,,,,,,,,,1,,,,,
G5E5W6,G5E5W6_BOVIN,ENSBTAP00000036812,BOVIN,1.0,,,,,,,,,1,,,,,
G5E5X2,G5E5X2_BOVIN,ENSBTAP00000037043,BOVIN,1.0,,,,,,,,,1,,,,,
G5E5X6,G5E5X6_BOVIN,ENSBTAP00000037425,BOVIN,1.0,,,,,,,,,1,,,,,
G5E5Z4,G5E5Z4_BOVIN,ENSBTAP00000044754,BOVIN,1.0,,,,,,,,,1,,,,,
G5E682,G5E682_BOVIN,ENSBTAP00000048734,BOVIN,1.0,,,,,,,,,1,,,,,
G5E687,G5E687_BOVIN,ENSBTAP00000048974,BOVIN,1.0,,,,,,,,,1,,,,,
G5E691,G5E691_BOVIN,ENSBTAP00000049162,BOVIN,1.0,,,,,,,,,1,,,,,
H2Q1H5,H2Q1H5_PANTR,ENSPTRP00000003746,PANTR,1.0,,,,,,,,,1,,,,,
G5E6C2,G5E6C2_BOVIN,ENSBTAP00000050501,BOVIN,1.0,,,,,,,,,1,,,,,
G5E6G4,G5E6G4_BOVIN,ENSBTAP00000052326,BOVIN,1.0,,,,,,,,,1,,,,,
G7MFG3,G7MFG3_MACMU,ENSMMUP00000007353,MACMU,1.0,,,,,,,,,1,,,,,
G7NE26,G7NE26_MACMU,ENSMMUP00000000603,MACMU,1.0,,,,,,,,,1,,,,,
G7NE46,G7NE46_MACMU,ENSMMUP00000003345,MACMU,1.0,,,,,,,,,1,,,,,
H2Q0B8,H2Q0B8_PANTR,ENSPTRP00000002537,PANTR,1.0,,,,,,,,,1,,,,,
H2Q0B9,H2Q0B9_PANTR,ENSPTRP00000002538,PANTR,1.0,,,,,,,,,1,,,,,
H2Q1H1,H2Q1H1_PANTR,ENSPTRP00000003733,PANTR,1.0,,,,,,,,,1,,,,,
H2Q1H2,H2Q1H2_PANTR,ENSPTRP00000003735,PANTR,1.0,,,,,,,,,1,,,,,
F7GLA9,F7GLA9_MONDO,ENSMODP00000030297,MONDO,1.0,,,,,,,,,1,,,,,
F7GLA6,F7GLA6_MONDO,ENSMODP00000030298,MONDO,1.0,,,,,,,,,1,,,,,
F7GL88,F7GL88_MACMU,ENSMMUP00000033154,MACMU,1.0,,,,,,,,,1,,,,,
F7GL25,F7GL25_MONDO,ENSMODP00000011138,MONDO,1.0,,,,,,,,,1,,,,,
F7FNT5,F7FNT5_ORNAN,ENSOANP00000019347,ORNAN,1.0,,,,,,,,,1,,,,,
F7FQ56,F7FQ56_ORNAN,ENSOANP00000021440,ORNAN,1.0,,,,,,,,,1,,,,,
F7FQK8,F7FQK8_ORNAN,ENSOANP00000007141,ORNAN,1.0,,,,,,,,,1,,,,,
F7FQM8,F7FQM8_MONDO,ENSMODP00000011334,MONDO,1.0,,,,,,,,,1,,,,,
F7FQU4,F7FQU4_MONDO,ENSMODP00000011323,MONDO,1.0,,,,,,,,,1,,,,,
F7FQZ9,F7FQZ9_MONDO,ENSMODP00000011312,MONDO,1.0,,,,,,,,,1,,,,,
F7FR39,F7FR39_ORNAN,ENSOANP00000026041,ORNAN,1.0,,,,,,,,,1,,,,,
F7FR58,F7FR58_MONDO,ENSMODP00000028190,MONDO,1.0,,,,,,,,,1,,,,,
F7FR61,F7FR61_MONDO,ENSMODP00000028189,MONDO,1.0,,,,,,,,,1,,,,,
F7FSM4,F7FSM4_ORNAN,ENSOANP00000005502,ORNAN,1.0,,,,,,,,,1,,,,,
F7FSY3,F7FSY3_MACMU,ENSMMUP00000014287,MACMU,1.0,,,,,,,,,1,,,,,
F7FT04,F7FT04_MACMU,ENSMMUP00000014284,MACMU,1.0,,,,,,,,,1,,,,,
F7FT77,F7FT77_MACMU,ENSMMUP00000021260,MACMU,1.0,,,,,,,,,1,,,,,
F7FTC4,F7FTC4_MACMU,ENSMMUP00000021258,MACMU,1.0,,,,,,,,,1,,,,,
F7FTD5,F7FTD5_MACMU,ENSMMUP00000021255,MACMU,1.0,,,,,,,,,1,,,,,
F7FTD8,F7FTD8_MACMU,ENSMMUP00000021254,MACMU,1.0,,,,,,,,,1,,,,,
F7FTE2,F7FTE2_MACMU,ENSMMUP00000021253,MACMU,1.0,,,,,,,,,1,,,,,
F7FTR7,F7FTR7_MACMU,ENSMMUP00000021239,MACMU,1.0,,,,,,,,,1,,,,,
F7FTS2,F7FTS2_MACMU,ENSMMUP00000021238,MACMU,1.0,,,,1,,,,,,,,,,
F7FVS4,F7FVS4_ORNAN,ENSOANP00000021619,ORNAN,1.0,,,,,,,,,1,,,,,
F7FW26,F7FW26_MACMU,ENSMMUP00000014270,MACMU,1.0,,,,,,,,,1,,,,,
F7FM08,F7FM08_ORNAN,ENSOANP00000019793,ORNAN,1.0,,,,,,,,,1,,,,,
F7FKI6,F7FKI6_ORNAN,ENSOANP00000005555,ORNAN,1.0,,,,,,,,,1,,,,,
F7FK14,F7FK14_ORNAN,ENSOANP00000005575,ORNAN,1.0,,,,,,,,,1,,,,,
F7FD55,F7FD55_ORNAN,ENSOANP00000017551,ORNAN,1.0,,,,,,,,,1,,,,,
F7F1K4,F7F1K4_MONDO,ENSMODP00000034581,MONDO,1.0,,,,,,,,,1,,,,,
F7F4J0,F7F4J0_MONDO,ENSMODP00000013805,MONDO,1.0,,,,,,,,,1,,,,,
F7F5I5,F7F5I5_ORNAN,ENSOANP00000016084,ORNAN,1.0,,,,,,,,,1,,,,,
F7F7G7,F7F7G7_ORNAN,ENSOANP00000002728,ORNAN,1.0,,,,,,,,,1,,,,,
F7F8S1,F7F8S1_ORNAN,ENSOANP00000002500,ORNAN,1.0,,,,,,,,,1,,,,,
F7FBV3,F7FBV3_MONDO,ENSMODP00000011367,MONDO,1.0,,,,,,,,,1,,,,,
F7FBW8,F7FBW8_MONDO,ENSMODP00000011361,MONDO,1.0,,,,,,,,,1,,,,,
F7FCB4,F7FCB4_MONDO,ENSMODP00000011350,MONDO,1.0,,,,,,,,,1,,,,,
F7FD30,F7FD30_MONDO,ENSMODP00000007958,MONDO,1.0,,,,,,,,,1,,,,,
F7FD88,F7FD88_MONDO,ENSMODP00000007951,MONDO,1.0,,,,,,,,,1,,,,,
F7FJV0,F7FJV0_MACMU,ENSMMUP00000028326,MACMU,1.0,,,,,,,,,1,,,,,
F7FDZ4,F7FDZ4_MONDO,ENSMODP00000007769,MONDO,1.0,,,,,,,,,1,,,,,
F7FE53,F7FE53_MONDO,ENSMODP00000007759,MONDO,1.0,,,,,,,,,1,,,,,
F7FET1,F7FET1_MONDO,ENSMODP00000007530,MONDO,1.0,,,,,,,,,1,,,,,
F7FHN4,F7FHN4_ORNAN,ENSOANP00000019153,ORNAN,1.0,,,,,,,,,1,,,,,
F7FHT0,F7FHT0_ORNAN,ENSOANP00000021463,ORNAN,1.0,,,,,,,,,1,,,,,
F7FHT5,F7FHT5_ORNAN,ENSOANP00000021462,ORNAN,1.0,,,,,,,,,1,,,,,
F7FIJ0,F7FIJ0_ORNAN,ENSOANP00000021203,ORNAN,1.0,,,,,,,,,1,,,,,
F7FIK9,F7FIK9_ORNAN,ENSOANP00000026098,ORNAN,1.0,,,,,,,,,1,,,,,
F7FJU3,F7FJU3_MACMU,ENSMMUP00000028327,MACMU,1.0,,,,,,,,,1,,,,,
F7FWG7,F7FWG7_MACMU,ENSMMUP00000014267,MACMU,1.0,,,,,,,,,1,,,,,
F7FYV0,F7FYV0_ORNAN,ENSOANP00000012663,ORNAN,1.0,,,,,,,,,1,,,,,
F7FYV6,F7FYV6_ORNAN,ENSOANP00000012661,ORNAN,1.0,,,,,,,,,1,,,,,
F7GEE4,F7GEE4_MONDO,ENSMODP00000014628,MONDO,1.0,,,,,,,,,1,,,,,
F7GAE8,F7GAE8_ORNAN,ENSOANP00000012613,ORNAN,1.0,,,,,,,,,1,,,,,
F7GAF1,F7GAF1_ORNAN,ENSOANP00000012612,ORNAN,1.0,,,,,,,,,1,,,,,
F7GAI4,F7GAI4_ORNAN,ENSOANP00000012608,ORNAN,1.0,,,,,,,,,1,,,,,
F7GC73,F7GC73_MONDO,ENSMODP00000030458,MONDO,1.0,,,,,,,,,1,,,,,
F7GCC7,F7GCC7_MACMU,ENSMMUP00000014003,MACMU,1.0,,,,,,,,,1,,,,,
F7GCD8,F7GCD8_MACMU,ENSMMUP00000014002,MACMU,1.0,,,,,,,,,1,,,,,
F7GCQ7,F7GCQ7_MONDO,ENSMODP00000011161,MONDO,1.0,,,,,,,,,1,,,,,
F7GD56,F7GD56_ORNAN,ENSOANP00000026426,ORNAN,1.0,,,,,,,,,1,,,,,
F7GDY2,F7GDY2_MONDO,ENSMODP00000014649,MONDO,1.0,,,,,,,,,1,,,,,
F7GEW9,F7GEW9_MONDO,ENSMODP00000010518,MONDO,1.0,,,,,,,,,1,,,,,
F7GAE1,F7GAE1_ORNAN,ENSOANP00000012617,ORNAN,1.0,,,,,,,,,1,,,,,
F7GHL8,F7GHL8_MONDO,ENSMODP00000025240,MONDO,1.0,,,,,,,,,1,,,,,
F7GHU0,F7GHU0_MONDO,ENSMODP00000025239,MONDO,1.0,,,,,,,,,1,,,,,
F7GHU2,F7GHU2_MONDO,ENSMODP00000025238,MONDO,1.0,,,,,,,,,1,,,,,
F7GHU4,F7GHU4_MONDO,ENSMODP00000025237,MONDO,1.0,,,,,,,,,1,,,,,
F7GI77,F7GI77_MACMU,ENSMMUP00000033184,MACMU,1.0,,,,,,,,,1,,,,,
F7GI86,F7GI86_MACMU,ENSMMUP00000033182,MACMU,1.0,,,,,,,,,1,,,,,
F7GKL8,F7GKL8_MONDO,ENSMODP00000004186,MONDO,1.0,,,,,,,,,1,,,,,
F7GKV8,F7GKV8_MONDO,ENSMODP00000004176,MONDO,1.0,,,,,,,,,1,,,,,
F7GKW8,F7GKW8_MONDO,ENSMODP00000004170,MONDO,1.0,,,,,,,,,1,,,,,
F7GAE5,F7GAE5_ORNAN,ENSOANP00000012615,ORNAN,1.0,,,,,,,,,1,,,,,
F7GAD8,F7GAD8_ORNAN,ENSOANP00000012618,ORNAN,1.0,,,,,,,,,1,,,,,
F7FZ71,F7FZ71_MACMU,ENSMMUP00000019227,MACMU,1.0,,,,,,,,,1,,,,,
F7G4A9,F7G4A9_ORNAN,ENSOANP00000012658,ORNAN,1.0,,,,,,,,,1,,,,,
F7FZ75,F7FZ75_MACMU,ENSMMUP00000019226,MACMU,1.0,,,,,,,,,1,,,,,
F7FZV3,F7FZV3_ORNAN,ENSOANP00000007724,ORNAN,1.0,,,,,,,,,1,,,,,
F7FZV7,F7FZV7_ORNAN,ENSOANP00000007723,ORNAN,1.0,,,,,,,,,1,,,,,
F7G1R5,F7G1R5_MONDO,ENSMODP00000030473,MONDO,1.0,,,,,,,,,1,,,,,
F7G2Q3,F7G2Q3_MONDO,ENSMODP00000014886,MONDO,1.0,,,,,,,,,1,,,,,
F7G3G0,F7G3G0_MONDO,ENSMODP00000014668,MONDO,1.0,,,,,,,,,1,,,,,
F7G3G6,F7G3G6_MONDO,ENSMODP00000014662,MONDO,1.0,,,,,,,,,1,,,,,
F7G3S0,F7G3S0_MONDO,ENSMODP00000014651,MONDO,1.0,,,,,,,,,1,,,,,
F7G3W6,F7G3W6_MACMU,ENSMMUP00000021682,MACMU,1.0,,,,,,,,,1,,,,,
F7G4D0,F7G4D0_MONDO,ENSMODP00000010546,MONDO,1.0,,,,,,,,,1,,,,,
F7GAD4,F7GAD4_ORNAN,ENSOANP00000012619,ORNAN,1.0,,,,,,,,,1,,,,,
F7G650,F7G650_ORNAN,ENSOANP00000026842,ORNAN,1.0,,,,,,,,,1,,,,,
F7G6C0,F7G6C0_ORNAN,ENSOANP00000026661,ORNAN,1.0,,,,,,,,,1,,,,,
F7G706,F7G706_ORNAN,ENSOANP00000026634,ORNAN,1.0,,,,,,,,,1,,,,,
F7G803,F7G803_MONDO,ENSMODP00000013299,MONDO,1.0,,,,,,,,,1,,,,,
F7GA71,F7GA71_ORNAN,ENSOANP00000012629,ORNAN,1.0,,,,,,,,,1,,,,,
F7GA74,F7GA74_ORNAN,ENSOANP00000012628,ORNAN,1.0,,,,,,,,,1,,,,,
F7GA82,F7GA82_ORNAN,ENSOANP00000012625,ORNAN,1.0,,,,,,,,,1,,,,,
F7GA85,F7GA85_ORNAN,ENSOANP00000012624,ORNAN,1.0,,,,,,,,,1,,,,,
F7GA92,F7GA92_ORNAN,ENSOANP00000012622,ORNAN,1.0,,,,,,,,,1,,,,,
F7ANM5,F7ANM5_MONDO,ENSMODP00000013954,MONDO,1.0,,,,,,,,,1,,,,,
F7ANK6,F7ANK6_MONDO,ENSMODP00000013957,MONDO,1.0,,,,,,,,,1,,,,,
F7AN38,F7AN38_MONDO,ENSMODP00000013960,MONDO,1.0,,,,,,,,,1,,,,,
F6SPX9,F6SPX9_MONDO,ENSMODP00000014215,MONDO,1.0,,,,,,,,,1,,,,,
F6SK03,F6SK03_MACMU,ENSMMUP00000037184,MACMU,1.0,,,,,,,,,1,,,,,
F6SLZ0,F6SLZ0_XENTR,ENSXETP00000055936,XENTR,1.0,,,,,,,,,1,,,,,
F6SM42,F6SM42_MONDO,ENSMODP00000033549,MONDO,1.0,,,,,,,,,1,,,,,
F6SM50,F6SM50_MONDO,ENSMODP00000033548,MONDO,1.0,,,,,,,,,1,,,,,
F6SM57,F6SM57_MONDO,ENSMODP00000033547,MONDO,1.0,,,,,,,,,1,,,,,
F6SM72,F6SM72_MONDO,ENSMODP00000033545,MONDO,1.0,,,,,,,,,1,,,,,
F6SM87,F6SM87_MONDO,ENSMODP00000007288,MONDO,1.0,,,,,,,,,1,,,,,
F6SMA7,F6SMA7_MONDO,ENSMODP00000033543,MONDO,1.0,,,,,,,,,1,,,,,
F6SMB3,F6SMB3_XENTR,ENSXETP00000055929,XENTR,1.0,,,,,,,,,1,,,,,
F6SMC9,F6SMC9_MONDO,ENSMODP00000033542,MONDO,1.0,,,,,,,,,1,,,,,
F6SMG5,F6SMG5_MONDO,ENSMODP00000033540,MONDO,1.0,,,,,,,,,1,,,,,
F6SMH5,F6SMH5_MONDO,ENSMODP00000007283,MONDO,1.0,,,,,,,,,1,,,,,
F6SMY9,F6SMY9_MONDO,ENSMODP00000033539,MONDO,1.0,,,,,,,,,1,,,,,
F6SMZ7,F6SMZ7_MONDO,ENSMODP00000033538,MONDO,1.0,,,,,,,,,1,,,,,
F6SN05,F6SN05_MONDO,ENSMODP00000033537,MONDO,1.0,,,,,,,,,1,,,,,
F6SN21,F6SN21_MONDO,ENSMODP00000033535,MONDO,1.0,,,,,,,,,1,,,,,
F6SN35,F6SN35_MONDO,ENSMODP00000033534,MONDO,1.0,,,,,,,,,1,,,,,
F6SN42,F6SN42_MONDO,ENSMODP00000007278,MONDO,1.0,,,,,,,,,1,,,,,
F6SN69,F6SN69_MACMU,ENSMMUP00000020149,MACMU,1.0,,,,,,,,,1,,,,,
F6SN86,F6SN86_MACMU,ENSMMUP00000020148,MACMU,1.0,,,,,,,,,1,,,,,
F6SNK7,F6SNK7_MACMU,ENSMMUP00000032118,MACMU,1.0,,,,,,,,,1,,,,,
F6SJZ4,F6SJZ4_MACMU,ENSMMUP00000037185,MACMU,1.0,,,,,,,,,1,,,,,
F6SJX2,F6SJX2_XENTR,ENSXETP00000045418,XENTR,1.0,,,,,,,,,1,,,,,
F6SJM5,F6SJM5_XENTR,ENSXETP00000045429,XENTR,1.0,,,,,,,,,1,,,,,
F6S985,F6S985_MONDO,ENSMODP00000024926,MONDO,1.0,,,,,,,,,1,,,,,
F6S2N3,F6S2N3_MONDO,ENSMODP00000015785,MONDO,1.0,,,,,,,,,1,,,,,
F6S3A2,F6S3A2_ORNAN,ENSOANP00000006888,ORNAN,1.0,,,,,,,,,1,,,,,
F6S4J5,F6S4J5_ORNAN,ENSOANP00000018676,ORNAN,1.0,,,,,,,,,1,,,,,
F6S5Z7,F6S5Z7_MACMU,ENSMMUP00000018018,MACMU,1.0,,,,,,,,,1,,,,,
F6S6K3,F6S6K3_MONDO,ENSMODP00000014254,MONDO,1.0,,,,,,,,,1,,,,,
F6S8I4,F6S8I4_MONDO,ENSMODP00000024933,MONDO,1.0,,,,,,,,,1,,,,,
F6S8J8,F6S8J8_MONDO,ENSMODP00000024930,MONDO,1.0,,,,,,,,,1,,,,,
F6S944,F6S944_MONDO,ENSMODP00000012955,MONDO,1.0,,,,,,,,,1,,,,,
F6S970,F6S970_MONDO,ENSMODP00000012951,MONDO,1.0,,,,,,,,,1,,,,,
F6S991,F6S991_MONDO,ENSMODP00000024924,MONDO,1.0,,,,,,,,,1,,,,,
F6SJA6,F6SJA6_XENTR,ENSXETP00000045434,XENTR,1.0,,,,,,,,,1,,,,,
F6S9L4,F6S9L4_MONDO,ENSMODP00000012940,MONDO,1.0,,,,,,,,,1,,,,,
F6S9M3,F6S9M3_MONDO,ENSMODP00000024919,MONDO,1.0,,,,,,,,,1,,,,,
F6S9Z3,F6S9Z3_MONDO,ENSMODP00000012935,MONDO,1.0,,,,,,,,,1,,,,,
F6SAU2,F6SAU2_XENTR,ENSXETP00000053064,XENTR,1.0,,,,,,,,,1,,,,,
F6SE81,F6SE81_ORNAN,ENSOANP00000028757,ORNAN,1.0,,,,,,,,,1,,,,,
F6SI56,F6SI56_ORNAN,ENSOANP00000004397,ORNAN,1.0,,,,,,,,,1,,,,,
F6SIN4,F6SIN4_MONDO,ENSMODP00000015974,MONDO,1.0,,,,,,,,,1,,,,,
F6SJ22,F6SJ22_XENTR,ENSXETP00000045444,XENTR,1.0,,,,,,,,,1,,,,,
F6SJ29,F6SJ29_XENTR,ENSXETP00000045441,XENTR,1.0,,,,,,,,,1,,,,,
F6SPP7,F6SPP7_MONDO,ENSMODP00000014220,MONDO,1.0,,,,,,,,,1,,,,,
F6SQ86,F6SQ86_MONDO,ENSMODP00000014028,MONDO,1.0,,,,,,,,,1,,,,,
F7AN22,F7AN22_MONDO,ENSMODP00000013963,MONDO,1.0,,,,,,,,,1,,,,,
F6SQ93,F6SQ93_MONDO,ENSMODP00000014027,MONDO,1.0,,,,,,,,,1,,,,,
F6T7H7,F6T7H7_MONDO,ENSMODP00000029955,MONDO,1.0,,,,,,,,,1,,,,,
F6TBR5,F6TBR5_MONDO,ENSMODP00000024598,MONDO,1.0,,,,,,,,,1,,,,,
F6TBS2,F6TBS2_MONDO,ENSMODP00000024597,MONDO,1.0,,,,,,,,,1,,,,,
F6TC58,F6TC58_MONDO,ENSMODP00000024589,MONDO,1.0,,,,,,,,,1,,,,,
F6TC73,F6TC73_MONDO,ENSMODP00000024584,MONDO,1.0,,,,,,,,,1,,,,,
F6TIL2,F6TIL2_MONDO,ENSMODP00000014596,MONDO,1.0,,,,,,,,,1,,,,,
F6TIT3,F6TIT3_XENTR,ENSXETP00000024094,XENTR,1.0,,,,,,,,,1,,,,,
F6TIY8,F6TIY8_XENTR,ENSXETP00000024090,XENTR,1.0,,,,,,,,,1,,,,,
F6TJ97,F6TJ97_MONDO,ENSMODP00000014582,MONDO,1.0,,,,,,,,,1,,,,,
F6TKD3,F6TKD3_MONDO,ENSMODP00000007246,MONDO,1.0,,,,,,,,,1,,,,,
F6TL10,F6TL10_MONDO,ENSMODP00000007234,MONDO,1.0,,,,,,,,,1,,,,,
F6TL32,F6TL32_MONDO,ENSMODP00000007230,MONDO,1.0,,,,,,,,,1,,,,,
F6TMR7,F6TMR7_MONDO,ENSMODP00000021386,MONDO,1.0,,,,,,,,,1,,,,,
F6TMS5,F6TMS5_MONDO,ENSMODP00000021385,MONDO,1.0,,,,,,,,,1,,,,,
F6TMT7,F6TMT7_MONDO,ENSMODP00000021382,MONDO,1.0,,,,,,,,,1,,,,,
F6TP71,F6TP71_MACMU,ENSMMUP00000019559,MACMU,1.0,,,,,,,,,1,,,,,
F6TPE6,F6TPE6_ORNAN,ENSOANP00000003538,ORNAN,1.0,,,,,,,,,1,,,,,
F6TRB9,F6TRB9_ORNAN,ENSOANP00000003366,ORNAN,1.0,,,,,,,,,1,,,,,
F6TVS9,F6TVS9_MACMU,ENSMMUP00000007591,MACMU,1.0,,,,,,,,,1,,,,,
F6U0G3,F6U0G3_MONDO,ENSMODP00000014563,MONDO,1.0,,,,,,,,,1,,,,,
F6U0H8,F6U0H8_MONDO,ENSMODP00000014560,MONDO,1.0,,,,,,,,,1,,,,,
F6T7G9,F6T7G9_MONDO,ENSMODP00000029956,MONDO,1.0,,,,,,,,,1,,,,,
F6T705,F6T705_MONDO,ENSMODP00000029960,MONDO,1.0,,,,,,,,,1,,,,,
F6T6Z6,F6T6Z6_MONDO,ENSMODP00000029961,MONDO,1.0,,,,,,,,,1,,,,,
F6T032,F6T032_ORNAN,ENSOANP00000020968,ORNAN,1.0,,,,,,,,,1,,,,,
F6SQV8,F6SQV8_MONDO,ENSMODP00000014017,MONDO,1.0,,,,,,,,,1,,,,,
F6SRI8,F6SRI8_ORNAN,ENSOANP00000027713,ORNAN,1.0,,,,,,,,,1,,,,,
F6SRN3,F6SRN3_ORNAN,ENSOANP00000003768,ORNAN,1.0,,,,,,,,,1,,,,,
F6SRP8,F6SRP8_MONDO,ENSMODP00000024906,MONDO,1.0,,,,,,,,,1,,,,,
F6SRQ3,F6SRQ3_MONDO,ENSMODP00000024902,MONDO,1.0,,,,,,,,,1,,,,,
F6SS02,F6SS02_MONDO,ENSMODP00000012921,MONDO,1.0,,,,,,,,,1,,,,,
F6SS99,F6SS99_MONDO,ENSMODP00000012916,MONDO,1.0,,,,,,,,,1,,,,,
F6ST51,F6ST51_ORNAN,ENSOANP00000015549,ORNAN,1.0,,,,,,,,,1,,,,,
F6SZF8,F6SZF8_ORNAN,ENSOANP00000018826,ORNAN,1.0,,,,1,,,,,,,,,,
F6T3U4,F6T3U4_MONDO,ENSMODP00000007269,MONDO,1.0,,,,,,,,,1,,,,,
F6T6W7,F6T6W7_MONDO,ENSMODP00000029965,MONDO,1.0,,,,,,,,,1,,,,,
F6T4S6,F6T4S6_MONDO,ENSMODP00000007255,MONDO,1.0,,,,,,,,,1,,,,,
F6T4Y4,F6T4Y4_ORNAN,ENSOANP00000018233,ORNAN,1.0,,,,,,,,,1,,,,,
F6T593,F6T593_MONDO,ENSMODP00000014209,MONDO,1.0,,,,,,,,,1,,,,,
F6T5C7,F6T5C7_ORNAN,ENSOANP00000006257,ORNAN,1.0,,,,,,,,,1,,,,,
F6T5E8,F6T5E8_MACMU,ENSMMUP00000018172,MACMU,1.0,,,,,,,,,1,,,,,
F6T673,F6T673_MACMU,ENSMMUP00000018161,MACMU,1.0,,,,,,,,,1,,,,,
F6T683,F6T683_MACMU,ENSMMUP00000018160,MACMU,1.0,,,,,,,,,1,,,,,
F6T6S4,F6T6S4_MONDO,ENSMODP00000014001,MONDO,1.0,,,,,,,,,1,,,,,
F6T6W1,F6T6W1_MACMU,ENSMMUP00000018159,MACMU,1.0,,,,,,,,,1,,,,,
F6S2M4,F6S2M4_MONDO,ENSMODP00000015786,MONDO,1.0,,,,,,,,,1,,,,,
F6S1G7,F6S1G7_MONDO,ENSMODP00000015989,MONDO,1.0,,,,,,,,,1,,,,,
F6RZB6,F6RZB6_MACMU,ENSMMUP00000018371,MACMU,1.0,,,,,,,,,1,,,,,
F6RWG7,F6RWG7_XENTR,ENSXETP00000055945,XENTR,1.0,,,,,,,,,1,,,,,
F6Q111,F6Q111_MONDO,ENSMODP00000027631,MONDO,1.0,,,,,,,,,1,,,,,
F6Q121,F6Q121_MONDO,ENSMODP00000027630,MONDO,1.0,,,,,,,,,1,,,,,
F6Q1L4,F6Q1L4_MONDO,ENSMODP00000027628,MONDO,1.0,,,,,,,,,1,,,,,
F6Q1M1,F6Q1M1_MONDO,ENSMODP00000027627,MONDO,1.0,,,,,,,,,1,,,,,
F6Q1N0,F6Q1N0_MONDO,ENSMODP00000027626,MONDO,1.0,,,,,,,,,1,,,,,
F6Q1P0,F6Q1P0_MONDO,ENSMODP00000027625,MONDO,1.0,,,,,,,,,1,,,,,
F6Q1R6,F6Q1R6_MONDO,ENSMODP00000027622,MONDO,1.0,,,,,,,,,1,,,,,
F6Q1S7,F6Q1S7_MONDO,ENSMODP00000027621,MONDO,1.0,,,,,,,,,1,,,,,
F6Q2A2,F6Q2A2_MACMU,ENSMMUP00000001113,MACMU,1.0,,,,,,,,,1,,,,,
F6Q2F2,F6Q2F2_MONDO,ENSMODP00000027616,MONDO,1.0,,,,,,,,,1,,,,,
F6Q2G1,F6Q2G1_MONDO,ENSMODP00000027615,MONDO,1.0,,,,,,,,,1,,,,,
F6Q2I3,F6Q2I3_MONDO,ENSMODP00000027613,MONDO,1.0,,,,,,,,,1,,,,,
F6Q2I7,F6Q2I7_MONDO,ENSMODP00000027612,MONDO,1.0,,,,,,,,,1,,,,,
F6Q2J6,F6Q2J6_MONDO,ENSMODP00000027611,MONDO,1.0,,,,,,,,,1,,,,,
F6Q2J7,F6Q2J7_ORNAN,ENSOANP00000010737,ORNAN,1.0,,,,,,,,,1,,,,,
F6Q2K6,F6Q2K6_MONDO,ENSMODP00000027610,MONDO,1.0,,,,,,,,,1,,,,,
F6Q2K7,F6Q2K7_ORNAN,ENSOANP00000010736,ORNAN,1.0,,,,,,,,,1,,,,,
F6Q2L6,F6Q2L6_ORNAN,ENSOANP00000010735,ORNAN,1.0,,,,,,,,,1,,,,,
F6Q2M6,F6Q2M6_ORNAN,ENSOANP00000010733,ORNAN,1.0,,,,,,,,,1,,,,,
F6Q2P3,F6Q2P3_ORNAN,ENSOANP00000010731,ORNAN,1.0,,,,,,,,,1,,,,,
F6Q311,F6Q311_MONDO,ENSMODP00000027609,MONDO,1.0,,,,,,,,,1,,,,,
F6Q103,F6Q103_MONDO,ENSMODP00000027632,MONDO,1.0,,,,,,,,,1,,,,,
F6Q0Z6,F6Q0Z6_MONDO,ENSMODP00000027633,MONDO,1.0,,,,,,,,,1,,,,,
F6Q0Y8,F6Q0Y8_MONDO,ENSMODP00000027634,MONDO,1.0,,,,,,,,,1,,,,,
F6PZQ2,F6PZQ2_MONDO,ENSMODP00000027653,MONDO,1.0,,,,,,,,,1,,,,,
F6PZA0,F6PZA0_MONDO,ENSMODP00000027663,MONDO,1.0,,,,,,,,,1,,,,,
F6PZA9,F6PZA9_MONDO,ENSMODP00000027662,MONDO,1.0,,,,,,,,,1,,,,,
F6PZC0,F6PZC0_MONDO,ENSMODP00000027661,MONDO,1.0,,,,,,,,,1,,,,,
F6PZD0,F6PZD0_MONDO,ENSMODP00000027660,MONDO,1.0,,,,,,,,,1,,,,,
F6PZK0,F6PZK0_MONDO,ENSMODP00000027659,MONDO,1.0,,,,,,,,,1,,,,,
F6PZL0,F6PZL0_MONDO,ENSMODP00000027658,MONDO,1.0,,,,,,,,,1,,,,,
F6PZL9,F6PZL9_MONDO,ENSMODP00000027657,MONDO,1.0,,,,,,,,,1,,,,,
F6PZM8,F6PZM8_MONDO,ENSMODP00000027656,MONDO,1.0,,,,,,,,,1,,,,,
F6PZN6,F6PZN6_MONDO,ENSMODP00000027655,MONDO,1.0,,,,,,,,,1,,,,,
F6PZR4,F6PZR4_MONDO,ENSMODP00000027652,MONDO,1.0,,,,,,,,,1,,,,,
F6Q0X8,F6Q0X8_MONDO,ENSMODP00000027635,MONDO,1.0,,,,,,,,,1,,,,,
F6PZS2,F6PZS2_MONDO,ENSMODP00000027651,MONDO,1.0,,,,,,,,,1,,,,,
F6PZT2,F6PZT2_MONDO,ENSMODP00000027650,MONDO,1.0,,,,,,,,,1,,,,,
F6Q020,F6Q020_MONDO,ENSMODP00000027648,MONDO,1.0,,,,,,,,,1,,,,,
F6Q031,F6Q031_MONDO,ENSMODP00000027647,MONDO,1.0,,,,,,,,,1,,,,,
F6Q040,F6Q040_MONDO,ENSMODP00000027646,MONDO,1.0,,,,,,,,,1,,,,,
F6Q049,F6Q049_MONDO,ENSMODP00000027645,MONDO,1.0,,,,,,,,,1,,,,,
F6Q059,F6Q059_MONDO,ENSMODP00000027644,MONDO,1.0,,,,,,,,,1,,,,,
F6Q066,F6Q066_MONDO,ENSMODP00000027643,MONDO,1.0,,,,,,,,,1,,,,,
F6Q0T4,F6Q0T4_MONDO,ENSMODP00000027639,MONDO,1.0,,,,,,,,,1,,,,,
F6Q355,F6Q355_MONDO,ENSMODP00000027605,MONDO,1.0,,,,,,,,,1,,,,,
F6Q9A4,F6Q9A4_MONDO,ENSMODP00000010982,MONDO,1.0,,,,,,,,,1,,,,,
F6Q9U6,F6Q9U6_ORNAN,ENSOANP00000022122,ORNAN,1.0,,,,,,,,,1,,,,,
F6RJ40,F6RJ40_MACMU,ENSMMUP00000001038,MACMU,1.0,,,,,,,,,1,,,,,
F6R1U9,F6R1U9_MONDO,ENSMODP00000014088,MONDO,1.0,,,,,,,,,1,,,,,
F6R335,F6R335_MONDO,ENSMODP00000024980,MONDO,1.0,,,,,,,,,1,,,,,
F6R376,F6R376_ORNAN,ENSOANP00000022309,ORNAN,1.0,,,,,,,,,1,,,,,
F6R3L1,F6R3L1_MONDO,ENSMODP00000024972,MONDO,1.0,,,,,,,,,1,,,,,
F6R4T6,F6R4T6_ORNAN,ENSOANP00000027198,ORNAN,1.0,,,,,,,,,1,,,,,
F6RAV9,F6RAV9_XENTR,ENSXETP00000003631,XENTR,1.0,,,,,,,,,1,,,,,
F6RG45,F6RG45_MONDO,ENSMODP00000010928,MONDO,1.0,,,,,,,,,1,,,,,
F6RH00,F6RH00_MACMU,ENSMMUP00000025509,MACMU,1.0,,,,,,,,,1,,,,,
F6RHL2,F6RHL2_ORNAN,ENSOANP00000011905,ORNAN,1.0,,,,,,,,,1,,,,,
F6RJW5,F6RJW5_XENTR,ENSXETP00000030414,XENTR,1.0,,,,,,,,,1,,,,,
F6QSG0,F6QSG0_MONDO,ENSMODP00000008808,MONDO,1.0,,,,,,,,,1,,,,,
F6RKE3,F6RKE3_MONDO,ENSMODP00000014286,MONDO,1.0,,,,,,,,,1,,,,,
F6RLE0,F6RLE0_ORNAN,ENSOANP00000028391,ORNAN,1.0,,,,,,,,,1,,,,,
F6RN74,F6RN74_MONDO,ENSMODP00000024967,MONDO,1.0,,,,,,,,,1,,,,,
F6RP87,F6RP87_MONDO,ENSMODP00000012977,MONDO,1.0,,,,,,,,,1,,,,,
F6RPI6,F6RPI6_MONDO,ENSMODP00000024940,MONDO,1.0,,,,,,,,,1,,,,,
F6RQ25,F6RQ25_MONDO,ENSMODP00000012968,MONDO,1.0,,,,,,,,,1,,,,,
F6RSR7,F6RSR7_XENTR,ENSXETP00000045473,XENTR,1.0,,,,,,,,,1,,,,,
F6RTT7,F6RTT7_ORNAN,ENSOANP00000012058,ORNAN,1.0,,,,,,,,,1,,,,,
F6RUR6,F6RUR6_XENTR,ENSXETP00000055983,XENTR,1.0,,,,,,,,,1,,,,,
F6QWG6,F6QWG6_MONDO,ENSMODP00000026422,MONDO,1.0,,,,,,,,,1,,,,,
F6QSC8,F6QSC8_MACMU,ENSMMUP00000037556,MACMU,1.0,,,,,,,,,1,,,,,
F6QBI5,F6QBI5_MONDO,ENSMODP00000014474,MONDO,1.0,,,,,,,,,1,,,,,
F6QMX0,F6QMX0_MACMU,ENSMMUP00000001428,MACMU,1.0,,,,,,,,,1,,,,,
F6QCD4,F6QCD4_MONDO,ENSMODP00000014468,MONDO,1.0,,,,,,,,,1,,,,,
F6QDC7,F6QDC7_MONDO,ENSMODP00000007130,MONDO,1.0,,,,,,,,,1,,,,,
F6QG51,F6QG51_MACMU,ENSMMUP00000037270,MACMU,1.0,,,,,,,,,1,,,,,
F6QGD7,F6QGD7_MACMU,ENSMMUP00000037269,MACMU,1.0,,,,,,,,,1,,,,,
F6QGK8,F6QGK8_MACMU,ENSMMUP00000037261,MACMU,1.0,,,,,,,,,1,,,,,
F6QGL9,F6QGL9_MACMU,ENSMMUP00000037260,MACMU,1.0,,,,,,,,,1,,,,,
F6QKJ4,F6QKJ4_XENTR,ENSXETP00000054830,XENTR,1.0,,,,,,,,,1,,,,,
F6QKU6,F6QKU6_MONDO,ENSMODP00000031773,MONDO,1.0,,,,,,,,,1,,,,,
F6QMQ1,F6QMQ1_MACMU,ENSMMUP00000001430,MACMU,1.0,,,,,,,,,1,,,,,
F6QMY4,F6QMY4_MACMU,ENSMMUP00000001427,MACMU,1.0,,,,,,,,,1,,,,,
F6QS97,F6QS97_MACMU,ENSMMUP00000037559,MACMU,1.0,,,,,,,,,1,,,,,
F6QN01,F6QN01_MACMU,ENSMMUP00000001425,MACMU,1.0,,,,,,,,,1,,,,,
F6QN74,F6QN74_MACMU,ENSMMUP00000001415,MACMU,1.0,,,,,,,,,1,,,,,
F6QRS0,F6QRS0_MACMU,ENSMMUP00000037569,MACMU,1.0,,,,,,,,,1,,,,,
F6QRS9,F6QRS9_MACMU,ENSMMUP00000037568,MACMU,1.0,,,,,,,,,1,,,,,
F6QRW0,F6QRW0_MACMU,ENSMMUP00000037565,MACMU,1.0,,,,,,,,,1,,,,,
F6QRX6,F6QRX6_MACMU,ENSMMUP00000037563,MACMU,1.0,,,,,,,,,1,,,,,
F6QRY6,F6QRY6_MACMU,ENSMMUP00000037562,MACMU,1.0,,,,,,,,,1,,,,,
F6QRZ5,F6QRZ5_MACMU,ENSMMUP00000037561,MACMU,1.0,,,,,,,,,1,,,,,
F6QS03,F6QS03_MACMU,ENSMMUP00000037560,MACMU,1.0,,,,,,,,,1,,,,,
F6U1E9,F6U1E9_MONDO,ENSMODP00000007226,MONDO,1.0,,,,,,,,,1,,,,,
F6U1R5,F6U1R5_MONDO,ENSMODP00000007219,MONDO,1.0,,,,,,,,,1,,,,,
F6U285,F6U285_MONDO,ENSMODP00000038391,MONDO,1.0,,,,,,,,,1,,,,,
F6YK44,F6YK44_MACMU,ENSMMUP00000036901,MACMU,1.0,,,,,,,,,1,,,,,
F6ZH78,F6ZH78_ORNAN,ENSOANP00000028644,ORNAN,1.0,,,,,,,,,1,,,,,
F6ZI92,F6ZI92_ORNAN,ENSOANP00000016476,ORNAN,1.0,,,,,,,,,1,,,,,
F6ZLA2,F6ZLA2_MACMU,ENSMMUP00000017728,MACMU,1.0,,,,,,,,,1,,,,,
F6ZLD2,F6ZLD2_ORNAN,ENSOANP00000028224,ORNAN,1.0,,,,,,,,,1,,,,,
F6ZLD9,F6ZLD9_ORNAN,ENSOANP00000028223,ORNAN,1.0,,,,,,,,,1,,,,,
F6ZMB9,F6ZMB9_ORNAN,ENSOANP00000005291,ORNAN,1.0,,,,,,,,,1,,,,,
F6ZPM9,F6ZPM9_MONDO,ENSMODP00000004118,MONDO,1.0,,,,,,,,,1,,,,,
F6ZSI9,F6ZSI9_MONDO,ENSMODP00000033959,MONDO,1.0,,,,,,,,,1,,,,,
F6ZSJ4,F6ZSJ4_MONDO,ENSMODP00000033958,MONDO,1.0,,,,,,,,,1,,,,,
F6ZSK1,F6ZSK1_MONDO,ENSMODP00000033957,MONDO,1.0,,,,,,,,,1,,,,,
F6ZSK6,F6ZSK6_MONDO,ENSMODP00000033956,MONDO,1.0,,,,,,,,,1,,,,,
F6ZSL2,F6ZSL2_MONDO,ENSMODP00000033955,MONDO,1.0,,,,,,,,,1,,,,,
F6ZSM9,F6ZSM9_MONDO,ENSMODP00000033954,MONDO,1.0,,,,,,,,,1,,,,,
F6ZSP6,F6ZSP6_MONDO,ENSMODP00000033953,MONDO,1.0,,,,,,,,,1,,,,,
F6ZSR0,F6ZSR0_MONDO,ENSMODP00000033952,MONDO,1.0,,,,,,,,,1,,,,,
F6ZST6,F6ZST6_MONDO,ENSMODP00000033950,MONDO,1.0,,,,,,,,,1,,,,,
F6ZT84,F6ZT84_MACMU,ENSMMUP00000036894,MACMU,1.0,,,,,,,,,1,,,,,
F6ZTA8,F6ZTA8_MACMU,ENSMMUP00000036891,MACMU,1.0,,,,,,,,,1,,,,,
F6ZTC2,F6ZTC2_MACMU,ENSMMUP00000036889,MACMU,1.0,,,,,,,,,1,,,,,
F6ZTC8,F6ZTC8_MACMU,ENSMMUP00000036888,MACMU,1.0,,,,,,,,,1,,,,,
F6ZTD0,F6ZTD0_MONDO,ENSMODP00000033948,MONDO,1.0,,,,,,,,,1,,,,,
F6ZH69,F6ZH69_MONDO,ENSMODP00000025034,MONDO,1.0,,,,,,,,,1,,,,,
F6ZFK8,F6ZFK8_ORNAN,ENSOANP00000028810,ORNAN,1.0,,,,,,,,,1,,,,,
F6Z5X8,F6Z5X8_MONDO,ENSMODP00000033754,MONDO,1.0,,,,,,,,,1,,,,,
F6YYN6,F6YYN6_MACMU,ENSMMUP00000031770,MACMU,1.0,,,,,,,,,1,,,,,
F6YRA4,F6YRA4_MONDO,ENSMODP00000025208,MONDO,1.0,,,,,,,,,1,,,,,
F6YRC7,F6YRC7_MONDO,ENSMODP00000025204,MONDO,1.0,,,,,,,,,1,,,,,
F6YSJ5,F6YSJ5_ORNAN,ENSOANP00000028285,ORNAN,1.0,,,,,,,,,1,,,,,
F6YT53,F6YT53_ORNAN,ENSOANP00000016290,ORNAN,1.0,,,,,,,,,1,,,,,
F6YTL5,F6YTL5_ORNAN,ENSOANP00000028256,ORNAN,1.0,,,,,,,,,1,,,,,
F6YUI1,F6YUI1_MONDO,ENSMODP00000020029,MONDO,1.0,,,,,,,,,1,,,,,
F6YW40,F6YW40_MONDO,ENSMODP00000004676,MONDO,1.0,,,,,,,,,1,,,,,
F6YWN5,F6YWN5_MACMU,ENSMMUP00000017636,MACMU,1.0,,,,,,,,,1,,,,,
F6YX06,F6YX06_MACMU,ENSMMUP00000029600,MACMU,1.0,,,,,,,,,1,,,,,
F6Z2X8,F6Z2X8_XENTR,ENSXETP00000054225,XENTR,1.0,,,,,,,,,1,,,,,
F6Z5G1,F6Z5G1_MONDO,ENSMODP00000033760,MONDO,1.0,,,,,,,,,1,,,,,
F6Z445,F6Z445_ORNAN,ENSOANP00000027248,ORNAN,1.0,,,,,,,,,1,,,,,
F6Z4P4,F6Z4P4_MONDO,ENSMODP00000033965,MONDO,1.0,,,,,,,,,1,,,,,
F6Z4Q3,F6Z4Q3_MONDO,ENSMODP00000033964,MONDO,1.0,,,,,,,,,1,,,,,
F6Z4Q9,F6Z4Q9_MONDO,ENSMODP00000033963,MONDO,1.0,,,,,,,,,1,,,,,
F6Z4R6,F6Z4R6_MONDO,ENSMODP00000033962,MONDO,1.0,,,,,,,,,1,,,,,
F6Z4S3,F6Z4S3_MONDO,ENSMODP00000033961,MONDO,1.0,,,,,,,,,1,,,,,
F6Z4T1,F6Z4T1_MONDO,ENSMODP00000033960,MONDO,1.0,,,,,,,,,1,,,,,
F6Z5E5,F6Z5E5_MONDO,ENSMODP00000033763,MONDO,1.0,,,,,,,,,1,,,,,
F6Z5E9,F6Z5E9_MONDO,ENSMODP00000033762,MONDO,1.0,,,,,,,,,1,,,,,
F6ZTD8,F6ZTD8_MONDO,ENSMODP00000033947,MONDO,1.0,,,,,,,,,1,,,,,
F6ZTP1,F6ZTP1_MACMU,ENSMMUP00000036874,MACMU,1.0,,,,,,,,,1,,,,,
F6ZTQ2,F6ZTQ2_MACMU,ENSMMUP00000036873,MACMU,1.0,,,,,,,,,1,,,,,
F7AI23,F7AI23_MONDO,ENSMODP00000033924,MONDO,1.0,,,,,,,,,1,,,,,
F7A3B0,F7A3B0_MONDO,ENSMODP00000037561,MONDO,1.0,,,,,,,,,1,,,,,
F7A3B7,F7A3B7_MONDO,ENSMODP00000037560,MONDO,1.0,,,,,,,,,1,,,,,
F7A524,F7A524_ORNAN,ENSOANP00000018127,ORNAN,1.0,,,,,,,,,1,,,,,
F7A5R1,F7A5R1_ORNAN,ENSOANP00000020268,ORNAN,1.0,,,,,,,,,1,,,,,
F7A6X5,F7A6X5_MACMU,ENSMMUP00000024854,MACMU,1.0,,,,,,,,,1,,,,,
F7ABG4,F7ABG4_MACMU,ENSMMUP00000031869,MACMU,1.0,,,,,,,,,1,,,,,
F7AHD1,F7AHD1_MONDO,ENSMODP00000033935,MONDO,1.0,,,,,,,,,1,,,,,
F7AHY4,F7AHY4_MONDO,ENSMODP00000033929,MONDO,1.0,,,,,,,,,1,,,,,
F7AHZ5,F7AHZ5_MONDO,ENSMODP00000033927,MONDO,1.0,,,,,,,,,1,,,,,
F7AI36,F7AI36_MONDO,ENSMODP00000033923,MONDO,1.0,,,,,,,,,1,,,,,
F7A2L9,F7A2L9_MONDO,ENSMODP00000037585,MONDO,1.0,,,,,,,,,1,,,,,
F7AI56,F7AI56_MONDO,ENSMODP00000033921,MONDO,1.0,,,,,,,,,1,,,,,
F7AIL5,F7AIL5_MONDO,ENSMODP00000033720,MONDO,1.0,,,,,,,,,1,,,,,
F7AKM0,F7AKM0_MONDO,ENSMODP00000034439,MONDO,1.0,,,,,,,,,1,,,,,
F7ALF4,F7ALF4_XENTR,ENSXETP00000007202,XENTR,1.0,,,,,,,,,1,,,,,
F7AM19,F7AM19_XENTR,ENSXETP00000033231,XENTR,1.0,,,,,,,,,1,,,,,
F7AM78,F7AM78_XENTR,ENSXETP00000033226,XENTR,1.0,,,,,,,,,1,,,,,
F7AM93,F7AM93_XENTR,ENSXETP00000033223,XENTR,1.0,,,,,,,,,1,,,,,
F7AMA2,F7AMA2_XENTR,ENSXETP00000033221,XENTR,1.0,,,,,,,,,1,,,,,
F7AME2,F7AME2_XENTR,ENSXETP00000033213,XENTR,1.0,,,,,,,,,1,,,,,
F7A2Z8,F7A2Z8_MACMU,ENSMMUP00000024361,MACMU,1.0,,,,,,,,,1,,,,,
F7A2I5,F7A2I5_MONDO,ENSMODP00000037589,MONDO,1.0,,,,,,,,,1,,,,,
F6ZTS7,F6ZTS7_MACMU,ENSMMUP00000036870,MACMU,1.0,,,,,,,,,1,,,,,
F6ZZ92,F6ZZ92_MONDO,ENSMODP00000013980,MONDO,1.0,,,,,,,,,1,,,,,
F6ZTZ4,F6ZTZ4_MONDO,ENSMODP00000033749,MONDO,1.0,,,,,,,,,1,,,,,
F6ZU24,F6ZU24_MACMU,ENSMMUP00000036866,MACMU,1.0,,,,,,,,,1,,,,,
F6ZU41,F6ZU41_MACMU,ENSMMUP00000036864,MACMU,1.0,,,,,,,,,1,,,,,
F6ZXG0,F6ZXG0_ORNAN,ENSOANP00000003051,ORNAN,1.0,,,,,,,,,1,,,,,
F6ZXU4,F6ZXU4_XENTR,ENSXETP00000045545,XENTR,1.0,,,,,,,,,1,,,,,
F6ZY42,F6ZY42_XENTR,ENSXETP00000045535,XENTR,1.0,,,,,,,,,1,,,,,
F6ZYV8,F6ZYV8_XENTR,ENSXETP00000045515,XENTR,1.0,,,,,,,,,1,,,,,
F6ZZ56,F6ZZ56_MONDO,ENSMODP00000013989,MONDO,1.0,,,,,,,,,1,,,,,
F6ZZ86,F6ZZ86_MONDO,ENSMODP00000013984,MONDO,1.0,,,,,,,,,1,,,,,
F6ZZP7,F6ZZP7_MONDO,ENSMODP00000013978,MONDO,1.0,,,,,,,,,1,,,,,
F7A2H8,F7A2H8_MONDO,ENSMODP00000037590,MONDO,1.0,,,,,,,,,1,,,,,
F6ZZT4,F6ZZT4_MONDO,ENSMODP00000013973,MONDO,1.0,,,,,,,,,1,,,,,
F6ZZV4,F6ZZV4_MONDO,ENSMODP00000013970,MONDO,1.0,,,,,,,,,1,,,,,
F6ZZY0,F6ZZY0_XENTR,ENSXETP00000057215,XENTR,1.0,,,,,,,,,1,,,,,
F7A098,F7A098_ORNAN,ENSOANP00000018551,ORNAN,1.0,,,,,,,,,1,,,,,
F7A0H0,F7A0H0_MONDO,ENSMODP00000013789,MONDO,1.0,,,,,,,,,1,,,,,
F7A114,F7A114_MONDO,ENSMODP00000013777,MONDO,1.0,,,,,,,,,1,,,,,
F7A1K6,F7A1K6_MONDO,ENSMODP00000013766,MONDO,1.0,,,,,,,,,1,,,,,
F7A2D9,F7A2D9_MONDO,ENSMODP00000037595,MONDO,1.0,,,,,,,,,1,,,,,
F7A2G3,F7A2G3_MONDO,ENSMODP00000037592,MONDO,1.0,,,,,,,,,1,,,,,
F6YQR6,F6YQR6_ORNAN,ENSOANP00000028493,ORNAN,1.0,,,,,,,,,1,,,,,
F6YEM6,F6YEM6_MONDO,ENSMODP00000014607,MONDO,1.0,,,,,,,,,1,,,,,
F6U325,F6U325_MACMU,ENSMMUP00000023293,MACMU,1.0,,,,,,,,,1,,,,,
F6YEE6,F6YEE6_ORNAN,ENSOANP00000025913,ORNAN,1.0,,,,,,,,,1,,,,,
F6V2P3,F6V2P3_MONDO,ENSMODP00000014362,MONDO,1.0,,,,,,,,,1,,,,,
F6V3S0,F6V3S0_XENTR,ENSXETP00000036001,XENTR,1.0,,,,,,,,,1,,,,,
F6V6J8,F6V6J8_MONDO,ENSMODP00000024896,MONDO,1.0,,,,,,,,,1,,,,,
F6V6K9,F6V6K9_MONDO,ENSMODP00000024893,MONDO,1.0,,,,,,,,,1,,,,,
F6V6Z0,F6V6Z0_MONDO,ENSMODP00000024884,MONDO,1.0,,,,,,,,,1,,,,,
F6V7J9,F6V7J9_MONDO,ENSMODP00000024870,MONDO,1.0,,,,,,,,,1,,,,,
F6VHU8,F6VHU8_ORNAN,ENSOANP00000008552,ORNAN,1.0,,,,,,,,,1,,,,,
F6VIF9,F6VIF9_MACMU,ENSMMUP00000026995,MACMU,1.0,,,,,,,,,1,,,,,
F6VJY8,F6VJY8_MONDO,ENSMODP00000014346,MONDO,1.0,,,,,,,,,1,,,,,
F6VK05,F6VK05_MONDO,ENSMODP00000014343,MONDO,1.0,,,,,,,,,1,,,,,
F6VLC6,F6VLC6_ORNAN,ENSOANP00000010493,ORNAN,1.0,,,,,,,,,1,,,,,
F6VT95,F6VT95_MONDO,ENSMODP00000029342,MONDO,1.0,,,,,,,,,1,,,,,
F6VTU4,F6VTU4_MACMU,ENSMMUP00000019616,MACMU,1.0,,,,,,,,,1,,,,,
F6VZZ7,F6VZZ7_XENTR,ENSXETP00000003562,XENTR,1.0,,,,,,,,,1,,,,,
F6W064,F6W064_MONDO,ENSMODP00000007375,MONDO,1.0,,,,,,,,,1,,,,,
F6W332,F6W332_MONDO,ENSMODP00000014187,MONDO,1.0,,,,,,,,,1,,,,,
F6W357,F6W357_MONDO,ENSMODP00000014184,MONDO,1.0,,,,,,,,,1,,,,,
F6WC11,F6WC11_ORNAN,ENSOANP00000008540,ORNAN,1.0,,,,,,,,,1,,,,,
F6WE63,F6WE63_MONDO,ENSMODP00000015818,MONDO,1.0,,,,,,,,,1,,,,,
F6WED1,F6WED1_MONDO,ENSMODP00000015813,MONDO,1.0,,,,,,,,,1,,,,,
F6WEQ2,F6WEQ2_ORNAN,ENSOANP00000010644,ORNAN,1.0,,,,,,,,,1,,,,,
F6V2K5,F6V2K5_MONDO,ENSMODP00000014366,MONDO,1.0,,,,,,,,,1,,,,,
F6UWZ9,F6UWZ9_ORNAN,ENSOANP00000025576,ORNAN,1.0,,,,,,,,,1,,,,,
F6UVC7,F6UVC7_XENTR,ENSXETP00000026235,XENTR,1.0,,,,,,,,,1,,,,,
F6UEW2,F6UEW2_MONDO,ENSMODP00000008772,MONDO,1.0,,,,,,,,,1,,,,,
F6U3H7,F6U3H7_ORNAN,ENSOANP00000018003,ORNAN,1.0,,,,,,,,,1,,,,,
F6U482,F6U482_MONDO,ENSMODP00000007079,MONDO,1.0,,,,,,,,,1,,,,,
F6U5R7,F6U5R7_MACMU,ENSMMUP00000030274,MACMU,1.0,,,,,,,,,1,,,,,
F6U9S7,F6U9S7_MONDO,ENSMODP00000012558,MONDO,1.0,,,,,,,,,1,,,,,
F6UBC8,F6UBC8_XENTR,ENSXETP00000036019,XENTR,1.0,,,,,,,,,1,,,,,
F6UBL1,F6UBL1_ORNAN,ENSOANP00000023498,ORNAN,1.0,,,,,,,,,1,,,,,
F6UCG1,F6UCG1_ORNAN,ENSOANP00000017341,ORNAN,1.0,,,,,,,,,1,,,,,
F6UEL3,F6UEL3_MONDO,ENSMODP00000008790,MONDO,1.0,,,,,,,,,1,,,,,
F6UEM6,F6UEM6_MONDO,ENSMODP00000008786,MONDO,1.0,,,,,,,,,1,,,,,
F6UF37,F6UF37_MONDO,ENSMODP00000008759,MONDO,1.0,,,,,,,,,1,,,,,
F6UTE7,F6UTE7_MACMU,ENSMMUP00000038615,MACMU,1.0,,,,,,,,,1,,,,,
F6UFE3,F6UFE3_MONDO,ENSMODP00000008740,MONDO,1.0,,,,,,,,,1,,,,,
F6UIV9,F6UIV9_MONDO,ENSMODP00000014393,MONDO,1.0,,,,,,,,,1,,,,,
F6UJE0,F6UJE0_MACMU,ENSMMUP00000038643,MACMU,1.0,,,,,,,,,1,,,,,
F6UL94,F6UL94_XENTR,ENSXETP00000047409,XENTR,1.0,,,,,,,,,1,,,,,
F6ULF2,F6ULF2_MACMU,ENSMMUP00000007858,MACMU,1.0,,,,,,,,,1,,,,,
F6UMS5,F6UMS5_ORNAN,ENSOANP00000015305,ORNAN,1.0,,,,,,,,,1,,,,,
F6UPJ0,F6UPJ0_MONDO,ENSMODP00000024899,MONDO,1.0,,,,,,,,,1,,,,,
F6UPK1,F6UPK1_MONDO,ENSMODP00000024897,MONDO,1.0,,,,,,,,,1,,,,,
F6USN3,F6USN3_MACMU,ENSMMUP00000014678,MACMU,1.0,,,,,,,,,1,,,,,
F6WFX4,F6WFX4_MONDO,ENSMODP00000033611,MONDO,1.0,,,,,,,,,1,,,,,
F6WFZ1,F6WFZ1_MONDO,ENSMODP00000033610,MONDO,1.0,,,,,,,,,1,,,,,
F6WIG2,F6WIG2_XENTR,ENSXETP00000017582,XENTR,1.0,,,,,,,,,,,,,,1
F6XU80,F6XU80_MONDO,ENSMODP00000034946,MONDO,1.0,,,,,,,,,1,,,,,
F6XKV0,F6XKV0_MACMU,ENSMMUP00000017511,MACMU,1.0,,,,,,,,,1,,,,,
F6XLW6,F6XLW6_MONDO,ENSMODP00000024610,MONDO,1.0,,,,,,,,,1,,,,,
F6XMD5,F6XMD5_MONDO,ENSMODP00000024607,MONDO,1.0,,,,,,,,,1,,,,,
F6XNL6,F6XNL6_ORNAN,ENSOANP00000013308,ORNAN,1.0,,,,,,,,,1,,,,,
F6XPU7,F6XPU7_CANFA,ENSCAFP00000009471,CANFA,1.0,,,,,,,,,1,,,,,
F6XR78,F6XR78_CANFA,ENSCAFP00000009452,CANFA,1.0,,,,,,,,,1,,,,,
F6XSC7,F6XSC7_CANFA,ENSCAFP00000034927,CANFA,1.0,,,,,,,,,1,,,,,
F6XU56,F6XU56_MONDO,ENSMODP00000034949,MONDO,1.0,,,,,,,,,1,,,,,
F6XU61,F6XU61_MONDO,ENSMODP00000034948,MONDO,1.0,,,,,,,,,1,,,,,
F6XU96,F6XU96_MONDO,ENSMODP00000034944,MONDO,1.0,,,,,,,,,1,,,,,
F6XIC2,F6XIC2_ORNAN,ENSOANP00000025700,ORNAN,1.0,,,,,,,,,1,,,,,
F6XUB8,F6XUB8_MONDO,ENSMODP00000034943,MONDO,1.0,,,,,,,,,1,,,,,
F6XZ03,F6XZ03_MONDO,ENSMODP00000007143,MONDO,1.0,,,,,,,,,1,,,,,
F6Y2S8,F6Y2S8_ORNAN,ENSOANP00000017060,ORNAN,1.0,,,,,,,,,1,,,,,
F6Y3Y9,F6Y3Y9_MONDO,ENSMODP00000029629,MONDO,1.0,,,,,,,,,1,,,,,
F6Y425,F6Y425_MACMU,ENSMMUP00000036625,MACMU,1.0,,,,,,,,,1,,,,,
F6Y5A2,F6Y5A2_MONDO,ENSMODP00000012600,MONDO,1.0,,,,,,,,,1,,,,,
F6YBT0,F6YBT0_ORNAN,ENSOANP00000027069,ORNAN,1.0,,,,,,,,,1,,,,,
F6YCJ8,F6YCJ8_ORNAN,ENSOANP00000015078,ORNAN,1.0,,,,,,,,,1,,,,,
F6YD03,F6YD03_ORNAN,ENSOANP00000003099,ORNAN,1.0,,,,,,,,,1,,,,,
F6XIL7,F6XIL7_CANFA,ENSCAFP00000012123,CANFA,1.0,,,,,,,,,1,,,,,
F6XGG8,F6XGG8_ORNAN,ENSOANP00000013962,ORNAN,1.0,,,,,,,,,1,,,,,
F6WIG3,F6WIG3_MONDO,ENSMODP00000014168,MONDO,1.0,,,,,,,,,1,,,,,
F6X027,F6X027_MONDO,ENSMODP00000014103,MONDO,1.0,,,,,,,,,1,,,,,
F6WK24,F6WK24_ORNAN,ENSOANP00000025965,ORNAN,1.0,,,,,,,,,1,,,,,
F6WLA8,F6WLA8_XENTR,ENSXETP00000050510,XENTR,1.0,,,,,,,,,1,,,,,
F6WLH5,F6WLH5_XENTR,ENSXETP00000050507,XENTR,1.0,,,,,,,,,1,,,,,
F6WN41,F6WN41_MONDO,ENSMODP00000012682,MONDO,1.0,,,,,,,,,1,,,,,
F6WR58,F6WR58_ORNAN,ENSOANP00000025313,ORNAN,1.0,,,,,,,,,1,,,,,
F6WSR7,F6WSR7_ORNAN,ENSOANP00000013170,ORNAN,1.0,,,,,,,,,1,,,,,
F6WXH1,F6WXH1_MONDO,ENSMODP00000019179,MONDO,1.0,,,,,,,,,1,,,,,
F6WZF2,F6WZF2_MONDO,ENSMODP00000014126,MONDO,1.0,,,,,,,,,1,,,,,
F6WZH2,F6WZH2_MONDO,ENSMODP00000014122,MONDO,1.0,,,,,,,,,1,,,,,
F6X350,F6X350_ORNAN,ENSOANP00000000223,ORNAN,1.0,,,,,,,,,1,,,,,
F6XF91,F6XF91_MACMU,ENSMMUP00000017359,MACMU,1.0,,,,,,,,,1,,,,,
F6X3S5,F6X3S5_MONDO,ENSMODP00000012663,MONDO,1.0,,,,,,,,,1,,,,,
F6X6U1,F6X6U1_MACMU,ENSMMUP00000017372,MACMU,1.0,,,,,,,,,1,,,,,
F6XBH0,F6XBH0_CANFA,ENSCAFP00000000381,CANFA,1.0,,,,,,,,,1,,,,,
F6XBM2,F6XBM2_ORNAN,ENSOANP00000008140,ORNAN,1.0,,,,,,,,,1,,,,,
F6XC68,F6XC68_ORNAN,ENSOANP00000008136,ORNAN,1.0,,,,,,,,,1,,,,,
F6XCY8,F6XCY8_MONDO,ENSMODP00000007311,MONDO,1.0,,,,,,,,,1,,,,,
F6XEE2,F6XEE2_ORNAN,ENSOANP00000027092,ORNAN,1.0,,,,,,,,,1,,,,,
F6XEX7,F6XEX7_ORNAN,ENSOANP00000027071,ORNAN,1.0,,,,,,,,,1,,,,,
F6XEY9,F6XEY9_ORNAN,ENSOANP00000027070,ORNAN,1.0,,,,,,,,,1,,,,,
nan,nan,ENSXETP00000058152,XENTR,1.0,,,,,,,,,1,,,,,
