ACC,ENTRY,ENS,SPEC,COUNT,InParanoid,InParanoidCore,OMA_Groups,OMA_Pairs,PANTHER8_LDO,RBH,RSD,Orthoinspector,Hieranoid_2,EnsemblCompara_v2,PANTHER8_all,Metaphors,PhylomeDB,EggNOG
C3Z1T2,C3Z1T2_BRAFL,nan,BRAFL,8.0,,,1,,1,1,1,,1,,1,1,,1
E1BQ23,E1BQ23_BOVIN,ENSBTAP00000015060,BOVIN,4.0,,,,,,1,1,,1,,1,,,
H9H5M6,H9H5M6_MACMU,ENSMMUP00000041091,MACMU,4.0,,,,,,1,1,,1,,1,,,
D3ZUZ2,D3ZUZ2_RAT,nan,RAT,3.0,,,1,,,,,,1,,1,,,
A6NJZ3,O6C65_HUMAN,nan,HUMAN,3.0,,,,,,1,,,1,,1,,,
F6YRD6,F6YRD6_MONDO,ENSMODP00000025203,MONDO,3.0,,,,,1,,,,1,,1,,,
Q7TR57,Q7TR57_MOUSE,nan,MOUSE,3.0,,,,,1,,,,1,,1,,,
nan,nan,ENSCAFP00000011927,CANFA,3.0,,,,,1,,,,1,,1,,,
Q2PRH5,Q2PRH5_DANRE,nan,DANRE,3.0,,,,,1,,,,1,,1,,,
F7CP40,F7CP40_ORNAN,ENSOANP00000012140,ORNAN,3.0,,,,,1,,,,1,,1,,,
nan,nan,ENSCAFP00000031577,CANFA,3.0,,,,,,1,,,1,,1,,,
D3ZJB4,D3ZJB4_RAT,nan,RAT,3.0,,,,,,1,1,,,,,,,1
E1BVC9,E1BVC9_CHICK,nan,CHICK,3.0,,,,,1,,,,1,,1,,,
nan,nan,ENSBTAP00000049965,BOVIN,2.0,,,,,,,,,1,,1,,,
E9QAT7,E9QAT7_MOUSE,ENSMUSP00000052798,MOUSE,2.0,,,,,,,,,1,,1,,,
E9Q2B9,E9Q2B9_MOUSE,ENSMUSP00000062692,MOUSE,2.0,,,,,,,,,1,,1,,,
F7FYW0,F7FYW0_ORNAN,ENSOANP00000012660,ORNAN,2.0,,,,,,,,,1,,1,,,
F7FQD3,F7FQD3_MONDO,ENSMODP00000004371,MONDO,2.0,,,,,,,,,1,,1,,,
F7FYV4,F7FYV4_ORNAN,ENSOANP00000012662,ORNAN,2.0,,,,,,,,,1,,1,,,
E9Q6Z7,E9Q6Z7_MOUSE,ENSMUSP00000055975,MOUSE,2.0,,,,,,,,,1,,1,,,
nan,nan,ENSBTAP00000050389,BOVIN,2.0,,,,,,,,,1,,1,,,
F7FQF6,F7FQF6_MACMU,ENSMMUP00000021229,MACMU,2.0,,,,,,,,,1,,1,,,
E9Q7W1,E9Q7W1_MOUSE,ENSMUSP00000072631,MOUSE,2.0,,,,,,,,,1,,1,,,
nan,nan,ENSBTAP00000050385,BOVIN,2.0,,,,,,,,,1,,1,,,
E9Q8F6,E9Q8F6_MOUSE,ENSMUSP00000093690,MOUSE,2.0,,,,,,,,,1,,1,,,
E9Q9T3,E9Q9T3_MOUSE,ENSMUSP00000049578,MOUSE,2.0,,,,,,,,,1,,1,,,
F7FTT8,F7FTT8_MACMU,ENSMMUP00000021234,MACMU,2.0,,,,,,,,,1,,1,,,
F1LUC6,F1LUC6_RAT,ENSRNOP00000050234,RAT,2.0,,,,,,,,,1,,1,,,
F1LWN7,F1LWN7_RAT,ENSRNOP00000046049,RAT,2.0,,,,,,,,,1,,1,,,
F1LWW9,F1LWW9_RAT,ENSRNOP00000041628,RAT,2.0,,,,,,,,,1,,1,,,
F1LX44,F1LX44_RAT,ENSRNOP00000039283,RAT,2.0,,,,,,,,,1,,1,,,
nan,nan,ENSBTAP00000050121,BOVIN,2.0,,,,,,,,,1,,1,,,
Q8NGQ6,OR9I1_HUMAN,nan,HUMAN,2.0,,,,,,,,,1,,1,,,
nan,nan,ENSBTAP00000050094,BOVIN,2.0,,,,,,,,,1,,1,,,
F1MAR1,F1MAR1_RAT,ENSRNOP00000040929,RAT,2.0,,,,,,,,,1,,1,,,
F1M376,F1M376_RAT,ENSRNOP00000013190,RAT,2.0,,,,,,,,,1,,1,,,
nan,nan,ENSBTAP00000049855,BOVIN,2.0,,,,,,,,,1,,1,,,
F1M5I5,F1M5I5_RAT,ENSRNOP00000059451,RAT,2.0,,,,,,,,,1,,1,,,
nan,nan,ENSBTAP00000049990,BOVIN,2.0,,,,,,,,,1,,1,,,
nan,nan,ENSBTAP00000049980,BOVIN,2.0,,,,,,,,,1,,1,,,
P34983,O1537_MOUSE,nan,MOUSE,2.0,,,,,,,,,1,,1,,,
E9PW59,E9PW59_MOUSE,ENSMUSP00000053405,MOUSE,2.0,,,,,,,,,1,,1,,,
E9Q0Z1,E9Q0Z1_MOUSE,ENSMUSP00000036596,MOUSE,2.0,,,,,,,,,1,,1,,,
F7G067,F7G067_MACMU,ENSMMUP00000026214,MACMU,2.0,,,,,,,,,1,,1,,,
nan,nan,ENSBTAP00000051105,BOVIN,2.0,,,,,,,,,1,,1,,,
Q8NGM8,OR6M1_HUMAN,nan,HUMAN,2.0,,,,,,,,,1,,1,,,
E2R1U1,E2R1U1_CANFA,ENSCAFP00000011828,CANFA,2.0,,,,,,,,,1,,1,,,
nan,nan,ENSBTAP00000051071,BOVIN,2.0,,,,,,,,,1,,1,,,
E2R6P0,E2R6P0_CANFA,ENSCAFP00000009458,CANFA,2.0,,,,,,,,,1,,1,,,
nan,nan,ENSBTAP00000051054,BOVIN,2.0,,,,,,,,,1,,1,,,
E2R7A5,E2R7A5_CANFA,ENSCAFP00000016857,CANFA,2.0,,,,,,,,,1,,1,,,
Q8NGM9,OR8D4_HUMAN,nan,HUMAN,2.0,,,,,,,,,1,,1,,,
nan,nan,ENSBTAP00000050993,BOVIN,2.0,,,,,,,,,1,,1,,,
F7G7V3,F7G7V3_ORNAN,ENSOANP00000026250,ORNAN,2.0,,,,,,,,,1,,1,,,
nan,nan,ENSBTAP00000050951,BOVIN,2.0,,,,,,,,,1,,1,,,
E2REL4,E2REL4_CANFA,ENSCAFP00000033391,CANFA,2.0,,,,,,,,,1,,1,,,
E2RH88,E2RH88_CANFA,ENSCAFP00000022070,CANFA,2.0,,,,,,,,,1,,1,,,
F7G6D0,F7G6D0_MONDO,ENSMODP00000006666,MONDO,2.0,,,,,,,,,1,,1,,,
E2RJD9,E2RJD9_CANFA,ENSCAFP00000013962,CANFA,2.0,,,,,,,,,1,,1,,,
Q8NGP2,OR8J1_HUMAN,nan,HUMAN,2.0,,,,,,,,,1,,1,,,
Q8NGP4,OR5M3_HUMAN,nan,HUMAN,2.0,,,,,,,,,1,,1,,,
nan,nan,ENSBTAP00000050868,BOVIN,2.0,,,,,,,,,1,,1,,,
E2RNF6,E2RNF6_CANFA,ENSCAFP00000032701,CANFA,2.0,,,,,,,,,1,,1,,,
Q8NGP8,OR5M1_HUMAN,nan,HUMAN,2.0,,,,,,,,,1,,1,,,
F7G4C3,F7G4C3_ORNAN,ENSOANP00000012651,ORNAN,2.0,,,,,,,,,1,,1,,,
F7G4C0,F7G4C0_ORNAN,ENSOANP00000012654,ORNAN,2.0,,,,,,,,,1,,1,,,
Q8NGP9,O5AR1_HUMAN,nan,HUMAN,2.0,,,,,,,,,1,,1,,,
F7G4B3,F7G4B3_ORNAN,ENSOANP00000012656,ORNAN,2.0,,,,,,,,,1,,1,,,
Q8NGQ1,OR9G4_HUMAN,nan,HUMAN,2.0,,,,,,,,,1,,1,,,
F7G4A5,F7G4A5_ORNAN,ENSOANP00000012659,ORNAN,2.0,,,,,,,,,1,,1,,,
nan,nan,ENSBTAP00000050685,BOVIN,2.0,,,,,,,,,1,,1,,,
F7G071,F7G071_MACMU,ENSMMUP00000026213,MACMU,2.0,,,,,,,,,1,,1,,,
nan,nan,ENSBTAP00000050673,BOVIN,2.0,,,,,,,,,1,,1,,,
nan,nan,ENSBTAP00000049756,BOVIN,2.0,,,,,,,,,1,,1,,,
F7FKD1,F7FKD1_MONDO,ENSMODP00000037428,MONDO,2.0,,,,,,,,,1,,1,,,
nan,nan,ENSBTAP00000049734,BOVIN,2.0,,,,,,,,,1,,1,,,
F7F0L3,F7F0L3_MONDO,ENSMODP00000033826,MONDO,2.0,,,,,,,,,1,,1,,,
F1N0M4,F1N0M4_BOVIN,ENSBTAP00000011282,BOVIN,2.0,,,,,,,,,1,,1,,,
Q8NH40,OR6S1_HUMAN,nan,HUMAN,2.0,,,,,,,,,1,,1,,,
F1N0F6,F1N0F6_BOVIN,ENSBTAP00000030268,BOVIN,2.0,,,,,,,,,1,,1,,,
F1MZS2,F1MZS2_BOVIN,ENSBTAP00000028146,BOVIN,2.0,,,,,,,,,1,,1,,,
F1MZ26,F1MZ26_BOVIN,ENSBTAP00000047175,BOVIN,2.0,,,,,,,,,1,,1,,,
nan,nan,ENSBTAP00000048788,BOVIN,2.0,,,,,,,,,1,,1,,,
F1MXH1,F1MXH1_BOVIN,ENSBTAP00000051126,BOVIN,2.0,,,,,,,,,1,,1,,,
Q8NH50,OR8K5_HUMAN,nan,HUMAN,2.0,,,,,,,,,1,,1,,,
F7F0L7,F7F0L7_MONDO,ENSMODP00000033825,MONDO,2.0,,,,,,,,,1,,1,,,
F7F0P9,F7F0P9_MONDO,ENSMODP00000033821,MONDO,2.0,,,,,,,,,1,,1,,,
F1MUY1,F1MUY1_BOVIN,ENSBTAP00000032090,BOVIN,2.0,,,,,,,,,1,,1,,,
F1MUS4,F1MUS4_BOVIN,ENSBTAP00000004771,BOVIN,2.0,,,,,,,,,1,,1,,,
F1MUM1,F1MUM1_BOVIN,ENSBTAP00000049076,BOVIN,2.0,,,,,,,,,1,,1,,,
F1MUD0,F1MUD0_BOVIN,ENSBTAP00000051459,BOVIN,2.0,,,,,,,,,1,,1,,,
nan,nan,ENSBTAP00000048733,BOVIN,2.0,,,,,,,,,1,,1,,,
nan,nan,ENSBTAP00000048679,BOVIN,2.0,,,,,,,,,1,,1,,,
nan,nan,ENSBTAP00000049732,BOVIN,2.0,,,,,,,,,1,,1,,,
Q8NH85,OR5R1_HUMAN,nan,HUMAN,2.0,,,,,,,,,1,,1,,,
F1PE91,F1PE91_CANFA,ENSCAFP00000029207,CANFA,2.0,,,,,,,,,1,,1,,,
F1PE01,F1PE01_CANFA,ENSCAFP00000000764,CANFA,2.0,,,,,,,,,1,,1,,,
nan,nan,ENSBTAP00000048276,BOVIN,2.0,,,,,,,,,1,,1,,,
Q8NHB7,OR5K1_HUMAN,nan,HUMAN,2.0,,,,,,,,,1,,1,,,
nan,nan,ENSBTAP00000048325,BOVIN,2.0,,,,,,,,,1,,1,,,
F7ENS1,F7ENS1_XENTR,ENSXETP00000056140,XENTR,2.0,,,,,1,,,,,,1,,,
nan,nan,ENSBTAP00000048456,BOVIN,2.0,,,,,,,,,1,,1,,,
nan,nan,ENSBTAP00000048666,BOVIN,2.0,,,,,,,,,1,,1,,,
F1N7U1,F1N7U1_BOVIN,ENSBTAP00000052220,BOVIN,2.0,,,,,,,,,1,,1,,,
F1N6X1,F1N6X1_BOVIN,ENSBTAP00000008283,BOVIN,2.0,,,,,,,,,1,,1,,,
F1N6X0,F1N6X0_BOVIN,ENSBTAP00000008284,BOVIN,2.0,,,,,,,,,1,,1,,,
nan,nan,ENSBTAP00000048544,BOVIN,2.0,,,,,,,,,1,,1,,,
nan,nan,ENSBTAP00000048561,BOVIN,2.0,,,,,,,,,1,,1,,,
F1N2X9,F1N2X9_BOVIN,ENSBTAP00000052784,BOVIN,2.0,,,,,,,,,1,,1,,,
nan,nan,ENSBTAP00000049042,BOVIN,2.0,,,,,,,,,1,,1,,,
F7F3N0,F7F3N0_ORNAN,ENSOANP00000000953,ORNAN,2.0,,,,,,,,,1,,1,,,
F7F5V1,F7F5V1_MONDO,ENSMODP00000037496,MONDO,2.0,,,,,,,,,1,,1,,,
F1MHD1,F1MHD1_BOVIN,ENSBTAP00000050036,BOVIN,2.0,,,,,,,,,1,,1,,,
F1MKF7,F1MKF7_BOVIN,ENSBTAP00000049610,BOVIN,2.0,,,,,,,,,1,,1,,,
F1MJL7,F1MJL7_BOVIN,ENSBTAP00000051728,BOVIN,2.0,,,,,,,,,1,,1,,,
F1MJK8,F1MJK8_BOVIN,ENSBTAP00000049535,BOVIN,2.0,,,,,,,,,1,,1,,,
F1MIJ7,F1MIJ7_BOVIN,ENSBTAP00000051885,BOVIN,2.0,,,,,,,,,1,,1,,,
F1MHS6,F1MHS6_BOVIN,ENSBTAP00000050010,BOVIN,2.0,,,,,,,,,1,,1,,,
F7FFI3,F7FFI3_MONDO,ENSMODP00000034541,MONDO,2.0,,,,,,,,,1,,1,,,
F7FJM9,F7FJM9_MONDO,ENSMODP00000037451,MONDO,2.0,,,,,,,,,1,,1,,,
F7F647,F7F647_MONDO,ENSMODP00000037471,MONDO,2.0,,,,,,,,,1,,1,,,
F1MFM4,F1MFM4_BOVIN,ENSBTAP00000048380,BOVIN,2.0,,,,,,,,,1,,1,,,
F1MFI3,F1MFI3_BOVIN,ENSBTAP00000008346,BOVIN,2.0,,,,,,,,,1,,1,,,
F7FJT6,F7FJT6_MONDO,ENSMODP00000037445,MONDO,2.0,,,,,,,,,1,,1,,,
F7FK54,F7FK54_MONDO,ENSMODP00000037431,MONDO,2.0,,,,,,,,,1,,1,,,
F1ME33,F1ME33_BOVIN,ENSBTAP00000050478,BOVIN,2.0,,,,,,,,,1,,1,,,
E2R0Q6,E2R0Q6_CANFA,ENSCAFP00000011877,CANFA,2.0,,,,,,,,,1,,1,,,
F1MKM2,F1MKM2_BOVIN,ENSBTAP00000051673,BOVIN,2.0,,,,,,,,,1,,1,,,
F1MKP3,F1MKP3_BOVIN,ENSBTAP00000051654,BOVIN,2.0,,,,,,,,,1,,1,,,
F1MKU6,F1MKU6_BOVIN,ENSBTAP00000041536,BOVIN,2.0,,,,,,,,,1,,1,,,
nan,nan,ENSBTAP00000049486,BOVIN,2.0,,,,,,,,,1,,1,,,
F1MLM1,F1MLM1_BOVIN,ENSBTAP00000034399,BOVIN,2.0,,,,,,,,,1,,1,,,
nan,nan,ENSBTAP00000049403,BOVIN,2.0,,,,,,,,,1,,1,,,
nan,nan,ENSBTAP00000049322,BOVIN,2.0,,,,,,,,,1,,1,,,
F1MMR1,F1MMR1_BOVIN,ENSBTAP00000049938,BOVIN,2.0,,,,,,,,,1,,1,,,
F1MMU0,F1MMU0_BOVIN,ENSBTAP00000049913,BOVIN,2.0,,,,,,,,,1,,1,,,
nan,nan,ENSBTAP00000049309,BOVIN,2.0,,,,,,,,,1,,1,,,
F1MNK9,F1MNK9_BOVIN,ENSBTAP00000044802,BOVIN,2.0,,,,,,,,,1,,1,,,
nan,nan,ENSBTAP00000049283,BOVIN,2.0,,,,,,,,,1,,1,,,
F7F6I6,F7F6I6_ORNAN,ENSOANP00000014947,ORNAN,2.0,,,,,,,,,1,,1,,,
nan,nan,ENSBTAP00000049223,BOVIN,2.0,,,,,,,,,1,,1,,,
F7F6C4,F7F6C4_MONDO,ENSMODP00000037461,MONDO,2.0,,,,,,,,,1,,1,,,
nan,nan,ENSBTAP00000049220,BOVIN,2.0,,,,,,,,,1,,1,,,
F7F6A1,F7F6A1_MONDO,ENSMODP00000037467,MONDO,2.0,,,,,,,,,1,,1,,,
E2R0T1,E2R0T1_CANFA,ENSCAFP00000011864,CANFA,2.0,,,,,,,,,1,,1,,,
E2QVR1,E2QVR1_CANFA,ENSCAFP00000035169,CANFA,2.0,,,,,,,,,1,,1,,,
E2R0Q5,E2R0Q5_CANFA,ENSCAFP00000011879,CANFA,2.0,,,,,,,,,1,,1,,,
F7HKY2,F7HKY2_MACMU,ENSMMUP00000039482,MACMU,2.0,,,,,,,,,1,,1,,,
nan,nan,ENSBTAP00000052753,BOVIN,2.0,,,,,,,,,1,,1,,,
nan,nan,ENSBTAP00000052757,BOVIN,2.0,,,,,,,,,1,,1,,,
Q8K501,Q8K501_MOUSE,nan,MOUSE,2.0,,,,,,,,,1,,1,,,
D4ABP5,nan,nan,nan,2.0,,,,,,,,,1,,1,,,
F7HFZ4,F7HFZ4_MACMU,ENSMMUP00000031036,MACMU,2.0,,,,,,,,,1,,1,,,
Q7TS40,Q7TS40_MOUSE,nan,MOUSE,2.0,,,,,,,,,1,,1,,,
F7HKY4,F7HKY4_MACMU,ENSMMUP00000039481,MACMU,2.0,,,,,,,,,1,,1,,,
nan,nan,ENSBTAP00000051163,BOVIN,2.0,,,,,,,,,1,,1,,,
F7HLG7,F7HLG7_MACMU,ENSMMUP00000008179,MACMU,2.0,,,,,,,,,1,,1,,,
D4AAS4,nan,nan,nan,2.0,,,,,,,,,1,,1,,,
Q7TS38,Q7TS38_MOUSE,nan,MOUSE,2.0,,,,,,,,,1,,1,,,
D4AAQ3,D4AAQ3_RAT,nan,RAT,2.0,,,,,,,,,1,,1,,,
D4AAL8,D4AAL8_RAT,nan,RAT,2.0,,,,,,,,,1,,1,,,
D4AAF2,D4AAF2_RAT,nan,RAT,2.0,,,,,,,,,1,,1,,,
Q8N0Y5,OR8I2_HUMAN,nan,HUMAN,2.0,,,,,,,,,1,,1,,,
D4AC49,D4AC49_RAT,nan,RAT,2.0,,,,,,,,,1,,1,,,
D4AC50,nan,nan,nan,2.0,,,,,,,,,1,,1,,,
D4AC51,D4AC51_RAT,nan,RAT,2.0,,,,,,,,,1,,1,,,
nan,nan,ENSBTAP00000052663,BOVIN,2.0,,,,,,,,,1,,1,,,
D4ACB1,D4ACB1_RAT,nan,RAT,2.0,,,,,,,,,1,,1,,,
Q8N162,OR8H2_HUMAN,nan,HUMAN,2.0,,,,,,,,,1,,1,,,
D4ACK5,D4ACK5_RAT,nan,RAT,2.0,,,,,,,,,1,,1,,,
D4ACN1,D4ACN1_RAT,nan,RAT,2.0,,,,,,,,,1,,1,,,
D4ACP7,nan,nan,nan,2.0,,,,,,,,,1,,1,,,
F7HBY8,F7HBY8_MACMU,ENSMMUP00000010691,MACMU,2.0,,,,,,,,,1,,1,,,
D4ACV1,D4ACV1_RAT,nan,RAT,2.0,,,,,,,,,1,,1,,,
F7HBY7,F7HBY7_MACMU,ENSMMUP00000010692,MACMU,2.0,,,,,,,,,1,,1,,,
D4ACY8,D4ACY8_RAT,nan,RAT,2.0,,,,,,,,,1,,1,,,
D4ACZ8,D4ACZ8_RAT,nan,RAT,2.0,,,,,,,,,1,,1,,,
F7HA29,F7HA29_MACMU,ENSMMUP00000015386,MACMU,2.0,,,,,,,,,1,,1,,,
F7H8Z6,F7H8Z6_MACMU,ENSMMUP00000022852,MACMU,2.0,,,,,,,,,1,,1,,,
D4AAE1,D4AAE1_RAT,nan,RAT,2.0,,,,,,,,,1,,1,,,
D4AAD9,nan,nan,nan,2.0,,,,,,,,,1,,1,,,
Q7TS23,Q7TS23_MOUSE,nan,MOUSE,2.0,,,,,,,,,1,,1,,,
D4A8F9,nan,nan,nan,2.0,,,,,,,,,1,,1,,,
G5E6B8,G5E6B8_BOVIN,ENSBTAP00000050186,BOVIN,2.0,,,,,,,,,1,,1,,,
D4A630,nan,nan,nan,2.0,,,,,,,,,1,,1,,,
D4A6R0,nan,nan,nan,2.0,,,,,,,,,1,,1,,,
nan,nan,ENSCAFP00000009455,CANFA,2.0,,,,,,,,,1,,1,,,
D4A6X5,D4A6X5_RAT,nan,RAT,2.0,,,,,,,,,1,,1,,,
D4A6Y2,D4A6Y2_RAT,nan,RAT,2.0,,,,,,,,,1,,1,,,
nan,nan,ENSCAFP00000009429,CANFA,2.0,,,,,,,,,1,,1,,,
nan,nan,ENSCAFP00000009413,CANFA,2.0,,,,,,,,,1,,1,,,
D4A7M1,D4A7M1_RAT,nan,RAT,2.0,,,,,,,,,1,,1,,,
D4A809,D4A809_RAT,nan,RAT,2.0,,,,,,,,,1,,1,,,
Q7TRU6,Q7TRU6_MOUSE,nan,MOUSE,2.0,,,,,,,,,1,,1,,,
G3X868,G3X868_BOVIN,ENSBTAP00000049822,BOVIN,2.0,,,,,,,,,1,,1,,,
Q7TRU9,Q7TRU9_MOUSE,nan,MOUSE,2.0,,,,,,,,,1,,1,,,
Q7TRV2,Q7TRV2_MOUSE,nan,MOUSE,2.0,,,,,,,,,1,,1,,,
D4A8P0,D4A8P0_RAT,nan,RAT,2.0,,,,,,,,,1,,1,,,
D4AAC8,nan,nan,nan,2.0,,,,,,,,,1,,1,,,
G3V9E6,G3V9E6_RAT,ENSRNOP00000043969,RAT,2.0,,,,,,,,,1,,1,,,
nan,nan,ENSCAFP00000000772,CANFA,2.0,,,,,,,,,1,,1,,,
D4A977,D4A977_RAT,nan,RAT,2.0,,,,,,,,,1,,1,,,
nan,nan,ENSCAFP00000000056,CANFA,2.0,,,,,,,,,1,,1,,,
D4A9K9,nan,nan,nan,2.0,,,,,,,,,1,,1,,,
nan,nan,ENSBTAP00000053043,BOVIN,2.0,,,,,,,,,1,,1,,,
Q7TS20,Q7TS20_MOUSE,nan,MOUSE,2.0,,,,,,,,,1,,1,,,
D4A9Y9,D4A9Y9_RAT,nan,RAT,2.0,,,,,,,,,1,,1,,,
F8VQ90,F8VQ90_MOUSE,ENSMUSP00000128358,MOUSE,2.0,,,,,,,,,1,,1,,,
D4AA37,D4AA37_RAT,nan,RAT,2.0,,,,,,,,,1,,1,,,
D4AA86,D4AA86_RAT,nan,RAT,2.0,,,,,,,,,1,,1,,,
F8VQ31,F8VQ31_MOUSE,ENSMUSP00000071604,MOUSE,2.0,,,,,,,,,1,,1,,,
D4AAB8,nan,nan,nan,2.0,,,,,,,,,1,,1,,,
F7HT48,F7HT48_MACMU,ENSMMUP00000027294,MACMU,2.0,,,,,,,,,1,,1,,,
Q8NG78,OR8G5_HUMAN,nan,HUMAN,2.0,,,,,,,,,1,,1,,,
D4ADA4,D4ADA4_RAT,nan,RAT,2.0,,,,,,,,,1,,1,,,
D4ADA6,D4ADA6_RAT,nan,RAT,2.0,,,,,,,,,1,,1,,,
nan,nan,ENSBTAP00000051479,BOVIN,2.0,,,,,,,,,1,,1,,,
E1BEI8,E1BEI8_BOVIN,ENSBTAP00000004342,BOVIN,2.0,,,,,,,,,1,,1,,,
F7GIH9,F7GIH9_MONDO,ENSMODP00000025077,MONDO,2.0,,,,,,,,,1,,1,,,
E1BEY7,E1BEY7_BOVIN,ENSBTAP00000050610,BOVIN,2.0,,,,,,,,,1,,1,,,
E1BF61,E1BF61_BOVIN,ENSBTAP00000015822,BOVIN,2.0,,,,,,,,,1,,1,,,
E1BF80,E1BF80_BOVIN,ENSBTAP00000031016,BOVIN,2.0,,,,,,,,,1,,1,,,
E1BFC7,E1BFC7_BOVIN,ENSBTAP00000032334,BOVIN,2.0,,,,,,,,,1,,1,,,
E1BFG5,E1BFG5_BOVIN,ENSBTAP00000051495,BOVIN,2.0,,,,,,,,,1,,1,,,
E1BFG8,E1BFG8_BOVIN,ENSBTAP00000049187,BOVIN,2.0,,,,,,,,,1,,1,,,
nan,nan,ENSBTAP00000051587,BOVIN,2.0,,,,,,,,,1,,1,,,
Q8NGG0,OR8J3_HUMAN,nan,HUMAN,2.0,,,,,,,,,1,,1,,,
E1BGW6,E1BGW6_BOVIN,ENSBTAP00000042936,BOVIN,2.0,,,,,,,,,1,,1,,,
Q8NGG1,OR8J2_HUMAN,nan,HUMAN,2.0,,,,,,,,,1,,1,,,
F7GID2,F7GID2_MONDO,ENSMODP00000025083,MONDO,2.0,,,,,,,,,1,,1,,,
E1BHG0,E1BHG0_BOVIN,ENSBTAP00000028607,BOVIN,2.0,,,,,,,,,1,,1,,,
E1BHT4,E1BHT4_BOVIN,ENSBTAP00000012669,BOVIN,2.0,,,,,,,,,1,,1,,,
F7GII8,F7GII8_MONDO,ENSMODP00000025075,MONDO,2.0,,,,,,,,,1,,1,,,
Q8NGG4,OR8H1_HUMAN,nan,HUMAN,2.0,,,,,,,,,1,,1,,,
Q8NGG5,OR8K1_HUMAN,nan,HUMAN,2.0,,,,,,,,,1,,1,,,
nan,nan,ENSBTAP00000051452,BOVIN,2.0,,,,,,,,,1,,1,,,
Q8NGG6,OR8BC_HUMAN,nan,HUMAN,2.0,,,,,,,,,1,,1,,,
Q8NGG7,OR8A1_HUMAN,nan,HUMAN,2.0,,,,,,,,,1,,1,,,
E1BM68,E1BM68_BOVIN,ENSBTAP00000014524,BOVIN,2.0,,,,,,,,,1,,1,,,
E1BMR5,E1BMR5_BOVIN,ENSBTAP00000007721,BOVIN,2.0,,,,,,,,,1,,1,,,
F7GHD0,F7GHD0_MONDO,ENSMODP00000001417,MONDO,2.0,,,,,,,,,1,,1,,,
E1BNR4,E1BNR4_BOVIN,ENSBTAP00000046394,BOVIN,2.0,,,,,,,,,1,,1,,,
F7GBT1,F7GBT1_MONDO,ENSMODP00000004311,MONDO,2.0,,,,,,,,,1,,1,,,
nan,nan,ENSBTAP00000051239,BOVIN,2.0,,,,,,,,,1,,1,,,
E2QUX0,E2QUX0_CANFA,ENSCAFP00000035190,CANFA,2.0,,,,,,,,,1,,1,,,
nan,nan,ENSBTAP00000048233,BOVIN,2.0,,,,,,,,,1,,1,,,
E2QW47,E2QW47_CANFA,ENSCAFP00000011920,CANFA,2.0,,,,,,,,,1,,1,,,
F7GII4,F7GII4_MONDO,ENSMODP00000025076,MONDO,2.0,,,,,,,,,1,,1,,,
F7GIJ2,F7GIJ2_MONDO,ENSMODP00000025074,MONDO,2.0,,,,,,,,,1,,1,,,
D4ADB6,nan,nan,nan,2.0,,,,,,,,,1,,1,,,
nan,nan,ENSBTAP00000052088,BOVIN,2.0,,,,,,,,,1,,1,,,
D4ADG8,D4ADG8_RAT,nan,RAT,2.0,,,,,,,,,1,,1,,,
F7GV23,F7GV23_MACMU,ENSMMUP00000014110,MACMU,2.0,,,,,,,,,1,,1,,,
F7GUF5,F7GUF5_MACMU,ENSMMUP00000019104,MACMU,2.0,,,,,,,,,1,,1,,,
nan,nan,ENSBTAP00000052400,BOVIN,2.0,,,,,,,,,1,,1,,,
D4ADN5,D4ADN5_RAT,nan,RAT,2.0,,,,,,,,,1,,1,,,
D4ADZ7,nan,nan,nan,2.0,,,,,,,,,1,,1,,,
nan,nan,ENSBTAP00000052278,BOVIN,2.0,,,,,,,,,1,,1,,,
nan,nan,ENSBTAP00000052272,BOVIN,2.0,,,,,,,,,1,,1,,,
nan,nan,ENSBTAP00000052266,BOVIN,2.0,,,,,,,,,1,,1,,,
D4AE55,D4AE55_RAT,nan,RAT,2.0,,,,,,,,,1,,1,,,
nan,nan,ENSBTAP00000052264,BOVIN,2.0,,,,,,,,,1,,1,,,
nan,nan,ENSBTAP00000052116,BOVIN,2.0,,,,,,,,,1,,1,,,
nan,nan,ENSBTAP00000052100,BOVIN,2.0,,,,,,,,,1,,1,,,
E1B700,E1B700_BOVIN,ENSBTAP00000014448,BOVIN,2.0,,,,,,,,,1,,1,,,
F7GPI0,F7GPI0_MACMU,ENSMMUP00000033116,MACMU,2.0,,,,,,,,,1,,1,,,
E1BCM5,E1BCM5_BOVIN,ENSBTAP00000047547,BOVIN,2.0,,,,,,,,,1,,1,,,
Q8NGC5,OR6J1_HUMAN,nan,HUMAN,2.0,,,,,,,,,1,,1,,,
nan,nan,ENSBTAP00000051988,BOVIN,2.0,,,,,,,,,1,,1,,,
nan,nan,ENSBTAP00000051977,BOVIN,2.0,,,,,,,,,1,,1,,,
Q8NGE1,OR6C4_HUMAN,nan,HUMAN,2.0,,,,,,,,,1,,1,,,
nan,nan,ENSBTAP00000051881,BOVIN,2.0,,,,,,,,,1,,1,,,
Q8NGE2,O2AP1_HUMAN,nan,HUMAN,2.0,,,,,,,,,1,,1,,,
Q8NGE7,OR9K2_HUMAN,nan,HUMAN,2.0,,,,,,,,,1,,1,,,
E1BAN0,E1BAN0_BOVIN,ENSBTAP00000049781,BOVIN,2.0,,,,,,,,,1,,1,,,
E1BB47,E1BB47_BOVIN,ENSBTAP00000051855,BOVIN,2.0,,,,,,,,,1,,1,,,
nan,nan,ENSBTAP00000051812,BOVIN,2.0,,,,,,,,,1,,1,,,
Q8NGF4,O5AP2_HUMAN,nan,HUMAN,2.0,,,,,,,,,1,,1,,,
F7GIK5,F7GIK5_MONDO,ENSMODP00000025071,MONDO,2.0,,,,,,,,,1,,1,,,
F7GIK0,F7GIK0_MONDO,ENSMODP00000025072,MONDO,2.0,,,,,,,,,1,,1,,,
E1BCB5,E1BCB5_BOVIN,ENSBTAP00000050730,BOVIN,2.0,,,,,,,,,1,,1,,,
F7EIE9,F7EIE9_MONDO,ENSMODP00000033830,MONDO,2.0,,,,,,,,,1,,1,,,
F7EID0,F7EID0_MONDO,ENSMODP00000033832,MONDO,2.0,,,,,,,,,1,,1,,,
F7EIE1,F7EIE1_MONDO,ENSMODP00000033831,MONDO,2.0,,,,,,,,,1,,1,,,
Q8VGQ3,Q8VGQ3_MOUSE,nan,MOUSE,2.0,,,,,,,,,1,,1,,,
F6X6V1,F6X6V1_MACMU,ENSMMUP00000017371,MACMU,2.0,,,,,,,,,1,,1,,,
F6X624,F6X624_ORNAN,ENSOANP00000008756,ORNAN,2.0,,,,,,,,,1,,1,,,
F6WZK0,F6WZK0_MACMU,ENSMMUP00000000883,MACMU,2.0,,,,,,,,,1,,1,,,
F7B0I6,F7B0I6_MONDO,ENSMODP00000011426,MONDO,2.0,,,,,,,,,1,,1,,,
F7B0T2,F7B0T2_MONDO,ENSMODP00000011415,MONDO,2.0,,,,,,,,,1,,1,,,
F7B0Y0,F7B0Y0_XENTR,ENSXETP00000041111,XENTR,2.0,,,,,,,,,1,,1,,,
Q8VGQ6,Q8VGQ6_MOUSE,nan,MOUSE,2.0,,,,,,,,,1,,1,,,
Q8VGI4,OL476_MOUSE,nan,MOUSE,2.0,,,,,,,,,1,,1,,,
Q8VGQ7,OL181_MOUSE,nan,MOUSE,2.0,,,,,,,,,1,,1,,,
F6W3A4,F6W3A4_MONDO,ENSMODP00000026153,MONDO,2.0,,,,,,,,,1,,1,,,
Q8VGR8,O1052_MOUSE,nan,MOUSE,2.0,,,,,,,,,1,,1,,,
F6W387,F6W387_MONDO,ENSMODP00000026158,MONDO,2.0,,,,,,,,,1,,1,,,
F6W2T8,F6W2T8_MONDO,ENSMODP00000026160,MONDO,2.0,,,,,,,,,1,,1,,,
F6W2S9,F6W2S9_MONDO,ENSMODP00000026162,MONDO,2.0,,,,,,,,,1,,1,,,
Q8VGM1,Q8VGM1_MOUSE,nan,MOUSE,2.0,,,,,,1,,,,,,,,1
Q8VFU0,Q8VFU0_MOUSE,nan,MOUSE,2.0,,,,,,,,,1,,1,,,
Q8VGL3,Q8VGL3_MOUSE,nan,MOUSE,2.0,,,,,,,1,,,,,,,1
Q8VFU1,Q8VFU1_MOUSE,nan,MOUSE,2.0,,,,,,,,,1,,1,,,
F6XET5,F6XET5_ORNAN,ENSOANP00000027075,ORNAN,2.0,,,,,,,,,1,,1,,,
F6XEU5,F6XEU5_ORNAN,ENSOANP00000027074,ORNAN,2.0,,,,,,,,,1,,1,,,
Q8VFU2,Q8VFU2_MOUSE,nan,MOUSE,2.0,,,,,,,,,1,,1,,,
Q8VFU4,Q8VFU4_MOUSE,nan,MOUSE,2.0,,,,,,,,,1,,1,,,
Q8VFU5,Q8VFU5_MOUSE,nan,MOUSE,2.0,,,,,,,,,1,,1,,,
F6XHT7,F6XHT7_MONDO,ENSMODP00000021287,MONDO,2.0,,,,,,,,,1,,1,,,
Q8VGJ3,Q8VGJ3_MOUSE,nan,MOUSE,2.0,,,,,,,,,1,,1,,,
Q8VGJ2,Q8VGJ2_MOUSE,nan,MOUSE,2.0,,,,,,,,,1,,1,,,
Q8VGJ0,Q8VGJ0_MOUSE,nan,MOUSE,2.0,,,,,,,,,1,,1,,,
Q8VGI9,Q8VGI9_MOUSE,nan,MOUSE,2.0,,,,,,,,,1,,1,,,
Q8VGI8,Q8VGI8_MOUSE,nan,MOUSE,2.0,,,,,,,,,1,,1,,,
Q8VGI7,Q8VGI7_MOUSE,nan,MOUSE,2.0,,,,,,,,,1,,1,,,
Q8VGI6,OL477_MOUSE,nan,MOUSE,2.0,,,,,,,,,1,,1,,,
Q8VGR9,O1044_MOUSE,nan,MOUSE,2.0,,,,,,,,,1,,1,,,
F6W2D2,F6W2D2_MONDO,ENSMODP00000026176,MONDO,2.0,,,,,,,,,1,,1,,,
Q8VGS3,O1019_MOUSE,nan,MOUSE,2.0,,,,,,,,,1,,1,,,
Q8VFK2,O1002_MOUSE,nan,MOUSE,2.0,,,,,,,,,1,,1,,,
F6UYA4,F6UYA4_MONDO,ENSMODP00000015890,MONDO,2.0,,,,,,,,,1,,1,,,
Q8VFH8,Q8VFH8_MOUSE,nan,MOUSE,2.0,,,,,,,,,1,,1,,,
Q8VFH9,Q8VFH9_MOUSE,nan,MOUSE,2.0,,,,,,,,,1,,1,,,
Q8VFI0,Q8VFI0_MOUSE,nan,MOUSE,2.0,,,,,,,,,1,,1,,,
Q8VFI1,Q8VFI1_MOUSE,nan,MOUSE,2.0,,,,,,,,,1,,1,,,
Q8VFI3,Q8VFI3_MOUSE,nan,MOUSE,2.0,,,,,,,,,1,,1,,,
Q8VFI4,Q8VFI4_MOUSE,nan,MOUSE,2.0,,,,,,,,,1,,1,,,
Q8VFJ7,Q8VFJ7_MOUSE,nan,MOUSE,2.0,,,,,,,,,1,,1,,,
F7BRH7,F7BRH7_MONDO,ENSMODP00000011082,MONDO,2.0,,,,,,,,,1,,1,,,
Q8VFK1,O1009_MOUSE,nan,MOUSE,2.0,,,,,,,,,1,,1,,,
F7BNS7,F7BNS7_MACMU,ENSMMUP00000001738,MACMU,2.0,,,,,,,,,1,,1,,,
Q90806,Q90806_CHICK,nan,CHICK,2.0,,,,,,,,,1,,1,,,
Q8WZ94,OR5P3_HUMAN,nan,HUMAN,2.0,,,,,,,,,1,,1,,,
Q8WZ92,OR5P2_HUMAN,nan,HUMAN,2.0,,,,,,,,,1,,1,,,
Q8VH09,Q8VH09_MOUSE,nan,MOUSE,2.0,,,,,,,,,1,,1,,,
Q8VGS7,Q8VGS7_MOUSE,nan,MOUSE,2.0,,,,,,,,,1,,1,,,
Q8VFK4,Q8VFK4_MOUSE,nan,MOUSE,2.0,,,,,,,,,1,,1,,,
Q8VFK5,Q8VFK5_MOUSE,nan,MOUSE,2.0,,,,,,,,,1,,1,,,
F6VFI4,F6VFI4_MONDO,ENSMODP00000015875,MONDO,2.0,,,,,,,,,1,,1,,,
F6VFK6,F6VFK6_MONDO,ENSMODP00000015873,MONDO,2.0,,,,,,,,,1,,1,,,
Q8VFK7,O1020_MOUSE,nan,MOUSE,2.0,,,,,,,,,1,,1,,,
Q8VFL0,Q8VFL0_MOUSE,nan,MOUSE,2.0,,,,,,,,,1,,1,,,
Q8VFL5,O1030_MOUSE,nan,MOUSE,2.0,,,,,,,,,1,,1,,,
F6VIE2,F6VIE2_MACMU,ENSMMUP00000026996,MACMU,2.0,,,,,,,,,1,,1,,,
Q8VFL9,O1086_MOUSE,nan,MOUSE,2.0,,,,,,,,,1,,1,,,
Q8VFM1,Q8VFM1_MOUSE,nan,MOUSE,2.0,,,,,,,,,1,,1,,,
Q8VFN3,Q8VFN3_MOUSE,nan,MOUSE,2.0,,,,,,,,,1,,1,,,
Q8VFN4,Q8VFN4_MOUSE,nan,MOUSE,2.0,,,,,,,,,1,,1,,,
Q8VFN5,Q8VFN5_MOUSE,nan,MOUSE,2.0,,,,,,,,,1,,1,,,
Q8VGU3,Q8VGU3_MOUSE,nan,MOUSE,2.0,,,,,,,,,1,,1,,,
F6XTV4,F6XTV4_MONDO,ENSMODP00000034950,MONDO,2.0,,,,,,,,,1,,1,,,
F6XUD1,F6XUD1_MONDO,ENSMODP00000034942,MONDO,2.0,,,,,,,,,1,,1,,,
Q8VFH6,Q8VFH6_MOUSE,nan,MOUSE,2.0,,,,,,,,,1,,1,,,
Q8VG42,OL508_MOUSE,nan,MOUSE,2.0,,,,,,,,,1,,1,,,
F6ZH23,F6ZH23_MONDO,ENSMODP00000025038,MONDO,2.0,,,,,,,,,1,,1,,,
F6ZGI4,F6ZGI4_MONDO,ENSMODP00000025040,MONDO,2.0,,,,,,,,,1,,1,,,
F6ZGE0,F6ZGE0_MONDO,ENSMODP00000025045,MONDO,2.0,,,,,,,,,1,,1,,,
F6ZGD2,F6ZGD2_MONDO,ENSMODP00000025046,MONDO,2.0,,,,,,,,,1,,1,,,
F6ZGB3,F6ZGB3_MONDO,ENSMODP00000025047,MONDO,2.0,,,,,,,,,1,,1,,,
F6ZGA6,F6ZGA6_MONDO,ENSMODP00000025048,MONDO,2.0,,,,,,,,,1,,1,,,
Q8VG02,OL488_MOUSE,nan,MOUSE,2.0,,,,,,,,,1,,1,,,
F6XUE8,F6XUE8_MONDO,ENSMODP00000034941,MONDO,2.0,,,,,,,,,1,,1,,,
F7A3B7,F7A3B7_MONDO,ENSMODP00000037560,MONDO,2.0,,,,,,1,,,,,,,,1
Q8VG45,Q8VG45_MOUSE,nan,MOUSE,2.0,,,,,,,,,1,,1,,,
F6Z632,F6Z632_MONDO,ENSMODP00000033750,MONDO,2.0,,,,,,,,,1,,1,,,
Q8VG46,Q8VG46_MOUSE,nan,MOUSE,2.0,,,,,,,,,1,,1,,,
F6Z5U2,F6Z5U2_MONDO,ENSMODP00000033758,MONDO,2.0,,,,,,,,,1,,1,,,
Q8VFZ9,Q8VFZ9_MOUSE,nan,MOUSE,2.0,,,,,,,,,1,,1,,,
Q8VG38,Q8VG38_MOUSE,nan,MOUSE,2.0,,,,,,,,,1,,1,,,
F6ZH36,F6ZH36_MONDO,ENSMODP00000025037,MONDO,2.0,,,,,,,,,1,,1,,,
F6ZH50,F6ZH50_MONDO,ENSMODP00000025036,MONDO,2.0,,,,,,,,,1,,1,,,
Q8VG37,Q8VG37_MOUSE,nan,MOUSE,2.0,,,,,,,,,1,,1,,,
F6ZH84,F6ZH84_MONDO,ENSMODP00000025032,MONDO,2.0,,,,,,,,,1,,1,,,
Q8VG33,Q8VG33_MOUSE,nan,MOUSE,2.0,,,,,,,,,1,,1,,,
Q8VG04,OL478_MOUSE,nan,MOUSE,2.0,,,,,,,,,1,,1,,,
F6ZNL8,F6ZNL8_MONDO,ENSMODP00000011462,MONDO,2.0,,,,,,,,,1,,1,,,
F6ZPF0,F6ZPF0_MONDO,ENSMODP00000016102,MONDO,2.0,,,,,,,,,1,,1,,,
Q8VG16,Q8VG16_MOUSE,nan,MOUSE,2.0,,,,,,,,,1,,1,,,
Q8VG13,OL507_MOUSE,nan,MOUSE,2.0,,,,,,,,,1,,1,,,
F6ZPX9,F6ZPX9_MONDO,ENSMODP00000004106,MONDO,2.0,,,,,,,,,1,,1,,,
F6ZQ09,F6ZQ09_MONDO,ENSMODP00000004102,MONDO,2.0,,,,,,,,,1,,1,,,
F6ZQ26,F6ZQ26_MONDO,ENSMODP00000004100,MONDO,2.0,,,,,,,,,1,,1,,,
Q8VG06,OL491_MOUSE,nan,MOUSE,2.0,,,,,,,,,1,,1,,,
Q8VG09,OL502_MOUSE,nan,MOUSE,2.0,,,,,,,,,1,,1,,,
F6ZUA9,F6ZUA9_MONDO,ENSMODP00000033740,MONDO,2.0,,,,,,,,,1,,1,,,
Q8VG50,Q8VG50_MOUSE,nan,MOUSE,2.0,,,,,,,,,1,,1,,,
F6Z5D8,F6Z5D8_MONDO,ENSMODP00000033764,MONDO,2.0,,,,,,,,,1,,1,,,
F6Z5D3,F6Z5D3_MONDO,ENSMODP00000033765,MONDO,2.0,,,,,,,,,1,,1,,,
F6YKW3,F6YKW3_XENTR,ENSXETP00000054125,XENTR,2.0,,,,,,,,,1,,1,,,
Q8VGC7,Q8VGC7_MOUSE,nan,MOUSE,2.0,,,,,,,,,1,,1,,,
F6YBU1,F6YBU1_ORNAN,ENSOANP00000027068,ORNAN,2.0,,,,,,,,,1,,1,,,
F6YBW6,F6YBW6_ORNAN,ENSOANP00000027064,ORNAN,2.0,,,,,,,,,1,,1,,,
F6YBX5,F6YBX5_ORNAN,ENSOANP00000027063,ORNAN,2.0,,,,,,,,,1,,1,,,
Q8VGC5,Q8VGC5_MOUSE,nan,MOUSE,2.0,,,,,,,,,1,,1,,,
Q8VGC4,Q8VGC4_MOUSE,nan,MOUSE,2.0,,,,,,,,,1,,1,,,
Q8VGC2,Q8VGC2_MOUSE,nan,MOUSE,2.0,,,,,,,,,1,,1,,,
F6YJ16,F6YJ16_MONDO,ENSMODP00000037990,MONDO,2.0,,,,,,,,,1,,1,,,
F7AD31,F7AD31_MONDO,ENSMODP00000011452,MONDO,2.0,,,,,,,,,1,,1,,,
F6YJI8,F6YJI8_MONDO,ENSMODP00000037986,MONDO,2.0,,,,,,,,,1,,1,,,
Q8VGB4,Q8VGB4_MOUSE,nan,MOUSE,2.0,,,,,,,,,1,,1,,,
F6YJM4,F6YJM4_MONDO,ENSMODP00000037981,MONDO,2.0,,,,,,,,,1,,1,,,
F7ACA7,F7ACA7_MONDO,ENSMODP00000004489,MONDO,2.0,,,,,,,,,1,,1,,,
F6YK28,F6YK28_MONDO,ENSMODP00000037977,MONDO,2.0,,,,,,,,,1,,1,,,
F6YKY0,F6YKY0_XENTR,ENSXETP00000054123,XENTR,2.0,,,,,,,,,1,,1,,,
F6Z5B9,F6Z5B9_MONDO,ENSMODP00000033767,MONDO,2.0,,,,,,,,,1,,1,,,
F6YLK2,F6YLK2_MONDO,ENSMODP00000006604,MONDO,2.0,,,,,,,,,1,,1,,,
Q8VG89,Q8VG89_MOUSE,nan,MOUSE,2.0,,,,,,,,,1,,1,,,
F7A6Z3,F7A6Z3_MONDO,ENSMODP00000025020,MONDO,2.0,,,,,,,,,1,,1,,,
Q8VG76,Q8VG76_MOUSE,nan,MOUSE,2.0,,,,,,,,,1,,1,,,
F7A6X2,F7A6X2_MONDO,ENSMODP00000025027,MONDO,2.0,,,,,,,,,1,,1,,,
F6YSG9,F6YSG9_MACMU,ENSMMUP00000040139,MACMU,2.0,,,,,,,,,1,,1,,,
Q8VG66,Q8VG66_MOUSE,nan,MOUSE,2.0,,,,,,,,,1,,1,,,
F6YSN8,F6YSN8_MONDO,ENSMODP00000025060,MONDO,2.0,,,,,,,,,1,,1,,,
F6YT52,F6YT52_MONDO,ENSMODP00000025055,MONDO,2.0,,,,,,,,,1,,1,,,
Q8VG65,Q8VG65_MOUSE,nan,MOUSE,2.0,,,,,,,,,1,,1,,,
Q8VG64,Q8VG64_MOUSE,nan,MOUSE,2.0,,,,,,,,,1,,1,,,
F6YZY4,F6YZY4_MONDO,ENSMODP00000011487,MONDO,2.0,,,,,,,,,1,,1,,,
Q8VFZ8,Q8VFZ8_MOUSE,nan,MOUSE,2.0,,,,,,,,,1,,1,,,
F6Z4Z9,F6Z4Z9_MONDO,ENSMODP00000033770,MONDO,2.0,,,,,,,,,1,,1,,,
Q8VFH7,Q8VFH7_MOUSE,nan,MOUSE,2.0,,,,,,,,,1,,1,,,
Q8VFH3,Q8VFH3_MOUSE,nan,MOUSE,2.0,,,,,,,,,1,,1,,,
nan,nan,ENSBTAP00000048209,BOVIN,2.0,,,,,,,,,1,,1,,,
F1Q197,F1Q197_CANFA,ENSCAFP00000011819,CANFA,2.0,,,,,,,,,1,,1,,,
Q8VEX5,OL186_MOUSE,nan,MOUSE,2.0,,,,,,,,,1,,1,,,
F7DRH8,F7DRH8_MONDO,ENSMODP00000025140,MONDO,2.0,,,,,,,,,1,,1,,,
Q8VEW5,OL493_MOUSE,nan,MOUSE,2.0,,,,,,,,,1,,1,,,
F1Q1A3,F1Q1A3_CANFA,ENSCAFP00000011806,CANFA,2.0,,,,,,,,,1,,1,,,
F1Q1A1,F1Q1A1_CANFA,ENSCAFP00000011810,CANFA,2.0,,,,,,,,,1,,1,,,
F7DXZ9,F7DXZ9_MONDO,ENSMODP00000004060,MONDO,2.0,,,,,,,,,1,,1,,,
F1Q100,F1Q100_CANFA,ENSCAFP00000011844,CANFA,2.0,,,,,,,,,1,,1,,,
F7DG96,F7DG96_MONDO,ENSMODP00000033889,MONDO,2.0,,,,,,,,,1,,1,,,
F1Q0X7,F1Q0X7_CANFA,ENSCAFP00000011868,CANFA,2.0,,,,,,,,,1,,1,,,
F1Q0V3,F1Q0V3_CANFA,ENSCAFP00000011884,CANFA,2.0,,,,,,,,,1,,1,,,
F7DYL6,F7DYL6_MONDO,ENSMODP00000004050,MONDO,2.0,,,,,,,,,1,,1,,,
F1Q0L8,F1Q0L8_CANFA,ENSCAFP00000011892,CANFA,2.0,,,,,,,,,1,,1,,,
F7E0K9,F7E0K9_MONDO,ENSMODP00000033877,MONDO,2.0,,,,,,,,,1,,1,,,
F1Q006,F1Q006_CANFA,ENSCAFP00000011931,CANFA,2.0,,,,,,,,,1,,1,,,
nan,nan,ENSBTAP00000047564,BOVIN,2.0,,,,,,,,,1,,1,,,
F1Q395,F1Q395_CANFA,ENSCAFP00000030424,CANFA,2.0,,,,,,,,,1,,1,,,
F1Q3M9,F1Q3M9_CANFA,ENSCAFP00000016535,CANFA,2.0,,,,,,,,,1,,1,,,
nan,nan,ENSBTAP00000047535,BOVIN,2.0,,,,,,,,,1,,1,,,
F7DQR3,F7DQR3_MONDO,ENSMODP00000025157,MONDO,2.0,,,,,,,,,1,,1,,,
F7DPX8,F7DPX8_MACMU,ENSMMUP00000023482,MACMU,2.0,,,,,,,,,1,,1,,,
Q8VEX8,Q8VEX8_MOUSE,nan,MOUSE,2.0,,,,,,,,,1,,1,,,
F1Q4H6,F1Q4H6_CANFA,ENSCAFP00000035200,CANFA,2.0,,,,,,,,,1,,1,,,
nan,nan,ENSBTAP00000046399,BOVIN,2.0,,,,,,,,,1,,1,,,
nan,nan,ENSBTAP00000045136,BOVIN,2.0,,,,,,,,,1,,1,,,
F7DGE9,F7DGE9_MONDO,ENSMODP00000033880,MONDO,2.0,,,,,,,,,1,,1,,,
F7DGE3,F7DGE3_MONDO,ENSMODP00000033881,MONDO,2.0,,,,,,,,,1,,1,,,
nan,nan,ENSBTAP00000044828,BOVIN,2.0,,,,,,,,,1,,1,,,
nan,nan,ENSBTAP00000044822,BOVIN,2.0,,,,,,,,,1,,1,,,
F7DGD7,F7DGD7_MONDO,ENSMODP00000033882,MONDO,2.0,,,,,,,,,1,,1,,,
Q8VEZ0,OL480_MOUSE,nan,MOUSE,2.0,,,,,,,,,1,,1,,,
nan,nan,ENSBTAP00000043634,BOVIN,2.0,,,,,,,,,1,,1,,,
F7E0L5,F7E0L5_MONDO,ENSMODP00000033876,MONDO,2.0,,,,,,,,,1,,1,,,
F7E0M1,F7E0M1_MONDO,ENSMODP00000033875,MONDO,2.0,,,,,,,,,1,,1,,,
nan,nan,ENSBTAP00000047711,BOVIN,2.0,,,,,,,,,1,,1,,,
F7EHY8,F7EHY8_MONDO,ENSMODP00000033845,MONDO,2.0,,,,,,,,,1,,1,,,
nan,nan,ENSBTAP00000048191,BOVIN,2.0,,,,,,,,,1,,1,,,
D4A4Z6,D4A4Z6_RAT,nan,RAT,2.0,,,,,,,,,1,,1,,,
F7EIB5,F7EIB5_MONDO,ENSMODP00000033834,MONDO,2.0,,,,,,,,,1,,1,,,
F1PHA6,F1PHA6_CANFA,ENSCAFP00000031783,CANFA,2.0,,,,,,,,,1,,1,,,
F1PHK5,F1PHK5_CANFA,ENSCAFP00000033783,CANFA,2.0,,,,,,,,,1,,1,,,
F7EIA6,F7EIA6_MONDO,ENSMODP00000033836,MONDO,2.0,,,,,,,,,1,,1,,,
Q8NHB8,OR5K2_HUMAN,nan,HUMAN,2.0,,,,,,,,,1,,1,,,
nan,nan,ENSBTAP00000048067,BOVIN,2.0,,,,,,,,,1,,1,,,
F7EI19,F7EI19_MONDO,ENSMODP00000033841,MONDO,2.0,,,,,,,,,1,,1,,,
nan,nan,ENSBTAP00000048021,BOVIN,2.0,,,,,,,,,1,,1,,,
F7EI08,F7EI08_MONDO,ENSMODP00000033843,MONDO,2.0,,,,,,,,,1,,1,,,
F7EHZ8,F7EHZ8_MONDO,ENSMODP00000033844,MONDO,2.0,,,,,,,,,1,,1,,,
F1PLD4,F1PLD4_CANFA,ENSCAFP00000015887,CANFA,2.0,,,,,,,,,1,,1,,,
nan,nan,ENSBTAP00000047989,BOVIN,2.0,,,,,,,,,1,,1,,,
Q8VES2,O1102_MOUSE,nan,MOUSE,2.0,,,,,,,,,1,,1,,,
F1PZD2,F1PZD2_CANFA,ENSCAFP00000035511,CANFA,2.0,,,,,,,,,1,,1,,,
F1PPA7,F1PPA7_CANFA,ENSCAFP00000032918,CANFA,2.0,,,,,,,,,1,,1,,,
F1PPZ3,F1PPZ3_CANFA,ENSCAFP00000008090,CANFA,2.0,,,,,,,,,1,,1,,,
F1PQJ2,F1PQJ2_CANFA,ENSCAFP00000034856,CANFA,2.0,,,,,,,,,1,,1,,,
Q8VEU0,Q8VEU0_MOUSE,nan,MOUSE,2.0,,,,,,,,,1,,1,,,
F1PRV3,F1PRV3_CANFA,ENSCAFP00000032825,CANFA,2.0,,,,,,,,,1,,1,,,
Q8VEU1,Q8VEU1_MOUSE,nan,MOUSE,2.0,,,,,,,,,1,,1,,,
F7EDK1,F7EDK1_ORNAN,ENSOANP00000026165,ORNAN,2.0,,,,,,,,,1,,1,,,
nan,nan,ENSBTAP00000047820,BOVIN,2.0,,,,,,,,,1,,1,,,
F7EDJ6,F7EDJ6_ORNAN,ENSOANP00000026167,ORNAN,2.0,,,,,,,,,1,,1,,,
F1PVE8,F1PVE8_CANFA,ENSCAFP00000031296,CANFA,2.0,,,,,,,,,1,,1,,,
Q8VEV5,Q8VEV5_MOUSE,nan,MOUSE,2.0,,,,,,,,,1,,1,,,
F7E388,F7E388_MACMU,ENSMMUP00000028611,MACMU,2.0,,,,,,,,,1,,1,,,
F7E178,F7E178_MONDO,ENSMODP00000033860,MONDO,2.0,,,,,,,,,1,,1,,,
F7E0N4,F7E0N4_MONDO,ENSMODP00000033873,MONDO,2.0,,,,,,,,,1,,1,,,
F7DGA7,F7DGA7_MONDO,ENSMODP00000033887,MONDO,2.0,,,,,,,,,1,,1,,,
F7DG91,F7DG91_MONDO,ENSMODP00000033890,MONDO,2.0,,,,,,,,,1,,1,,,
Q96RB7,OR5MB_HUMAN,nan,HUMAN,2.0,,,,,,,,,1,,1,,,
Q9NZP2,OR6C2_HUMAN,nan,HUMAN,2.0,,,,,,,,,1,,1,,,
Q9EQB8,Q9EQB8_MOUSE,nan,MOUSE,2.0,,,,,,,,,1,,1,,,
F6THP1,F6THP1_MACMU,ENSMMUP00000011111,MACMU,2.0,,,,,,,,,1,,1,,,
F7C814,F7C814_MONDO,ENSMODP00000004295,MONDO,2.0,,,,,,,,,1,,1,,,
F6T6X2,F6T6X2_ORNAN,ENSOANP00000018035,ORNAN,2.0,,,,,,,1,,1,,,,,
F6T243,F6T243_MONDO,ENSMODP00000038580,MONDO,2.0,,,,,,,,,1,,1,,,
Q9NZP0,OR6C3_HUMAN,nan,HUMAN,2.0,,,,,,,,,1,,1,,,
Q9NZP5,O5AC2_HUMAN,nan,HUMAN,2.0,,,,,,,,,1,,1,,,
F6Q470,F6Q470_MACMU,ENSMMUP00000020233,MACMU,2.0,,,,,,,,,1,,1,,,
Q8VF82,Q8VF82_MOUSE,nan,MOUSE,2.0,,,,,,,,,1,,1,,,
Q9QY00,OL154_MOUSE,nan,MOUSE,2.0,,,,,,,,,1,,1,,,
F6SJY0,F6SJY0_MACMU,ENSMMUP00000037187,MACMU,2.0,,,,,,,,,1,,1,,,
Q8VF76,OL998_MOUSE,nan,MOUSE,2.0,,,,,,,,,1,,1,,,
F6SJJ1,F6SJJ1_MACMU,ENSMMUP00000037194,MACMU,2.0,,,,,,,,,1,,1,,,
F6SJI3,F6SJI3_MACMU,ENSMMUP00000037195,MACMU,2.0,,,,,,,,,1,,1,,,
F6TKB0,F6TKB0_MACMU,ENSMMUP00000014576,MACMU,2.0,,,,,,,,,1,,1,,,
Q9EQB6,Q9EQB6_MOUSE,nan,MOUSE,2.0,,,,,,,,,1,,1,,,
Q9EQB5,Q9EQB5_MOUSE,nan,MOUSE,2.0,,,,,,,,,1,,1,,,
Q9EQB4,Q9EQB4_MOUSE,nan,MOUSE,2.0,,,,,,,,,1,,1,,,
Q8VFC4,Q8VFC4_MOUSE,nan,MOUSE,2.0,,,,,,,,,1,,1,,,
Q9EQA2,Q9EQA2_MOUSE,nan,MOUSE,2.0,,,,,,,,,1,,1,,,
Q8VFD0,OL486_MOUSE,nan,MOUSE,2.0,,,,,,,,,1,,1,,,
Q9EQ96,Q9EQ96_MOUSE,nan,MOUSE,2.0,,,,,,,,,1,,1,,,
Q9EQ95,Q9EQ95_MOUSE,nan,MOUSE,2.0,,,,,,,,,1,,1,,,
Q9EQ94,Q9EQ94_MOUSE,nan,MOUSE,2.0,,,,,,,,,1,,1,,,
Q8VFD2,OL490_MOUSE,nan,MOUSE,2.0,,,,,,,,,1,,1,,,
Q9EQ92,Q9EQ92_MOUSE,nan,MOUSE,2.0,,,,,,,,,1,,1,,,
Q9EQ91,Q9EQ91_MOUSE,nan,MOUSE,2.0,,,,,,,,,1,,1,,,
Q9EQ90,Q9EQ90_MOUSE,nan,MOUSE,2.0,,,,,,,,,1,,1,,,
F6U9X7,F6U9X7_MONDO,ENSMODP00000012552,MONDO,2.0,,,,,,,,,1,,1,,,
F6UFY5,F6UFY5_MONDO,ENSMODP00000008708,MONDO,2.0,,,,,,,,,1,,1,,,
Q96RD1,OR6C1_HUMAN,nan,HUMAN,2.0,,,,,,,,,1,,1,,,
F6SJH6,F6SJH6_MACMU,ENSMMUP00000037196,MACMU,2.0,,,,,,,,,1,,1,,,
F7CGB0,F7CGB0_MONDO,ENSMODP00000006761,MONDO,2.0,,,,,,,,,1,,1,,,
F7CGP1,F7CGP1_MONDO,ENSMODP00000006748,MONDO,2.0,,,,,,,,,1,,1,,,
Q8VF30,Q8VF30_MOUSE,nan,MOUSE,2.0,,,,,,,,,1,,1,,,
nan,nan,ENSBTAP00000041537,BOVIN,2.0,,,,,,,,,1,,1,,,
F6QH12,F6QH12_ORNAN,ENSOANP00000013224,ORNAN,2.0,,,,,,,,,1,,1,,,
F6QKB7,F6QKB7_ORNAN,ENSOANP00000023914,ORNAN,2.0,,,,,,,,,1,,1,,,
nan,nan,ENSBTAP00000035722,BOVIN,2.0,,,,,,,,,1,,1,,,
Q8VF12,OL495_MOUSE,nan,MOUSE,2.0,,,,,,,,,1,,1,,,
F7DCZ7,F7DCZ7_MONDO,ENSMODP00000004076,MONDO,2.0,,,,,,,,,1,,1,,,
nan,nan,ENSBTAP00000025549,BOVIN,2.0,,,,,,,,,1,,1,,,
F6QRU2,F6QRU2_MACMU,ENSMMUP00000037567,MACMU,2.0,,,,,,,,,1,,1,,,
Q8VF26,Q8VF26_MOUSE,nan,MOUSE,2.0,,,,,,,,,1,,1,,,
F7D5W3,F7D5W3_MONDO,ENSMODP00000025170,MONDO,2.0,,,,,,,,,1,,1,,,
nan,nan,ENSBTAP00000017802,BOVIN,2.0,,,,,,,,,1,,1,,,
F6QUH8,F6QUH8_MACMU,ENSMMUP00000025047,MACMU,2.0,,,,,,,,,1,,1,,,
F7D5V2,F7D5V2_MONDO,ENSMODP00000025172,MONDO,2.0,,,,,,,,,1,,1,,,
F7D5S5,F7D5S5_MONDO,ENSMODP00000025174,MONDO,2.0,,,,,,,,,1,,1,,,
nan,nan,ENSBTAP00000013188,BOVIN,2.0,,,,,,,,,1,,1,,,
Q8VF66,OL469_MOUSE,nan,MOUSE,2.0,,,,,,,,,1,,1,,,
nan,nan,ENSBTAP00000011849,BOVIN,2.0,,,,,,,,,1,,1,,,
F6R7J0,F6R7J0_ORNAN,ENSOANP00000013801,ORNAN,2.0,,,,,,,,,1,,1,,,
F7D4Y5,F7D4Y5_MACMU,ENSMMUP00000006836,MACMU,2.0,,,,,,,,,1,,1,,,
F7D3Z3,F7D3Z3_MONDO,ENSMODP00000001379,MONDO,2.0,,,,,,,,,1,,1,,,
F6RCC9,F6RCC9_ORNAN,ENSOANP00000018290,ORNAN,2.0,,,,,,,,,1,,1,,,
F7CZF0,F7CZF0_MACMU,ENSMMUP00000006844,MACMU,2.0,,,,,,,,,1,,1,,,
Q8VF52,Q8VF52_MOUSE,nan,MOUSE,2.0,,,,,,,,,1,,1,,,
F6RN82,F6RN82_MONDO,ENSMODP00000024961,MONDO,2.0,,,,,,,,,1,,1,,,
F7CTJ0,F7CTJ0_MONDO,ENSMODP00000004092,MONDO,2.0,,,,,,,,,1,,1,,,
nan,nan,ENSBTAP00000003417,BOVIN,2.0,,,,,,,,,1,,1,,,
Q8VF62,Q8VF62_MOUSE,nan,MOUSE,2.0,,,,,,,,,1,,1,,,
F6S5B8,F6S5B8_MACMU,ENSMMUP00000020337,MACMU,2.0,,,,,,,,,1,,1,,,
Q9Z1V0,OLF49_MOUSE,nan,MOUSE,2.0,,,,,,,,,1,,1,,,
Q8VF65,OL470_MOUSE,nan,MOUSE,2.0,,,,,,,,,1,,1,,,
D4A574,nan,nan,nan,2.0,,,,,,,,,1,,1,,,
F6ZUS0,F6ZUS0_MOUSE,ENSMUSP00000097249,MOUSE,2.0,,,,,,,,,1,,1,,,
Q7TRI6,Q7TRI6_MOUSE,nan,MOUSE,2.0,,,,,,,,,1,,1,,,
nan,nan,ENSCAFP00000033294,CANFA,2.0,,,,,,,,,1,,1,,,
L7N1X3,L7N1X3_MOUSE,ENSMUSP00000053192,MOUSE,2.0,,,,,,,,,1,,1,,,
D3ZAC2,D3ZAC2_RAT,nan,RAT,2.0,,,,,,,,,1,,1,,,
L7N1X5,L7N1X5_MOUSE,ENSMUSP00000057998,MOUSE,2.0,,,,,,,,,1,,1,,,
D3ZMV7,D3ZMV7_RAT,nan,RAT,2.0,,,,,,,,,1,,1,,,
D3ZAA2,nan,nan,nan,2.0,,,,,,,,,1,,1,,,
D3ZMX8,nan,nan,nan,2.0,,,,,,,,,1,,1,,,
D3ZN02,D3ZN02_RAT,nan,RAT,2.0,,,,,,,,,1,,1,,,
D3ZA98,D3ZA98_RAT,nan,RAT,2.0,,,,,,,,,1,,1,,,
nan,nan,ENSCAFP00000033804,CANFA,2.0,,,,,,,,,1,,1,,,
nan,nan,ENSCAFP00000033789,CANFA,2.0,,,,,,,,,1,,1,,,
D3ZNG2,D3ZNG2_RAT,nan,RAT,2.0,,,,,,,,,1,,1,,,
D3ZNI0,D3ZNI0_RAT,nan,RAT,2.0,,,,,,,,,1,,1,,,
D3Z9Z6,D3Z9Z6_RAT,nan,RAT,2.0,,,,,,,,,1,,1,,,
nan,nan,ENSCAFP00000033661,CANFA,2.0,,,,,,,,,1,,1,,,
L7N1Z5,L7N1Z5_MOUSE,ENSMUSP00000075824,MOUSE,2.0,,,,,,,,,1,,1,,,
D3ZNU6,D3ZNU6_RAT,nan,RAT,2.0,,,,,,,,,1,,1,,,
nan,nan,ENSCAFP00000033597,CANFA,2.0,,,,,,,,,1,,1,,,
D3ZP02,D3ZP02_RAT,nan,RAT,2.0,,,,,,,,,1,,1,,,
D3Z9W6,D3Z9W6_RAT,nan,RAT,2.0,,,,,,,,,1,,1,,,
D3Z9V2,D3Z9V2_RAT,nan,RAT,2.0,,,,,,,,,1,,1,,,
D3ZPA3,nan,nan,nan,2.0,,,,,,,,,1,,1,,,
D3Z9Q0,D3Z9Q0_RAT,nan,RAT,2.0,,,,,,,,,1,,1,,,
D3ZPB3,nan,nan,nan,2.0,,,,,,,,,1,,1,,,
D3ZPD7,D3ZPD7_RAT,nan,RAT,2.0,,,,,,,,,1,,1,,,
D3ZPK2,nan,nan,nan,2.0,,,,,,,,,1,,1,,,
nan,nan,ENSCAFP00000033909,CANFA,2.0,,,,,,,,,1,,1,,,
nan,nan,ENSPTRP00000051203,PANTR,2.0,,,,,,,,,1,,1,,,
H2R7F5,H2R7F5_PANTR,ENSPTRP00000050313,PANTR,2.0,,,,,,,,,1,,1,,,
D3ZAS4,D3ZAS4_RAT,nan,RAT,2.0,,,,,,,,,1,,1,,,
D3ZLI1,D3ZLI1_RAT,nan,RAT,2.0,,,,,,,,,1,,1,,,
H2R7T8,H2R7T8_PANTR,ENSPTRP00000050807,PANTR,2.0,,,,,,,,,1,,1,,,
D3ZLK7,nan,nan,nan,2.0,,,,,,,,,1,,1,,,
D3ZLQ7,D3ZLQ7_RAT,nan,RAT,2.0,,,,,,,,,1,,1,,,
D3ZAV6,D3ZAV6_RAT,nan,RAT,2.0,,,,,,,,,1,,1,,,
H2R7T7,H2R7T7_PANTR,ENSPTRP00000050806,PANTR,2.0,,,,,,,,,1,,1,,,
H2R7T6,H2R7T6_PANTR,ENSPTRP00000050805,PANTR,2.0,,,,,,,,,1,,1,,,
H2R7T5,H2R7T5_PANTR,ENSPTRP00000050801,PANTR,2.0,,,,,,,,,1,,1,,,
D3ZAT8,nan,nan,nan,2.0,,,,,,,,,1,,1,,,
D3ZAT2,D3ZAT2_RAT,nan,RAT,2.0,,,,,,,,,1,,1,,,
D3ZAS5,D3ZAS5_RAT,nan,RAT,2.0,,,,,,,,,1,,1,,,
Q60882,OL145_MOUSE,nan,MOUSE,2.0,,,,,,,,,1,,1,,,
D3ZMA8,D3ZMA8_RAT,nan,RAT,2.0,,,,,,,,,1,,1,,,
nan,nan,ENSCAFP00000034196,CANFA,2.0,,,,,,,,,1,,1,,,
nan,nan,ENSCAFP00000034186,CANFA,2.0,,,,,,,,,1,,1,,,
L7N0N4,L7N0N4_CANFA,ENSCAFP00000034636,CANFA,2.0,,,,,,,,,1,,1,,,
D3ZLY7,D3ZLY7_RAT,nan,RAT,2.0,,,,,,,,,1,,1,,,
D3ZLZ1,D3ZLZ1_RAT,nan,RAT,2.0,,,,,,,,,1,,1,,,
D3ZAM7,nan,nan,nan,2.0,,,,,,,,,1,,1,,,
H2R7F7,H2R7F7_PANTR,ENSPTRP00000050315,PANTR,2.0,,,,,,,,,1,,1,,,
Q60880,OL141_MOUSE,nan,MOUSE,2.0,,,,,,,,,1,,1,,,
H2R7F6,H2R7F6_PANTR,ENSPTRP00000050314,PANTR,2.0,,,,,,,,,1,,1,,,
L7N0P5,L7N0P5_CANFA,ENSCAFP00000035415,CANFA,2.0,,,,,,,,,1,,1,,,
L7N0Q1,L7N0Q1_CANFA,ENSCAFP00000035777,CANFA,2.0,,,,,,,,,1,,1,,,
D3Z9F3,D3Z9F3_RAT,nan,RAT,2.0,,,,,,,,,1,,1,,,
D3ZPS1,nan,nan,nan,2.0,,,,,,,,,1,,1,,,
Q7TR80,Q7TR80_MOUSE,nan,MOUSE,2.0,,,,,,,,,1,,1,,,
D3Z997,D3Z997_RAT,nan,RAT,2.0,,,,,,,,,1,,1,,,
nan,nan,ENSCAFP00000032750,CANFA,2.0,,,,,,,,,1,,1,,,
D3ZS04,nan,nan,nan,2.0,,,,,,,,,1,,1,,,
nan,nan,ENSCAFP00000032518,CANFA,2.0,,,,,,,,,1,,1,,,
Q7TR63,Q7TR63_MOUSE,nan,MOUSE,2.0,,,,,,,,,1,,1,,,
Q7TR64,Q7TR64_MOUSE,nan,MOUSE,2.0,,,,,,,,,1,,1,,,
Q7TR67,Q7TR67_MOUSE,nan,MOUSE,2.0,,,,,,,,,1,,1,,,
H2QFM9,H2QFM9_PANTR,ENSPTRP00000018146,PANTR,2.0,,,,,,1,1,,,,,,,
Q7TR70,Q7TR70_MOUSE,nan,MOUSE,2.0,,,,,,,,,1,,1,,,
nan,nan,ENSCAFP00000032211,CANFA,2.0,,,,,,,,,1,,1,,,
Q7TR71,Q7TR71_MOUSE,nan,MOUSE,2.0,,,,,,,,,1,,1,,,
Q7TR72,Q7TR72_MOUSE,nan,MOUSE,2.0,,,,,,,,,1,,1,,,
Q7TR74,Q7TR74_MOUSE,nan,MOUSE,2.0,,,,,,,,,1,,1,,,
nan,nan,ENSCAFP00000032054,CANFA,2.0,,,,,,,,,1,,1,,,
Q7TR75,Q7TR75_MOUSE,nan,MOUSE,2.0,,,,,,,,,1,,1,,,
D3Z0F9,nan,nan,nan,2.0,,,,,,,,,1,,1,,,
Q7TR76,Q7TR76_MOUSE,nan,MOUSE,2.0,,,,,,,,,1,,1,,,
D3ZSJ7,D3ZSJ7_RAT,nan,RAT,2.0,,,,,,,,,1,,1,,,
D3YTW3,nan,nan,nan,2.0,,,,,,,,,1,,1,,,
D3ZSP0,nan,nan,nan,2.0,,,,,,,,,1,,1,,,
M0QW32,M0QW32_BOVIN,ENSBTAP00000037943,BOVIN,2.0,,,,,,,,,1,,1,,,
D3ZSQ0,D3ZSQ0_RAT,nan,RAT,2.0,,,,,,,,,1,,1,,,
D3ZST0,D3ZST0_RAT,nan,RAT,2.0,,,,,,,,,1,,1,,,
Q7TR79,Q7TR79_MOUSE,nan,MOUSE,2.0,,,,,,,,,1,,1,,,
nan,nan,ENSCAFP00000031908,CANFA,2.0,,,,,,,,,1,,1,,,
nan,nan,ENSCAFP00000031862,CANFA,2.0,,,,,,,,,1,,1,,,
D3Z2Q1,nan,nan,nan,2.0,,,,,,,,,1,,1,,,
nan,nan,ENSCAFP00000032755,CANFA,2.0,,,,,,,,,1,,1,,,
D3ZRL7,nan,nan,nan,2.0,,,,,,,,,1,,1,,,
D3Z8A5,nan,nan,nan,2.0,,,,,,,,,1,,1,,,
nan,nan,ENSPTRP00000058656,PANTR,2.0,,,,,,,,,1,,1,,,
nan,nan,ENSCAFP00000033129,CANFA,2.0,,,,,,,,,1,,1,,,
D3Z961,D3Z961_RAT,nan,RAT,2.0,,,,,,,,,1,,1,,,
nan,nan,ENSPTRP00000059382,PANTR,2.0,,,,,,,,,1,,1,,,
D3ZQC2,D3ZQC2_RAT,nan,RAT,2.0,,,,,,,,,1,,1,,,
nan,nan,ENSPTRP00000059500,PANTR,2.0,,,,,,,,,1,,1,,,
nan,nan,ENSCAFP00000032937,CANFA,2.0,,,,,,,,,1,,1,,,
Q7TR43,Q7TR43_MOUSE,nan,MOUSE,2.0,,,,,,,,,1,,1,,,
Q7TR44,Q7TR44_MOUSE,nan,MOUSE,2.0,,,,,,,,,1,,1,,,
L7N3Z6,L7N3Z6_XENTR,ENSXETP00000054122,XENTR,2.0,,,,,,,,,1,,1,,,
D3ZQI2,D3ZQI2_RAT,nan,RAT,2.0,,,,,,,,,1,,1,,,
nan,nan,ENSRNOP00000038757,RAT,2.0,,,,,,,,,1,,1,,,
nan,nan,ENSRNOP00000042335,RAT,2.0,,,,,,,,,1,,1,,,
D3ZQK3,D3ZQK3_RAT,nan,RAT,2.0,,,,,,,,,1,,1,,,
D3Z7Y3,D3Z7Y3_RAT,nan,RAT,2.0,,,,,,,,,1,,1,,,
D3Z7X1,nan,nan,nan,2.0,,,1,,,,,,1,,,,,
nan,nan,ENSCAFP00000032816,CANFA,2.0,,,,,,,,,1,,1,,,
D3ZQV5,D3ZQV5_RAT,nan,RAT,2.0,,,,,,,,,1,,1,,,
L7N425,L7N425_XENTR,ENSXETP00000056144,XENTR,2.0,,,,,,,,,1,,1,,,
D3ZQW9,D3ZQW9_RAT,nan,RAT,2.0,,,,,,,,,1,,1,,,
nan,nan,ENSCAFP00000032807,CANFA,2.0,,,,,,,,,1,,1,,,
D3ZQZ1,D3ZQZ1_RAT,nan,RAT,2.0,,,,,,,,,1,,1,,,
D3ZRC8,nan,nan,nan,2.0,,,,,,,,,1,,1,,,
D3ZRD7,D3ZRD7_RAT,nan,RAT,2.0,,,,,,,,,1,,1,,,
L7N0K8,L7N0K8_CANFA,ENSCAFP00000032822,CANFA,2.0,,,,,,,,,1,,1,,,
H2R852,H2R852_PANTR,ENSPTRP00000051204,PANTR,2.0,,,,,,,,,1,,1,,,
nan,nan,ENSCAFP00000034631,CANFA,2.0,,,,,,,,,1,,1,,,
D3ZLA4,nan,nan,nan,2.0,,,,,,,,,1,,1,,,
D3ZD41,nan,nan,nan,2.0,,,,,,,,,1,,1,,,
nan,nan,ENSCAFP00000035817,CANFA,2.0,,,,,,,,,1,,1,,,
D3ZD30,nan,nan,nan,2.0,,,,,,,,,1,,1,,,
D3ZFY1,D3ZFY1_RAT,nan,RAT,2.0,,,,,,,,,1,,1,,,
nan,nan,ENSCAFP00000035807,CANFA,2.0,,,,,,,,,1,,1,,,
D3ZD26,nan,nan,nan,2.0,,,,,,,,,1,,1,,,
nan,nan,ENSCAFP00000035806,CANFA,2.0,,,,,,,,,1,,1,,,
nan,nan,ENSCAFP00000035740,CANFA,2.0,,,,,,,,,1,,1,,,
D3ZGE7,D3ZGE7_RAT,nan,RAT,2.0,,,,,,,,,1,,1,,,
D3ZD14,nan,nan,nan,2.0,,,,,,,,,1,,1,,,
nan,nan,ENSOANP00000017671,ORNAN,2.0,,,,,,,,,1,,1,,,
nan,nan,ENSCAFP00000035714,CANFA,2.0,,,,,,,,,1,,1,,,
D3ZGI3,nan,nan,nan,2.0,,,,,,,,,1,,1,,,
D3ZGK5,nan,nan,nan,2.0,,,,,,,,,1,,1,,,
D3ZGL9,D3ZGL9_RAT,nan,RAT,2.0,,,,,,,,,1,,1,,,
H9H830,H9H830_MONDO,ENSMODP00000026951,MONDO,2.0,,,,,,,,,1,,1,,,
nan,nan,ENSCAFP00000035683,CANFA,2.0,,,,,,,,,1,,1,,,
D3ZGT7,D3ZGT7_RAT,nan,RAT,2.0,,,,,,,,,1,,1,,,
nan,nan,ENSCAFP00000035679,CANFA,2.0,,,,,,,,,1,,1,,,
H9H790,H9H790_MONDO,ENSMODP00000023761,MONDO,2.0,,,,,,,,,1,,1,,,
nan,nan,ENSCAFP00000035648,CANFA,2.0,,,,,,,,,1,,1,,,
D3ZGY8,nan,nan,nan,2.0,,,,,,,,,1,,1,,,
nan,nan,ENSCAFP00000035642,CANFA,2.0,,,,,,,,,1,,1,,,
nan,nan,ENSCAFP00000035637,CANFA,2.0,,,,,,,,,1,,1,,,
nan,nan,ENSOANP00000018824,ORNAN,2.0,,,,,,,,,1,,1,,,
D3ZFN0,D3ZFN0_RAT,nan,RAT,2.0,,,,,,,,,1,,1,,,
nan,nan,ENSGALP00000028543,CHICK,2.0,,,,,,,,,1,,1,,,
D3ZD44,D3ZD44_RAT,nan,RAT,2.0,,,,,,,,,1,,1,,,
nan,nan,ENSMUSP00000074515,MOUSE,2.0,,,,,,,,,1,,1,,,
nan,nan,ENSMODP00000033807,MONDO,2.0,,,,,,,,,1,,1,,,
D3ZDX0,nan,nan,nan,2.0,,,,,,,,,1,,1,,,
K7N5T5,K7N5T5_MOUSE,ENSMUSP00000071224,MOUSE,2.0,,,,,,,,,1,,1,,,
K7N5P3,K7N5P3_MOUSE,ENSMUSP00000039040,MOUSE,2.0,,,,,,,,,1,,1,,,
H9H9A5,H9H9A5_MONDO,ENSMODP00000027385,MONDO,2.0,,,,,,,,,1,,1,,,
D3ZEF0,D3ZEF0_RAT,nan,RAT,2.0,,,,,,,,,1,,1,,,
L7N079,L7N079_CANFA,ENSCAFP00000009386,CANFA,2.0,,,,,,,,,1,,1,,,
nan,nan,ENSMODP00000004470,MONDO,2.0,,,,,,,,,1,,1,,,
H9H9A4,H9H9A4_MONDO,ENSMODP00000027384,MONDO,2.0,,,,,,,,,1,,1,,,
Q6IEU7,OR5MA_HUMAN,nan,HUMAN,2.0,,,,,,,,,1,,1,,,
D3ZDL4,D3ZDL4_RAT,nan,RAT,2.0,,,,,,,,,1,,1,,,
H9H9A3,H9H9A3_MONDO,ENSMODP00000027383,MONDO,2.0,,,,,,,,,1,,1,,,
D3ZFB7,D3ZFB7_RAT,nan,RAT,2.0,,,,,,,,,1,,1,,,
H9H9A2,H9H9A2_MONDO,ENSMODP00000027382,MONDO,2.0,,,,,,,,,1,,1,,,
H9H9A1,H9H9A1_MONDO,ENSMODP00000027381,MONDO,2.0,,,,,,,,,1,,1,,,
D3ZDD2,nan,nan,nan,2.0,,,,,,,,,1,,1,,,
H9H9A0,H9H9A0_MONDO,ENSMODP00000027380,MONDO,2.0,,,,,,,,,1,,1,,,
H9H999,H9H999_MONDO,ENSMODP00000027379,MONDO,2.0,,,,,,,,,1,,1,,,
nan,nan,ENSMUSP00000078873,MOUSE,2.0,,,,,,,,,1,,1,,,
D3ZD57,nan,nan,nan,2.0,,,,,,,,,1,,1,,,
D3ZEZ1,nan,nan,nan,2.0,,,,,,,,,1,,1,,,
D3ZF62,D3ZF62_RAT,nan,RAT,2.0,,,,,,,,,1,,1,,,
D3ZF73,D3ZF73_RAT,nan,RAT,2.0,,,,,,,,,1,,1,,,
H9H997,H9H997_MONDO,ENSMODP00000027377,MONDO,2.0,,,,,,,,,1,,1,,,
L7N0A2,L7N0A2_CANFA,ENSCAFP00000011813,CANFA,2.0,,,,,,,,,1,,1,,,
H9H788,H9H788_MONDO,ENSMODP00000023738,MONDO,2.0,,,,,,,,,1,,1,,,
D3ZH13,D3ZH13_RAT,nan,RAT,2.0,,,,,,,,,1,,1,,,
D3ZBI6,nan,nan,nan,2.0,,,,,,,,,1,,1,,,
D3ZJ45,nan,nan,nan,2.0,,,,,,,,,1,,1,,,
nan,nan,ENSCAFP00000035176,CANFA,2.0,,,,,,,,,1,,1,,,
D3ZJN1,nan,nan,nan,2.0,,,,,,,,,1,,1,,,
nan,nan,ENSCAFP00000035165,CANFA,2.0,,,,,,,,,1,,1,,,
nan,nan,ENSCAFP00000035107,CANFA,2.0,,,,,,,,,1,,1,,,
nan,nan,ENSCAFP00000035079,CANFA,2.0,,,,,,,,,1,,1,,,
nan,nan,ENSCAFP00000035075,CANFA,2.0,,,,,,,,,1,,1,,,
Q60893,OL151_MOUSE,nan,MOUSE,2.0,,,,,,,,,1,,1,,,
nan,nan,ENSPTRP00000006282,PANTR,2.0,,,,,,,,,1,,1,,,
D3ZBT8,D3ZBT8_RAT,nan,RAT,2.0,,,,,,,,,1,,1,,,
nan,nan,ENSPTRP00000006295,PANTR,2.0,,,,,,,,,1,,1,,,
L7N0B5,L7N0B5_CANFA,ENSCAFP00000013444,CANFA,2.0,,,,,,,,,1,,1,,,
D3ZJ20,nan,nan,nan,2.0,,,,,,,,,1,,1,,,
D3ZBF0,D3ZBF0_RAT,nan,RAT,2.0,,,,,,,,,1,,1,,,
nan,nan,ENSCAFP00000034823,CANFA,2.0,,,,,,,,,1,,1,,,
D3ZKS6,nan,nan,nan,2.0,,,,,,,,,1,,1,,,
D3ZBB6,D3ZBB6_RAT,nan,RAT,2.0,,,,,,,,,1,,1,,,
L7N0C5,L7N0C5_CANFA,ENSCAFP00000016534,CANFA,2.0,,,,,,,,,1,,1,,,
L7N0E4,L7N0E4_CANFA,ENSCAFP00000019817,CANFA,2.0,,,,,,,,,1,,1,,,
L7N0J6,L7N0J6_CANFA,ENSCAFP00000031530,CANFA,2.0,,,,,,,,,1,,1,,,
D3ZB06,D3ZB06_RAT,nan,RAT,2.0,,,,,,,,,1,,1,,,
D3ZL54,D3ZL54_RAT,nan,RAT,2.0,,,,,,,,,1,,1,,,
D3ZL87,nan,nan,nan,2.0,,,,,,,,,1,,1,,,
D3ZAZ7,nan,nan,nan,2.0,,,,,,,,,1,,1,,,
H9H3S9,H9H3S9_MACMU,ENSMMUP00000020185,MACMU,2.0,,,,,,,,,1,,1,,,
nan,nan,ENSCAFP00000035220,CANFA,2.0,,,,,,,,,1,,1,,,
D3ZH49,D3ZH49_RAT,nan,RAT,2.0,,,,,,,,,1,,1,,,
D3ZCF9,D3ZCF9_RAT,nan,RAT,2.0,,,,,,,,,1,,1,,,
D3ZH51,D3ZH51_RAT,nan,RAT,2.0,,,,,,,,,1,,1,,,
D3ZH69,nan,nan,nan,2.0,,,,,,,,,1,,1,,,
D3ZH94,nan,nan,nan,2.0,,,,,,,,,1,,1,,,
H9H6C5,H9H6C5_MONDO,ENSMODP00000012306,MONDO,2.0,,,,,,,,,1,,1,,,
H9H6C3,H9H6C3_MONDO,ENSMODP00000012222,MONDO,2.0,,,,,,,,,1,,1,,,
Q6W077,Q6W077_MOUSE,nan,MOUSE,2.0,,,,,,,,,1,,1,,,
D3ZCI7,nan,nan,nan,2.0,,,,,,,,,1,,1,,,
nan,nan,ENSCAFP00000035495,CANFA,2.0,,,,,,,,,1,,1,,,
nan,nan,ENSCAFP00000035490,CANFA,2.0,,,,,,,,,1,,1,,,
D3ZHW4,D3ZHW4_RAT,nan,RAT,2.0,,,,,,,,,1,,1,,,
D3ZHZ5,nan,nan,nan,2.0,,,,,,,,,1,,1,,,
D3ZC44,nan,nan,nan,2.0,,,,,,,,,1,,1,,,
D3ZC13,D3ZC13_RAT,nan,RAT,2.0,,,,,,,,,1,,1,,,
nan,nan,ENSCAFP00000035454,CANFA,2.0,,,,,,,,,1,,1,,,
nan,nan,ENSCAFP00000035443,CANFA,2.0,,,,,,,,,1,,1,,,
nan,nan,ENSCAFP00000035431,CANFA,2.0,,,,,,,,,1,,1,,,
D3ZC42,D3ZC42_RAT,nan,RAT,2.0,,,,,,,,,1,,1,,,
nan,nan,ENSCAFP00000035409,CANFA,2.0,,,,,,,,,1,,1,,,
Q7TQQ2,Q7TQQ2_MOUSE,nan,MOUSE,2.0,,,,,,,,,1,,1,,,
nan,nan,ENSCAFP00000035383,CANFA,2.0,,,,,,,,,1,,1,,,
D3ZIR5,nan,nan,nan,2.0,,,,,,,,,1,,1,,,
D3ZIV6,D3ZIV6_RAT,nan,RAT,2.0,,,,,,,,,1,,1,,,
D3ZIV7,nan,nan,nan,2.0,,,,,,,,,1,,1,,,
Q60894,OLF12_MOUSE,nan,MOUSE,2.0,,,,,,,,,1,,1,,,
nan,nan,ENSCAFP00000031845,CANFA,2.0,,,,,,,,,1,,1,,,
nan,nan,ENSCAFP00000032802,CANFA,2.0,,,,,,,,,1,,1,,,
D3ZT21,D3ZT21_RAT,nan,RAT,2.0,,,,,1,,,,,,1,,,
Q0VEF4,Q0VEF4_MOUSE,nan,MOUSE,2.0,,,,,,,,,1,,1,,,
D3ZYI7,D3ZYI7_RAT,nan,RAT,2.0,,,,,,,,,1,,1,,,
D3ZYK0,nan,nan,nan,2.0,,,,,,,,,1,,1,,,
H2Q3N3,H2Q3N3_PANTR,ENSPTRP00000006301,PANTR,2.0,,,,,,,,,1,,1,,,
nan,nan,ENSCAFP00000030349,CANFA,2.0,,,,,,,,,1,,1,,,
Q7TRH5,Q7TRH5_MOUSE,nan,MOUSE,2.0,,,,,,,,,1,,1,,,
A2BHP7,A2BHP7_MOUSE,nan,MOUSE,2.0,,,,,,,,,1,,1,,,
Q7TRH4,Q7TRH4_MOUSE,nan,MOUSE,2.0,,,,,,,,,1,,1,,,
H2Q344,H2Q344_PANTR,ENSPTRP00000005805,PANTR,2.0,,,,,,,,,1,,1,,,
D4A2J8,D4A2J8_RAT,nan,RAT,2.0,,,,,,,,,1,,1,,,
H2Q3N2,H2Q3N2_PANTR,ENSPTRP00000006300,PANTR,2.0,,,,,,,,,1,,1,,,
Q7TRI2,Q7TRI2_MOUSE,nan,MOUSE,2.0,,,,,,,,,1,,1,,,
H2Q3N1,H2Q3N1_PANTR,ENSPTRP00000006299,PANTR,2.0,,,,,,,,,1,,1,,,
H2Q3N0,H2Q3N0_PANTR,ENSPTRP00000006298,PANTR,2.0,,,,,,,,,1,,1,,,
A2BDZ3,A2BDZ3_MOUSE,nan,MOUSE,2.0,,,,,,,,,1,,1,,,
H2Q345,H2Q345_PANTR,ENSPTRP00000005806,PANTR,2.0,,,,,,,,,1,,1,,,
D3ZZ59,nan,nan,nan,2.0,,,,,,,,,1,,1,,,
D3ZZ74,D3ZZ74_RAT,nan,RAT,2.0,,,,,,,,,1,,1,,,
nan,nan,ENSXETP00000020398,XENTR,2.0,,,,,,,,,1,,1,,,
D4A2H3,D4A2H3_RAT,nan,RAT,2.0,,,,,,,,,1,,1,,,
D4A2F3,D4A2F3_RAT,nan,RAT,2.0,,,,,,,,,1,,1,,,
D3ZYI1,nan,nan,nan,2.0,,,,,,,,,1,,1,,,
D3ZYH6,D3ZYH6_RAT,nan,RAT,2.0,,,,,,,,,1,,1,,,
A2ATE3,A2ATE3_MOUSE,nan,MOUSE,2.0,,,,,,,,,1,,1,,,
Q7TRH7,Q7TRH7_MOUSE,nan,MOUSE,2.0,,,,,,,,,1,,1,,,
Q7TRI1,Q7TRI1_MOUSE,nan,MOUSE,2.0,,,,,,,,,1,,1,,,
nan,nan,ENSXETP00000055659,XENTR,2.0,,,,,,,,,,,1,,,1
D3ZXS3,D3ZXS3_RAT,nan,RAT,2.0,,,,,,,,,1,,1,,,
P37067,OLF1_CHICK,nan,CHICK,2.0,,,,,,,,,1,,1,,,
P37068,OLF2_CHICK,nan,CHICK,2.0,,,,,,,,,1,,1,,,
D3ZXT0,D3ZXT0_RAT,nan,RAT,2.0,,,,,,,,,1,,1,,,
A2AVB5,A2AVB5_MOUSE,nan,MOUSE,2.0,,,,,,,,,1,,1,,,
Q15617,OR8G1_HUMAN,nan,HUMAN,2.0,,,,,,,,,1,,1,,,
A2AT96,A2AT96_MOUSE,nan,MOUSE,2.0,,,,,,,,,1,,1,,,
D4A338,nan,nan,nan,2.0,,,,,,,,,1,,1,,,
Q15614,OR8G2_HUMAN,nan,HUMAN,2.0,,,,,,,,,1,,1,,,
Q7TRH9,Q7TRH9_MOUSE,nan,MOUSE,2.0,,,,,,,,,1,,1,,,
H2Q3P6,H2Q3P6_PANTR,ENSPTRP00000006342,PANTR,2.0,,,,,,,,,1,,1,,,
Q7TRC0,Q7TRC0_MOUSE,nan,MOUSE,2.0,,,,,,,,,1,,1,,,
Q7TRH8,Q7TRH8_MOUSE,nan,MOUSE,2.0,,,,,,,,,1,,1,,,
D3ZYB9,nan,nan,nan,2.0,,,,,,,,,1,,1,,,
A3KPP5,A3KPP5_MOUSE,nan,MOUSE,2.0,,,,,,,,,1,,1,,,
nan,nan,ENSRNOP00000058326,RAT,2.0,,,,,,,,,1,,1,,,
D3ZYE4,D3ZYE4_RAT,nan,RAT,2.0,,,,,,,,,1,,1,,,
Q7TRH2,Q7TRH2_MOUSE,nan,MOUSE,2.0,,,,,,,,,1,,1,,,
D3ZZH4,nan,nan,nan,2.0,,,,,,,,,1,,1,,,
D3ZZJ1,D3ZZJ1_RAT,nan,RAT,2.0,,,,,,,,,1,,1,,,
P0C628,O5AC1_HUMAN,nan,HUMAN,2.0,,,,,,,,,1,,1,,,
nan,nan,ENSCAFP00000016883,CANFA,2.0,,,,,,,,,1,,1,,,
A2AVT0,A2AVT0_MOUSE,nan,MOUSE,2.0,,,,,,,,,1,,1,,,
D4A209,D4A209_RAT,nan,RAT,2.0,,,,,,,,,1,,1,,,
D4A1W0,D4A1W0_RAT,nan,RAT,2.0,,,,,,,,,1,,1,,,
P0C626,OR5G3_HUMAN,nan,HUMAN,2.0,,,,,,,,,1,,1,,,
P0C617,O5AL1_HUMAN,nan,HUMAN,2.0,,,,,,,,,1,,1,,,
nan,nan,ENSXETP00000041115,XENTR,2.0,,,,,,,,,1,,1,,,
A2AVA9,A2AVA9_MOUSE,nan,MOUSE,2.0,,,,,,,,,1,,1,,,
A2AVC1,nan,nan,nan,2.0,,,,,,,,,1,,1,,,
D4A0G4,D4A0G4_RAT,nan,RAT,2.0,,,,,,,,,1,,1,,,
nan,nan,ENSCAFP00000020092,CANFA,2.0,,,,,,,,,1,,1,,,
nan,nan,ENSCAFP00000019816,CANFA,2.0,,,,,,,,,1,,1,,,
nan,nan,ENSCAFP00000018589,CANFA,2.0,,,,,,,,,1,,1,,,
D4A1R4,nan,nan,nan,2.0,,,,,,,,,1,,1,,,
A2AVB0,A2AVB0_MOUSE,nan,MOUSE,2.0,,,,,,,,,1,,1,,,
nan,nan,ENSCAFP00000018571,CANFA,2.0,,,,,,,,,1,,1,,,
A2AVB8,A2AVB8_MOUSE,nan,MOUSE,2.0,,,,,,,,,1,,1,,,
D4A1A8,D4A1A8_RAT,nan,RAT,2.0,,,,,,,,,1,,1,,,
nan,nan,ENSCAFP00000018583,CANFA,2.0,,,,,,,,,1,,1,,,
D4A026,D4A026_RAT,nan,RAT,2.0,,,,,,,,,1,,1,,,
nan,nan,ENSXETP00000053310,XENTR,2.0,,,,,,,,,1,,1,,,
H2Q3M6,H2Q3M6_PANTR,ENSPTRP00000006288,PANTR,2.0,,,,,,,,,1,,1,,,
Q7TRE4,Q7TRE4_MOUSE,nan,MOUSE,2.0,,,,,,,,,1,,1,,,
Q7TRC9,Q7TRC9_MOUSE,nan,MOUSE,2.0,,,,,,,,,1,,1,,,
nan,nan,ENSCAFP00000013456,CANFA,2.0,,,,,,,,,1,,1,,,
A2AVY0,A2AVY0_MOUSE,nan,MOUSE,2.0,,,,,,,,,1,,1,,,
A2AVX9,A2AVX9_MOUSE,nan,MOUSE,2.0,,,,,,,,,1,,1,,,
D4A2B3,D4A2B3_RAT,nan,RAT,2.0,,,,,,,,,1,,1,,,
H2Q3M2,H2Q3M2_PANTR,ENSPTRP00000006283,PANTR,2.0,,,,,,,,,1,,1,,,
D4A294,D4A294_RAT,nan,RAT,2.0,,,,,,,,,1,,1,,,
nan,nan,ENSCAFP00000013473,CANFA,2.0,,,,,,,,,1,,1,,,
nan,nan,ENSXETP00000054118,XENTR,2.0,,,,,,,,,1,,1,,,
nan,nan,ENSCAFP00000013975,CANFA,2.0,,,,,,,,,1,,1,,,
nan,nan,ENSCAFP00000016413,CANFA,2.0,,,,,,,,,1,,1,,,
P0C7N8,OR9G9_HUMAN,nan,HUMAN,2.0,,,,,,,,,1,,1,,,
P0C7N1,OR8U8_HUMAN,nan,HUMAN,2.0,,,,,,,,,1,,1,,,
D4A232,D4A232_RAT,nan,RAT,2.0,,,,,,,,,1,,1,,,
A2AVX7,nan,nan,nan,2.0,,,,,,,,,1,,1,,,
nan,nan,ENSCAFP00000016643,CANFA,2.0,,,,,,,,,1,,1,,,
nan,nan,ENSCAFP00000016794,CANFA,2.0,,,,,,,,,1,,1,,,
H2Q3L9,H2Q3L9_PANTR,ENSPTRP00000006279,PANTR,2.0,,,,,,,,,1,,1,,,
D4A011,nan,nan,nan,2.0,,,,,,,,,1,,1,,,
D3ZX28,D3ZX28_RAT,nan,RAT,2.0,,,,,,,,,1,,1,,,
D4A364,nan,nan,nan,2.0,,,,,,,,,1,,1,,,
A2ASV2,A2ASV2_MOUSE,nan,MOUSE,2.0,,,,,,,,,1,,1,,,
A2ASU8,nan,nan,nan,2.0,,,,,,,,,1,,1,,,
nan,nan,ENSXETP00000056147,XENTR,2.0,,,,,,,,,1,,1,,,
A2ALD2,A2ALD2_MOUSE,nan,MOUSE,2.0,,,,,,,,,1,,1,,,
nan,nan,ENSCAFP00000031399,CANFA,2.0,,,,,,,,,1,,1,,,
nan,nan,ENSCAFP00000031391,CANFA,2.0,,,,,,,,,1,,1,,,
Q7TR94,Q7TR94_MOUSE,nan,MOUSE,2.0,,,,,,,,,1,,1,,,
A6NET4,OR5K3_HUMAN,nan,HUMAN,2.0,,,,,,,,,1,,1,,,
D4A4M8,D4A4M8_RAT,nan,RAT,2.0,,,,,,,,,1,,1,,,
H2Q657,H2Q657_PANTR,ENSPTRP00000008601,PANTR,2.0,,,,,,,,,1,,1,,,
H2Q656,H2Q656_PANTR,ENSPTRP00000008600,PANTR,2.0,,,,,,,,,1,,1,,,
D3ZU37,D3ZU37_RAT,nan,RAT,2.0,,,,,,,,,1,,1,,,
nan,nan,ENSCAFP00000011907,CANFA,2.0,,,,,,,,,1,,1,,,
D3ZUZ1,nan,nan,nan,2.0,,,,,,,,,1,,1,,,
nan,nan,ENSCAFP00000031293,CANFA,2.0,,,,,,,,,1,,1,,,
D3ZV34,D3ZV34_RAT,nan,RAT,2.0,,,,,,,,,1,,1,,,
H2Q655,H2Q655_PANTR,ENSPTRP00000008595,PANTR,2.0,,,,,,,,,1,,1,,,
nan,nan,ENSCAFP00000031211,CANFA,2.0,,,,,,,,,1,,1,,,
nan,nan,ENSCAFP00000011910,CANFA,2.0,,,,,,,,,1,,1,,,
nan,nan,ENSCAFP00000031195,CANFA,2.0,,,,,,,,,1,,1,,,
A6NF89,OR6C6_HUMAN,nan,HUMAN,2.0,,,,,,,,,1,,1,,,
A2AK61,A2AK61_MOUSE,nan,MOUSE,2.0,,,,,,,,,1,,1,,,
D4A4F2,nan,nan,nan,2.0,,,,,,,,,1,,1,,,
D4A4N0,D4A4N0_RAT,nan,RAT,2.0,,,,,,,,,1,,1,,,
O35184,O35184_RAT,nan,RAT,2.0,,,,,,,,,1,,1,,,
H2Q7Z1,H2Q7Z1_PANTR,ENSPTRP00000010413,PANTR,2.0,,,,,,,,,1,,1,,,
D3ZTE8,D3ZTE8_RAT,nan,RAT,2.0,,,,,,,,,1,,1,,,
Q7TRI5,Q7TRI5_MOUSE,nan,MOUSE,2.0,,,,,,,,,1,,1,,,
Q7TR84,Q7TR84_MOUSE,nan,MOUSE,2.0,,,,,,,,,1,,1,,,
A2AK60,A2AK60_MOUSE,nan,MOUSE,2.0,,,,,,,,,1,,1,,,
A6NMS3,OR5K4_HUMAN,nan,HUMAN,2.0,,,,,,,,,1,,1,,,
A6NM76,O6C76_HUMAN,nan,HUMAN,2.0,,,,,,,,,1,,1,,,
D3ZTQ7,D3ZTQ7_RAT,nan,RAT,2.0,,,,,,,,,1,,1,,,
Q7TR90,Q7TR90_MOUSE,nan,MOUSE,2.0,,,,,,,,,1,,1,,,
H2Q7W8,H2Q7W8_PANTR,ENSPTRP00000010351,PANTR,2.0,,,,,,,,,1,,1,,,
Q15620,OR8B8_HUMAN,nan,HUMAN,2.0,,,,,,,,,1,,1,,,
A6NL08,O6C75_HUMAN,nan,HUMAN,2.0,,,,,,,,,1,,1,,,
Q7TR89,Q7TR89_MOUSE,nan,MOUSE,2.0,,,,,,,,,1,,1,,,
A6NIJ9,O6C70_HUMAN,nan,HUMAN,2.0,,,,,,,,,1,,1,,,
D3ZTR9,nan,nan,nan,2.0,,,,,,,,,1,,1,,,
nan,nan,ENSRNOP00000047419,RAT,2.0,,,,,,,,,1,,1,,,
nan,nan,ENSRNOP00000048418,RAT,2.0,,,,,,,,,1,,1,,,
D4A4K2,nan,nan,nan,2.0,,,,,,,,,1,,1,,,
nan,nan,ENSCAFP00000011903,CANFA,2.0,,,,,,,,,1,,1,,,
D4A438,D4A438_RAT,nan,RAT,2.0,,,,,,,,,1,,1,,,
D3ZVZ0,D3ZVZ0_RAT,nan,RAT,2.0,,,,,,,,,1,,1,,,
Q7TR96,O1013_MOUSE,nan,MOUSE,2.0,,,,,,,,,1,,1,,,
H2Q505,H2Q505_PANTR,ENSPTRP00000007550,PANTR,2.0,,,,,,,,,1,,1,,,
A2ARY0,A2ARY0_MOUSE,nan,MOUSE,2.0,,,,,,,,,1,,1,,,
Q7TR99,Q7TR99_MOUSE,nan,MOUSE,2.0,,,,,,,,,1,,1,,,
H2Q654,H2Q654_PANTR,ENSPTRP00000008593,PANTR,2.0,,,,,,,,,1,,1,,,
D4A431,D4A431_RAT,nan,RAT,2.0,,,,,,,,,1,,1,,,
Q7TRA0,Q7TRA0_MOUSE,nan,MOUSE,2.0,,,,,,,,,1,,1,,,
Q7TRI3,Q7TRI3_MOUSE,nan,MOUSE,2.0,,,,,,,,,1,,1,,,
A2ARY1,A2ARY1_MOUSE,nan,MOUSE,2.0,,,,,,,,,1,,1,,,
D4A3Q9,nan,nan,nan,2.0,,,,,,,,,1,,1,,,
D3ZWF1,D3ZWF1_RAT,nan,RAT,2.0,,,,,,,,,1,,1,,,
A2ARZ0,A2ARZ0_MOUSE,nan,MOUSE,2.0,,,,,,,,,1,,1,,,
D3ZWG7,D3ZWG7_RAT,nan,RAT,2.0,,,,,,,,,1,,1,,,
D3ZWI5,D3ZWI5_RAT,nan,RAT,2.0,,,,,,,,,1,,1,,,
A2ASU5,nan,nan,nan,2.0,,,,,,,,,1,,1,,,
D3ZWQ1,nan,nan,nan,2.0,,,,,,,,,1,,1,,,
A2ASU7,A2ASU7_MOUSE,nan,MOUSE,2.0,,,,,,,,,1,,1,,,
D3ZVZ2,nan,nan,nan,2.0,,,,,,,,,1,,1,,,
nan,nan,ENSCAFP00000018580,CANFA,2.0,,,,,,,,,1,,1,,,
D3ZVQ4,D3ZVQ4_RAT,nan,RAT,2.0,,,,,,,,,1,,1,,,
D4A443,nan,nan,nan,2.0,,,,,,,,,1,,1,,,
Q7TRI4,Q7TRI4_MOUSE,nan,MOUSE,2.0,,,,,,,,,1,,1,,,
A6NDL8,O6C68_HUMAN,nan,HUMAN,2.0,,,,,,,,,1,,1,,,
H2Q507,H2Q507_PANTR,ENSPTRP00000007557,PANTR,2.0,,,,,,,,,1,,1,,,
Q7TR95,Q7TR95_MOUSE,nan,MOUSE,2.0,,,,,,,,,1,,1,,,
A6NCV1,O6C74_HUMAN,nan,HUMAN,2.0,,,,,,,,,1,,1,,,
D3ZVS3,D3ZVS3_RAT,nan,RAT,2.0,,,,,,,,,1,,1,,,
D4A4D2,D4A4D2_RAT,nan,RAT,2.0,,,,,,,,,1,,1,,,
Q8VF43,Q8VF43_MOUSE,nan,MOUSE,1.0,,,,,,,,,1,,,,,
Q63394,Q63394_RAT,nan,RAT,1.0,,,,,,,,,1,,,,,
Q8VF98,Q8VF98_MOUSE,nan,MOUSE,1.0,,,,,,,,,1,,,,,
Q8VF64,Q8VF64_MOUSE,nan,MOUSE,1.0,,,,,,,,,1,,,,,
P47890,OR1G1_HUMAN,nan,HUMAN,1.0,,,,,,,,,1,,,,,
P34986,OLF6_MOUSE,nan,MOUSE,1.0,,,,,,,,,1,,,,,
Q8VF84,Q8VF84_MOUSE,nan,MOUSE,1.0,,,,,,,,,1,,,,,
Q8VFA3,Q8VFA3_MOUSE,nan,MOUSE,1.0,,,,,,,,,1,,,,,
Q8VF73,Q8VF73_MOUSE,nan,MOUSE,1.0,,,,,,,,,,,1,,,
P34985,OL143_MOUSE,nan,MOUSE,1.0,,,,,,,,,1,,,,,
Q8VF40,Q8VF40_MOUSE,nan,MOUSE,1.0,,,,,,,,,1,,,,,
Q6IEY1,OR4F3_HUMAN,nan,HUMAN,1.0,,,,,,,,,1,,,,,
Q8VF59,Q8VF59_MOUSE,nan,MOUSE,1.0,,,,,,,,,1,,,,,
Q8VF72,Q8VF72_MOUSE,nan,MOUSE,1.0,,,,,,,,,1,,,,,
P34984,OLF13_MOUSE,nan,MOUSE,1.0,,,,,,,,,1,,,,,
P35899,O1571_RAT,nan,RAT,1.0,,,,,,,,,1,,,,,
Q8VF85,Q8VF85_MOUSE,nan,MOUSE,1.0,,,,,,,,,1,,,,,
Q8VF83,Q8VF83_MOUSE,nan,MOUSE,1.0,,,,,,,,,1,,,,,
Q8VF75,Q8VF75_MOUSE,nan,MOUSE,1.0,,,,,,,,,,,1,,,
Q63395,Q63395_RAT,nan,RAT,1.0,,,,,,,,,1,,,,,
Q8VG03,OL482_MOUSE,nan,MOUSE,1.0,,,,,,,,,1,,,,,
P35896,O1174_RAT,nan,RAT,1.0,,,,,,,,,1,,,,,
Q8VF78,Q8VF78_MOUSE,nan,MOUSE,1.0,,,,,,,,,1,,,,,
Q8VG05,OL483_MOUSE,nan,MOUSE,1.0,,,,,,,,,1,,,,,
Q8VF79,Q8VF79_MOUSE,nan,MOUSE,1.0,,,,,,,,,1,,,,,
Q62944,Q62944_RAT,nan,RAT,1.0,,,,,,,,,1,,,,,
P37072,OLF6_CHICK,nan,CHICK,1.0,,,,,,,,,,,1,,,
Q8VF63,Q8VF63_MOUSE,nan,MOUSE,1.0,,,,,,,,,1,,,,,
P47887,OR1E2_HUMAN,nan,HUMAN,1.0,,,,,,,,,1,,,,,
P37070,OLF4_CHICK,nan,CHICK,1.0,,,,,,,,,1,,,,,
Q8VF80,Q8VF80_MOUSE,nan,MOUSE,1.0,,,,,,,,,1,,,,,
P35898,O1073_RAT,nan,RAT,1.0,,,,,,,,,1,,,,,
Q62943,Q62943_RAT,nan,RAT,1.0,,,,,,,,,,,1,,,
Q62007,Q62007_MOUSE,nan,MOUSE,1.0,,,,,,,,,1,,,,,
Q60895,OL150_MOUSE,nan,MOUSE,1.0,,,,,,,,,1,,,,,
Q8VF74,Q8VF74_MOUSE,nan,MOUSE,1.0,,,,,,,,,,,1,,,
Q640T0,Q640T0_XENTR,ENSXETP00000020478,XENTR,1.0,,,,,,,,,,,1,,,
Q6IEX5,Q6IEX5_HUMAN,nan,HUMAN,1.0,,,,,,,,,1,,,,,
Q8VF45,Q8VF45_MOUSE,nan,MOUSE,1.0,,,,,,,,,1,,,,,
Q8VF55,Q8VF55_MOUSE,nan,MOUSE,1.0,,,,,,,,,1,,,,,
Q60884,OL146_MOUSE,nan,MOUSE,1.0,,,,,,,,,1,,,,,
Q8VFA4,Q8VFA4_MOUSE,nan,MOUSE,1.0,,,,,,,,,1,,,,,
Q8VFV8,Q8VFV8_MOUSE,nan,MOUSE,1.0,,,,,,,,,1,,,,,
Q5NCC8,Q5NCC8_MOUSE,nan,MOUSE,1.0,,,,,,,,,1,,,,,
Q5NCD0,Q5NCD0_MOUSE,nan,MOUSE,1.0,,,,,,,,,1,,,,,
Q5NCD6,Q5NCD6_MOUSE,nan,MOUSE,1.0,,,,,,,,,1,,,,,
Q8VFQ3,Q8VFQ3_MOUSE,nan,MOUSE,1.0,,,,,,,,,,,1,,,
Q8VFP8,Q8VFP8_MOUSE,nan,MOUSE,1.0,,,,,,,,,1,,,,,
Q8VFV4,O1440_MOUSE,nan,MOUSE,1.0,,,,,,,,,1,,,,,
Q8VFP6,Q8VFP6_MOUSE,nan,MOUSE,1.0,,,,,,,,,1,,,,,
Q8VFP2,Q8VFP2_MOUSE,nan,MOUSE,1.0,,,,,,,,,1,,,,,
Q8VFP0,Q8VFP0_MOUSE,nan,MOUSE,1.0,,,,,,,,,1,,,,,
Q8VFN6,Q8VFN6_MOUSE,nan,MOUSE,1.0,,,,,,,,,1,,,,,
Q5SSP0,Q5SSP0_MOUSE,nan,MOUSE,1.0,,,,,,,,,1,,,,,
Q5SWZ1,Q5SWZ1_MOUSE,nan,MOUSE,1.0,,,,,,,,,1,,,,,
Q8VFQ5,Q8VFQ5_MOUSE,nan,MOUSE,1.0,,,,,,,,,1,,,,,
Q5SZS9,Q5SZS9_MOUSE,nan,MOUSE,1.0,,,,,,,,,1,,,,,
Q8VFM9,OLF24_MOUSE,nan,MOUSE,1.0,,,,,,,,,1,,,,,
Q5SZZ5,Q5SZZ5_MOUSE,nan,MOUSE,1.0,,,,,,,,,1,,,,,
Q8VFV9,Q8VFV9_MOUSE,nan,MOUSE,1.0,,,,,,,,,1,,,,,
Q5SZZ8,Q5SZZ8_MOUSE,nan,MOUSE,1.0,,,,,,,,,1,,,,,
Q8VFW1,Q8VFW1_MOUSE,nan,MOUSE,1.0,,,,,,,,,1,,,,,
Q8VFW2,Q8VFW2_MOUSE,nan,MOUSE,1.0,,,,,,,,,1,,,,,
Q8VFW4,Q8VFW4_MOUSE,nan,MOUSE,1.0,,,,,,,,,1,,,,,
Q8VFW5,Q8VFW5_MOUSE,nan,MOUSE,1.0,,,,,,,,,1,,,,,
Q5TZ20,OR2G6_HUMAN,nan,HUMAN,1.0,,,,,,,,,1,,,,,
Q15619,OR1C1_HUMAN,nan,HUMAN,1.0,,,,,,,,,1,,,,,
Q8VFQ4,Q8VFQ4_MOUSE,nan,MOUSE,1.0,,,,,,,,,,,1,,,
Q5NC59,Q5NC59_MOUSE,nan,MOUSE,1.0,,,,,,,,,1,,,,,
Q15615,OR4D1_HUMAN,nan,HUMAN,1.0,,,,,,,,,1,,,,,
Q8VFS6,Q8VFS6_MOUSE,nan,MOUSE,1.0,,,,,,,,,1,,,,,
Q2PRG0,Q2PRG0_DANRE,nan,DANRE,1.0,,,,,,,,,,,,1,,
Q3B889,Q3B889_MOUSE,nan,MOUSE,1.0,,,,,,,,,1,,,,,
Q8VFU6,Q8VFU6_MOUSE,nan,MOUSE,1.0,,,,,,,,,1,,,,,
Q8VFU7,Q8VFU7_MOUSE,nan,MOUSE,1.0,,,,,,,,,1,,,,,
Q15622,OR7A5_HUMAN,nan,HUMAN,1.0,,,,,,,,,1,,,,,
Q3KPC7,Q3KPC7_MOUSE,nan,MOUSE,1.0,,,,,,,,,1,,,,,
Q8VFU9,Q8VFU9_MOUSE,nan,MOUSE,1.0,,,,,,,,,1,,,,,
Q8VFT5,Q8VFT5_MOUSE,nan,MOUSE,1.0,,,,,,,,,1,,,,,
Q8VFT4,Q8VFT4_MOUSE,nan,MOUSE,1.0,,,,,,,,,1,,,,,
Q8VFT2,Q8VFT2_MOUSE,nan,MOUSE,1.0,,,,,,,,,1,,,,,
Q5JQS5,OR2BB_HUMAN,nan,HUMAN,1.0,,,,,,,,,1,,,,,
Q8VFV0,Q8VFV0_MOUSE,nan,MOUSE,1.0,,,,,,,,,1,,,,,
Q8VFV3,Q8VFV3_MOUSE,nan,MOUSE,1.0,,,,,,,,,1,,,,,
Q8VFS5,Q8VFS5_MOUSE,nan,MOUSE,1.0,,,,,,,,,1,,,,,
Q8VFS4,nan,nan,nan,1.0,,,,,,,,,1,,,,,
Q8VFS3,Q8VFS3_MOUSE,nan,MOUSE,1.0,,,,,,,,,1,,,,,
Q8VFV1,Q8VFV1_MOUSE,nan,MOUSE,1.0,,,,,,,,,1,,,,,
Q8VFR4,Q8VFR4_MOUSE,nan,MOUSE,1.0,,,,,,,,,,,1,,,
Q5NC55,Q5NC55_MOUSE,nan,MOUSE,1.0,,,,,,,,,1,,,,,
Q8VFQ9,Q8VFQ9_MOUSE,nan,MOUSE,1.0,,,,,,,,,,,1,,,
Q8VF33,Q8VF33_MOUSE,nan,MOUSE,1.0,,,,,,,,,1,,,,,
Q8VFV2,Q8VFV2_MOUSE,nan,MOUSE,1.0,,,,,,,,,1,,,,,
Q8VFQ8,Q8VFQ8_MOUSE,nan,MOUSE,1.0,,,,,,,,,,,1,,,
Q8VFQ6,Q8VFQ6_MOUSE,nan,MOUSE,1.0,,,,,,,,,1,,,,,
Q5USA8,Q5USA8_RAT,nan,RAT,1.0,,,,,,,,,1,,,,,
Q60878,OL140_MOUSE,nan,MOUSE,1.0,,,,,,,,,1,,,,,
Q8VFA6,Q8VFA6_MOUSE,nan,MOUSE,1.0,,,,,,,,,1,,,,,
Q8VFC8,Q8VFC8_MOUSE,nan,MOUSE,1.0,,,,,,,,,1,,,,,
Q8VFZ3,Q8VFZ3_MOUSE,nan,MOUSE,1.0,,,,,,,,,1,,,,,
Q8VFZ4,Q8VFZ4_MOUSE,nan,MOUSE,1.0,,,,,,,,,1,,,,,
Q0VDY1,Q0VDY1_MOUSE,nan,MOUSE,1.0,,,,,,,,,1,,,,,
Q0VAX9,OLF18_MOUSE,nan,MOUSE,1.0,,,,,,,,,1,,,,,
Q60889,OLF5_MOUSE,nan,MOUSE,1.0,,,,,,,,,1,,,,,
Q60890,OLF11_MOUSE,nan,MOUSE,1.0,,,,,,,,,1,,,,,
Q60892,OLF8_MOUSE,nan,MOUSE,1.0,,,,,,,,,1,,,,,
Q8VFD1,OL492_MOUSE,nan,MOUSE,1.0,,,,,,,,,1,,,,,
Q8VFC9,OL474_MOUSE,nan,MOUSE,1.0,,,,,,,,,1,,,,,
Q8VFZ5,Q8VFZ5_MOUSE,nan,MOUSE,1.0,,,,,,,,,1,,,,,
P70526,OLF1_RAT,nan,RAT,1.0,,,,,,,,,1,,,,,
Q8VFC3,Q8VFC3_MOUSE,nan,MOUSE,1.0,,,,,,,,,1,,,,,
Q8VFY3,Q8VFY3_MOUSE,nan,MOUSE,1.0,,,,,,,,,1,,,,,
Q8VFC2,Q8VFC2_MOUSE,nan,MOUSE,1.0,,,,,,,,,1,,,,,
Q8VFB9,OL183_MOUSE,nan,MOUSE,1.0,,,,,,,,,,,1,,,
P59922,OR2B8_HUMAN,nan,HUMAN,1.0,,,,,,,,,1,,,,,
P58182,O12D2_HUMAN,nan,HUMAN,1.0,,,,,,,,,1,,,,,
P58181,O10A3_HUMAN,nan,HUMAN,1.0,,,,,,,,,1,,,,,
Q8VFA9,Q8VFA9_MOUSE,nan,MOUSE,1.0,,,,,,,,,1,,,,,
P58180,OR4D2_HUMAN,nan,HUMAN,1.0,,,,,,,,,1,,,,,
Q8VFA8,Q8VFA8_MOUSE,nan,MOUSE,1.0,,,,,,,,,1,,,,,
Q8VFZ6,Q8VFZ6_MOUSE,nan,MOUSE,1.0,,,,,,,,,1,,,,,
Q8VFA7,Q8VFA7_MOUSE,nan,MOUSE,1.0,,,,,,,,,1,,,,,
P58173,OR2B6_HUMAN,nan,HUMAN,1.0,,,,,,,,,1,,,,,
Q8VFD3,OL484_MOUSE,nan,MOUSE,1.0,,,,,,,,,1,,,,,
Q8VFE2,Q8VFE2_MOUSE,nan,MOUSE,1.0,,,,,,,,,1,,,,,
Q60879,OLF3_MOUSE,nan,MOUSE,1.0,,,,,,,,,1,,,,,
Q8VFX1,Q8VFX1_MOUSE,nan,MOUSE,1.0,,,,,,,,,1,,,,,
Q8VFK3,Q8VFK3_MOUSE,nan,MOUSE,1.0,,,,,,,,,1,,,,,
Q8VFW8,Q8VFW8_MOUSE,nan,MOUSE,1.0,,,,,,,,,1,,,,,
Q14AK5,Q14AK5_MOUSE,nan,MOUSE,1.0,,,,,,,,,1,,,,,
Q13607,OR2F1_HUMAN,nan,HUMAN,1.0,,,,,,,,,1,,,,,
Q8VFW9,Q8VFW9_MOUSE,nan,MOUSE,1.0,,,,,,,,,1,,,,,
Q8VFX0,Q8VFX0_MOUSE,nan,MOUSE,1.0,,,,,,,,,1,,,,,
Q8VFI7,Q8VFI7_MOUSE,nan,MOUSE,1.0,,,,,,,,,1,,,,,
Q13606,OR5I1_HUMAN,nan,HUMAN,1.0,,,,,,,,,1,,,,,
Q0VEV7,Q0VEV7_MOUSE,nan,MOUSE,1.0,,,,,,,,,1,,,,,
Q0VEP0,Q0VEP0_MOUSE,nan,MOUSE,1.0,,,,,,,,,1,,,,,
Q60881,OL142_MOUSE,nan,MOUSE,1.0,,,,,,,,,1,,,,,
Q60883,OLF10_MOUSE,nan,MOUSE,1.0,,,,,,,,,1,,,,,
Q60885,OLF9_MOUSE,nan,MOUSE,1.0,,,,,,,,,1,,,,,
Q8VFX2,O1444_MOUSE,nan,MOUSE,1.0,,,,,,,,,1,,,,,
Q8VFH0,Q8VFH0_MOUSE,nan,MOUSE,1.0,,,,,,,,,1,,,,,
Q8VFG4,Q8VFG4_MOUSE,nan,MOUSE,1.0,,,,,,,,,1,,,,,
Q8VFX3,Q8VFX3_MOUSE,nan,MOUSE,1.0,,,,,,,,,1,,,,,
Q8VFG3,Q8VFG3_MOUSE,nan,MOUSE,1.0,,,,,,,,,1,,,,,
Q8VFF4,Q8VFF4_MOUSE,nan,MOUSE,1.0,,,,,,,,,1,,,,,
Q8VFX4,Q8VFX4_MOUSE,nan,MOUSE,1.0,,,,,,,,,1,,,,,
Q8VFE7,Q8VFE7_MOUSE,nan,MOUSE,1.0,,,,,,,,,1,,,,,
Q32VQ0,nan,nan,nan,1.0,,,,,,,,,1,,,,,
Q8VFE3,Q8VFE3_MOUSE,nan,MOUSE,1.0,,,,,,,,,1,,,,,
Q8VFX5,Q8VFX5_MOUSE,nan,MOUSE,1.0,,,,,,,,,1,,,,,
Q8VF39,Q8VF39_MOUSE,nan,MOUSE,1.0,,,,,,,,,1,,,,,
Q8NH94,OR1L1_HUMAN,nan,HUMAN,1.0,,,,,,,,,1,,,,,
Q8VF31,Q8VF31_MOUSE,nan,MOUSE,1.0,,,,,,,,,1,,,,,
Q8NGI4,OR4DB_HUMAN,nan,HUMAN,1.0,,,,,,,,,1,,,,,
Q8NGF8,OR4B1_HUMAN,nan,HUMAN,1.0,,,,,,,,,1,,,,,
Q8NGF9,OR4X2_HUMAN,nan,HUMAN,1.0,,,,,,,,,1,,,,,
Q8NGG2,OR5T2_HUMAN,nan,HUMAN,1.0,,,,,,,,,1,,,,,
Q8NGG3,OR5T3_HUMAN,nan,HUMAN,1.0,,,,,,,,,1,,,,,
Q8NGG8,OR8B3_HUMAN,nan,HUMAN,1.0,,,,,,,,,,,1,,,
Q8NGH3,OR2D3_HUMAN,nan,HUMAN,1.0,,,,,,,,,1,,,,,
Q8NGI6,OR4DA_HUMAN,nan,HUMAN,1.0,,,,,,,,,1,,,,,
Q7TRA2,Q7TRA2_MOUSE,nan,MOUSE,1.0,,,,,,,,,,,1,,,
Q8NGI7,O10V1_HUMAN,nan,HUMAN,1.0,,,,,,,,,1,,,,,
Q8NGI8,O5AN1_HUMAN,nan,HUMAN,1.0,,,,,,,,,1,,,,,
Q8NGI9,OR5A2_HUMAN,nan,HUMAN,1.0,,,,,,,,,1,,,,,
Q8NGJ0,OR5A1_HUMAN,nan,HUMAN,1.0,,,,,,,,,1,,,,,
Q8NGJ1,OR4D6_HUMAN,nan,HUMAN,1.0,,,,,,,,,1,,,,,
Q7TR87,Q7TR87_MOUSE,nan,MOUSE,1.0,,,,,,,,,,,1,,,
Q7TRA1,Q7TRA1_MOUSE,nan,MOUSE,1.0,,,,,,,,,,,1,,,
Q7TRA6,Q7TRA6_MOUSE,nan,MOUSE,1.0,,,,,,,,,1,,,,,
Q6IF42,OR2A2_HUMAN,nan,HUMAN,1.0,,,,,,,,,1,,,,,
Q8NGD5,OR4KE_HUMAN,nan,HUMAN,1.0,,,,,,,,,1,,,,,
Q8NGC7,O11H6_HUMAN,nan,HUMAN,1.0,,,,,,,,,1,,,,,
Q8NGC8,O11H7_HUMAN,nan,HUMAN,1.0,,,,,,,,,1,,,,,
Q8NGC9,O11H4_HUMAN,nan,HUMAN,1.0,,,,,,,,,1,,,,,
Q8NGD0,OR4M1_HUMAN,nan,HUMAN,1.0,,,,,,,,,1,,,,,
Q7TRC2,Q7TRC2_MOUSE,nan,MOUSE,1.0,,,,,,,,,,,1,,,
Q8NGD1,OR4N2_HUMAN,nan,HUMAN,1.0,,,,,,,,,1,,,,,
Q8NGE5,O10A7_HUMAN,nan,HUMAN,1.0,,,,,,,,,1,,,,,
Q7TRA7,Q7TRA7_MOUSE,nan,MOUSE,1.0,,,,,,,,,1,,,,,
Q7TRB9,Q7TRB9_MOUSE,nan,MOUSE,1.0,,,,,,,,,1,,,,,
Q7TRB8,Q7TRB8_MOUSE,nan,MOUSE,1.0,,,,,,,,,1,,,,,
Q7TRB7,Q7TRB7_MOUSE,nan,MOUSE,1.0,,,,,,,,,1,,,,,
Q8NGE8,OR4D9_HUMAN,nan,HUMAN,1.0,,,,,,,,,1,,,,,
Q8NGE9,OR9Q2_HUMAN,nan,HUMAN,1.0,,,,,,,,,,,1,,,
Q8NGF7,OR5BH_HUMAN,nan,HUMAN,1.0,,,,,,,,,1,,,,,
Q8NGK9,OR5DG_HUMAN,nan,HUMAN,1.0,,,,,,,,,,,1,,,
Q7TR85,Q7TR85_MOUSE,nan,MOUSE,1.0,,,,,,,,,,,1,,,
Q8NGL0,OR5L2_HUMAN,nan,HUMAN,1.0,,,,,,,,,1,,,,,
Q7TR48,Q7TR48_MOUSE,nan,MOUSE,1.0,,,,,,,,,,,1,,,
Q8NGQ4,O10Q1_HUMAN,nan,HUMAN,1.0,,,,,,,,,1,,,,,
Q8NGQ5,OR9Q1_HUMAN,nan,HUMAN,1.0,,,,,,,,,,,1,,,
Q7TR49,Q7TR49_MOUSE,nan,MOUSE,1.0,,,,,,,,,1,,,,,
Q8NGR2,OR1L6_HUMAN,nan,HUMAN,1.0,,,,,,,,,1,,,,,
Q8NGR4,OR5C1_HUMAN,nan,HUMAN,1.0,,,,,,,,,,,1,,,
Q8NGR5,OR1L4_HUMAN,nan,HUMAN,1.0,,,,,,,,,1,,,,,
Q8NGR6,OR1B1_HUMAN,nan,HUMAN,1.0,,,,,,,,,1,,,,,
Q8NGL1,OR5DI_HUMAN,nan,HUMAN,1.0,,,,,,,,,,,1,,,
Q7TR47,Q7TR47_MOUSE,nan,MOUSE,1.0,,,,,,,,,,,1,,,
Q8NGR8,OR1L8_HUMAN,nan,HUMAN,1.0,,,,,,,,,1,,,,,
Q8NGS1,OR1J4_HUMAN,nan,HUMAN,1.0,,,,,,,,,1,,,,,
Q8NGS2,OR1J2_HUMAN,nan,HUMAN,1.0,,,,,,,,,1,,,,,
Q7TR45,Q7TR45_MOUSE,nan,MOUSE,1.0,,,,,,,,,,,1,,,
Q8NGS3,OR1J1_HUMAN,nan,HUMAN,1.0,,,,,,,,,1,,,,,
Q8NGQ3,OR1S2_HUMAN,nan,HUMAN,1.0,,,,,,,,,1,,,,,
Q7TR53,Q7TR53_MOUSE,nan,MOUSE,1.0,,,,,,,,,1,,,,,
Q8NGQ2,OR6Q1_HUMAN,nan,HUMAN,1.0,,,,,,,,,1,,,,,
Q7TR54,Q7TR54_MOUSE,nan,MOUSE,1.0,,,,,,,,,1,,,,,
Q7TR55,Q7TR55_MOUSE,nan,MOUSE,1.0,,,,,,,,,1,,,,,
Q7TR59,Q7TR59_MOUSE,nan,MOUSE,1.0,,,,,,,,,1,,,,,
Q8NGP6,OR5M8_HUMAN,nan,HUMAN,1.0,,,,,,,,,,,1,,,
Q8NGP0,OR4CD_HUMAN,nan,HUMAN,1.0,,,,,,,,,1,,,,,
Q8NGN6,O10G7_HUMAN,nan,HUMAN,1.0,,,,,,,,,1,,,,,
Q8NGN5,O10G8_HUMAN,nan,HUMAN,1.0,,,,,,,,,1,,,,,
Q8NGN4,O10G9_HUMAN,nan,HUMAN,1.0,,,,,,,,,1,,,,,
Q8NGN3,O10G4_HUMAN,nan,HUMAN,1.0,,,,,,,,,1,,,,,
Q8NGN1,OR6T1_HUMAN,nan,HUMAN,1.0,,,,,,,,,1,,,,,
Q8NGM4,Q8NGM4_HUMAN,nan,HUMAN,1.0,,,,,,,,,1,,,,,
Q8NGL6,O4A15_HUMAN,nan,HUMAN,1.0,,,,,,,,,1,,,,,
Q7TR81,Q7TR81_MOUSE,nan,MOUSE,1.0,,,,,,,,,1,,,,,
Q8NGL2,OR5L1_HUMAN,nan,HUMAN,1.0,,,,,,,,,1,,,,,
Q8NGC4,O10G3_HUMAN,nan,HUMAN,1.0,,,,,,,,,1,,,,,
Q8NGC3,O10G2_HUMAN,nan,HUMAN,1.0,,,,,,,,,1,,,,,
Q8VG07,OL494_MOUSE,nan,MOUSE,1.0,,,,,,,,,1,,,,,
Q7TRZ9,Q7TRZ9_MOUSE,nan,MOUSE,1.0,,,,,,,,,1,,,,,
Q7TRX6,Q7TRX6_MOUSE,nan,MOUSE,1.0,,,,,,,,,1,,,,,
Q7TRX7,Q7TRX7_MOUSE,nan,MOUSE,1.0,,,,,,,,,1,,,,,
Q7TRX8,Q7TRX8_MOUSE,nan,MOUSE,1.0,,,,,,,,,1,,,,,
Q7TRX9,Q7TRX9_MOUSE,nan,MOUSE,1.0,,,,,,,,,1,,,,,
Q7TRY0,Q7TRY0_MOUSE,nan,MOUSE,1.0,,,,,,,,,1,,,,,
Q7TRY4,Q7TRY4_MOUSE,nan,MOUSE,1.0,,,,,,,,,1,,,,,
Q7TS18,Q7TS18_MOUSE,nan,MOUSE,1.0,,,,,,,,,1,,,,,
Q7TS43,Q7TS43_MOUSE,nan,MOUSE,1.0,,,,,,,,,,,1,,,
Q7TS19,Q7TS19_MOUSE,nan,MOUSE,1.0,,,,,,,,,1,,,,,
Q7TS26,Q7TS26_MOUSE,nan,MOUSE,1.0,,,,,,,,,1,,,,,
Q7TS30,Q7TS30_MOUSE,nan,MOUSE,1.0,,,,,,,,,1,,,,,
Q7TS32,Q7TS32_MOUSE,nan,MOUSE,1.0,,,,,,,,,1,,,,,
Q7TS33,Q7TS33_MOUSE,nan,MOUSE,1.0,,,,,,,,,1,,,,,
Q7TRG9,Q7TRG9_MOUSE,nan,MOUSE,1.0,,,,,,,,,1,,,,,
Q7TRX4,Q7TRX4_MOUSE,nan,MOUSE,1.0,,,,,,,,,1,,,,,
Q7TRX0,Q7TRX0_MOUSE,nan,MOUSE,1.0,,,,,,,,,1,,,,,
Q7TRW1,Q7TRW1_MOUSE,nan,MOUSE,1.0,,,,,,,,,1,,,,,
Q7TRV8,Q7TRV8_MOUSE,nan,MOUSE,1.0,,,,,,,,,1,,,,,
Q7TRV7,Q7TRV7_MOUSE,nan,MOUSE,1.0,,,,,,,,,1,,,,,
Q7TRV1,Q7TRV1_MOUSE,nan,MOUSE,1.0,,,,,,,,,1,,,,,
Q7TRU4,Q7TRU4_MOUSE,nan,MOUSE,1.0,,,,,,,,,1,,,,,
Q7TRU3,Q7TRU3_MOUSE,nan,MOUSE,1.0,,,,,,,,,1,,,,,
Q7TRU0,Q7TRU0_MOUSE,nan,MOUSE,1.0,,,,,,,,,1,,,,,
Q7TRT5,Q7TRT5_MOUSE,nan,MOUSE,1.0,,,,,,,,,,,,,,1
Q7TRN0,Q7TRN0_MOUSE,nan,MOUSE,1.0,,,,,,,,,1,,,,,
Q7TRM9,Q7TRM9_MOUSE,nan,MOUSE,1.0,,,,,,,,,1,,,,,
Q7TRM4,Q7TRM4_MOUSE,nan,MOUSE,1.0,,,,,,,,,1,,,,,
Q7TRM0,Q7TRM0_MOUSE,nan,MOUSE,1.0,,,,,,,,,1,,,,,
Q7TRL9,Q7TRL9_MOUSE,nan,MOUSE,1.0,,,,,,,,,1,,,,,
Q7TRK7,Q7TRK7_MOUSE,nan,MOUSE,1.0,,,,,,,,,1,,,,,
Q7TRK1,Q7TRK1_MOUSE,nan,MOUSE,1.0,,,,,,,,,1,,,,,
Q7TRG8,Q7TRG8_MOUSE,nan,MOUSE,1.0,,,,,,,,,1,,,,,
Q7Z3T1,OR2W3_HUMAN,nan,HUMAN,1.0,,,,,,,,,1,,,,,
Q8NGC1,O11G2_HUMAN,nan,HUMAN,1.0,,,,,,,,,1,,,,,
Q7TRD6,Q7TRD6_MOUSE,nan,MOUSE,1.0,,,,,,,,,1,,,,,
Q8NG92,O13H1_HUMAN,nan,HUMAN,1.0,,,,,,,,,1,,,,,
Q8NG95,OR7G3_HUMAN,nan,HUMAN,1.0,,,,,,,,,1,,,,,
Q8NG98,OR7D4_HUMAN,nan,HUMAN,1.0,,,,,,,,,1,,,,,
Q8NGA0,OR7G1_HUMAN,nan,HUMAN,1.0,,,,,,,,,1,,,,,
Q8NGA1,OR1M1_HUMAN,nan,HUMAN,1.0,,,,,,,,,1,,,,,
Q8NGA2,OR7A2_HUMAN,nan,HUMAN,1.0,,,,,,,,,1,,,,,
Q7TRD1,Q7TRD1_MOUSE,nan,MOUSE,1.0,,,,,,,,,1,,,,,
Q80ZX9,Q80ZX9_MOUSE,nan,MOUSE,1.0,,,,,,,,,1,,,,,
Q8NGB6,OR4M2_HUMAN,nan,HUMAN,1.0,,,,,,,,,1,,,,,
Q7TRC7,Q7TRC7_MOUSE,nan,MOUSE,1.0,,,,,,,,,1,,,,,
Q8NGB8,O4F15_HUMAN,nan,HUMAN,1.0,,,,,,,,,1,,,,,
Q8NGB9,OR4F6_HUMAN,nan,HUMAN,1.0,,,,,,,,,1,,,,,
Q7TRC3,Q7TRC3_MOUSE,nan,MOUSE,1.0,,,,,,,,,1,,,,,
Q8NGC0,O5AU1_HUMAN,nan,HUMAN,1.0,,,,,,,,,,,1,,,
Q7TRD9,Q7TRD9_MOUSE,nan,MOUSE,1.0,,,,,,,,,1,,,,,
Q7TRE0,Q7TRE0_MOUSE,nan,MOUSE,1.0,,,,,,,,,1,,,,,
Q8NG75,OR5T1_HUMAN,nan,HUMAN,1.0,,,,,,,,,1,,,,,
Q7TRE5,Q7TRE5_MOUSE,nan,MOUSE,1.0,,,,,,,,,1,,,,,
Q7TRE6,Q7TRE6_MOUSE,nan,MOUSE,1.0,,,,,,,,,1,,,,,
Q8N628,OR2C3_HUMAN,nan,HUMAN,1.0,,,,,,,,,1,,,,,
Q7TRF0,Q7TRF0_MOUSE,nan,MOUSE,1.0,,,,,,,,,1,,,,,
Q7TRF3,OL867_MOUSE,nan,MOUSE,1.0,,,,,,,,,1,,,,,
Q7TRG0,Q7TRG0_MOUSE,nan,MOUSE,1.0,,,,,,,,,1,,,,,
Q7TRG2,Q7TRG2_MOUSE,nan,MOUSE,1.0,,,,,,,,,1,,,,,
Q8N148,OR6V1_HUMAN,nan,HUMAN,1.0,,,,,,,,,1,,,,,
Q7TRG3,Q7TRG3_MOUSE,nan,MOUSE,1.0,,,,,,,,,1,,,,,
Q8N146,OR8H3_HUMAN,nan,HUMAN,1.0,,,,,,,,,1,,,,,
Q8N127,O5AS1_HUMAN,nan,HUMAN,1.0,,,,,,,,,1,,,,,
Q8N0Y3,OR4N4_HUMAN,nan,HUMAN,1.0,,,,,,,,,1,,,,,
Q7TRG7,Q7TRG7_MOUSE,nan,MOUSE,1.0,,,,,,,,,1,,,,,
Q8IXE1,OR4N5_HUMAN,nan,HUMAN,1.0,,,,,,,,,1,,,,,
Q8NGS4,O13F1_HUMAN,nan,HUMAN,1.0,,,,,,,,,1,,,,,
Q8NGS5,O13C4_HUMAN,nan,HUMAN,1.0,,,,,,,,,1,,,,,
Q8NGS6,O13C3_HUMAN,nan,HUMAN,1.0,,,,,,,,,1,,,,,
Q8VET1,Q8VET1_MOUSE,nan,MOUSE,1.0,,,,,,,,,1,,,,,
Q7TQQ7,Q7TQQ7_MOUSE,nan,MOUSE,1.0,,,,,,,,,1,,,,,
Q7TQQ6,Q7TQQ6_MOUSE,nan,MOUSE,1.0,,,,,,,,,1,,,,,
Q7TQQ3,Q7TQQ3_MOUSE,nan,MOUSE,1.0,,,,,,,,,,,1,,,
Q8VES9,Q8VES9_MOUSE,nan,MOUSE,1.0,,,,,,,,,1,,,,,
Q8VET0,Q8VET0_MOUSE,nan,MOUSE,1.0,,,,,,,,,1,,,,,
Q7TQQ0,Q7TQQ0_MOUSE,nan,MOUSE,1.0,,,,,,,,,1,,,,,
Q8VET3,Q8VET3_MOUSE,nan,MOUSE,1.0,,,,,,,,,,,1,,,
Q8VEV1,Q8VEV1_MOUSE,nan,MOUSE,1.0,,,,,,,,,1,,,,,
Q6ZMA0,Q6ZMA0_RAT,nan,RAT,1.0,,,,,,,,,1,,,,,
Q8VEU2,Q8VEU2_MOUSE,nan,MOUSE,1.0,,,,,,,,,1,,,,,
Q8VEU6,Q8VEU6_MOUSE,nan,MOUSE,1.0,,,,,,,,,1,,,,,
Q8VEU7,Q8VEU7_MOUSE,nan,MOUSE,1.0,,,,,,,,,1,,,,,
Q8VEU8,Q8VEU8_MOUSE,nan,MOUSE,1.0,,,,,,,,,,,1,,,
Q6ZM99,Q6ZM99_RAT,nan,RAT,1.0,,,,,,,,,1,,,,,
Q8NHC4,O10J5_HUMAN,nan,HUMAN,1.0,,,,,,,,,1,,,,,
Q7TQQ8,Q7TQQ8_MOUSE,nan,MOUSE,1.0,,,,,,,,,1,,,,,
Q7TQQ9,Q7TQQ9_MOUSE,nan,MOUSE,1.0,,,,,,,,,1,,,,,
Q7TQR2,Q7TQR2_MOUSE,nan,MOUSE,1.0,,,,,,,,,1,,,,,
Q7TQR3,Q7TQR3_MOUSE,nan,MOUSE,1.0,,,,,,,,,1,,,,,
Q7TQR7,Q7TQR7_MOUSE,nan,MOUSE,1.0,,,,,,,,,1,,,,,
Q7TQR9,Q7TQR9_MOUSE,nan,MOUSE,1.0,,,,,,,,,1,,,,,
Q8NHA6,OR2W6_HUMAN,nan,HUMAN,1.0,,,,,,,,,1,,,,,
Q7TQS1,Q7TQS1_MOUSE,nan,MOUSE,1.0,,,,,,,,,1,,,,,
Q8NH95,O13C6_HUMAN,nan,HUMAN,1.0,,,,,,,,,1,,,,,
Q7TQS4,Q7TQS4_MOUSE,nan,MOUSE,1.0,,,,,,,,,1,,,,,
Q7TRI7,Q7TRI7_MOUSE,nan,MOUSE,1.0,,,,,,,,,1,,,,,
Q8NH92,OR1S1_HUMAN,nan,HUMAN,1.0,,,,,,,,,1,,,,,
Q8NH90,O5AK2_HUMAN,nan,HUMAN,1.0,,,,,,,,,,,1,,,
Q8NH89,O5AK3_HUMAN,nan,HUMAN,1.0,,,,,,,,,,,1,,,
Q7TQT0,Q7TQT0_MOUSE,nan,MOUSE,1.0,,,,,,,,,1,,,,,
Q8NH81,O10G6_HUMAN,nan,HUMAN,1.0,,,,,,,,,1,,,,,
Q8VEV0,Q8VEV0_MOUSE,nan,MOUSE,1.0,,,,,,,,,1,,,,,
Q8VEV6,Q8VEV6_MOUSE,nan,MOUSE,1.0,,,,,,,,,1,,,,,
Q7TQT2,Q7TQT2_MOUSE,nan,MOUSE,1.0,,,,,,,,,1,,,,,
Q8VF14,Q8VF14_MOUSE,nan,MOUSE,1.0,,,,,,,,,1,,,,,
Q8VEZ3,Q8VEZ3_MOUSE,nan,MOUSE,1.0,,,,,,,,,1,,,,,
Q8VEZ5,Q8VEZ5_MOUSE,nan,MOUSE,1.0,,,,,,,,,1,,,,,
Q8VEZ6,Q8VEZ6_MOUSE,nan,MOUSE,1.0,,,,,,,,,1,,,,,
Q8VEZ7,Q8VEZ7_MOUSE,nan,MOUSE,1.0,,,,,,,,,1,,,,,
Q8VF10,Q8VF10_MOUSE,nan,MOUSE,1.0,,,,,,,,,1,,,,,
Q8VF13,O1094_MOUSE,nan,MOUSE,1.0,,,,,,,,,1,,,,,
Q8VF17,Q8VF17_MOUSE,nan,MOUSE,1.0,,,,,,,,,1,,,,,
Q8VEV7,Q8VEV7_MOUSE,nan,MOUSE,1.0,,,,,,,,,1,,,,,
Q8VF18,Q8VF18_MOUSE,nan,MOUSE,1.0,,,,,,,,,1,,,,,
Q8VF19,Q8VF19_MOUSE,nan,MOUSE,1.0,,,,,,,,,1,,,,,
Q8VF20,Q8VF20_MOUSE,nan,MOUSE,1.0,,,,,,,,,1,,,,,
Q8VF22,Q8VF22_MOUSE,nan,MOUSE,1.0,,,,,,,,,,,1,,,
Q6IFN5,O7E24_HUMAN,nan,HUMAN,1.0,,,,,,,,,1,,,,,
Q6IFH4,OR6B2_HUMAN,nan,HUMAN,1.0,,,,,,,,,1,,,,,
Q6MFW4,Q6MFW4_RAT,nan,RAT,1.0,,,,,,,,,1,,,,,
Q8VEZ2,Q8VEZ2_MOUSE,nan,MOUSE,1.0,,,,,,,,,1,,,,,
Q8VEZ1,Q8VEZ1_MOUSE,nan,MOUSE,1.0,,,,,,,,,1,,,,,
Q6MFW5,Q6MFW5_RAT,nan,RAT,1.0,,,,,,,,,1,,,,,
Q6MFW6,Q6MFW6_RAT,nan,RAT,1.0,,,,,,,,,1,,,,,
Q6MFX1,Q6MFX1_RAT,nan,RAT,1.0,,,,,,,,,1,,,,,
Q8VEY9,Q8VEY9_MOUSE,nan,MOUSE,1.0,,,,,,,,,1,,,,,
Q8VEY4,Q8VEY4_MOUSE,nan,MOUSE,1.0,,,,,,,,,1,,,,,
Q6MFX2,Q6MFX2_RAT,nan,RAT,1.0,,,,,,,,,1,,,,,
Q6UAF5,Q6UAF5_MOUSE,nan,MOUSE,1.0,,,,,,,,,1,,,,,
Q6UAF7,Q6UAF7_MOUSE,nan,MOUSE,1.0,,,,,,,,,1,,,,,
Q8VEX6,OL187_MOUSE,nan,MOUSE,1.0,,,,,,,,,,,1,,,
Q8VEW6,OL510_MOUSE,nan,MOUSE,1.0,,,,,,,,,1,,,,,
Q8VEW2,OL498_MOUSE,nan,MOUSE,1.0,,,,,,,,,1,,,,,
Q8VEW1,Q8VEW1_MOUSE,nan,MOUSE,1.0,,,,,,,,,1,,,,,
Q8VEV8,Q8VEV8_MOUSE,nan,MOUSE,1.0,,,,,,,,,1,,,,,
Q6W030,Q6W030_MOUSE,nan,MOUSE,1.0,,,,,,,,,1,,,,,
Q7TQT1,Q7TQT1_MOUSE,nan,MOUSE,1.0,,,,,,,,,1,,,,,
Q7TQT3,Q7TQT3_MOUSE,nan,MOUSE,1.0,,,,,,,,,1,,,,,
Q8NGS8,O13C5_HUMAN,nan,HUMAN,1.0,,,,,,,,,1,,,,,
Q8NGW6,OR6K6_HUMAN,nan,HUMAN,1.0,,,,,,,,,1,,,,,
Q8NGV7,OR5H2_HUMAN,nan,HUMAN,1.0,,,,,,,,,1,,,,,
Q7TR28,Q7TR28_MOUSE,nan,MOUSE,1.0,,,,,,,,,,,1,,,
Q8NGW1,OR6B3_HUMAN,nan,HUMAN,1.0,,,,,,,,,1,,,,,
Q7TR26,Q7TR26_MOUSE,nan,MOUSE,1.0,,,,,,,,,,,1,,,
Q7TR10,Q7TR10_MOUSE,nan,MOUSE,1.0,,,,,,,,,1,,,,,
Q7TQZ3,Q7TQZ3_MOUSE,nan,MOUSE,1.0,,,,,,,,,1,,,,,
Q7TQZ0,Q7TQZ0_MOUSE,nan,MOUSE,1.0,,,,,,,,,1,,,,,
Q7TQW8,Q7TQW8_MOUSE,nan,MOUSE,1.0,,,,,,,,,1,,,,,
Q7TQY8,Q7TQY8_MOUSE,nan,MOUSE,1.0,,,,,,,,,1,,,,,
Q8NGX0,O11L1_HUMAN,nan,HUMAN,1.0,,,,,,,,,1,,,,,
Q8NGX3,O10T2_HUMAN,nan,HUMAN,1.0,,,,,,,,,1,,,,,
Q8NGX8,OR6Y1_HUMAN,nan,HUMAN,1.0,,,,,,,,,1,,,,,
Q8NGX9,OR6P1_HUMAN,nan,HUMAN,1.0,,,,,,,,,1,,,,,
Q7TQX1,Q7TQX1_MOUSE,nan,MOUSE,1.0,,,,,,,,,1,,,,,
Q8NGV6,OR5H6_HUMAN,nan,HUMAN,1.0,,,,,,,,,,,1,,,
Q7TR29,Q7TR29_MOUSE,nan,MOUSE,1.0,,,,,,,,,,,1,,,
Q7TR34,Q7TR34_MOUSE,nan,MOUSE,1.0,,,,,,,,,,,1,,,
Q8NGV5,O13D1_HUMAN,nan,HUMAN,1.0,,,,,,,,,1,,,,,
Q8NGV0,OR2Y1_HUMAN,nan,HUMAN,1.0,,,,,,,,,1,,,,,
Q8NGU2,OR9A4_HUMAN,nan,HUMAN,1.0,,,,,,,,,1,,,,,
Q7TR35,Q7TR35_MOUSE,nan,MOUSE,1.0,,,,,,,,,1,,,,,
Q7TR38,Q7TR38_MOUSE,nan,MOUSE,1.0,,,,,,,,,1,,,,,
Q7TR40,Q7TR40_MOUSE,nan,MOUSE,1.0,,,,,,,,,,,1,,,
Q8NGT9,OR2A1_HUMAN,nan,HUMAN,1.0,,,,,,,,,1,,,,,
Q8NGT7,O2A12_HUMAN,nan,HUMAN,1.0,,,,,,,,,1,,,,,
Q8NGT5,OR9A2_HUMAN,nan,HUMAN,1.0,,,,,,,,,1,,,,,
Q8NGT2,O13J1_HUMAN,nan,HUMAN,1.0,,,,,,,,,1,,,,,
Q7TR42,Q7TR42_MOUSE,nan,MOUSE,1.0,,,,,,,,,,,1,,,
Q8NGT1,OR2K2_HUMAN,nan,HUMAN,1.0,,,,,,,,,1,,,,,
Q8NGT0,O13C9_HUMAN,nan,HUMAN,1.0,,,,,,,,,1,,,,,
Q8NGS9,O13C2_HUMAN,nan,HUMAN,1.0,,,,,,,,,1,,,,,
Q7TQX0,Q7TQX0_MOUSE,nan,MOUSE,1.0,,,,,,,,,1,,,,,
Q7TQW6,Q7TQW6_MOUSE,nan,MOUSE,1.0,,,,,,,,,1,,,,,
Q7TQT4,Q7TQT4_MOUSE,nan,MOUSE,1.0,,,,,,,,,1,,,,,
Q8NH42,OR4KD_HUMAN,nan,HUMAN,1.0,,,,,,,,,1,,,,,
Q8NH19,O10AG_HUMAN,nan,HUMAN,1.0,,,,,,,,,1,,,,,
Q7TQU0,Q7TQU0_MOUSE,nan,MOUSE,1.0,,,,,,,,,1,,,,,
Q8NH37,OR4C3_HUMAN,nan,HUMAN,1.0,,,,,,,,,1,,,,,
Q7TQT8,Q7TQT8_MOUSE,nan,MOUSE,1.0,,,,,,,,,1,,,,,
Q7TQT7,Q7TQT7_MOUSE,nan,MOUSE,1.0,,,,,,,,,1,,,,,
Q7TQT6,Q7TQT6_MOUSE,nan,MOUSE,1.0,,,,,,,,,1,,,,,
Q8NH48,OR5B3_HUMAN,nan,HUMAN,1.0,,,,,,,,,1,,,,,
Q7TQW4,Q7TQW4_MOUSE,nan,MOUSE,1.0,,,,,,,,,1,,,,,
Q8NH51,OR8K3_HUMAN,nan,HUMAN,1.0,,,,,,,,,1,,,,,
Q8NH69,OR5W2_HUMAN,nan,HUMAN,1.0,,,,,,,,,,,1,,,
Q7TQT5,Q7TQT5_MOUSE,nan,MOUSE,1.0,,,,,,,,,1,,,,,
Q8NH73,OR4S2_HUMAN,nan,HUMAN,1.0,,,,,,,,,1,,,,,
Q8NH74,O10A6_HUMAN,nan,HUMAN,1.0,,,,,,,,,1,,,,,
Q8NH79,OR6X1_HUMAN,nan,HUMAN,1.0,,,,,,,,,1,,,,,
Q7TQU5,Q7TQU5_MOUSE,nan,MOUSE,1.0,,,,,,,,,1,,,,,
Q8NH18,OR5J2_HUMAN,nan,HUMAN,1.0,,,,,,,,,1,,,,,
Q8NH06,OR1P1_HUMAN,nan,HUMAN,1.0,,,,,,,,,1,,,,,
Q7TQU6,Q7TQU6_MOUSE,nan,MOUSE,1.0,,,,,,,,,1,,,,,
Q8NH05,OR4Q3_HUMAN,nan,HUMAN,1.0,,,,,,,,,1,,,,,
Q7TQU7,Q7TQU7_MOUSE,nan,MOUSE,1.0,,,,,,,,,1,,,,,
Q8NH04,O2T27_HUMAN,nan,HUMAN,1.0,,,,,,,,,1,,,,,
Q8NGZ6,OR6F1_HUMAN,nan,HUMAN,1.0,,,,,,,,,1,,,,,
Q8NGZ4,OR2G3_HUMAN,nan,HUMAN,1.0,,,,,,,,,1,,,,,
Q7TQU8,Q7TQU8_MOUSE,nan,MOUSE,1.0,,,,,,,,,1,,,,,
Q8NGY6,OR6N2_HUMAN,nan,HUMAN,1.0,,,,,,,,,1,,,,,
Q7TQU9,Q7TQU9_MOUSE,nan,MOUSE,1.0,,,,,,,,,1,,,,,
Q7TQW3,Q7TQW3_MOUSE,nan,MOUSE,1.0,,,,,,,,,1,,,,,
Q8NGY5,OR6N1_HUMAN,nan,HUMAN,1.0,,,,,,,,,1,,,,,
Q8NGY3,OR6K3_HUMAN,nan,HUMAN,1.0,,,,,,,,,1,,,,,
Q8NGY2,OR6K2_HUMAN,nan,HUMAN,1.0,,,,,,,,,1,,,,,
Q8NGY1,O10Z1_HUMAN,nan,HUMAN,1.0,,,,,,,,,1,,,,,
Q8NGC2,OR4E2_HUMAN,nan,HUMAN,1.0,,,,,,,,,1,,,,,
A0A096P6M5,A0A096P6M5_RAT,ENSRNOP00000047074,RAT,1.0,,,,,,,,,1,,,,,
Q8VG08,OL497_MOUSE,nan,MOUSE,1.0,,,,,,,,,1,,,,,
nan,nan,ENSCAFP00000023920,CANFA,1.0,,,,,,,,,1,,,,,
nan,nan,ENSCAFP00000023853,CANFA,1.0,,,,,,,,,1,,,,,
nan,nan,ENSCAFP00000023870,CANFA,1.0,,,,,,,,,1,,,,,
nan,nan,ENSCAFP00000023872,CANFA,1.0,,,,,,,,,1,,,,,
nan,nan,ENSCAFP00000023874,CANFA,1.0,,,,,,,,,1,,,,,
nan,nan,ENSCAFP00000023882,CANFA,1.0,,,,,,,,,1,,,,,
nan,nan,ENSCAFP00000023893,CANFA,1.0,,,,,,,,,1,,,,,
nan,nan,ENSCAFP00000023895,CANFA,1.0,,,,,,,,,1,,,,,
nan,nan,ENSCAFP00000023900,CANFA,1.0,,,,,,,,,1,,,,,
nan,nan,ENSCAFP00000023909,CANFA,1.0,,,,,,,,,1,,,,,
nan,nan,ENSCAFP00000025708,CANFA,1.0,,,,,,,,,1,,,,,
nan,nan,ENSCAFP00000011437,CANFA,1.0,,,,,,,,,1,,,,,
nan,nan,ENSCAFP00000026753,CANFA,1.0,,,,,,,,,1,,,,,
nan,nan,ENSCAFP00000026756,CANFA,1.0,,,,,,,,,1,,,,,
nan,nan,ENSCAFP00000026764,CANFA,1.0,,,,,,,,,1,,,,,
nan,nan,ENSCAFP00000026767,CANFA,1.0,,,,,,,,,1,,,,,
nan,nan,ENSCAFP00000026772,CANFA,1.0,,,,,,,,,1,,,,,
nan,nan,ENSCAFP00000027757,CANFA,1.0,,,,,,,,,1,,,,,
nan,nan,ENSCAFP00000030050,CANFA,1.0,,,,,,,,,1,,,,,
nan,nan,ENSCAFP00000030324,CANFA,1.0,,,,,,,,,1,,,,,
nan,nan,ENSCAFP00000030370,CANFA,1.0,,,,,,,,,1,,,,,
nan,nan,ENSCAFP00000023811,CANFA,1.0,,,,,,,,,1,,,,,
nan,nan,ENSCAFP00000022595,CANFA,1.0,,,,,,,,,1,,,,,
nan,nan,ENSCAFP00000018564,CANFA,1.0,,,,,,,,,1,,,,,
nan,nan,ENSCAFP00000016875,CANFA,1.0,,,,,,,,,1,,,,,
nan,nan,ENSCAFP00000011450,CANFA,1.0,,,,,,,,,1,,,,,
nan,nan,ENSCAFP00000011461,CANFA,1.0,,,,,,,,,1,,,,,
nan,nan,ENSCAFP00000011784,CANFA,1.0,,,,,,,,,,,1,,,
nan,nan,ENSCAFP00000011817,CANFA,1.0,,,,,,,,,1,,,,,
nan,nan,ENSCAFP00000011859,CANFA,1.0,,,,,,,,,1,,,,,
nan,nan,ENSCAFP00000011897,CANFA,1.0,,,,,,,,,1,,,,,
nan,nan,ENSCAFP00000011915,CANFA,1.0,,,,,,,,,1,,,,,
nan,nan,ENSCAFP00000011918,CANFA,1.0,,,,,,,,,1,,,,,
nan,nan,ENSCAFP00000011946,CANFA,1.0,,,,,,,,,1,,,,,
nan,nan,ENSCAFP00000011950,CANFA,1.0,,,,,,,,,1,,,,,
nan,nan,ENSCAFP00000011965,CANFA,1.0,,,,,,,,,1,,,,,
nan,nan,ENSCAFP00000011969,CANFA,1.0,,,,,,,,,,,1,,,
nan,nan,ENSCAFP00000011974,CANFA,1.0,,,,,,,,,,,1,,,
nan,nan,ENSCAFP00000011979,CANFA,1.0,,,,,,,,,1,,,,,
nan,nan,ENSCAFP00000011988,CANFA,1.0,,,,,,,,,,,1,,,
nan,nan,ENSCAFP00000012099,CANFA,1.0,,,,,,,,,1,,,,,
nan,nan,ENSCAFP00000012127,CANFA,1.0,,,,,,,,,1,,,,,
nan,nan,ENSCAFP00000012128,CANFA,1.0,,,,,,,,,1,,,,,
nan,nan,ENSCAFP00000016854,CANFA,1.0,,,,,,,,,1,,,,,
nan,nan,ENSCAFP00000030378,CANFA,1.0,,,,,,,,,1,,,,,
nan,nan,ENSCAFP00000030418,CANFA,1.0,,,,,,,,,1,,,,,
nan,nan,ENSCAFP00000030544,CANFA,1.0,,,,,,,,,1,,,,,
nan,nan,ENSCAFP00000031593,CANFA,1.0,,,,,,,,,1,,,,,
nan,nan,ENSCAFP00000031621,CANFA,1.0,,,,,,,,,1,,,,,
nan,nan,ENSCAFP00000031630,CANFA,1.0,,,,,,,,,1,,,,,
nan,nan,ENSCAFP00000031724,CANFA,1.0,,,,,,,,,1,,,,,
nan,nan,ENSCAFP00000031922,CANFA,1.0,,,,,,,,,1,,,,,
nan,nan,ENSCAFP00000031970,CANFA,1.0,,,,,,,,,1,,,,,
nan,nan,ENSCAFP00000032003,CANFA,1.0,,,,,,,,,1,,,,,
nan,nan,ENSCAFP00000032058,CANFA,1.0,,,,,,,,,1,,,,,
nan,nan,ENSCAFP00000032085,CANFA,1.0,,,,,,,,,1,,,,,
nan,nan,ENSCAFP00000032155,CANFA,1.0,,,,,,,,,1,,,,,
nan,nan,ENSCAFP00000032214,CANFA,1.0,,,,,,,,,1,,,,,
nan,nan,ENSCAFP00000032344,CANFA,1.0,,,,,,,,,1,,,,,
nan,nan,ENSCAFP00000032363,CANFA,1.0,,,,,,,,,1,,,,,
nan,nan,ENSCAFP00000032415,CANFA,1.0,,,,,,,,,1,,,,,
nan,nan,ENSCAFP00000032420,CANFA,1.0,,,,,,,,,1,,,,,
nan,nan,ENSCAFP00000032483,CANFA,1.0,,,,,,,,,1,,,,,
nan,nan,ENSCAFP00000032512,CANFA,1.0,,,,,,,,,1,,,,,
nan,nan,ENSCAFP00000032525,CANFA,1.0,,,,,,,,,1,,,,,
nan,nan,ENSCAFP00000032626,CANFA,1.0,,,,,,,,,1,,,,,
nan,nan,ENSCAFP00000032760,CANFA,1.0,,,,,,,,,1,,,,,
nan,nan,ENSCAFP00000031609,CANFA,1.0,,,,,,,,,1,,,,,
nan,nan,ENSCAFP00000031567,CANFA,1.0,,,,,,,,,1,,,,,
nan,nan,ENSCAFP00000030599,CANFA,1.0,,,,,,,,,1,,,,,
nan,nan,ENSCAFP00000031557,CANFA,1.0,,,,,,,,,1,,,,,
nan,nan,ENSCAFP00000030638,CANFA,1.0,,,,,,,,,1,,,,,
nan,nan,ENSCAFP00000030647,CANFA,1.0,,,,,,,,,1,,,,,
nan,nan,ENSCAFP00000030663,CANFA,1.0,,,,,,,,,1,,,,,
nan,nan,ENSCAFP00000030697,CANFA,1.0,,,,,,,,,1,,,,,
nan,nan,ENSCAFP00000030735,CANFA,1.0,,,,,,,,,1,,,,,
nan,nan,ENSCAFP00000030864,CANFA,1.0,,,,,,,,,1,,,,,
nan,nan,ENSCAFP00000030906,CANFA,1.0,,,,,,,,,1,,,,,
nan,nan,ENSCAFP00000030907,CANFA,1.0,,,,,,,,,1,,,,,
nan,nan,ENSCAFP00000031013,CANFA,1.0,,,,,,,,,1,,,,,
nan,nan,ENSCAFP00000031082,CANFA,1.0,,,,,,,,,1,,,,,
nan,nan,ENSCAFP00000031122,CANFA,1.0,,,,,,,,,1,,,,,
nan,nan,ENSCAFP00000031123,CANFA,1.0,,,,,,,,,1,,,,,
nan,nan,ENSCAFP00000031163,CANFA,1.0,,,,,,,,,1,,,,,
nan,nan,ENSCAFP00000031254,CANFA,1.0,,,,,,,,,1,,,,,
nan,nan,ENSCAFP00000031341,CANFA,1.0,,,,,,,,,1,,,,,
nan,nan,ENSCAFP00000031350,CANFA,1.0,,,,,,,,,1,,,,,
nan,nan,ENSCAFP00000031376,CANFA,1.0,,,,,,,,,1,,,,,
nan,nan,ENSCAFP00000031418,CANFA,1.0,,,,,,,,,1,,,,,
nan,nan,ENSCAFP00000031522,CANFA,1.0,,,,,,,,,1,,,,,
nan,nan,ENSCAFP00000011438,CANFA,1.0,,,,,,,,,1,,,,,
nan,nan,ENSCAFP00000011421,CANFA,1.0,,,,,,,,,1,,,,,
nan,nan,ENSCAFP00000032819,CANFA,1.0,,,,,,,,,1,,,,,
nan,nan,ENSBTAP00000052526,BOVIN,1.0,,,,,,,,,1,,,,,
nan,nan,ENSBTAP00000052428,BOVIN,1.0,,,,,,,,,1,,,,,
nan,nan,ENSBTAP00000052445,BOVIN,1.0,,,,,,,,,1,,,,,
nan,nan,ENSBTAP00000052452,BOVIN,1.0,,,,,,,,,1,,,,,
nan,nan,ENSBTAP00000052465,BOVIN,1.0,,,,,,,,,1,,,,,
nan,nan,ENSBTAP00000052469,BOVIN,1.0,,,,,,,,,1,,,,,
nan,nan,ENSBTAP00000052470,BOVIN,1.0,,,,,,,,,1,,,,,
nan,nan,ENSBTAP00000052486,BOVIN,1.0,,,,,,,,,,,1,,,
nan,nan,ENSBTAP00000052515,BOVIN,1.0,,,,,,,,,1,,,,,
nan,nan,ENSBTAP00000052516,BOVIN,1.0,,,,,,,,,1,,,,,
nan,nan,ENSBTAP00000052568,BOVIN,1.0,,,,,,,,,1,,,,,
nan,nan,ENSCAFP00000011326,CANFA,1.0,,,,,,,,,1,,,,,
nan,nan,ENSBTAP00000052585,BOVIN,1.0,,,,,,,,,1,,,,,
nan,nan,ENSBTAP00000052593,BOVIN,1.0,,,,,,,,,1,,,,,
nan,nan,ENSBTAP00000052624,BOVIN,1.0,,,,,,,,,1,,,,,
nan,nan,ENSBTAP00000052632,BOVIN,1.0,,,,,,,,,1,,,,,
nan,nan,ENSBTAP00000052648,BOVIN,1.0,,,,,,,,,1,,,,,
nan,nan,ENSBTAP00000052661,BOVIN,1.0,,,,,,,,,1,,,,,
nan,nan,ENSBTAP00000052694,BOVIN,1.0,,,,,,,,,1,,,,,
nan,nan,ENSBTAP00000052721,BOVIN,1.0,,,,,,,,,1,,,,,
nan,nan,ENSBTAP00000052729,BOVIN,1.0,,,,,,,,,1,,,,,
nan,nan,ENSBTAP00000052419,BOVIN,1.0,,,,,,,,,1,,,,,
nan,nan,ENSBTAP00000052331,BOVIN,1.0,,,,,,,,,1,,,,,
nan,nan,ENSBTAP00000052311,BOVIN,1.0,,,,,,,,,1,,,,,
nan,nan,ENSBTAP00000052252,BOVIN,1.0,,,,,,,,,1,,,,,
nan,nan,ENSBTAP00000051756,BOVIN,1.0,,,,,,,,,1,,,,,
nan,nan,ENSBTAP00000051773,BOVIN,1.0,,,,,,,,,1,,,,,
nan,nan,ENSBTAP00000051810,BOVIN,1.0,,,,,,,,,1,,,,,
nan,nan,ENSBTAP00000051830,BOVIN,1.0,,,,,,,,,1,,,,,
nan,nan,ENSBTAP00000051835,BOVIN,1.0,,,,,,,,,1,,,,,
nan,nan,ENSBTAP00000051864,BOVIN,1.0,,,,,,,,,1,,,,,
nan,nan,ENSBTAP00000051887,BOVIN,1.0,,,,,,,,,,,1,,,
nan,nan,ENSBTAP00000051898,BOVIN,1.0,,,,,,,,,1,,,,,
nan,nan,ENSBTAP00000051903,BOVIN,1.0,,,,,,,,,1,,,,,
nan,nan,ENSBTAP00000051981,BOVIN,1.0,,,,,,,,,1,,,,,
nan,nan,ENSBTAP00000052001,BOVIN,1.0,,,,,,,,,1,,,,,
nan,nan,ENSBTAP00000052029,BOVIN,1.0,,,,,,,,,1,,,,,
nan,nan,ENSBTAP00000052060,BOVIN,1.0,,,,,,,,,1,,,,,
nan,nan,ENSBTAP00000052074,BOVIN,1.0,,,,,,,,,1,,,,,
nan,nan,ENSBTAP00000052083,BOVIN,1.0,,,,,,,,,1,,,,,
nan,nan,ENSBTAP00000052136,BOVIN,1.0,,,,,,,,,,,1,,,
nan,nan,ENSBTAP00000052196,BOVIN,1.0,,,,,,,,,1,,,,,
nan,nan,ENSBTAP00000052208,BOVIN,1.0,,,,,,,,,,,1,,,
nan,nan,ENSBTAP00000052228,BOVIN,1.0,,,,,,,,,,,1,,,
nan,nan,ENSBTAP00000052761,BOVIN,1.0,,,,,,,,,1,,,,,
nan,nan,ENSBTAP00000052763,BOVIN,1.0,,,,,,,,,1,,,,,
nan,nan,ENSBTAP00000052773,BOVIN,1.0,,,,,,,,,1,,,,,
nan,nan,ENSCAFP00000000773,CANFA,1.0,,,,,,,,,1,,,,,
nan,nan,ENSCAFP00000003285,CANFA,1.0,,,,,,,,,1,,,,,
nan,nan,ENSCAFP00000003574,CANFA,1.0,,,,,,,,,1,,,,,
nan,nan,ENSCAFP00000003883,CANFA,1.0,,,,,,,,,1,,,,,
nan,nan,ENSCAFP00000003927,CANFA,1.0,,,,,,,,,1,,,,,
nan,nan,ENSCAFP00000003928,CANFA,1.0,,,,,,,,,1,,,,,
nan,nan,ENSCAFP00000005219,CANFA,1.0,,,,,,,,,1,,,,,
nan,nan,ENSCAFP00000005225,CANFA,1.0,,,,,,,,,1,,,,,
nan,nan,ENSCAFP00000005227,CANFA,1.0,,,,,,,,,1,,,,,
nan,nan,ENSCAFP00000005240,CANFA,1.0,,,,,,,,,1,,,,,
nan,nan,ENSCAFP00000007983,CANFA,1.0,,,,,,,,,1,,,,,
nan,nan,ENSCAFP00000007986,CANFA,1.0,,,,,,,,,1,,,,,
nan,nan,ENSCAFP00000007988,CANFA,1.0,,,,,,,,,1,,,,,
nan,nan,ENSCAFP00000008000,CANFA,1.0,,,,,,,,,1,,,,,
nan,nan,ENSCAFP00000008002,CANFA,1.0,,,,,,,,,1,,,,,
nan,nan,ENSCAFP00000009384,CANFA,1.0,,,,,,,,,1,,,,,
nan,nan,ENSCAFP00000009880,CANFA,1.0,,,,,,,,,1,,,,,
nan,nan,ENSCAFP00000009941,CANFA,1.0,,,,,,,,,1,,,,,
nan,nan,ENSCAFP00000010217,CANFA,1.0,,,,,,,,,1,,,,,
nan,nan,ENSCAFP00000010385,CANFA,1.0,,,,,,,,,1,,,,,
nan,nan,ENSCAFP00000001822,CANFA,1.0,,,,,,,,,1,,,,,
nan,nan,ENSBTAP00000053127,BOVIN,1.0,,,,,,,,,1,,,,,
nan,nan,ENSBTAP00000052813,BOVIN,1.0,,,,,,,,,1,,,,,
nan,nan,ENSBTAP00000053110,BOVIN,1.0,,,,,,,,,1,,,,,
nan,nan,ENSBTAP00000052824,BOVIN,1.0,,,,,,,,,,,1,,,
nan,nan,ENSBTAP00000052828,BOVIN,1.0,,,,,,,,,1,,,,,
nan,nan,ENSBTAP00000052834,BOVIN,1.0,,,,,,,,,1,,,,,
nan,nan,ENSBTAP00000052851,BOVIN,1.0,,,,,,,,,1,,,,,
nan,nan,ENSBTAP00000052859,BOVIN,1.0,,,,,,,,,1,,,,,
nan,nan,ENSBTAP00000052875,BOVIN,1.0,,,,,,,,,1,,,,,
nan,nan,ENSBTAP00000052878,BOVIN,1.0,,,,,,,,,1,,,,,
nan,nan,ENSBTAP00000052884,BOVIN,1.0,,,,,,,,,1,,,,,
nan,nan,ENSBTAP00000052891,BOVIN,1.0,,,,,,,,,1,,,,,
nan,nan,ENSBTAP00000052918,BOVIN,1.0,,,,,,,,,1,,,,,
nan,nan,ENSBTAP00000052919,BOVIN,1.0,,,,,,,,,1,,,,,
nan,nan,ENSBTAP00000052937,BOVIN,1.0,,,,,,,,,1,,,,,
nan,nan,ENSBTAP00000052977,BOVIN,1.0,,,,,,,,,1,,,,,
nan,nan,ENSBTAP00000052983,BOVIN,1.0,,,,,,,,,1,,,,,
nan,nan,ENSBTAP00000052993,BOVIN,1.0,,,,,,,,,1,,,,,
nan,nan,ENSBTAP00000053038,BOVIN,1.0,,,,,,,,,1,,,,,
nan,nan,ENSBTAP00000053039,BOVIN,1.0,,,,,,,,,1,,,,,
nan,nan,ENSBTAP00000053097,BOVIN,1.0,,,,,,,,,1,,,,,
nan,nan,ENSBTAP00000053105,BOVIN,1.0,,,,,,,,,1,,,,,
nan,nan,ENSCAFP00000032767,CANFA,1.0,,,,,,,,,1,,,,,
nan,nan,ENSCAFP00000032826,CANFA,1.0,,,,,,,,,1,,,,,
Q8VG11,Q8VG11_MOUSE,nan,MOUSE,1.0,,,,,,,,,,,1,,,
nan,nan,ENSPTRP00000055513,PANTR,1.0,,,,,,,,,1,,,,,
nan,nan,ENSPTRP00000050813,PANTR,1.0,,,,,,,,,,,1,,,
nan,nan,ENSPTRP00000050815,PANTR,1.0,,,,,,,,,1,,,,,
nan,nan,ENSPTRP00000051205,PANTR,1.0,,,,,,,,,,,1,,,
nan,nan,ENSPTRP00000051696,PANTR,1.0,,,,,,,,,1,,,,,
nan,nan,ENSPTRP00000053894,PANTR,1.0,,,,,,,,,1,,,,,
nan,nan,ENSPTRP00000053913,PANTR,1.0,,,,,,,,,1,,,,,
nan,nan,ENSPTRP00000054656,PANTR,1.0,,,,,,,,,1,,,,,
nan,nan,ENSPTRP00000054659,PANTR,1.0,,,,,,,,,1,,,,,
nan,nan,ENSPTRP00000054998,PANTR,1.0,,,,,,,,,1,,,,,
nan,nan,ENSPTRP00000056527,PANTR,1.0,,,,,,,,,1,,,,,
nan,nan,ENSMUSP00000078059,MOUSE,1.0,,,,,,,,,1,,,,,
nan,nan,ENSPTRP00000057558,PANTR,1.0,,,,,,,,,1,,,,,
nan,nan,ENSPTRP00000058390,PANTR,1.0,,,,,,,,,1,,,,,
nan,nan,ENSPTRP00000058581,PANTR,1.0,,,,,,,,,1,,,,,
nan,nan,ENSPTRP00000059272,PANTR,1.0,,,,,,,,,1,,,,,
nan,nan,ENSRNOP00000007208,RAT,1.0,,,,,,,,,1,,,,,
nan,nan,ENSRNOP00000008956,RAT,1.0,,,,,,,,,1,,,,,
nan,nan,ENSRNOP00000013368,RAT,1.0,,,,,,,,,1,,,,,
nan,nan,ENSRNOP00000028600,RAT,1.0,,,,,,,,,1,,,,,
nan,nan,ENSRNOP00000038955,RAT,1.0,,,,,,,,,1,,,,,
nan,nan,ENSPTRP00000050809,PANTR,1.0,,,,,,,,,,,1,,,
nan,nan,ENSPTRP00000050311,PANTR,1.0,,,,,,,,,1,,,,,
nan,nan,ENSPTRP00000048983,PANTR,1.0,,,,,,,,,1,,,,,
nan,nan,ENSPTRP00000048572,PANTR,1.0,,,,,,,,,1,,,,,
nan,nan,ENSP00000388046,HUMAN,1.0,,,,,,,,,1,,,,,
nan,nan,ENSP00000388166,HUMAN,1.0,,,,,,,,,1,,,,,
nan,nan,ENSP00000400691,HUMAN,1.0,,,,,,,,,1,,,,,
nan,nan,ENSP00000424840,HUMAN,1.0,,,,,,,,,1,,,,,
nan,nan,ENSPTRP00000002545,PANTR,1.0,,,,,,,,,1,,,,,
nan,nan,ENSPTRP00000005804,PANTR,1.0,,,,,,,,,1,,,,,
nan,nan,ENSPTRP00000006266,PANTR,1.0,,,,,,,,,,,1,,,
nan,nan,ENSPTRP00000006274,PANTR,1.0,,,,,,,,,1,,,,,
nan,nan,ENSPTRP00000006304,PANTR,1.0,,,,,,,,,,,1,,,
nan,nan,ENSPTRP00000010323,PANTR,1.0,,,,,,,,,1,,,,,
nan,nan,ENSPTRP00000014608,PANTR,1.0,,,,,,,,,1,,,,,
nan,nan,ENSPTRP00000014609,PANTR,1.0,,,,,,,,,1,,,,,
nan,nan,ENSPTRP00000030458,PANTR,1.0,,,,,,,,,1,,,,,
nan,nan,ENSPTRP00000030503,PANTR,1.0,,,,,,,,,1,,,,,
nan,nan,ENSPTRP00000039190,PANTR,1.0,,,,,,,,,1,,,,,
nan,nan,ENSPTRP00000043638,PANTR,1.0,,,,,,,,,,,1,,,
nan,nan,ENSPTRP00000044808,PANTR,1.0,,,,,,,,,1,,,,,
nan,nan,ENSPTRP00000047591,PANTR,1.0,,,,,,,,,1,,,,,
nan,nan,ENSPTRP00000047593,PANTR,1.0,,,,,,,,,1,,,,,
nan,nan,ENSRNOP00000039835,RAT,1.0,,,,,,,,,,,1,,,
nan,nan,ENSRNOP00000042740,RAT,1.0,,,,,,,,,1,,,,,
nan,nan,ENSRNOP00000043194,RAT,1.0,,,,,,,,,,,1,,,
nan,nan,ENSXETP00000029493,XENTR,1.0,,,,,,,,,1,,,,,
nan,nan,ENSXETP00000045462,XENTR,1.0,,,,,,,,,1,,,,,
nan,nan,ENSXETP00000045933,XENTR,1.0,,,,,,,,,1,,,,,
nan,nan,ENSXETP00000050483,XENTR,1.0,,,,,,,,,1,,,,,
nan,nan,ENSXETP00000052469,XENTR,1.0,,,,,,,,,1,,,,,
nan,nan,ENSXETP00000052490,XENTR,1.0,,,,,,,,,1,,,,,
nan,nan,ENSXETP00000053302,XENTR,1.0,,,,,,,,,1,,,,,
nan,nan,ENSXETP00000053857,XENTR,1.0,,,,,,,,,1,,,,,
nan,nan,ENSXETP00000053863,XENTR,1.0,,,,,,,,,1,,,,,
nan,nan,ENSXETP00000054020,XENTR,1.0,,,,,,,,,1,,,,,
nan,nan,ENSXETP00000054857,XENTR,1.0,,,,,,,,,,,1,,,
nan,nan,ENSXETP00000054903,XENTR,1.0,,,,,,,,,,,1,,,
nan,nan,ENSXETP00000055594,XENTR,1.0,,,,,,,,,1,,,,,
nan,nan,ENSXETP00000055656,XENTR,1.0,,,,,,,,,,,1,,,
nan,nan,ENSXETP00000055938,XENTR,1.0,,,,,,,,,1,,,,,
nan,nan,ENSXETP00000055995,XENTR,1.0,,,,,,,,,1,,,,,
nan,nan,ENSXETP00000056131,XENTR,1.0,,,,,,,,,,,1,,,
nan,nan,ENSXETP00000056429,XENTR,1.0,,,,,,,,,1,,,,,
nan,nan,ENSXETP00000056635,XENTR,1.0,,,,,,,,,1,,,,,
nan,nan,ENSXETP00000057861,XENTR,1.0,,,,,,,,,,,1,,,
nan,nan,ENSXETP00000029495,XENTR,1.0,,,,,,,,,1,,,,,
nan,nan,ENSXETP00000024113,XENTR,1.0,,,,,,,,,,,1,,,
nan,nan,ENSRNOP00000043602,RAT,1.0,,,,,,,,,1,,,,,
nan,nan,ENSXETP00000024092,XENTR,1.0,,,,,,,,,,,1,,,
nan,nan,ENSRNOP00000044452,RAT,1.0,,,,,,,,,1,,,,,
nan,nan,ENSRNOP00000044654,RAT,1.0,,,,,,,,,,,1,,,
nan,nan,ENSRNOP00000044774,RAT,1.0,,,,,,,,,1,,,,,
nan,nan,ENSRNOP00000044808,RAT,1.0,,,,,,,,,1,,,,,
nan,nan,ENSRNOP00000044915,RAT,1.0,,,,,,,,,,,,,,1
nan,nan,ENSRNOP00000046191,RAT,1.0,,,,,,,,,1,,,,,
nan,nan,ENSRNOP00000046441,RAT,1.0,,,,,,,,,,,,,,1
nan,nan,ENSRNOP00000049869,RAT,1.0,,,,,,,,,1,,,,,
nan,nan,ENSRNOP00000049946,RAT,1.0,,,,,,,,,1,,,,,
nan,nan,ENSRNOP00000050651,RAT,1.0,,,,,,,,,1,,,,,
nan,nan,ENSRNOP00000057705,RAT,1.0,,,,,,,,,1,,,,,
nan,nan,ENSRNOP00000058488,RAT,1.0,,,,,,,,,1,,,,,
nan,nan,ENSXETP00000001546,XENTR,1.0,,,,,,,,,1,,,,,
nan,nan,ENSXETP00000003584,XENTR,1.0,,,,,,,,,1,,,,,
nan,nan,ENSXETP00000006047,XENTR,1.0,,,,,,,,,1,,,,,
nan,nan,ENSXETP00000008460,XENTR,1.0,,,,,,,,,1,,,,,
nan,nan,ENSXETP00000017589,XENTR,1.0,,,,,,,,,1,,,,,
nan,nan,ENSXETP00000020455,XENTR,1.0,,,,,,,,,,,1,,,
nan,nan,ENSXETP00000024065,XENTR,1.0,,,,,,,,,,,1,,,
nan,nan,ENSMUSP00000109272,MOUSE,1.0,,,,,,,,,1,,,,,
nan,nan,ENSMODP00000038623,MONDO,1.0,,,,,,,,,1,,,,,
nan,nan,ENSCAFP00000032844,CANFA,1.0,,,,,,,,,1,,,,,
nan,nan,ENSCAFP00000034456,CANFA,1.0,,,,,,,,,1,,,,,
nan,nan,ENSCAFP00000034163,CANFA,1.0,,,,,,,,,1,,,,,
nan,nan,ENSCAFP00000034257,CANFA,1.0,,,,,,,,,1,,,,,
nan,nan,ENSCAFP00000034261,CANFA,1.0,,,,,,,,,1,,,,,
nan,nan,ENSCAFP00000034265,CANFA,1.0,,,,,,,,,1,,,,,
nan,nan,ENSCAFP00000034329,CANFA,1.0,,,,,,,,,1,,,,,
nan,nan,ENSCAFP00000034338,CANFA,1.0,,,,,,,,,1,,,,,
nan,nan,ENSCAFP00000034356,CANFA,1.0,,,,,,,,,1,,,,,
nan,nan,ENSCAFP00000034371,CANFA,1.0,,,,,,,,,1,,,,,
nan,nan,ENSCAFP00000034416,CANFA,1.0,,,,,,,,,1,,,,,
nan,nan,ENSCAFP00000034521,CANFA,1.0,,,,,,,,,1,,,,,
nan,nan,ENSMODP00000038059,MONDO,1.0,,,,,,,,,,,1,,,
nan,nan,ENSCAFP00000034550,CANFA,1.0,,,,,,,,,1,,,,,
nan,nan,ENSCAFP00000034598,CANFA,1.0,,,,,,,,,1,,,,,
nan,nan,ENSCAFP00000034608,CANFA,1.0,,,,,,,,,1,,,,,
nan,nan,ENSCAFP00000034661,CANFA,1.0,,,,,,,,,1,,,,,
nan,nan,ENSCAFP00000034686,CANFA,1.0,,,,,,,,,1,,,,,
nan,nan,ENSCAFP00000034699,CANFA,1.0,,,,,,,,,1,,,,,
nan,nan,ENSCAFP00000034756,CANFA,1.0,,,,,,,,,1,,,,,
nan,nan,ENSCAFP00000034765,CANFA,1.0,,,,,,,,,1,,,,,
nan,nan,ENSCAFP00000034842,CANFA,1.0,,,,,,,,,1,,,,,
nan,nan,ENSCAFP00000034139,CANFA,1.0,,,,,,,,,1,,,,,
nan,nan,ENSCAFP00000034130,CANFA,1.0,,,,,,,,,1,,,,,
nan,nan,ENSCAFP00000034129,CANFA,1.0,,,,,,,,,1,,,,,
nan,nan,ENSCAFP00000034122,CANFA,1.0,,,,,,,,,1,,,,,
nan,nan,ENSCAFP00000032852,CANFA,1.0,,,,,,,,,,,1,,,
nan,nan,ENSCAFP00000032855,CANFA,1.0,,,,,,,,,1,,,,,
nan,nan,ENSCAFP00000033040,CANFA,1.0,,,,,,,,,1,,,,,
nan,nan,ENSCAFP00000033181,CANFA,1.0,,,,,,,,,1,,,,,
nan,nan,ENSCAFP00000033202,CANFA,1.0,,,,,,,,,1,,,,,
nan,nan,ENSCAFP00000033263,CANFA,1.0,,,,,,,,,1,,,,,
nan,nan,ENSCAFP00000033350,CANFA,1.0,,,,,,,,,1,,,,,
nan,nan,ENSCAFP00000033389,CANFA,1.0,,,,,,,,,1,,,,,
nan,nan,ENSCAFP00000033485,CANFA,1.0,,,,,,,,,1,,,,,
nan,nan,ENSCAFP00000033504,CANFA,1.0,,,,,,,,,1,,,,,
nan,nan,ENSCAFP00000033554,CANFA,1.0,,,,,,,,,1,,,,,
nan,nan,ENSCAFP00000033634,CANFA,1.0,,,,,,,,,1,,,,,
nan,nan,ENSCAFP00000033744,CANFA,1.0,,,,,,,,,1,,,,,
nan,nan,ENSCAFP00000033755,CANFA,1.0,,,,,,,,,1,,,,,
nan,nan,ENSCAFP00000033810,CANFA,1.0,,,,,,,,,,,1,,,
nan,nan,ENSCAFP00000033834,CANFA,1.0,,,,,,,,,1,,,,,
nan,nan,ENSCAFP00000033846,CANFA,1.0,,,,,,,,,1,,,,,
nan,nan,ENSCAFP00000033859,CANFA,1.0,,,,,,,,,1,,,,,
nan,nan,ENSCAFP00000034063,CANFA,1.0,,,,,,,,,1,,,,,
nan,nan,ENSCAFP00000034872,CANFA,1.0,,,,,,,,,1,,,,,
nan,nan,ENSCAFP00000034909,CANFA,1.0,,,,,,,,,1,,,,,
nan,nan,ENSCAFP00000034934,CANFA,1.0,,,,,,,,,1,,,,,
nan,nan,ENSCAFP00000035737,CANFA,1.0,,,,,,,,,1,,,,,
nan,nan,ENSGALP00000004036,CHICK,1.0,,,,,,,,,1,,,,,
nan,nan,ENSGALP00000022454,CHICK,1.0,,,,,,,,,1,,,,,
nan,nan,ENSGALP00000029183,CHICK,1.0,,,,,,,,,1,,,,,
nan,nan,ENSGALP00000029185,CHICK,1.0,,,,,,,,,1,,,,,
nan,nan,ENSGALP00000035052,CHICK,1.0,,,,,,,,,1,,,,,
nan,nan,ENSGALP00000035073,CHICK,1.0,,,,,,,,,1,,,,,
nan,nan,ENSGALP00000035138,CHICK,1.0,,,,,,,,,1,,,,,
nan,nan,ENSGALP00000035233,CHICK,1.0,,,,,,,,,1,,,,,
nan,nan,ENSGALP00000035234,CHICK,1.0,,,,,,,,,1,,,,,
nan,nan,ENSGALP00000035410,CHICK,1.0,,,,,,,,,1,,,,,
nan,nan,ENSMODP00000001275,MONDO,1.0,,,,,,,,,1,,,,,
nan,nan,ENSMODP00000009876,MONDO,1.0,,,,,,,,,1,,,,,
nan,nan,ENSMODP00000010756,MONDO,1.0,,,,,,,,,1,,,,,
nan,nan,ENSMODP00000025091,MONDO,1.0,,,,,,,,,,,1,,,
nan,nan,ENSMODP00000025262,MONDO,1.0,,,,,,,,,1,,,,,
nan,nan,ENSMODP00000028186,MONDO,1.0,,,,,,,,,1,,,,,
nan,nan,ENSMODP00000033612,MONDO,1.0,,,,,,,,,1,,,,,
nan,nan,ENSMODP00000034534,MONDO,1.0,,,,,,,,,1,,,,,
nan,nan,ENSMODP00000037619,MONDO,1.0,,,,,,,,,1,,,,,
nan,nan,ENSCAFP00000035751,CANFA,1.0,,,,,,,,,1,,,,,
nan,nan,ENSCAFP00000035722,CANFA,1.0,,,,,,,,,1,,,,,
nan,nan,ENSCAFP00000034980,CANFA,1.0,,,,,,,,,1,,,,,
nan,nan,ENSCAFP00000035691,CANFA,1.0,,,,,,,,,1,,,,,
nan,nan,ENSCAFP00000035046,CANFA,1.0,,,,,,,,,1,,,,,
nan,nan,ENSCAFP00000035069,CANFA,1.0,,,,,,,,,1,,,,,
nan,nan,ENSCAFP00000035166,CANFA,1.0,,,,,,,,,1,,,,,
nan,nan,ENSCAFP00000035186,CANFA,1.0,,,,,,,,,1,,,,,
nan,nan,ENSCAFP00000035214,CANFA,1.0,,,,,,,,,1,,,,,
nan,nan,ENSCAFP00000035262,CANFA,1.0,,,,,,,,,1,,,,,
nan,nan,ENSCAFP00000035264,CANFA,1.0,,,,,,,,,1,,,,,
nan,nan,ENSCAFP00000035326,CANFA,1.0,,,,,,,,,1,,,,,
nan,nan,ENSCAFP00000035371,CANFA,1.0,,,,,,,,,1,,,,,
nan,nan,ENSCAFP00000035387,CANFA,1.0,,,,,,,,,1,,,,,
nan,nan,ENSCAFP00000035421,CANFA,1.0,,,,,,,,,1,,,,,
nan,nan,ENSCAFP00000035470,CANFA,1.0,,,,,,,,,1,,,,,
nan,nan,ENSCAFP00000035487,CANFA,1.0,,,,,,,,,1,,,,,
nan,nan,ENSCAFP00000035525,CANFA,1.0,,,,,,,,,1,,,,,
nan,nan,ENSCAFP00000035565,CANFA,1.0,,,,,,,,,1,,,,,
nan,nan,ENSCAFP00000035604,CANFA,1.0,,,,,,,,,1,,,,,
nan,nan,ENSCAFP00000035606,CANFA,1.0,,,,,,,,,1,,,,,
nan,nan,ENSCAFP00000035610,CANFA,1.0,,,,,,,,,,,1,,,
nan,nan,ENSCAFP00000035674,CANFA,1.0,,,,,,,,,1,,,,,
nan,nan,ENSBTAP00000051684,BOVIN,1.0,,,,,,,,,1,,,,,
nan,nan,ENSBTAP00000051653,BOVIN,1.0,,,,,,,,,1,,,,,
nan,nan,ENSBTAP00000051642,BOVIN,1.0,,,,,,,,,1,,,,,
Q9QZ22,Q9QZ22_MOUSE,nan,MOUSE,1.0,,,,,,,,,1,,,,,
Q9H208,O10A2_HUMAN,nan,HUMAN,1.0,,,,,,,,,1,,,,,
Q9H209,O10A4_HUMAN,nan,HUMAN,1.0,,,,,,,,,1,,,,,
Q9H210,OR2D2_HUMAN,nan,HUMAN,1.0,,,,,,,,,1,,,,,
Q9JHB2,OLF19_MOUSE,nan,MOUSE,1.0,,,,,,,,,1,,,,,
Q9QWU6,Q9QWU6_MOUSE,nan,MOUSE,1.0,,,,,,,,,1,,,,,
Q9QWX0,Q9QWX0_RAT,nan,RAT,1.0,,,,,,,,,1,,,,,
Q9QZ18,Q9QZ18_MOUSE,nan,MOUSE,1.0,,,,,,,,,1,,,,,
Q9QZ19,Q9QZ19_MOUSE,nan,MOUSE,1.0,,,,,,,,,1,,,,,
Q9QZ20,Q9QZ20_MOUSE,nan,MOUSE,1.0,,,,,,,,,1,,,,,
Q9R0K2,Q9R0K2_MOUSE,nan,MOUSE,1.0,,,,,,,,,1,,,,,
Q96R72,OR4K3_HUMAN,nan,HUMAN,1.0,,,,,,,,,1,,,,,
Q9R0K4,Q9R0K4_MOUSE,nan,MOUSE,1.0,,,,,,,,,1,,,,,
Q9TUA9,OR1E1_PANTR,ENSPTRP00000014614,PANTR,1.0,,,,,,,,,1,,,,,
Q9UGF6,OR5V1_HUMAN,ENSP00000383534,HUMAN,1.0,,,,,,,,,1,,,,,
Q9UGF6,OR5V1_HUMAN,nan,HUMAN,1.0,,,,,,,,,1,,,,,
Q9UGF7,O12D3_HUMAN,nan,HUMAN,1.0,,,,,,,,,1,,,,,
Q9Y3N9,OR2W1_HUMAN,nan,HUMAN,1.0,,,,,,,,,1,,,,,
Q9Z230,Q9Z230_RAT,nan,RAT,1.0,,,,,,,,,,,1,,,
nan,nan,ENSBTAP00000000890,BOVIN,1.0,,,,,,,,,1,,,,,
nan,nan,ENSBTAP00000000934,BOVIN,1.0,,,,,,,,,1,,,,,
Q9H207,O10A5_HUMAN,nan,HUMAN,1.0,,,,,,,,,1,,,,,
Q9GZM6,OR8D2_HUMAN,nan,HUMAN,1.0,,,,,,,,,1,,,,,
Q9GZK7,O11A1_HUMAN,nan,HUMAN,1.0,,,,,,,,,1,,,,,
Q9GZK6,OR2J1_HUMAN,nan,HUMAN,1.0,,,,,,,,,1,,,,,
Q96RA2,OR7D2_HUMAN,nan,HUMAN,1.0,,,,,,,,,1,,,,,
Q96RC9,OR8B4_HUMAN,nan,HUMAN,1.0,,,,,,,,,1,,,,,
Q96RD0,OR8B2_HUMAN,nan,HUMAN,1.0,,,,,,,,,,,1,,,
Q9EP55,Q9EP55_MOUSE,nan,MOUSE,1.0,,,,,,,,,1,,,,,
Q9EP67,nan,nan,nan,1.0,,,,,,,,,1,,,,,
Q9EPG2,Q9EPG2_MOUSE,nan,MOUSE,1.0,,,,,,,,,1,,,,,
Q9EPG6,Q9EPG6_MOUSE,nan,MOUSE,1.0,,,,,,,,,1,,,,,
Q9EQ93,Q9EQ93_MOUSE,nan,MOUSE,1.0,,,,,,,,,,,1,,,
Q9EQ97,Q9EQ97_MOUSE,nan,MOUSE,1.0,,,,,,,,,,,1,,,
Q9EQ98,Q9EQ98_MOUSE,nan,MOUSE,1.0,,,,,,,,,1,,,,,
Q9EQA0,Q9EQA0_MOUSE,nan,MOUSE,1.0,,,,,,,,,1,,,,,
Q9EQA4,Q9EQA4_MOUSE,nan,MOUSE,1.0,,,,,,,,,1,,,,,
Q9EQA5,Q9EQA5_MOUSE,nan,MOUSE,1.0,,,,,,,,,1,,,,,
Q9EQA6,Q9EQA6_MOUSE,nan,MOUSE,1.0,,,,,,,,,1,,,,,
Q9EQA9,Q9EQA9_MOUSE,nan,MOUSE,1.0,,,,,,,,,1,,,,,
Q9EQB2,Q9EQB2_MOUSE,nan,MOUSE,1.0,,,,,,,,,1,,,,,
Q9EQB7,Q9EQB7_MOUSE,nan,MOUSE,1.0,,,,,,,,,,,1,,,
Q9GZK3,OR2B2_HUMAN,nan,HUMAN,1.0,,,,,,,,,1,,,,,
Q9GZK6,OR2J1_HUMAN,ENSP00000414527,HUMAN,1.0,,,,,,,,,1,,,,,
nan,nan,ENSBTAP00000002308,BOVIN,1.0,,,,,,,,,1,,,,,
nan,nan,ENSBTAP00000003721,BOVIN,1.0,,,,,,,,,1,,,,,
nan,nan,ENSBTAP00000005317,BOVIN,1.0,,,,,,,,,1,,,,,
nan,nan,ENSBTAP00000031496,BOVIN,1.0,,,,,,,,,1,,,,,
nan,nan,ENSBTAP00000033378,BOVIN,1.0,,,,,,,,,1,,,,,
nan,nan,ENSBTAP00000035155,BOVIN,1.0,,,,,,,,,1,,,,,
nan,nan,ENSBTAP00000036022,BOVIN,1.0,,,,,,,,,1,,,,,
nan,nan,ENSBTAP00000036370,BOVIN,1.0,,,,,,,,,1,,,,,
nan,nan,ENSBTAP00000040097,BOVIN,1.0,,,,,,,,,1,,,,,
nan,nan,ENSBTAP00000041315,BOVIN,1.0,,,,,,,,,1,,,,,
nan,nan,ENSBTAP00000042009,BOVIN,1.0,,,,,,,,,1,,,,,
nan,nan,ENSBTAP00000042588,BOVIN,1.0,,,,,,,,,1,,,,,
nan,nan,ENSBTAP00000043358,BOVIN,1.0,,,,,,,,,1,,,,,
nan,nan,ENSBTAP00000043361,BOVIN,1.0,,,,,,,,,1,,,,,
nan,nan,ENSBTAP00000043682,BOVIN,1.0,,,,,,,,,1,,,,,
nan,nan,ENSBTAP00000043684,BOVIN,1.0,,,,,,,,,1,,,,,
nan,nan,ENSBTAP00000044688,BOVIN,1.0,,,,,,,,,1,,,,,
P30953,OR1E1_HUMAN,nan,HUMAN,1.0,,,,,,,,,1,,,,,
nan,nan,ENSBTAP00000045000,BOVIN,1.0,,,,,,,,,1,,,,,
nan,nan,ENSBTAP00000045099,BOVIN,1.0,,,,,,,,,1,,,,,
nan,nan,ENSBTAP00000047217,BOVIN,1.0,,,,,,,,,1,,,,,
nan,nan,ENSBTAP00000047280,BOVIN,1.0,,,,,,,,,1,,,,,
nan,nan,ENSBTAP00000047281,BOVIN,1.0,,,,,,,,,1,,,,,
nan,nan,ENSBTAP00000033232,BOVIN,1.0,,,,,,,,,,,1,,,
nan,nan,ENSBTAP00000031145,BOVIN,1.0,,,,,,,,,1,,,,,
nan,nan,ENSBTAP00000005742,BOVIN,1.0,,,,,,,,,1,,,,,
nan,nan,ENSBTAP00000030592,BOVIN,1.0,,,,,,,,,1,,,,,
nan,nan,ENSBTAP00000006921,BOVIN,1.0,,,,,,,,,1,,,,,
nan,nan,ENSBTAP00000006934,BOVIN,1.0,,,,,,,,,,,,,,1
nan,nan,ENSBTAP00000006993,BOVIN,1.0,,,,,,,,,1,,,,,
nan,nan,ENSBTAP00000007479,BOVIN,1.0,,,,,,,,,1,,,,,
nan,nan,ENSBTAP00000008662,BOVIN,1.0,,,,,,,,,,,1,,,
nan,nan,ENSBTAP00000009168,BOVIN,1.0,,,,,,,,,1,,,,,
nan,nan,ENSBTAP00000009248,BOVIN,1.0,,,,,,,,,1,,,,,
nan,nan,ENSBTAP00000012626,BOVIN,1.0,,,,,,,,,1,,,,,
nan,nan,ENSBTAP00000012898,BOVIN,1.0,,,,,,,,,1,,,,,
nan,nan,ENSBTAP00000013102,BOVIN,1.0,,,,,,,,,,,1,,,
nan,nan,ENSBTAP00000013293,BOVIN,1.0,,,,,,,,,1,,,,,
nan,nan,ENSBTAP00000014906,BOVIN,1.0,,,,,,,,,1,,,,,
nan,nan,ENSBTAP00000015078,BOVIN,1.0,,,,,,,,,1,,,,,
nan,nan,ENSBTAP00000022916,BOVIN,1.0,,,,,,,,,1,,,,,
nan,nan,ENSBTAP00000022954,BOVIN,1.0,,,,,,,,,1,,,,,
nan,nan,ENSBTAP00000023569,BOVIN,1.0,,,,,,,,,1,,,,,
nan,nan,ENSBTAP00000024304,BOVIN,1.0,,,,,,,,,1,,,,,
nan,nan,ENSBTAP00000026135,BOVIN,1.0,,,,,,,,,1,,,,,
nan,nan,ENSBTAP00000030292,BOVIN,1.0,,,,,,,,,1,,,,,
Q96R84,OR1F2_HUMAN,nan,HUMAN,1.0,,,,,,,,,1,,,,,
Q96R67,OR4CC_HUMAN,nan,HUMAN,1.0,,,,,,,,,1,,,,,
nan,nan,ENSBTAP00000051622,BOVIN,1.0,,,,,,,,,1,,,,,
Q8VGI1,OLF1_MOUSE,nan,MOUSE,1.0,,,,,,,,,1,,,,,
Q8VGC6,Q8VGC6_MOUSE,nan,MOUSE,1.0,,,,,,,,,,,1,,,
Q8VGD8,Q8VGD8_MOUSE,nan,MOUSE,1.0,,,,,,,,,1,,,,,
Q8VGG4,Q8VGG4_MOUSE,nan,MOUSE,1.0,,,,,,,,,1,,,,,
Q8VGG6,Q8VGG6_MOUSE,nan,MOUSE,1.0,,,,,,,,,1,,,,,
Q8VGG9,Q8VGG9_MOUSE,nan,MOUSE,1.0,,,,,,,,,1,,,,,
Q8VGH0,Q8VGH0_MOUSE,nan,MOUSE,1.0,,,,,,,,,1,,,,,
Q8VGH1,Q8VGH1_MOUSE,nan,MOUSE,1.0,,,,,,,,,1,,,,,
Q8VGH3,Q8VGH3_MOUSE,nan,MOUSE,1.0,,,,,,,,,1,,,,,
Q8VGH5,Q8VGH5_MOUSE,nan,MOUSE,1.0,,,,,,,,,1,,,,,
Q8VGI2,Q8VGI2_MOUSE,nan,MOUSE,1.0,,,,,,,,,1,,,,,
Q96R48,OR2A5_HUMAN,nan,HUMAN,1.0,,,,,,,,,1,,,,,
Q8VGI5,OL481_MOUSE,nan,MOUSE,1.0,,,,,,,,,,,1,,,
Q8VGJ4,Q8VGJ4_MOUSE,nan,MOUSE,1.0,,,,,,,,,,,,,,1
Q8VGJ7,Q8VGJ7_MOUSE,nan,MOUSE,1.0,,,,,,,,,1,,,,,
Q8VGJ9,Q8VGJ9_MOUSE,nan,MOUSE,1.0,,,,,,,,,1,,,,,
Q8VGK3,Q8VGK3_MOUSE,nan,MOUSE,1.0,,,,,,,,,1,,,,,
Q8VGK5,OLF50_MOUSE,nan,MOUSE,1.0,,,,,,,,,1,,,,,
Q8VGL0,Q8VGL0_MOUSE,nan,MOUSE,1.0,,,,,,,,,1,,,,,
Q8VGL1,Q8VGL1_MOUSE,nan,MOUSE,1.0,,,,,,,,,1,,,,,
Q8VGL4,Q8VGL4_MOUSE,nan,MOUSE,1.0,,,,,,,,,,,,,,1
Q8VGC1,Q8VGC1_MOUSE,nan,MOUSE,1.0,,,,,,,,,1,,,,,
Q8VGB9,Q8VGB9_MOUSE,nan,MOUSE,1.0,,,,,,,,,1,,,,,
Q8VGB8,Q8VGB8_MOUSE,nan,MOUSE,1.0,,,,,,,,,1,,,,,
Q8VGB1,Q8VGB1_MOUSE,nan,MOUSE,1.0,,,,,,,,,1,,,,,
Q8VG12,Q8VG12_MOUSE,nan,MOUSE,1.0,,,,,,,,,1,,,,,
Q8VG27,Q8VG27_MOUSE,nan,MOUSE,1.0,,,,,,,,,1,,,,,
Q8VG40,Q8VG40_MOUSE,nan,MOUSE,1.0,,,,,,,,,,,1,,,
Q8VG43,OL472_MOUSE,nan,MOUSE,1.0,,,,,,,,,1,,,,,
Q8VG44,OL473_MOUSE,nan,MOUSE,1.0,,,,,,,,,1,,,,,
Q8VG49,Q8VG49_MOUSE,nan,MOUSE,1.0,,,,,,,,,1,,,,,
Q8VG53,Q8VG53_MOUSE,nan,MOUSE,1.0,,,,,,,,,1,,,,,
Q8VG62,Q8VG62_MOUSE,nan,MOUSE,1.0,,,,,,,,,1,,,,,
Q8VG72,Q8VG72_MOUSE,nan,MOUSE,1.0,,,,,,,,,1,,,,,
Q8VG74,Q8VG74_MOUSE,nan,MOUSE,1.0,,,,,,,,,1,,,,,
Q8VG87,Q8VG87_MOUSE,nan,MOUSE,1.0,,,,,,,,,1,,,,,
Q8VG88,Q8VG88_MOUSE,nan,MOUSE,1.0,,,,,,,,,1,,,,,
Q8VG90,Q8VG90_MOUSE,nan,MOUSE,1.0,,,,,,,,,1,,,,,
Q8VG94,Q8VG94_MOUSE,nan,MOUSE,1.0,,,,,,,,,1,,,,,
Q8VG95,Q8VG95_MOUSE,nan,MOUSE,1.0,,,,,,,,,1,,,,,
Q8VG96,Q8VG96_MOUSE,nan,MOUSE,1.0,,,,,,,,,1,,,,,
Q8VG97,Q8VG97_MOUSE,nan,MOUSE,1.0,,,,,,,,,,,1,,,
Q8VGA6,Q8VGA6_MOUSE,nan,MOUSE,1.0,,,,,,,,,1,,,,,
Q8VGA9,Q8VGA9_MOUSE,nan,MOUSE,1.0,,,,,,,,,1,,,,,
Q8VGL8,Q8VGL8_MOUSE,nan,MOUSE,1.0,,,,,,,,,,,,,,1
Q8VGL9,Q8VGL9_MOUSE,nan,MOUSE,1.0,,,,,,,,,,,,,,1
Q8VGM0,Q8VGM0_MOUSE,nan,MOUSE,1.0,,,,,,,,,,,,,,1
Q8VGU7,Q8VGU7_MOUSE,nan,MOUSE,1.0,,,,,,,,,1,,,,,
Q8VGV7,Q8VGV7_MOUSE,nan,MOUSE,1.0,,,,,,,,,1,,,,,
Q8VGW6,Q8VGW6_MOUSE,nan,MOUSE,1.0,,,,,,,,,1,,,,,
Q8VGW8,Q8VGW8_MOUSE,nan,MOUSE,1.0,,,,,,,,,1,,,,,
Q8VGW9,Q8VGW9_MOUSE,nan,MOUSE,1.0,,,,,,,,,1,,,,,
Q8VGX0,Q8VGX0_MOUSE,nan,MOUSE,1.0,,,,,,,,,1,,,,,
Q8VGX5,Q8VGX5_MOUSE,nan,MOUSE,1.0,,,,,,,,,1,,,,,
Q8VH10,Q8VH10_MOUSE,nan,MOUSE,1.0,,,,,,,,,1,,,,,
Q8WZ84,OR8D1_HUMAN,nan,HUMAN,1.0,,,,,,,,,1,,,,,
Q920G5,Q920G5_MOUSE,nan,MOUSE,1.0,,,,,,,,,1,,,,,
Q920P2,Q920P2_MOUSE,nan,MOUSE,1.0,,,,,,,,,,,1,,,
Q920Y8,Q920Y8_MOUSE,nan,MOUSE,1.0,,,,,,,,,1,,,,,
Q920Z0,Q920Z0_MOUSE,nan,MOUSE,1.0,,,,,,,,,1,,,,,
Q920Z2,Q920Z2_MOUSE,nan,MOUSE,1.0,,,,,,,,,1,,,,,
Q924H8,Q924H8_MOUSE,nan,MOUSE,1.0,,,,,,,,,1,,,,,
Q96KK4,O10C1_HUMAN,nan,HUMAN,1.0,,,,,,,,,1,,,,,
Q96R08,OR5BC_HUMAN,nan,HUMAN,1.0,,,,,,,,,1,,,,,
Q96R09,OR5B2_HUMAN,nan,HUMAN,1.0,,,,,,,,,1,,,,,
Q96R45,OR2A7_HUMAN,nan,HUMAN,1.0,,,,,,,,,1,,,,,
Q96R47,O2A14_HUMAN,nan,HUMAN,1.0,,,,,,,,,1,,,,,
Q8VGU8,Q8VGU8_MOUSE,nan,MOUSE,1.0,,,,,,,,,1,,,,,
Q8VGU6,Q8VGU6_MOUSE,nan,MOUSE,1.0,,,,,,,,,1,,,,,
Q8VGM2,Q8VGM2_MOUSE,nan,MOUSE,1.0,,,,,,,,,,,,,,1
Q8VGU5,Q8VGU5_MOUSE,nan,MOUSE,1.0,,,,,,,,,1,,,,,
Q8VGN0,Q8VGN0_MOUSE,nan,MOUSE,1.0,,,,,,,,,1,,,,,
Q8VGN6,Q8VGN6_MOUSE,nan,MOUSE,1.0,,,,,,,,,1,,,,,
Q8VGN8,Q8VGN8_MOUSE,nan,MOUSE,1.0,,,,,,,,,1,,,,,
Q8VGP0,Q8VGP0_MOUSE,nan,MOUSE,1.0,,,,,,,,,1,,,,,
Q8VGP3,Q8VGP3_MOUSE,nan,MOUSE,1.0,,,,,,,,,1,,,,,
Q8VGP4,Q8VGP4_MOUSE,nan,MOUSE,1.0,,,,,,,,,1,,,,,
Q8VGP5,Q8VGP5_MOUSE,nan,MOUSE,1.0,,,,,,,,,1,,,,,
Q8VGP6,Q8VGP6_MOUSE,nan,MOUSE,1.0,,,,,,,,,1,,,,,
Q8VGP8,Q8VGP8_MOUSE,nan,MOUSE,1.0,,,,,,,,,1,,,,,
Q8VGP9,Q8VGP9_MOUSE,nan,MOUSE,1.0,,,,,,,,,1,,,,,
Q8VGR3,Q8VGR3_MOUSE,nan,MOUSE,1.0,,,,,,,,,1,,,,,
Q8VGR5,Q8VGR5_MOUSE,nan,MOUSE,1.0,,,,,,,,,1,,,,,
Q8VGS0,Q8VGS0_MOUSE,nan,MOUSE,1.0,,,,,,,,,1,,,,,
Q8VGS2,Q8VGS2_MOUSE,nan,MOUSE,1.0,,,,,,,,,,,1,,,
Q8VGT2,Q8VGT2_MOUSE,nan,MOUSE,1.0,,,,,,,,,1,,,,,
Q8VGT3,Q8VGT3_MOUSE,nan,MOUSE,1.0,,,,,,,,,1,,,,,
Q8VGT7,Q8VGT7_MOUSE,nan,MOUSE,1.0,,,,,,,,,1,,,,,
Q8VGT9,Q8VGT9_MOUSE,nan,MOUSE,1.0,,,,,,,,,1,,,,,
Q8VGU4,Q8VGU4_MOUSE,nan,MOUSE,1.0,,,,,,,,,1,,,,,
nan,nan,ENSBTAP00000047476,BOVIN,1.0,,,,,,,,,,,1,,,
nan,nan,ENSBTAP00000047549,BOVIN,1.0,,,,,,,,,1,,,,,
nan,nan,ENSBTAP00000047574,BOVIN,1.0,,,,,,,,,1,,,,,
nan,nan,ENSBTAP00000050590,BOVIN,1.0,,,,,,,,,1,,,,,
nan,nan,ENSBTAP00000050308,BOVIN,1.0,,,,,,,,,1,,,,,
nan,nan,ENSBTAP00000050325,BOVIN,1.0,,,,,,,,,1,,,,,
nan,nan,ENSBTAP00000050376,BOVIN,1.0,,,,,,,,,1,,,,,
nan,nan,ENSBTAP00000050386,BOVIN,1.0,,,,,,,,,1,,,,,
nan,nan,ENSBTAP00000050443,BOVIN,1.0,,,,,,,,,1,,,,,
nan,nan,ENSBTAP00000050482,BOVIN,1.0,,,,,,,,,1,,,,,
nan,nan,ENSBTAP00000050495,BOVIN,1.0,,,,,,,,,1,,,,,
nan,nan,ENSBTAP00000050527,BOVIN,1.0,,,,,,,,,1,,,,,
nan,nan,ENSBTAP00000050554,BOVIN,1.0,,,,,,,,,1,,,,,
nan,nan,ENSBTAP00000050598,BOVIN,1.0,,,,,,,,,1,,,,,
nan,nan,ENSBTAP00000047600,BOVIN,1.0,,,,,,,,,1,,,,,
nan,nan,ENSBTAP00000050613,BOVIN,1.0,,,,,,,,,1,,,,,
nan,nan,ENSBTAP00000050664,BOVIN,1.0,,,,,,,,,1,,,,,
nan,nan,ENSBTAP00000050680,BOVIN,1.0,,,,,,,,,1,,,,,
nan,nan,ENSBTAP00000050684,BOVIN,1.0,,,,,,,,,1,,,,,
nan,nan,ENSBTAP00000050697,BOVIN,1.0,,,,,,,,,1,,,,,
nan,nan,ENSBTAP00000050754,BOVIN,1.0,,,,,,,,,1,,,,,
nan,nan,ENSBTAP00000050764,BOVIN,1.0,,,,,,,,,1,,,,,
nan,nan,ENSBTAP00000050797,BOVIN,1.0,,,,,,,,,1,,,,,
nan,nan,ENSBTAP00000050826,BOVIN,1.0,,,,,,,,,1,,,,,
nan,nan,ENSBTAP00000050303,BOVIN,1.0,,,,,,,,,,,1,,,
nan,nan,ENSBTAP00000050300,BOVIN,1.0,,,,,,,,,1,,,,,
nan,nan,ENSBTAP00000050298,BOVIN,1.0,,,,,,,,,1,,,,,
nan,nan,ENSBTAP00000050268,BOVIN,1.0,,,,,,,,,1,,,,,
nan,nan,ENSBTAP00000049719,BOVIN,1.0,,,,,,,,,,,1,,,
nan,nan,ENSBTAP00000049724,BOVIN,1.0,,,,,,,,,1,,,,,
nan,nan,ENSBTAP00000049738,BOVIN,1.0,,,,,,,,,1,,,,,
nan,nan,ENSBTAP00000049750,BOVIN,1.0,,,,,,,,,1,,,,,
nan,nan,ENSBTAP00000049763,BOVIN,1.0,,,,,,,,,1,,,,,
nan,nan,ENSBTAP00000049785,BOVIN,1.0,,,,,,,,,1,,,,,
nan,nan,ENSBTAP00000049805,BOVIN,1.0,,,,,,,,,1,,,,,
nan,nan,ENSBTAP00000049815,BOVIN,1.0,,,,,,,,,1,,,,,
nan,nan,ENSBTAP00000049893,BOVIN,1.0,,,,,,,,,1,,,,,
nan,nan,ENSBTAP00000049994,BOVIN,1.0,,,,,,,,,1,,,,,
nan,nan,ENSBTAP00000050016,BOVIN,1.0,,,,,,,,,1,,,,,
nan,nan,ENSBTAP00000050066,BOVIN,1.0,,,,,,,,,1,,,,,
nan,nan,ENSBTAP00000050078,BOVIN,1.0,,,,,,,,,1,,,,,
nan,nan,ENSBTAP00000050099,BOVIN,1.0,,,,,,,,,1,,,,,
nan,nan,ENSBTAP00000050109,BOVIN,1.0,,,,,,,,,1,,,,,
nan,nan,ENSBTAP00000050175,BOVIN,1.0,,,,,,,,,1,,,,,
nan,nan,ENSBTAP00000050196,BOVIN,1.0,,,,,,,,,1,,,,,
nan,nan,ENSBTAP00000050210,BOVIN,1.0,,,,,,,,,1,,,,,
nan,nan,ENSBTAP00000050238,BOVIN,1.0,,,,,,,,,1,,,,,
nan,nan,ENSBTAP00000050843,BOVIN,1.0,,,,,,,,,1,,,,,
nan,nan,ENSBTAP00000050844,BOVIN,1.0,,,,,,,,,1,,,,,
nan,nan,ENSBTAP00000050886,BOVIN,1.0,,,,,,,,,1,,,,,
nan,nan,ENSBTAP00000051316,BOVIN,1.0,,,,,,,,,1,,,,,
nan,nan,ENSBTAP00000051334,BOVIN,1.0,,,,,,,,,1,,,,,
nan,nan,ENSBTAP00000051335,BOVIN,1.0,,,,,,,,,1,,,,,
nan,nan,ENSBTAP00000051374,BOVIN,1.0,,,,,,,,,1,,,,,
nan,nan,ENSBTAP00000051385,BOVIN,1.0,,,,,,,,,1,,,,,
nan,nan,ENSBTAP00000051410,BOVIN,1.0,,,,,,,,,1,,,,,
nan,nan,ENSBTAP00000051414,BOVIN,1.0,,,,,,,,,1,,,,,
nan,nan,ENSBTAP00000051446,BOVIN,1.0,,,,,,,,,,,1,,,
nan,nan,ENSBTAP00000051469,BOVIN,1.0,,,,,,,,,1,,,,,
nan,nan,ENSBTAP00000051471,BOVIN,1.0,,,,,,,,,1,,,,,
nan,nan,ENSBTAP00000051507,BOVIN,1.0,,,,,,,,,1,,,,,
nan,nan,ENSBTAP00000051514,BOVIN,1.0,,,,,,,,,,,1,,,
nan,nan,ENSBTAP00000051531,BOVIN,1.0,,,,,,,,,1,,,,,
nan,nan,ENSBTAP00000051555,BOVIN,1.0,,,,,,,,,1,,,,,
nan,nan,ENSBTAP00000051560,BOVIN,1.0,,,,,,,,,1,,,,,
nan,nan,ENSBTAP00000051586,BOVIN,1.0,,,,,,,,,1,,,,,
nan,nan,ENSBTAP00000051588,BOVIN,1.0,,,,,,,,,1,,,,,
nan,nan,ENSBTAP00000051603,BOVIN,1.0,,,,,,,,,1,,,,,
nan,nan,ENSBTAP00000051608,BOVIN,1.0,,,,,,,,,1,,,,,
nan,nan,ENSBTAP00000051621,BOVIN,1.0,,,,,,,,,,,1,,,
nan,nan,ENSBTAP00000051326,BOVIN,1.0,,,,,,,,,1,,,,,
nan,nan,ENSBTAP00000051315,BOVIN,1.0,,,,,,,,,1,,,,,
nan,nan,ENSBTAP00000050910,BOVIN,1.0,,,,,,,,,1,,,,,
nan,nan,ENSBTAP00000051310,BOVIN,1.0,,,,,,,,,1,,,,,
nan,nan,ENSBTAP00000050918,BOVIN,1.0,,,,,,,,,1,,,,,
nan,nan,ENSBTAP00000050919,BOVIN,1.0,,,,,,,,,1,,,,,
nan,nan,ENSBTAP00000050928,BOVIN,1.0,,,,,,,,,1,,,,,
nan,nan,ENSBTAP00000050941,BOVIN,1.0,,,,,,,,,1,,,,,
nan,nan,ENSBTAP00000050967,BOVIN,1.0,,,,,,,,,1,,,,,
nan,nan,ENSBTAP00000050983,BOVIN,1.0,,,,,,,,,1,,,,,
nan,nan,ENSBTAP00000050985,BOVIN,1.0,,,,,,,,,1,,,,,
nan,nan,ENSBTAP00000050997,BOVIN,1.0,,,,,,,,,1,,,,,
nan,nan,ENSBTAP00000051014,BOVIN,1.0,,,,,,,,,,,1,,,
nan,nan,ENSBTAP00000051036,BOVIN,1.0,,,,,,,,,1,,,,,
nan,nan,ENSBTAP00000051101,BOVIN,1.0,,,,,,,,,1,,,,,
nan,nan,ENSBTAP00000051113,BOVIN,1.0,,,,,,,,,1,,,,,
nan,nan,ENSBTAP00000051133,BOVIN,1.0,,,,,,,,,1,,,,,
nan,nan,ENSBTAP00000051142,BOVIN,1.0,,,,,,,,,1,,,,,
nan,nan,ENSBTAP00000051154,BOVIN,1.0,,,,,,,,,1,,,,,
nan,nan,ENSBTAP00000051157,BOVIN,1.0,,,,,,,,,,,1,,,
nan,nan,ENSBTAP00000051171,BOVIN,1.0,,,,,,,,,1,,,,,
nan,nan,ENSBTAP00000051265,BOVIN,1.0,,,,,,,,,1,,,,,
nan,nan,ENSBTAP00000051303,BOVIN,1.0,,,,,,,,,,,1,,,
nan,nan,ENSBTAP00000049670,BOVIN,1.0,,,,,,,,,1,,,,,
nan,nan,ENSBTAP00000049664,BOVIN,1.0,,,,,,,,,1,,,,,
nan,nan,ENSBTAP00000049658,BOVIN,1.0,,,,,,,,,,,1,,,
nan,nan,ENSBTAP00000047836,BOVIN,1.0,,,,,,,,,1,,,,,
nan,nan,ENSBTAP00000047852,BOVIN,1.0,,,,,,,,,1,,,,,
nan,nan,ENSBTAP00000047860,BOVIN,1.0,,,,,,,,,,,1,,,
nan,nan,ENSBTAP00000047870,BOVIN,1.0,,,,,,,,,1,,,,,
nan,nan,ENSBTAP00000047931,BOVIN,1.0,,,,,,,,,1,,,,,
nan,nan,ENSBTAP00000047933,BOVIN,1.0,,,,,,,,,1,,,,,
nan,nan,ENSBTAP00000047948,BOVIN,1.0,,,,,,,,,1,,,,,
nan,nan,ENSBTAP00000047957,BOVIN,1.0,,,,,,,,,1,,,,,
nan,nan,ENSBTAP00000047961,BOVIN,1.0,,,,,,,,,1,,,,,
nan,nan,ENSBTAP00000047967,BOVIN,1.0,,,,,,,,,1,,,,,
nan,nan,ENSBTAP00000048002,BOVIN,1.0,,,,,,,,,1,,,,,
nan,nan,ENSBTAP00000048010,BOVIN,1.0,,,,,,,,,1,,,,,
nan,nan,ENSBTAP00000048032,BOVIN,1.0,,,,,,,,,1,,,,,
nan,nan,ENSBTAP00000048053,BOVIN,1.0,,,,,,,,,1,,,,,
nan,nan,ENSBTAP00000048086,BOVIN,1.0,,,,,,,,,1,,,,,
nan,nan,ENSBTAP00000048131,BOVIN,1.0,,,,,,,,,1,,,,,
nan,nan,ENSBTAP00000048155,BOVIN,1.0,,,,,,,,,1,,,,,
nan,nan,ENSBTAP00000048168,BOVIN,1.0,,,,,,,,,1,,,,,
nan,nan,ENSBTAP00000048215,BOVIN,1.0,,,,,,,,,1,,,,,
nan,nan,ENSBTAP00000048241,BOVIN,1.0,,,,,,,,,1,,,,,
nan,nan,ENSBTAP00000047846,BOVIN,1.0,,,,,,,,,1,,,,,
nan,nan,ENSBTAP00000047831,BOVIN,1.0,,,,,,,,,1,,,,,
nan,nan,ENSBTAP00000048322,BOVIN,1.0,,,,,,,,,1,,,,,
nan,nan,ENSBTAP00000047823,BOVIN,1.0,,,,,,,,,1,,,,,
nan,nan,ENSBTAP00000047623,BOVIN,1.0,,,,,,,,,1,,,,,
nan,nan,ENSBTAP00000047625,BOVIN,1.0,,,,,,,,,1,,,,,
nan,nan,ENSBTAP00000047657,BOVIN,1.0,,,,,,,,,,,1,,,
nan,nan,ENSBTAP00000047684,BOVIN,1.0,,,,,,,,,,,1,,,
nan,nan,ENSBTAP00000047690,BOVIN,1.0,,,,,,,,,1,,,,,
nan,nan,ENSBTAP00000047697,BOVIN,1.0,,,,,,,,,,,1,,,
nan,nan,ENSBTAP00000047698,BOVIN,1.0,,,,,,,,,1,,,,,
nan,nan,ENSBTAP00000047699,BOVIN,1.0,,,,,,,,,1,,,,,
nan,nan,ENSBTAP00000047709,BOVIN,1.0,,,,,,,,,1,,,,,
nan,nan,ENSBTAP00000047710,BOVIN,1.0,,,,,,,,,1,,,,,
nan,nan,ENSBTAP00000047715,BOVIN,1.0,,,,,,,,,1,,,,,
nan,nan,ENSBTAP00000047722,BOVIN,1.0,,,,,,,,,,,1,,,
nan,nan,ENSBTAP00000047726,BOVIN,1.0,,,,,,,,,1,,,,,
nan,nan,ENSBTAP00000047736,BOVIN,1.0,,,,,,,,,1,,,,,
nan,nan,ENSBTAP00000047771,BOVIN,1.0,,,,,,,,,,,1,,,
nan,nan,ENSBTAP00000047774,BOVIN,1.0,,,,,,,,,1,,,,,
nan,nan,ENSBTAP00000047779,BOVIN,1.0,,,,,,,,,1,,,,,
nan,nan,ENSBTAP00000047806,BOVIN,1.0,,,,,,,,,1,,,,,
nan,nan,ENSBTAP00000047819,BOVIN,1.0,,,,,,,,,1,,,,,
nan,nan,ENSBTAP00000048298,BOVIN,1.0,,,,,,,,,1,,,,,
nan,nan,ENSBTAP00000048330,BOVIN,1.0,,,,,,,,,1,,,,,
nan,nan,ENSBTAP00000049653,BOVIN,1.0,,,,,,,,,1,,,,,
nan,nan,ENSBTAP00000049036,BOVIN,1.0,,,,,,,,,1,,,,,
nan,nan,ENSBTAP00000049044,BOVIN,1.0,,,,,,,,,1,,,,,
nan,nan,ENSBTAP00000049050,BOVIN,1.0,,,,,,,,,1,,,,,
nan,nan,ENSBTAP00000049057,BOVIN,1.0,,,,,,,,,1,,,,,
nan,nan,ENSBTAP00000049059,BOVIN,1.0,,,,,,,,,,,1,,,
nan,nan,ENSBTAP00000049075,BOVIN,1.0,,,,,,,,,1,,,,,
nan,nan,ENSBTAP00000049095,BOVIN,1.0,,,,,,,,,1,,,,,
nan,nan,ENSBTAP00000049116,BOVIN,1.0,,,,,,,,,1,,,,,
nan,nan,ENSBTAP00000049175,BOVIN,1.0,,,,,,,,,1,,,,,
nan,nan,ENSBTAP00000049221,BOVIN,1.0,,,,,,,,,1,,,,,
nan,nan,ENSBTAP00000049265,BOVIN,1.0,,,,,,,,,,,1,,,
nan,nan,ENSBTAP00000049277,BOVIN,1.0,,,,,,,,,1,,,,,
nan,nan,ENSBTAP00000049289,BOVIN,1.0,,,,,,,,,1,,,,,
nan,nan,ENSBTAP00000049293,BOVIN,1.0,,,,,,,,,1,,,,,
nan,nan,ENSBTAP00000049301,BOVIN,1.0,,,,,,,,,1,,,,,
nan,nan,ENSBTAP00000049517,BOVIN,1.0,,,,,,,,,1,,,,,
nan,nan,ENSBTAP00000049527,BOVIN,1.0,,,,,,,,,1,,,,,
nan,nan,ENSBTAP00000049561,BOVIN,1.0,,,,,,,,,1,,,,,
nan,nan,ENSBTAP00000049581,BOVIN,1.0,,,,,,,,,1,,,,,
nan,nan,ENSBTAP00000049640,BOVIN,1.0,,,,,,,,,1,,,,,
nan,nan,ENSBTAP00000049037,BOVIN,1.0,,,,,,,,,1,,,,,
nan,nan,ENSBTAP00000049016,BOVIN,1.0,,,,,,,,,1,,,,,
nan,nan,ENSBTAP00000048381,BOVIN,1.0,,,,,,,,,1,,,,,
nan,nan,ENSBTAP00000048940,BOVIN,1.0,,,,,,,,,1,,,,,
nan,nan,ENSBTAP00000048390,BOVIN,1.0,,,,,,,,,1,,,,,
nan,nan,ENSBTAP00000048391,BOVIN,1.0,,,,,,,,,1,,,,,
nan,nan,ENSBTAP00000048432,BOVIN,1.0,,,,,,,,,1,,,,,
nan,nan,ENSBTAP00000048439,BOVIN,1.0,,,,,,,,,1,,,,,
nan,nan,ENSBTAP00000048440,BOVIN,1.0,,,,,,,,,1,,,,,
nan,nan,ENSBTAP00000048536,BOVIN,1.0,,,,,,,,,1,,,,,
nan,nan,ENSBTAP00000048562,BOVIN,1.0,,,,,,,,,1,,,,,
nan,nan,ENSBTAP00000048617,BOVIN,1.0,,,,,,,,,1,,,,,
nan,nan,ENSBTAP00000048648,BOVIN,1.0,,,,,,,,,1,,,,,
nan,nan,ENSBTAP00000048649,BOVIN,1.0,,,,,,,,,1,,,,,
nan,nan,ENSBTAP00000048699,BOVIN,1.0,,,,,,,,,1,,,,,
nan,nan,ENSBTAP00000048701,BOVIN,1.0,,,,,,,,,1,,,,,
nan,nan,ENSBTAP00000048721,BOVIN,1.0,,,,,,,,,1,,,,,
nan,nan,ENSBTAP00000048741,BOVIN,1.0,,,,,,,,,1,,,,,
nan,nan,ENSBTAP00000048761,BOVIN,1.0,,,,,,,,,1,,,,,
nan,nan,ENSBTAP00000048779,BOVIN,1.0,,,,,,,,,1,,,,,
nan,nan,ENSBTAP00000048786,BOVIN,1.0,,,,,,,,,1,,,,,
nan,nan,ENSBTAP00000048889,BOVIN,1.0,,,,,,,,,1,,,,,
nan,nan,ENSBTAP00000048911,BOVIN,1.0,,,,,,,,,1,,,,,
nan,nan,ENSBTAP00000044833,BOVIN,1.0,,,,,,,,,1,,,,,
G3X865,G3X865_BOVIN,ENSBTAP00000049482,BOVIN,1.0,,,,,,,,,,,1,,,
P23275,OLF15_MOUSE,nan,MOUSE,1.0,,,,,,,,,1,,,,,
E2RBQ7,E2RBQ7_CANFA,ENSCAFP00000001805,CANFA,1.0,,,,,,,,,1,,,,,
E1BNT7,E1BNT7_BOVIN,ENSBTAP00000046365,BOVIN,1.0,,,,,,,,,1,,,,,
E1BPD5,E1BPD5_BOVIN,ENSBTAP00000052980,BOVIN,1.0,,,,,,,,,1,,,,,
E1BPG6,E1BPG6_BOVIN,ENSBTAP00000052933,BOVIN,1.0,,,,,,,,,1,,,,,
E1BQ36,E1BQ36_BOVIN,ENSBTAP00000052892,BOVIN,1.0,,,,,,,,,1,,,,,
E1C3R7,nan,nan,nan,1.0,,,,,,,,,1,,,,,
E1C3W1,nan,nan,nan,1.0,,,,,,1,,,,,,,,
E1C6J1,nan,nan,nan,1.0,,,,,,,,,1,,,,,
E2QVS8,E2QVS8_CANFA,ENSCAFP00000007972,CANFA,1.0,,,,,,,,,1,,,,,
E2QW56,E2QW56_CANFA,ENSCAFP00000012102,CANFA,1.0,,,,,,,,,1,,,,,
E2QWW1,E2QWW1_CANFA,ENSCAFP00000005252,CANFA,1.0,,,,,,,,,1,,,,,
E2QX28,E2QX28_CANFA,ENSCAFP00000016779,CANFA,1.0,,,,,,,,,1,,,,,
E2R075,E2R075_CANFA,ENSCAFP00000004426,CANFA,1.0,,,,,,,,,1,,,,,
E2R0T9,E2R0T9_CANFA,ENSCAFP00000017162,CANFA,1.0,,,,,,,,,1,,,,,
E2R0W9,E2R0W9_CANFA,ENSCAFP00000017157,CANFA,1.0,,,,,,,,,1,,,,,
E2R1P1,E2R1P1_CANFA,ENSCAFP00000011846,CANFA,1.0,,,,,,,,,1,,,,,
E2R1P2,E2R1P2_CANFA,ENSCAFP00000011842,CANFA,1.0,,,,,,,,,1,,,,,
E2R4C4,E2R4C4_CANFA,ENSCAFP00000035281,CANFA,1.0,,,,,,,,,1,,,,,
E2R6W4,E2R6W4_CANFA,ENSCAFP00000015886,CANFA,1.0,,,,,,,,,1,,,,,
E2R7F4,E2R7F4_CANFA,ENSCAFP00000016833,CANFA,1.0,,,,,,,,,1,,,,,
E2R8W9,E2R8W9_CANFA,ENSCAFP00000011456,CANFA,1.0,,,,,,,,,1,,,,,
E2R9M8,E2R9M8_CANFA,ENSCAFP00000016532,CANFA,1.0,,,,,,,,,1,,,,,
E1BNP4,E1BNP4_BOVIN,ENSBTAP00000007649,BOVIN,1.0,,,,,,,,,1,,,,,
E1BN84,E1BN84_BOVIN,ENSBTAP00000034406,BOVIN,1.0,,,,,,,,,1,,,,,
E1BMZ1,E1BMZ1_BOVIN,ENSBTAP00000038896,BOVIN,1.0,,,,,,,,,1,,,,,
E1BH00,E1BH00_BOVIN,ENSBTAP00000046870,BOVIN,1.0,,,,,,,,,1,,,,,
E1BC26,E1BC26_BOVIN,ENSBTAP00000049619,BOVIN,1.0,,,,,,,,,1,,,,,
E1BD37,E1BD37_BOVIN,ENSBTAP00000023594,BOVIN,1.0,,,,,,,,,1,,,,,
E1BDU4,E1BDU4_BOVIN,ENSBTAP00000042624,BOVIN,1.0,,,,,,,,,1,,,,,
E1BEF5,E1BEF5_BOVIN,ENSBTAP00000048340,BOVIN,1.0,,,,,,,,,1,,,,,
E1BES4,E1BES4_BOVIN,ENSBTAP00000048758,BOVIN,1.0,,,,,,,,,1,,,,,
E1BFP5,E1BFP5_BOVIN,ENSBTAP00000042561,BOVIN,1.0,,,,,,,,,1,,,,,
E1BFR3,E1BFR3_BOVIN,ENSBTAP00000050141,BOVIN,1.0,,,,,,,,,1,,,,,
E1BFX0,E1BFX0_BOVIN,ENSBTAP00000051485,BOVIN,1.0,,,,,,,,,1,,,,,
E1BGV9,E1BGV9_BOVIN,ENSBTAP00000050556,BOVIN,1.0,,,,,,,,,1,,,,,
E1BH63,E1BH63_BOVIN,ENSBTAP00000050957,BOVIN,1.0,,,,,,,,,1,,,,,
E1BLN9,E1BLN9_BOVIN,ENSBTAP00000050311,BOVIN,1.0,,,,,,,,,1,,,,,
E1BH88,E1BH88_BOVIN,ENSBTAP00000048627,BOVIN,1.0,,,,,,,,,1,,,,,
E1BHP8,E1BHP8_BOVIN,ENSBTAP00000006124,BOVIN,1.0,,,,,,,,,1,,,,,
E1BHQ6,E1BHQ6_BOVIN,ENSBTAP00000001104,BOVIN,1.0,,,,,,,,,,,1,,,
E1BHX4,E1BHX4_BOVIN,ENSBTAP00000047781,BOVIN,1.0,,,,,,,,,1,,,,,
E1BJ73,E1BJ73_BOVIN,ENSBTAP00000042861,BOVIN,1.0,,,,,,,,,1,,,,,
E1BJS8,E1BJS8_BOVIN,ENSBTAP00000028534,BOVIN,1.0,,,,,,,,,1,,,,,
E1BK79,E1BK79_BOVIN,ENSBTAP00000020191,BOVIN,1.0,,,,,,,,,1,,,,,
E1BKC1,E1BKC1_BOVIN,ENSBTAP00000020136,BOVIN,1.0,,,,,,,,,1,,,,,
E1BKS7,E1BKS7_BOVIN,ENSBTAP00000043685,BOVIN,1.0,,,,,,,,,1,,,,,
E2RAM3,E2RAM3_CANFA,ENSCAFP00000034195,CANFA,1.0,,,,,,,,,1,,,,,
E2RBZ6,E2RBZ6_CANFA,ENSCAFP00000033121,CANFA,1.0,,,,,,,,,1,,,,,
P23274,O1468_RAT,nan,RAT,1.0,,,,,,,,,1,,,,,
E2RD57,E2RD57_CANFA,ENSCAFP00000033945,CANFA,1.0,,,,,,,,,1,,,,,
E9Q438,E9Q438_MOUSE,ENSMUSP00000074242,MOUSE,1.0,,,,,,,,,1,,,,,
E9Q4G0,E9Q4G0_MOUSE,ENSMUSP00000069662,MOUSE,1.0,,,,,,,,,1,,,,,
E9Q5G9,E9Q5G9_MOUSE,ENSMUSP00000093126,MOUSE,1.0,,,,,,,,,1,,,,,
E9Q5P8,E9Q5P8_MOUSE,ENSMUSP00000052426,MOUSE,1.0,,,,,,,,,1,,,,,
E9Q716,E9Q716_MOUSE,ENSMUSP00000079876,MOUSE,1.0,,,,,,,,,1,,,,,
E9Q725,E9Q725_MOUSE,ENSMUSP00000079834,MOUSE,1.0,,,,,,,,,1,,,,,
E9Q840,E9Q840_MOUSE,ENSMUSP00000079451,MOUSE,1.0,,,,,,,,,1,,,,,
E9Q985,E9Q985_MOUSE,ENSMUSP00000060106,MOUSE,1.0,,,,,,,,,1,,,,,
E9Q9Z0,E9Q9Z0_MOUSE,ENSMUSP00000073251,MOUSE,1.0,,,,,,,,,1,,,,,
F1LTK3,F1LTK3_RAT,ENSRNOP00000043991,RAT,1.0,,,,,,,,,1,,,,,
F1LTQ0,F1LTQ0_RAT,ENSRNOP00000031595,RAT,1.0,,,,,,,,,1,,,,,
F1LUD2,F1LUD2_RAT,ENSRNOP00000050914,RAT,1.0,,,,,,,,,,,,,,1
F1LV45,F1LV45_RAT,ENSRNOP00000017604,RAT,1.0,,,,,,,,,1,,,,,
F1LV77,F1LV77_RAT,ENSRNOP00000040084,RAT,1.0,,,,,,,,,1,,,,,
F1LW03,F1LW03_RAT,ENSRNOP00000024722,RAT,1.0,,,,,,,,,1,,,,,
F1LW67,F1LW67_RAT,ENSRNOP00000029388,RAT,1.0,,,,,,,,,1,,,,,
F1LXW2,F1LXW2_RAT,ENSRNOP00000010341,RAT,1.0,,,,,,,,,1,,,,,
F1LY96,F1LY96_RAT,ENSRNOP00000006545,RAT,1.0,,,,,,,,,1,,,,,
F1LYF5,F1LYF5_RAT,ENSRNOP00000039843,RAT,1.0,,,,,,,,,1,,,,,
F1M1K2,F1M1K2_RAT,ENSRNOP00000063537,RAT,1.0,,,,,,,,,1,,,,,
F1M1N8,F1M1N8_RAT,ENSRNOP00000037172,RAT,1.0,,,,,,,,,1,,,,,
E9Q1P0,E9Q1P0_MOUSE,ENSMUSP00000074740,MOUSE,1.0,,,,,,,,,1,,,,,
E9Q0Y7,E9Q0Y7_MOUSE,ENSMUSP00000050893,MOUSE,1.0,,,,,,,,,1,,,,,
E9Q0Q2,E9Q0Q2_MOUSE,ENSMUSP00000054305,MOUSE,1.0,,,,,,,,,1,,,,,
E2RRF7,E2RRF7_CANFA,ENSCAFP00000021076,CANFA,1.0,,,,,,,,,1,,,,,
E2REB9,E2REB9_CANFA,ENSCAFP00000033676,CANFA,1.0,,,,,,,,,1,,,,,
E2REG2,E2REG2_CANFA,ENSCAFP00000033635,CANFA,1.0,,,,,,,,,1,,,,,
E2RH12,E2RH12_CANFA,ENSCAFP00000022349,CANFA,1.0,,,,,,,,,1,,,,,
E2RI25,E2RI25_CANFA,ENSCAFP00000033887,CANFA,1.0,,,,,,,,,1,,,,,
E2RLI3,E2RLI3_CANFA,ENSCAFP00000021227,CANFA,1.0,,,,,,,,,1,,,,,
E2RLN0,E2RLN0_CANFA,ENSCAFP00000022518,CANFA,1.0,,,,,,,,,1,,,,,
E2RMY6,E2RMY6_CANFA,ENSCAFP00000010218,CANFA,1.0,,,,,,,,,1,,,,,
E2RN07,E2RN07_CANFA,ENSCAFP00000033764,CANFA,1.0,,,,,,,,,1,,,,,
E2RPL6,E2RPL6_CANFA,ENSCAFP00000003308,CANFA,1.0,,,,,,,,,1,,,,,
E2RSV8,E2RSV8_CANFA,ENSCAFP00000005774,CANFA,1.0,,,,,,,,,1,,,,,
E9PZZ6,E9PZZ6_MOUSE,ENSMUSP00000078424,MOUSE,1.0,,,,,,,,,1,,,,,
E2RSV8,E2RSV8_CANFA,ENSCAFP00000022485,CANFA,1.0,,,,,,,,,1,,,,,
E9PT73,E9PT73_RAT,ENSRNOP00000042970,RAT,1.0,,,,,,,,,1,,,,,
E9PTW4,E9PTW4_RAT,ENSRNOP00000042115,RAT,1.0,,,,,,,,,1,,,,,
E9PU80,E9PU80_RAT,ENSRNOP00000000986,RAT,1.0,,,,,,,,,1,,,,,
E9PV79,E9PV79_MOUSE,ENSMUSP00000087276,MOUSE,1.0,,,,,,,,,1,,,,,
E9PXB8,E9PXB8_MOUSE,ENSMUSP00000132837,MOUSE,1.0,,,,,,,,,1,,,,,
E9PXH6,E9PXH6_MOUSE,ENSMUSP00000077220,MOUSE,1.0,,,,,,,,,1,,,,,
E9PYK6,E9PYK6_MOUSE,ENSMUSP00000078720,MOUSE,1.0,,,,,,,,,,,1,,,
E9PYP4,E9PYP4_MOUSE,ENSMUSP00000076285,MOUSE,1.0,,,,,,,,,,,1,,,
E1BBY4,E1BBY4_BOVIN,ENSBTAP00000044805,BOVIN,1.0,,,,,,,,,1,,,,,
E1BBV9,E1BBV9_BOVIN,ENSBTAP00000052424,BOVIN,1.0,,,,,,,,,1,,,,,
E1BBT1,E1BBT1_BOVIN,ENSBTAP00000049671,BOVIN,1.0,,,,,,,,,1,,,,,
E1BBR8,E1BBR8_BOVIN,ENSBTAP00000049676,BOVIN,1.0,,,,,,,,,1,,,,,
D4AAR1,D4AAR1_RAT,nan,RAT,1.0,,,,,,,,,1,,,,,
D4AAR2,D4AAR2_RAT,nan,RAT,1.0,,,,,,,,,1,,,,,
D4AAX4,D4AAX4_RAT,nan,RAT,1.0,,,,,,,,,1,,,,,
D4AB09,D4AB09_RAT,nan,RAT,1.0,,,,,,,,,1,,,,,
D4AB32,nan,nan,nan,1.0,,,,,,,,,1,,,,,
D4ABA1,D4ABA1_RAT,nan,RAT,1.0,,,,,,,,,1,,,,,
D4ABA2,D4ABA2_RAT,nan,RAT,1.0,,,,,,,,,1,,,,,
D4ABB6,D4ABB6_RAT,nan,RAT,1.0,,,,,,,,,,,,,,1
D4ABI3,D4ABI3_RAT,nan,RAT,1.0,,,,,,,,,1,,,,,
D4ABL8,D4ABL8_RAT,nan,RAT,1.0,,,,,,,,,1,,,,,
D4ABM2,nan,nan,nan,1.0,,,,,,,,,1,,,,,
D4ABS4,D4ABS4_RAT,nan,RAT,1.0,,,,,,,,,1,,,,,
D4ABY9,nan,nan,nan,1.0,,,,,,,,,1,,,,,
D4ABZ0,nan,nan,nan,1.0,,,,,,,,,1,,,,,
D4AC00,D4AC00_RAT,nan,RAT,1.0,,,,,,,,,,,1,,,
D4AC22,nan,nan,nan,1.0,,,,,,,,,1,,,,,
D4AC32,D4AC32_RAT,nan,RAT,1.0,,,,,,,,,1,,,,,
D4AC47,nan,nan,nan,1.0,,,,,,,,,,,1,,,
D4AC79,D4AC79_RAT,nan,RAT,1.0,,,,,,,,,1,,,,,
D4ACJ6,D4ACJ6_RAT,nan,RAT,1.0,,,,,,,,,1,,,,,
D4ACK2,D4ACK2_RAT,nan,RAT,1.0,,,,,,,,,1,,,,,
D4AAG7,D4AAG7_RAT,nan,RAT,1.0,,,,,,,,,1,,,,,
D4AAF4,D4AAF4_RAT,nan,RAT,1.0,,,,,,,,,,,1,,,
D4AAE0,D4AAE0_RAT,nan,RAT,1.0,,,,,,,,,,,1,,,
D4A926,D4A926_RAT,nan,RAT,1.0,,,,,,,,,1,,,,,
D4A894,nan,nan,nan,1.0,,,,,,,,,1,,,,,
D4A8E9,D4A8E9_RAT,nan,RAT,1.0,,,,,,,,,1,,,,,
D4A8F8,D4A8F8_RAT,nan,RAT,1.0,,,,,,,,,1,,,,,
D4A8P4,nan,nan,nan,1.0,,,,,,,,,1,,,,,
D4A8Q3,D4A8Q3_RAT,nan,RAT,1.0,,,,,,,,,1,,,,,
D4A8Q4,D4A8Q4_RAT,nan,RAT,1.0,,,,,,,,,1,,,,,
D4A8Q7,D4A8Q7_RAT,nan,RAT,1.0,,,,,,,,,1,,,,,
D4A8Q9,nan,nan,nan,1.0,,,,,,,,,1,,,,,
D4A8V3,D4A8V3_RAT,nan,RAT,1.0,,,,,,,,,,,,,,1
D4A9A2,D4A9A2_RAT,nan,RAT,1.0,,,,,,,,,1,,,,,
D4AAC9,nan,nan,nan,1.0,,,,,,,,,1,,,,,
D4A9E2,D4A9E2_RAT,nan,RAT,1.0,,,,,,,,,1,,,,,
D4A9G7,D4A9G7_RAT,nan,RAT,1.0,,,,,,,,,1,,,,,
D4A9I2,D4A9I2_RAT,nan,RAT,1.0,,,,,,,,,1,,,,,
D4A9M3,D4A9M3_RAT,nan,RAT,1.0,,,,,,,,,1,,,,,
D4A9W9,D4A9W9_RAT,nan,RAT,1.0,,,,,,,,,1,,,,,
D4A9X3,D4A9X3_RAT,nan,RAT,1.0,,,,,,,,,1,,,,,
D4AA28,D4AA28_RAT,nan,RAT,1.0,,,,,,,,,1,,,,,
D4AA87,D4AA87_RAT,nan,RAT,1.0,,,,,,,,,1,,,,,
D4AAC2,D4AAC2_RAT,nan,RAT,1.0,,,,,,,,,,,1,,,
D4ACQ7,D4ACQ7_RAT,nan,RAT,1.0,,,,,,,,,1,,,,,
D4ACU7,D4ACU7_RAT,nan,RAT,1.0,,,,,,,,,1,,,,,
D4ACV4,nan,nan,nan,1.0,,,,,,,,,1,,,,,
E1B938,E1B938_BOVIN,ENSBTAP00000005708,BOVIN,1.0,,,,,,,,,1,,,,,
D4AEF8,D4AEF8_RAT,nan,RAT,1.0,,,,,,,,,1,,,,,
E1B6Y4,E1B6Y4_BOVIN,ENSBTAP00000006850,BOVIN,1.0,,,,,,,,,,,1,,,
E1B7A2,E1B7A2_BOVIN,ENSBTAP00000052375,BOVIN,1.0,,,,,,,,,1,,,,,
E1B7B2,E1B7B2_BOVIN,ENSBTAP00000049959,BOVIN,1.0,,,,,,,,,,,1,,,
E1B7I7,E1B7I7_BOVIN,ENSBTAP00000037403,BOVIN,1.0,,,,,,,,,1,,,,,
E1B7Y5,E1B7Y5_BOVIN,ENSBTAP00000052201,BOVIN,1.0,,,,,,,,,1,,,,,
E1B831,E1B831_BOVIN,ENSBTAP00000049462,BOVIN,1.0,,,,,,,,,1,,,,,
E1B8L1,E1B8L1_BOVIN,ENSBTAP00000038351,BOVIN,1.0,,,,,,,,,1,,,,,
E1B8U0,E1B8U0_BOVIN,ENSBTAP00000036869,BOVIN,1.0,,,,,,,,,1,,,,,
E1B952,E1B952_BOVIN,ENSBTAP00000049297,BOVIN,1.0,,,,,,,,,1,,,,,
D4AEF2,D4AEF2_RAT,nan,RAT,1.0,,,,,,,,,1,,,,,
E1B9J0,E1B9J0_BOVIN,ENSBTAP00000053009,BOVIN,1.0,,,,,,,,,1,,,,,
E1B9V0,E1B9V0_BOVIN,ENSBTAP00000048906,BOVIN,1.0,,,,,,,,,1,,,,,
E1B9W8,E1B9W8_BOVIN,ENSBTAP00000000968,BOVIN,1.0,,,,,,,,,1,,,,,
E1B9X6,E1B9X6_BOVIN,ENSBTAP00000025339,BOVIN,1.0,,,,,,,,,1,,,,,
E1B9Z0,E1B9Z0_BOVIN,ENSBTAP00000049333,BOVIN,1.0,,,,,,,,,,,1,,,
E1BA55,E1BA55_BOVIN,ENSBTAP00000052120,BOVIN,1.0,,,,,,,,,1,,,,,
E1BAE5,E1BAE5_BOVIN,ENSBTAP00000052104,BOVIN,1.0,,,,,,,,,1,,,,,
E1BB61,E1BB61_BOVIN,ENSBTAP00000049541,BOVIN,1.0,,,,,,,,,1,,,,,
E1BB68,E1BB68_BOVIN,ENSBTAP00000049596,BOVIN,1.0,,,,,,,,,1,,,,,
D4AEF3,D4AEF3_RAT,nan,RAT,1.0,,,,,,,,,1,,,,,
D4AEB7,D4AEB7_RAT,nan,RAT,1.0,,,,,,,,,1,,,,,
D4ACV6,D4ACV6_RAT,nan,RAT,1.0,,,,,,,,,1,,,,,
D4ADC0,D4ADC0_RAT,nan,RAT,1.0,,,,,,,,,1,,,,,
D4AD00,D4AD00_RAT,nan,RAT,1.0,,,,,,,,,1,,,,,
D4AD10,D4AD10_RAT,nan,RAT,1.0,,,,,,,,,1,,,,,
D4AD16,D4AD16_RAT,nan,RAT,1.0,,,,,,,,,1,,,,,
D4AD28,D4AD28_RAT,nan,RAT,1.0,,,,,,,,,1,,,,,
D4AD42,D4AD42_RAT,nan,RAT,1.0,,,,,,,,,1,,,,,
D4AD51,nan,nan,nan,1.0,,,,,,,,,,,1,,,
D4AD59,D4AD59_RAT,nan,RAT,1.0,,,,,,,,,1,,,,,
D4AD60,D4AD60_RAT,nan,RAT,1.0,,,,,,,,,1,,,,,
D4AD96,nan,nan,nan,1.0,,,,,,,,,1,,,,,
D4ADH0,D4ADH0_RAT,nan,RAT,1.0,,,,,,,,,1,,,,,
D4AE92,D4AE92_RAT,nan,RAT,1.0,,,,,,,,,1,,,,,
D4ADK2,D4ADK2_RAT,nan,RAT,1.0,,,,,,,,,1,,,,,
D4ADM1,D4ADM1_RAT,nan,RAT,1.0,,,,,,,,,1,,,,,
D4ADX2,D4ADX2_RAT,nan,RAT,1.0,,,,,,,,,1,,,,,
D4ADY4,D4ADY4_RAT,nan,RAT,1.0,,,,,,,,,,,1,,,
D4AE34,nan,nan,nan,1.0,,,,,,,,,1,,,,,
D4AE38,D4AE38_RAT,nan,RAT,1.0,,,,,,,,,1,,,,,
D4AE39,D4AE39_RAT,nan,RAT,1.0,,,,,,,,,1,,,,,
D4AE84,D4AE84_RAT,nan,RAT,1.0,,,,,,,,,1,,,,,
D4AE91,D4AE91_RAT,nan,RAT,1.0,,,,,,,,,1,,,,,
F1M2D1,F1M2D1_RAT,ENSRNOP00000025177,RAT,1.0,,,,,,,,,1,,,,,
F1M3A7,F1M3A7_RAT,ENSRNOP00000049036,RAT,1.0,,,,,,,,,1,,,,,
F1M3L9,F1M3L9_RAT,ENSRNOP00000011632,RAT,1.0,,,,,,,,,1,,,,,
F1PIH5,F1PIH5_CANFA,ENSCAFP00000033170,CANFA,1.0,,,,,,,,,1,,,,,
F1PYF9,F1PYF9_CANFA,ENSCAFP00000035163,CANFA,1.0,,,,,,,,,1,,,,,
F1PYK8,F1PYK8_CANFA,ENSCAFP00000016860,CANFA,1.0,,,,,,,,,1,,,,,
F1PZM3,F1PZM3_CANFA,ENSCAFP00000011987,CANFA,1.0,,,,,,,,,,,1,,,
F1PZM5,F1PZM5_CANFA,ENSCAFP00000011983,CANFA,1.0,,,,,,,,,,,1,,,
F1Q005,F1Q005_CANFA,ENSCAFP00000011932,CANFA,1.0,,,,,,,,,1,,,,,
F1Q060,F1Q060_CANFA,ENSCAFP00000016766,CANFA,1.0,,,,,,,,,1,,,,,
F1Q0R7,F1Q0R7_CANFA,ENSCAFP00000011466,CANFA,1.0,,,,,,,,,1,,,,,
F1Q0T5,F1Q0T5_CANFA,ENSCAFP00000011455,CANFA,1.0,,,,,,,,,,,1,,,
F1Q0T6,F1Q0T6_CANFA,ENSCAFP00000011453,CANFA,1.0,,,,,,,,,,,1,,,
F1Q0T7,F1Q0T7_CANFA,ENSCAFP00000011452,CANFA,1.0,,,,,,,,,,,1,,,
F1Q199,F1Q199_CANFA,ENSCAFP00000011814,CANFA,1.0,,,,,,,,,1,,,,,
F1Q1U2,F1Q1U2_CANFA,ENSCAFP00000016625,CANFA,1.0,,,,,,,,,1,,,,,
F1Q204,F1Q204_CANFA,ENSCAFP00000035374,CANFA,1.0,,,,,,,,,1,,,,,
F1Q2Q7,F1Q2Q7_CANFA,ENSCAFP00000011329,CANFA,1.0,,,,,,,,,1,,,,,
F1Q321,F1Q321_CANFA,ENSCAFP00000016571,CANFA,1.0,,,,,,,,,,,1,,,
F1Q339,F1Q339_CANFA,ENSCAFP00000028531,CANFA,1.0,,,,,,,,,1,,,,,
F1Q3L0,F1Q3L0_CANFA,ENSCAFP00000016546,CANFA,1.0,,,,,,,,,1,,,,,
F1Q3T9,F1Q3T9_CANFA,ENSCAFP00000035299,CANFA,1.0,,,,,,,,,1,,,,,
F1Q3U7,F1Q3U7_CANFA,ENSCAFP00000035279,CANFA,1.0,,,,,,,,,1,,,,,
F1Q3Y8,F1Q3Y8_CANFA,ENSCAFP00000035233,CANFA,1.0,,,,,,,,,1,,,,,
F1Q4G1,F1Q4G1_CANFA,ENSCAFP00000035215,CANFA,1.0,,,,,,,,,1,,,,,
F1PY32,F1PY32_CANFA,ENSCAFP00000016888,CANFA,1.0,,,,,,,,,1,,,,,
F1PY30,F1PY30_CANFA,ENSCAFP00000016890,CANFA,1.0,,,,,,,,,1,,,,,
F1PXR4,F1PXR4_CANFA,ENSCAFP00000030329,CANFA,1.0,,,,,,,,,1,,,,,
F1PR15,F1PR15_CANFA,ENSCAFP00000032878,CANFA,1.0,,,,,,,,,,,1,,,
F1PKK2,F1PKK2_CANFA,ENSCAFP00000003922,CANFA,1.0,,,,,,,,,1,,,,,
F1PL61,F1PL61_CANFA,ENSCAFP00000032559,CANFA,1.0,,,,,,,,,1,,,,,
F1PLE2,F1PLE2_CANFA,ENSCAFP00000015870,CANFA,1.0,,,,,,,,,1,,,,,
F1PM83,F1PM83_CANFA,ENSCAFP00000015812,CANFA,1.0,,,,,,,,,1,,,,,
F1PNS1,F1PNS1_CANFA,ENSCAFP00000034924,CANFA,1.0,,,,,,,,,1,,,,,
F1PPP7,F1PPP7_CANFA,ENSCAFP00000015761,CANFA,1.0,,,,,,,,,1,,,,,
F1PPY5,F1PPY5_CANFA,ENSCAFP00000034357,CANFA,1.0,,,,,,,,,1,,,,,
F1PQH8,F1PQH8_CANFA,ENSCAFP00000034871,CANFA,1.0,,,,,,,,,1,,,,,
F1PR11,F1PR11_CANFA,ENSCAFP00000032887,CANFA,1.0,,,,,,,,,1,,,,,
F1PSY0,F1PSY0_CANFA,ENSCAFP00000003625,CANFA,1.0,,,,,,,,,1,,,,,
F1PXB1,F1PXB1_CANFA,ENSCAFP00000030332,CANFA,1.0,,,,,,,,,1,,,,,
F1PSY1,F1PSY1_CANFA,ENSCAFP00000003624,CANFA,1.0,,,,,,,,,1,,,,,
F1PTC6,F1PTC6_CANFA,ENSCAFP00000001696,CANFA,1.0,,,,,,,,,1,,,,,
F1PTK9,F1PTK9_CANFA,ENSCAFP00000009939,CANFA,1.0,,,,,,,,,1,,,,,
F1PTU0,F1PTU0_CANFA,ENSCAFP00000034710,CANFA,1.0,,,,,,,,,,,,,,1
F1PU69,F1PU69_CANFA,ENSCAFP00000032785,CANFA,1.0,,,,,,,,,,,1,,,
F1PVA1,F1PVA1_CANFA,ENSCAFP00000012133,CANFA,1.0,,,,,,,,,1,,,,,
F1PVC2,F1PVC2_CANFA,ENSCAFP00000012114,CANFA,1.0,,,,,,,,,1,,,,,
F1PW78,F1PW78_CANFA,ENSCAFP00000031203,CANFA,1.0,,,,,,,,,1,,,,,
F1PXA7,F1PXA7_CANFA,ENSCAFP00000030334,CANFA,1.0,,,,,,,,,1,,,,,
F1Q4J7,F1Q4J7_CANFA,ENSCAFP00000011225,CANFA,1.0,,,,,,,,,1,,,,,
F6PIZ3,F6PIZ3_MACMU,ENSMMUP00000003299,MACMU,1.0,,,,,,,,,1,,,,,
F6PJA5,F6PJA5_MONDO,ENSMODP00000015580,MONDO,1.0,,,,,,,,,1,,,,,
F6QVF8,F6QVF8_MONDO,ENSMODP00000010948,MONDO,1.0,,,,,,,,,1,,,,,
F6QLL6,F6QLL6_MONDO,ENSMODP00000031760,MONDO,1.0,,,,,,,,,1,,,,,
F6QQN1,F6QQN1_ORNAN,ENSOANP00000011503,ORNAN,1.0,,,,,,,,,1,,,,,
F6QRL4,F6QRL4_MACMU,ENSMMUP00000037570,MACMU,1.0,,,,,,,,,1,,,,,
F6QRV9,F6QRV9_MONDO,ENSMODP00000031238,MONDO,1.0,,,,,,,,,1,,,,,
F6QRX8,F6QRX8_MONDO,ENSMODP00000031236,MONDO,1.0,,,,,,,,,1,,,,,
F6QS09,F6QS09_MONDO,ENSMODP00000031233,MONDO,1.0,,,,,,,,,1,,,,,
F6QSA7,F6QSA7_MACMU,ENSMMUP00000037558,MACMU,1.0,,,,,,,,,1,,,,,
F6QSB9,F6QSB9_MACMU,ENSMMUP00000037557,MACMU,1.0,,,,,,,,,1,,,,,
F6QUK9,F6QUK9_MACMU,ENSMMUP00000025045,MACMU,1.0,,,,,,,,,1,,,,,
F6QXC1,F6QXC1_MACMU,ENSMMUP00000013267,MACMU,1.0,,,,,,,,,1,,,,,
F6QLJ8,F6QLJ8_MONDO,ENSMODP00000031762,MONDO,1.0,,,,,,,,,1,,,,,
F6QYZ2,F6QYZ2_MACMU,ENSMMUP00000013249,MACMU,1.0,,,,,,,,,1,,,,,
F6R2N1,F6R2N1_MONDO,ENSMODP00000024997,MONDO,1.0,,,,,,,,,1,,,,,
F6R3F5,F6R3F5_MONDO,ENSMODP00000024979,MONDO,1.0,,,,,,,,,1,,,,,
F6R3J0,F6R3J0_MONDO,ENSMODP00000024974,MONDO,1.0,,,,,,,,,1,,,,,
F6R3L1,F6R3L1_MONDO,ENSMODP00000024972,MONDO,1.0,,,,,,,,,,,1,,,
F6R4T6,F6R4T6_ORNAN,ENSOANP00000027198,ORNAN,1.0,,,,,,,,,,,1,,,
F6RAS7,F6RAS7_XENTR,ENSXETP00000003633,XENTR,1.0,,,,,,,,,1,,,,,
F6RAX8,F6RAX8_XENTR,ENSXETP00000003630,XENTR,1.0,,,,,,,,,1,,,,,
F6RIW4,F6RIW4_MONDO,ENSMODP00000033597,MONDO,1.0,,,,,,,,,1,,,,,
F6QLK8,F6QLK8_MONDO,ENSMODP00000031761,MONDO,1.0,,,,,,,,,1,,,,,
F6QLJ0,F6QLJ0_MONDO,ENSMODP00000031763,MONDO,1.0,,,,,,,,,1,,,,,
F6PJF8,F6PJF8_MONDO,ENSMODP00000015578,MONDO,1.0,,,,,,,,,1,,,,,
F6Q0P1,F6Q0P1_MONDO,ENSMODP00000015663,MONDO,1.0,,,,,,,,,1,,,,,
F6PJJ7,F6PJJ7_MONDO,ENSMODP00000015570,MONDO,1.0,,,,,,,,,1,,,,,
F6PJW5,F6PJW5_MONDO,ENSMODP00000015567,MONDO,1.0,,,,,,,,,1,,,,,
F6PJY6,F6PJY6_MONDO,ENSMODP00000015563,MONDO,1.0,,,,,,,,,1,,,,,
F6PJZ1,F6PJZ1_MONDO,ENSMODP00000015562,MONDO,1.0,,,,,,,,,1,,,,,
F6PKE9,F6PKE9_MONDO,ENSMODP00000015556,MONDO,1.0,,,,,,,,,1,,,,,
F6PRN4,F6PRN4_MONDO,ENSMODP00000010897,MONDO,1.0,,,,,,,,,1,,,,,
F6PTB5,F6PTB5_MONDO,ENSMODP00000010877,MONDO,1.0,,,,,,,,,1,,,,,
F6PX04,F6PX04_MACMU,ENSMMUP00000016849,MACMU,1.0,,,,,,,,,1,,,,,
F6PXJ3,F6PXJ3_XENTR,ENSXETP00000054723,XENTR,1.0,,,,,,,,,1,,,,,
F6Q228,F6Q228_MONDO,ENSMODP00000015649,MONDO,1.0,,,,,,,,,1,,,,,
F6QLH7,F6QLH7_MONDO,ENSMODP00000031764,MONDO,1.0,,,,,,,,,1,,,,,
F6Q2U3,F6Q2U3_MONDO,ENSMODP00000015636,MONDO,1.0,,,,,,,,,1,,,,,
F6QAR0,F6QAR0_ORNAN,ENSOANP00000013839,ORNAN,1.0,,,,,,,,,1,,,,,
F6QB03,F6QB03_MONDO,ENSMODP00000010964,MONDO,1.0,,,,,,,,,1,,,,,
F6QGK8,F6QGK8_MACMU,ENSMMUP00000037261,MACMU,1.0,,,,,,,,,,,1,,,
F6QGL9,F6QGL9_MACMU,ENSMMUP00000037260,MACMU,1.0,,,,,,,,,,,1,,,
F6QKJ4,F6QKJ4_XENTR,ENSXETP00000054830,XENTR,1.0,,,,,,,,,,,1,,,
F6QLC5,F6QLC5_MONDO,ENSMODP00000031768,MONDO,1.0,,,,,,,,,1,,,,,
F6QLD9,F6QLD9_MONDO,ENSMODP00000031767,MONDO,1.0,,,,,,,,,1,,,,,
F6QLG5,F6QLG5_MONDO,ENSMODP00000031765,MONDO,1.0,,,,,,,,,1,,,,,
F1PIK8,F1PIK8_CANFA,ENSCAFP00000032655,CANFA,1.0,,,,,,,,,1,,,,,
F1PIG6,F1PIG6_CANFA,ENSCAFP00000033177,CANFA,1.0,,,,,,,,,1,,,,,
F1M488,F1M488_RAT,ENSRNOP00000038958,RAT,1.0,,,,,,,,,1,,,,,
F1PI38,F1PI38_CANFA,ENSCAFP00000033748,CANFA,1.0,,,,,,,,,1,,,,,
F1MKD2,F1MKD2_BOVIN,ENSBTAP00000049398,BOVIN,1.0,,,,,,,,,1,,,,,
F1MKG8,F1MKG8_BOVIN,ENSBTAP00000049605,BOVIN,1.0,,,,,,,,,1,,,,,
F1MKY5,F1MKY5_BOVIN,ENSBTAP00000018984,BOVIN,1.0,,,,,,,,,1,,,,,
F1MLW5,F1MLW5_BOVIN,ENSBTAP00000018558,BOVIN,1.0,,,,,,,,,,,1,,,
F1MM69,F1MM69_BOVIN,ENSBTAP00000034310,BOVIN,1.0,,,,,,,,,1,,,,,
F1MMW9,F1MMW9_BOVIN,ENSBTAP00000025749,BOVIN,1.0,,,,,,,,,1,,,,,
F1MP80,F1MP80_BOVIN,ENSBTAP00000053081,BOVIN,1.0,,,,,,,,,1,,,,,
F1MPB8,F1MPB8_BOVIN,ENSBTAP00000053053,BOVIN,1.0,,,,,,,,,1,,,,,
F1MPD7,F1MPD7_BOVIN,ENSBTAP00000044837,BOVIN,1.0,,,,,,,,,1,,,,,
F1MPE8,F1MPE8_BOVIN,ENSBTAP00000039286,BOVIN,1.0,,,,,,,,,1,,,,,
F1MQN3,F1MQN3_BOVIN,ENSBTAP00000052093,BOVIN,1.0,,,,,,,,,,,1,,,
F1MQZ3,F1MQZ3_BOVIN,ENSBTAP00000048810,BOVIN,1.0,,,,,,,,,1,,,,,
F1MR68,F1MR68_BOVIN,ENSBTAP00000048729,BOVIN,1.0,,,,,,,,,1,,,,,
F1MR72,F1MR72_BOVIN,ENSBTAP00000048720,BOVIN,1.0,,,,,,,,,1,,,,,
F1MR97,F1MR97_BOVIN,ENSBTAP00000052148,BOVIN,1.0,,,,,,,,,1,,,,,
F1MRB2,F1MRB2_BOVIN,ENSBTAP00000052057,BOVIN,1.0,,,,,,,,,1,,,,,
F1MRD3,F1MRD3_BOVIN,ENSBTAP00000048706,BOVIN,1.0,,,,,,,,,,,1,,,
F1MRS9,F1MRS9_BOVIN,ENSBTAP00000052014,BOVIN,1.0,,,,,,,,,1,,,,,
F1MRT4,F1MRT4_BOVIN,ENSBTAP00000012751,BOVIN,1.0,,,,,,,,,1,,,,,
F1MS80,F1MS80_BOVIN,ENSBTAP00000043852,BOVIN,1.0,,,,,,,,,1,,,,,
F1MT09,F1MT09_BOVIN,ENSBTAP00000036889,BOVIN,1.0,,,,,,,,,,,1,,,
F1MK22,F1MK22_BOVIN,ENSBTAP00000051832,BOVIN,1.0,,,,,,,,,1,,,,,
F1MJ86,F1MJ86_BOVIN,ENSBTAP00000051798,BOVIN,1.0,,,,,,,,,1,,,,,
F1MHI8,F1MHI8_BOVIN,ENSBTAP00000031413,BOVIN,1.0,,,,,,,,,1,,,,,
F1MBI7,F1MBI7_BOVIN,ENSBTAP00000031192,BOVIN,1.0,,,,,,,,,1,,,,,
F1M571,F1M571_RAT,ENSRNOP00000026511,RAT,1.0,,,,,,,,,1,,,,,
F1M660,F1M660_RAT,ENSRNOP00000007603,RAT,1.0,,,,,,,,,1,,,,,
F1M7K2,F1M7K2_RAT,ENSRNOP00000000953,RAT,1.0,,,,,,,,,1,,,,,
F1M899,F1M899_RAT,ENSRNOP00000045160,RAT,1.0,,,,,,,,,1,,,,,
F1M8E2,F1M8E2_RAT,ENSRNOP00000026503,RAT,1.0,,,,,,,,,1,,,,,
F1MAA6,F1MAA6_RAT,ENSRNOP00000041991,RAT,1.0,,,,,,,,,1,,,,,
F1MAE9,F1MAE9_RAT,ENSRNOP00000042222,RAT,1.0,,,,,,,,,1,,,,,
F1MAI1,F1MAI1_RAT,ENSRNOP00000044744,RAT,1.0,,,,,,,,,1,,,,,
F1MBA9,F1MBA9_BOVIN,ENSBTAP00000049625,BOVIN,1.0,,,,,,,,,1,,,,,
F1MC01,F1MC01_BOVIN,ENSBTAP00000050545,BOVIN,1.0,,,,,,,,,1,,,,,
F1MGP4,F1MGP4_BOVIN,ENSBTAP00000050608,BOVIN,1.0,,,,,,,,,1,,,,,
F1MCT6,F1MCT6_BOVIN,ENSBTAP00000050263,BOVIN,1.0,,,,,,,,,1,,,,,
F1MCV0,F1MCV0_BOVIN,ENSBTAP00000050245,BOVIN,1.0,,,,,,,,,1,,,,,
F1MCV1,F1MCV1_BOVIN,ENSBTAP00000050242,BOVIN,1.0,,,,,,,,,1,,,,,
F1MD01,F1MD01_BOVIN,ENSBTAP00000046656,BOVIN,1.0,,,,,,,,,1,,,,,
F1MDP9,F1MDP9_BOVIN,ENSBTAP00000048174,BOVIN,1.0,,,,,,,,,1,,,,,
F1MDY7,F1MDY7_BOVIN,ENSBTAP00000050726,BOVIN,1.0,,,,,,,,,1,,,,,
F1MEP2,F1MEP2_BOVIN,ENSBTAP00000046723,BOVIN,1.0,,,,,,,,,1,,,,,
F1MFE3,F1MFE3_BOVIN,ENSBTAP00000050106,BOVIN,1.0,,,,,,,,,1,,,,,
F1MGH4,F1MGH4_BOVIN,ENSBTAP00000010658,BOVIN,1.0,,,,,,,,,1,,,,,
F1MT53,F1MT53_BOVIN,ENSBTAP00000048851,BOVIN,1.0,,,,,,,,,1,,,,,
F1MTB0,F1MTB0_BOVIN,ENSBTAP00000036969,BOVIN,1.0,,,,,,,,,1,,,,,
F1MTL2,F1MTL2_BOVIN,ENSBTAP00000001225,BOVIN,1.0,,,,,,,,,1,,,,,
F1PBZ2,F1PBZ2_CANFA,ENSCAFP00000030047,CANFA,1.0,,,,,,,,,,,1,,,
F1NS90,F1NS90_CHICK,ENSGALP00000000210,CHICK,1.0,,,,,,,,,1,,,,,
F1NS92,F1NS92_CHICK,ENSGALP00000000204,CHICK,1.0,,,,,,,,,1,,,,,
F1NT59,F1NT59_CHICK,ENSGALP00000007018,CHICK,1.0,,,,,,,,,,,1,,,
F1P7B8,F1P7B8_CANFA,ENSCAFP00000017878,CANFA,1.0,,,,,,,,,1,,,,,
F1P811,F1P811_CANFA,ENSCAFP00000033608,CANFA,1.0,,,,,,,,,1,,,,,
F1P839,F1P839_CANFA,ENSCAFP00000033066,CANFA,1.0,,,,,,,,,1,,,,,
F1P876,F1P876_CANFA,ENSCAFP00000021071,CANFA,1.0,,,,,,,,,1,,,,,
F1P9M2,F1P9M2_CANFA,ENSCAFP00000033599,CANFA,1.0,,,,,,,,,,,1,,,
F1PBY4,F1PBY4_CANFA,ENSCAFP00000030053,CANFA,1.0,,,,,,,,,1,,,,,
F1PDF2,F1PDF2_CANFA,ENSCAFP00000031365,CANFA,1.0,,,,,,,,,1,,,,,
F1N7J1,F1N7J1_BOVIN,ENSBTAP00000050807,BOVIN,1.0,,,,,,,,,1,,,,,
F1PE93,F1PE93_CANFA,ENSCAFP00000029205,CANFA,1.0,,,,,,,,,1,,,,,
F1PEC8,F1PEC8_CANFA,ENSCAFP00000026762,CANFA,1.0,,,,,,,,,1,,,,,
F1PGN0,F1PGN0_CANFA,ENSCAFP00000005239,CANFA,1.0,,,,,,,,,1,,,,,
F1PGN1,F1PGN1_CANFA,ENSCAFP00000005238,CANFA,1.0,,,,,,,,,1,,,,,
F1PGN8,F1PGN8_CANFA,ENSCAFP00000005226,CANFA,1.0,,,,,,,,,1,,,,,
F1PGV6,F1PGV6_CANFA,ENSCAFP00000021806,CANFA,1.0,,,,,,,,,1,,,,,
F1PH43,F1PH43_CANFA,ENSCAFP00000033249,CANFA,1.0,,,,,,,,,1,,,,,
F1PI02,F1PI02_CANFA,ENSCAFP00000005442,CANFA,1.0,,,,,,,,,1,,,,,
F1PI02,F1PI02_CANFA,ENSCAFP00000034963,CANFA,1.0,,,,,,,,,1,,,,,
F1N7V9,F1N7V9_BOVIN,ENSBTAP00000052207,BOVIN,1.0,,,,,,,,,1,,,,,
F1N6K2,F1N6K2_BOVIN,ENSBTAP00000052357,BOVIN,1.0,,,,,,,,,1,,,,,
F1MU73,F1MU73_BOVIN,ENSBTAP00000049172,BOVIN,1.0,,,,,,,,,1,,,,,
F1N0R0,F1N0R0_BOVIN,ENSBTAP00000028258,BOVIN,1.0,,,,,,,,,1,,,,,
F1MUL7,F1MUL7_BOVIN,ENSBTAP00000051396,BOVIN,1.0,,,,,,,,,1,,,,,
F1MVG0,F1MVG0_BOVIN,ENSBTAP00000047834,BOVIN,1.0,,,,,,,,,1,,,,,
F1MWC9,F1MWC9_BOVIN,ENSBTAP00000047723,BOVIN,1.0,,,,,,,,,1,,,,,
F1MWP2,F1MWP2_BOVIN,ENSBTAP00000023807,BOVIN,1.0,,,,,,,,,1,,,,,
F1MXR1,F1MXR1_BOVIN,ENSBTAP00000028631,BOVIN,1.0,,,,,,,,,1,,,,,
F1MY99,F1MY99_BOVIN,ENSBTAP00000004091,BOVIN,1.0,,,,,,,,,1,,,,,
F1MZ20,F1MZ20_BOVIN,ENSBTAP00000004029,BOVIN,1.0,,,,,,,,,1,,,,,
F1MZK3,F1MZK3_BOVIN,ENSBTAP00000035152,BOVIN,1.0,,,,,,,,,1,,,,,
F1N0I8,F1N0I8_BOVIN,ENSBTAP00000047515,BOVIN,1.0,,,,,,,,,1,,,,,
F1N0V5,F1N0V5_BOVIN,ENSBTAP00000047637,BOVIN,1.0,,,,,,,,,1,,,,,
F1N486,F1N486_BOVIN,ENSBTAP00000052879,BOVIN,1.0,,,,,,,,,1,,,,,
F1N1E8,F1N1E8_BOVIN,ENSBTAP00000007767,BOVIN,1.0,,,,,,,,,1,,,,,
F1N1H6,F1N1H6_BOVIN,ENSBTAP00000052800,BOVIN,1.0,,,,,,,,,1,,,,,
F1N201,F1N201_BOVIN,ENSBTAP00000002518,BOVIN,1.0,,,,,,,,,1,,,,,
F1N253,F1N253_BOVIN,ENSBTAP00000052957,BOVIN,1.0,,,,,,,,,1,,,,,
F1N273,F1N273_BOVIN,ENSBTAP00000019371,BOVIN,1.0,,,,,,,,,1,,,,,
F1N2W1,F1N2W1_BOVIN,ENSBTAP00000014647,BOVIN,1.0,,,,,,,,,1,,,,,
F1N2Y0,F1N2Y0_BOVIN,ENSBTAP00000052783,BOVIN,1.0,,,,,,,,,1,,,,,
F1N3D0,F1N3D0_BOVIN,ENSBTAP00000052750,BOVIN,1.0,,,,,,,,,1,,,,,
F1N3H9,F1N3H9_BOVIN,ENSBTAP00000038782,BOVIN,1.0,,,,,,,,,1,,,,,
D4A854,nan,nan,nan,1.0,,,,,,,,,,,1,,,
D4A848,nan,nan,nan,1.0,,,,,,,,,1,,,,,
D4A847,D4A847_RAT,nan,RAT,1.0,,,,,,,,,1,,,,,
D3ZBF3,D3ZBF3_RAT,nan,RAT,1.0,,,,,,,,,1,,,,,
D3ZEE2,D3ZEE2_RAT,nan,RAT,1.0,,,,,,,,,1,,,,,
D3ZEE3,D3ZEE3_RAT,nan,RAT,1.0,,,,,,,,,1,,,,,
D3ZEG6,D3ZEG6_RAT,nan,RAT,1.0,,,,,,,,,1,,,,,
D3ZEL9,D3ZEL9_RAT,nan,RAT,1.0,,,,,,,,,1,,,,,
D3ZEP3,D3ZEP3_RAT,nan,RAT,1.0,,,,,,,,,1,,,,,
D3ZER5,nan,nan,nan,1.0,,,,,,,,,1,,,,,
D3ZES4,D3ZES4_RAT,nan,RAT,1.0,,,,,,,,,1,,,,,
D3ZEW2,D3ZEW2_RAT,nan,RAT,1.0,,,,,,,,,1,,,,,
D3ZEX4,D3ZEX4_RAT,nan,RAT,1.0,,,,,,,,,1,,,,,
D3ZEZ0,nan,nan,nan,1.0,,,,,,,,,,,1,,,
D3ZFA4,D3ZFA4_RAT,nan,RAT,1.0,,,,,,,,,1,,,,,
D3ZFG8,D3ZFG8_RAT,nan,RAT,1.0,,,,,,,,,1,,,,,
D3ZFL4,D3ZFL4_RAT,nan,RAT,1.0,,,,,,,,,1,,,,,
D3ZFS6,D3ZFS6_RAT,nan,RAT,1.0,,,,,,,,,1,,,,,
D3ZFV9,nan,nan,nan,1.0,,,,,,,,,1,,,,,
D3ZFW9,D3ZFW9_RAT,nan,RAT,1.0,,,,,,,,,1,,,,,
D3ZFZ6,D3ZFZ6_RAT,nan,RAT,1.0,,,,,,,,,1,,,,,
D3ZG09,D3ZG09_RAT,nan,RAT,1.0,,,,,,,,,1,,,,,
D3ZG29,D3ZG29_RAT,nan,RAT,1.0,,,,,,,,,1,,,,,
D3ZG51,nan,nan,nan,1.0,,,,,,,,,,,1,,,
D3ZG63,D3ZG63_RAT,nan,RAT,1.0,,,,,,,,,1,,,,,
D3ZEC4,D3ZEC4_RAT,nan,RAT,1.0,,,,,,,,,1,,,,,
D3ZE90,nan,nan,nan,1.0,,,,,,,,,1,,,,,
D3ZDY3,D3ZDY3_RAT,nan,RAT,1.0,,,,,,,,,1,,,,,
D3ZCV3,D3ZCV3_RAT,nan,RAT,1.0,,,,,,,,,1,,,,,
D3ZC06,D3ZC06_RAT,nan,RAT,1.0,,,,,,,,,1,,,,,
D3ZC12,D3ZC12_RAT,nan,RAT,1.0,,,,,,,,,1,,,,,
D3ZC37,nan,nan,nan,1.0,,,,,,,,,1,,,,,
D3ZC64,D3ZC64_RAT,nan,RAT,1.0,,,,,,,,,1,,,,,
D3ZCB5,nan,nan,nan,1.0,,,,,,,,,1,,,,,
D3ZCC4,D3ZCC4_RAT,nan,RAT,1.0,,,,,,,,,1,,,,,
D3ZCH0,D3ZCH0_RAT,nan,RAT,1.0,,,,,,,,,,,1,,,
D3ZCJ5,D3ZCJ5_RAT,nan,RAT,1.0,,,,,,,,,1,,,,,
D3ZCS8,D3ZCS8_RAT,nan,RAT,1.0,,,,,,,,,1,,,,,
D3ZCY8,D3ZCY8_RAT,nan,RAT,1.0,,,,,,,,,1,,,,,
D3ZDX8,D3ZDX8_RAT,nan,RAT,1.0,,,,,,,,,1,,,,,
D3ZD42,D3ZD42_RAT,nan,RAT,1.0,,,,,,,,,1,,,,,
D3ZD63,D3ZD63_RAT,nan,RAT,1.0,,,,,,,,,1,,,,,
D3ZDG9,D3ZDG9_RAT,nan,RAT,1.0,,,,,,,,,1,,,,,
D3ZDJ1,D3ZDJ1_RAT,nan,RAT,1.0,,,,,,,,,1,,,,,
D3ZDM1,D3ZDM1_RAT,nan,RAT,1.0,,,,,,,,,1,,,,,
D3ZDN2,nan,nan,nan,1.0,,,,,,,,,1,,,,,
D3ZDR4,D3ZDR4_RAT,nan,RAT,1.0,,,,,,,,,1,,,,,
D3ZDX4,nan,nan,nan,1.0,,,,,,,,,1,,,,,
D3ZDX6,nan,nan,nan,1.0,,,,,,,,,1,,,,,
D3ZGG1,D3ZGG1_RAT,nan,RAT,1.0,,,,,,,,,1,,,,,
D3ZGH1,D3ZGH1_RAT,nan,RAT,1.0,,,,,,,,,,,1,,,
D3ZGR9,nan,nan,nan,1.0,,,,,,,,,1,,,,,
D3ZK06,D3ZK06_RAT,nan,RAT,1.0,,,,,,,,,1,,,,,
D3ZIW2,D3ZIW2_RAT,nan,RAT,1.0,,,,,,,,,,,1,,,
D3ZJ03,nan,nan,nan,1.0,,,,,,,,,1,,,,,
D3ZJ38,D3ZJ38_RAT,nan,RAT,1.0,,,,,,,,,1,,,,,
D3ZJD9,D3ZJD9_RAT,nan,RAT,1.0,,,,,,,,,1,,,,,
D3ZJG5,D3ZJG5_RAT,nan,RAT,1.0,,,,,,,,,1,,,,,
D3ZJI2,D3ZJI2_RAT,nan,RAT,1.0,,,,,,,,,1,,,,,
D3ZJQ3,D3ZJQ3_RAT,nan,RAT,1.0,,,,,,,,,1,,,,,
D3ZJT7,nan,nan,nan,1.0,,,,,,,,,1,,,,,
D3ZJX2,nan,nan,nan,1.0,,,,,,,,,1,,,,,
D3ZK10,D3ZK10_RAT,nan,RAT,1.0,,,,,,,,,,,1,,,
D3ZIV0,D3ZIV0_RAT,nan,RAT,1.0,,,,,,,,,1,,,,,
D3ZK44,D3ZK44_RAT,nan,RAT,1.0,,,,,,,,,1,,,,,
D3ZK85,D3ZK85_RAT,nan,RAT,1.0,,,,,,,,,1,,,,,
D3ZKF9,D3ZKF9_RAT,nan,RAT,1.0,,,,,,,,,,,1,,,
D3ZKH8,D3ZKH8_RAT,nan,RAT,1.0,,,,,,,,,1,,,,,
D3ZKL5,D3ZKL5_RAT,nan,RAT,1.0,,,,,,,,,,,1,,,
D3ZKQ1,D3ZKQ1_RAT,nan,RAT,1.0,,,,,,,,,,,1,,,
D3ZKR4,D3ZKR4_RAT,nan,RAT,1.0,,,,,,,,,1,,,,,
D3ZKT5,D3ZKT5_RAT,nan,RAT,1.0,,,,,,,,,1,,,,,
D3ZL13,D3ZL13_RAT,nan,RAT,1.0,,,,,,,,,1,,,,,
D3ZIW1,D3ZIW1_RAT,nan,RAT,1.0,,,,,,,,,,,1,,,
D3ZIJ0,nan,nan,nan,1.0,,,,,,,,,1,,,,,
D3ZGS6,nan,nan,nan,1.0,,,,,,,,,1,,,,,
D3ZHM4,D3ZHM4_RAT,nan,RAT,1.0,,,,,,,,,1,,,,,
D3ZGT8,nan,nan,nan,1.0,,,,,,,,,1,,,,,
D3ZGU4,D3ZGU4_RAT,nan,RAT,1.0,,,,,,,,,1,,,,,
D3ZGW5,D3ZGW5_RAT,nan,RAT,1.0,,,,,,,,,1,,,,,
D3ZGY9,D3ZGY9_RAT,nan,RAT,1.0,,,,,,,,,1,,,,,
D3ZGZ8,D3ZGZ8_RAT,nan,RAT,1.0,,,,,,,,,1,,,,,
D3ZH01,nan,nan,nan,1.0,,,,,,,,,1,,,,,
D3ZH32,nan,nan,nan,1.0,,,,,,,,,1,,,,,
D3ZHL0,nan,nan,nan,1.0,,,,,,,,,1,,,,,
D3ZHL9,nan,nan,nan,1.0,,,,,,,,,1,,,,,
D3ZHS4,D3ZHS4_RAT,nan,RAT,1.0,,,,,,,,,1,,,,,
D3ZII6,D3ZII6_RAT,nan,RAT,1.0,,,,,,,,,1,,,,,
D3ZHU0,D3ZHU0_RAT,nan,RAT,1.0,,,,,,,,,1,,,,,
D3ZHZ7,nan,nan,nan,1.0,,,,,,,,,1,,,,,
D3ZI10,D3ZI10_RAT,nan,RAT,1.0,,,,,,,,,1,,,,,
D3ZI53,D3ZI53_RAT,nan,RAT,1.0,,,,,,,,,1,,,,,
D3ZIB4,D3ZIB4_RAT,nan,RAT,1.0,,,,,,,,,1,,,,,
D3ZID3,D3ZID3_RAT,nan,RAT,1.0,,,,,,,,,1,,,,,
D3ZIE7,D3ZIE7_RAT,nan,RAT,1.0,,,,,,,,,1,,,,,
D3ZII0,nan,nan,nan,1.0,,,,,,,,,1,,,,,
D3ZII3,D3ZII3_RAT,nan,RAT,1.0,,,,,,,,,,,,,,1
D3ZBQ8,nan,nan,nan,1.0,,,,,,,,,1,,,,,
D3ZB83,D3ZB83_RAT,nan,RAT,1.0,,,,,,,,,1,,,,,
D3ZL36,D3ZL36_RAT,nan,RAT,1.0,,,,,,,,,1,,,,,
D3ZB67,D3ZB67_RAT,nan,RAT,1.0,,,,,,,,,1,,,,,
A2AVC7,A2AVC7_MOUSE,nan,MOUSE,1.0,,,,,,,,,1,,,,,
A2AVK5,A2AVK5_MOUSE,nan,MOUSE,1.0,,,,,,,,,1,,,,,
A2AVL6,A2AVL6_MOUSE,nan,MOUSE,1.0,,,,,,,,,1,,,,,
A2AVT5,A2AVT5_MOUSE,nan,MOUSE,1.0,,,,,,,,,,,1,,,
A2AVW1,A2AVW1_MOUSE,nan,MOUSE,1.0,,,,,,,,,1,,,,,
A2AVW3,A2AVW3_MOUSE,nan,MOUSE,1.0,,,,,,,,,1,,,,,
A2BDZ2,nan,nan,nan,1.0,,,,,,,,,1,,,,,
A2BDZ7,A2BDZ7_MOUSE,nan,MOUSE,1.0,,,,,,,,,,,1,,,
A2BF34,nan,nan,nan,1.0,,,,,,,,,1,,,,,
A2BFL7,A2BFL7_MOUSE,nan,MOUSE,1.0,,,,,,,,,1,,,,,
A2BHP6,A2BHP6_MOUSE,nan,MOUSE,1.0,,,,,,,,,,,1,,,
A2RT31,A2RT31_MOUSE,nan,MOUSE,1.0,,,,,,,,,1,,,,,
A2RTP5,A2RTP5_MOUSE,nan,MOUSE,1.0,,,,,,,,,1,,,,,
A3KG47,nan,nan,nan,1.0,,,,,,,,,1,,,,,
A4D2G3,O2A25_HUMAN,nan,HUMAN,1.0,,,,,,,,,1,,,,,
A4FU93,A4FU93_MOUSE,nan,MOUSE,1.0,,,,,,,,,1,,,,,
A4GXA4,A4GXA4_CANFA,ENSCAFP00000028524,CANFA,1.0,,,,,,,,,1,,,,,
A4IFF9,A4IFF9_BOVIN,ENSBTAP00000052659,BOVIN,1.0,,,,,,,,,1,,,,,
A6NHA9,O4C46_HUMAN,nan,HUMAN,1.0,,,,,,,,,1,,,,,
A6NHG9,O5H14_HUMAN,nan,HUMAN,1.0,,,,,,,,,,,1,,,
A6NL26,OR5BL_HUMAN,nan,HUMAN,1.0,,,,,,,,,1,,,,,
A2AVC4,A2AVC4_MOUSE,nan,MOUSE,1.0,,,,,,,,,1,,,,,
A2AVC3,A2AVC3_MOUSE,nan,MOUSE,1.0,,,,,,,,,1,,,,,
A2AVC0,A2AVC0_MOUSE,nan,MOUSE,1.0,,,,,,,,,,,1,,,
A2AT86,A2AT86_MOUSE,nan,MOUSE,1.0,,,,,,,,,1,,,,,
A1A5L9,A1A5L9_RAT,nan,RAT,1.0,,,,,,,,,1,,,,,
A2AHM8,A2AHM8_MOUSE,nan,MOUSE,1.0,,,,,,,,,1,,,,,
A2AK57,A2AK57_MOUSE,nan,MOUSE,1.0,,,,,,,,,1,,,,,
A2AK62,A2AK62_MOUSE,nan,MOUSE,1.0,,,,,,,,,,,1,,,
A2AM35,A2AM35_MOUSE,nan,MOUSE,1.0,,,,,,,,,1,,,,,
A2ARE8,nan,nan,nan,1.0,,,,,,,,,1,,,,,
A2ASV3,A2ASV3_MOUSE,nan,MOUSE,1.0,,,,,,,,,1,,,,,
A2AT81,nan,nan,nan,1.0,,,,,,,,,1,,,,,
A2AT85,A2AT85_MOUSE,nan,MOUSE,1.0,,,,,,,,,1,,,,,
A2ATA0,A2ATA0_MOUSE,nan,MOUSE,1.0,,,,,,,,,1,,,,,
A2AV42,A2AV42_MOUSE,nan,MOUSE,1.0,,,,,,,,,1,,,,,
A2ATE0,A2ATE0_MOUSE,nan,MOUSE,1.0,,,,,,,,,1,,,,,
A2ATE5,A2ATE5_MOUSE,nan,MOUSE,1.0,,,,,,,,,,,1,,,
A2ATW2,A2ATW2_MOUSE,nan,MOUSE,1.0,,,,,,,,,1,,,,,
A2AU30,nan,nan,nan,1.0,,,,,,,,,1,,,,,
A2AUA2,A2AUA2_MOUSE,nan,MOUSE,1.0,,,,,,,,,1,,,,,
A2AUA4,A2AUA4_MOUSE,nan,MOUSE,1.0,,,,,,,,,1,,,,,
A2AV10,A2AV10_MOUSE,nan,MOUSE,1.0,,,,,,,,,1,,,,,
A2AV13,A2AV13_MOUSE,nan,MOUSE,1.0,,,,,,,,,1,,,,,
A2AV41,A2AV41_MOUSE,nan,MOUSE,1.0,,,,,,,,,1,,,,,
B0UY34,nan,nan,nan,1.0,,,,,,,,,1,,,,,
B1ARL3,B1ARL3_MOUSE,nan,MOUSE,1.0,,,,,,,,,1,,,,,
B2RT33,B2RT33_MOUSE,nan,MOUSE,1.0,,,,,,,,,1,,,,,
D3ZAM8,D3ZAM8_RAT,nan,RAT,1.0,,,,,,,,,1,,,,,
D3Z9Y7,D3Z9Y7_RAT,nan,RAT,1.0,,,,,,,,,1,,,,,
D3ZA20,nan,nan,nan,1.0,,,,,,,,,1,,,,,
D3ZA29,D3ZA29_RAT,nan,RAT,1.0,,,,,,,,,,,1,,,
D3ZAB2,nan,nan,nan,1.0,,,,,,,,,1,,,,,
D3ZAF4,nan,nan,nan,1.0,,,,,,,,,1,,,,,
D3ZAG2,nan,nan,nan,1.0,,,,,,,,,1,,,,,
D3ZAG5,D3ZAG5_RAT,nan,RAT,1.0,,,,,,,,,1,,,,,
D3ZAH9,nan,nan,nan,1.0,,,,,,,,,,,,,,1
D3ZAM2,D3ZAM2_RAT,nan,RAT,1.0,,,,,,,,,1,,,,,
D3ZAM9,D3ZAM9_RAT,nan,RAT,1.0,,,,,,,,,1,,,,,
D3Z9W8,nan,nan,nan,1.0,,,,,,,,,1,,,,,
D3ZAR4,D3ZAR4_RAT,nan,RAT,1.0,,,,,,,,,1,,,,,
D3ZAT6,nan,nan,nan,1.0,,,,,,,,,1,,,,,
D3ZAW8,nan,nan,nan,1.0,,,,,,,,,1,,,,,
D3ZAW9,D3ZAW9_RAT,nan,RAT,1.0,,,,,,,,,1,,,,,
D3ZAZ6,D3ZAZ6_RAT,nan,RAT,1.0,,,,,,,,,,,,,,1
D3ZB20,D3ZB20_RAT,ENSRNOP00000007665,RAT,1.0,,,,,,,,,,,1,,,
D3ZB20,D3ZB20_RAT,nan,RAT,1.0,,,,,,,,,,,1,,,
D3ZB54,D3ZB54_RAT,nan,RAT,1.0,,,,,,,,,1,,,,,
D3ZB62,nan,nan,nan,1.0,,,,,,,,,1,,,,,
D3Z9Y6,D3Z9Y6_RAT,nan,RAT,1.0,,,,,,,,,1,,,,,
D3Z9V0,D3Z9V0_RAT,nan,RAT,1.0,,,,,,,,,1,,,,,
B2RVX8,B2RVX8_MOUSE,nan,MOUSE,1.0,,,,,,,,,,,1,,,
D3Z859,nan,nan,nan,1.0,,,,,,,,,1,,,,,
B5ME66,nan,nan,nan,1.0,,,,,,,,,1,,,,,
B9EHG2,B9EHG2_MOUSE,nan,MOUSE,1.0,,,,,,,,,1,,,,,
C9JKE5,nan,nan,nan,1.0,,,,,,,,,1,,,,,
D3Z0F8,nan,nan,nan,1.0,,,,,,,,,1,,,,,
D3Z2C3,nan,nan,nan,1.0,,,,,,,,,1,,,,,
D3Z4P9,nan,nan,nan,1.0,,,,,,,,,1,,,,,
D3Z4R8,nan,nan,nan,1.0,,,,,,,,,,,1,,,
D3Z530,nan,nan,nan,1.0,,,,,,,,,1,,,,,
D3Z819,D3Z819_RAT,nan,RAT,1.0,,,,,,,,,1,,,,,
D3Z8G1,D3Z8G1_RAT,nan,RAT,1.0,,,,,,,,,,,1,,,
D3Z9J0,D3Z9J0_RAT,nan,RAT,1.0,,,,,,,,,,,,,,1
D3Z8H4,D3Z8H4_RAT,nan,RAT,1.0,,,,,,,,,1,,,,,
D3Z8T1,D3Z8T1_RAT,nan,RAT,1.0,,,,,,,,,1,,,,,
D3Z8U2,nan,nan,nan,1.0,,,,,,,,,1,,,,,
D3Z8V8,D3Z8V8_RAT,nan,RAT,1.0,,,,,,,,,1,,,,,
D3Z983,nan,nan,nan,1.0,,,,,,,,,1,,,,,
D3Z984,D3Z984_RAT,nan,RAT,1.0,,,,,,,,,1,,,,,
D3Z9F0,nan,nan,nan,1.0,,,,,,,,,1,,,,,
D3Z9H0,D3Z9H0_RAT,nan,RAT,1.0,,,,,,,,,1,,,,,
D3Z9I7,D3Z9I7_RAT,nan,RAT,1.0,,,,,,,,,1,,,,,
D3ZL33,D3ZL33_RAT,nan,RAT,1.0,,,,,,,,,1,,,,,
D3ZL48,D3ZL48_RAT,nan,RAT,1.0,,,,,,,,,1,,,,,
D4A846,D4A846_RAT,nan,RAT,1.0,,,,,,,,,1,,,,,
D3ZV77,nan,nan,nan,1.0,,,,,,,,,1,,,,,
D3ZZJ3,D3ZZJ3_RAT,nan,RAT,1.0,,,,,,,,,1,,,,,
D3ZZK4,D3ZZK4_RAT,nan,RAT,1.0,,,,,,,,,1,,,,,
D3ZZL2,nan,nan,nan,1.0,,,,,,,,,1,,,,,
D3ZZM5,D3ZZM5_RAT,nan,RAT,1.0,,,,,,,,,1,,,,,
D3ZZN7,D3ZZN7_RAT,nan,RAT,1.0,,,,,,,,,1,,,,,
D3ZZY8,D3ZZY8_RAT,nan,RAT,1.0,,,,,,,,,1,,,,,
D3ZZZ2,D3ZZZ2_RAT,nan,RAT,1.0,,,,,,,,,,,,,,1
D3ZZZ6,D3ZZZ6_RAT,nan,RAT,1.0,,,,,,,,,1,,,,,
D4A012,D4A012_RAT,nan,RAT,1.0,,,,,,,,,1,,,,,
D4A089,D4A089_RAT,nan,RAT,1.0,,,,,,,,,1,,,,,
D4A090,D4A090_RAT,nan,RAT,1.0,,,,,,,,,1,,,,,
D4A0A6,D4A0A6_RAT,nan,RAT,1.0,,,,,,,,,1,,,,,
D4A0A9,D4A0A9_RAT,nan,RAT,1.0,,,,,,,,,1,,,,,
D4A0B9,D4A0B9_RAT,nan,RAT,1.0,,,,,,,,,1,,,,,
D4A0C2,D4A0C2_RAT,nan,RAT,1.0,,,,,,,,,1,,,,,
D4A0N4,D4A0N4_RAT,nan,RAT,1.0,,,,,,,,,1,,,,,
D4A0V2,nan,nan,nan,1.0,,,,,,,,,1,,,,,
D4A130,D4A130_RAT,nan,RAT,1.0,,,,,,,,,1,,,,,
D4A145,D4A145_RAT,nan,RAT,1.0,,,,,,,,,1,,,,,
D4A1E3,D4A1E3_RAT,nan,RAT,1.0,,,,,,,,,,,1,,,
D4A1G5,D4A1G5_RAT,nan,RAT,1.0,,,,,,,,,1,,,,,
D3ZZC8,D3ZZC8_RAT,nan,RAT,1.0,,,,,,,,,1,,,,,
D3ZZ28,D3ZZ28_RAT,nan,RAT,1.0,,,,,,,,,1,,,,,
D3ZYZ7,D3ZYZ7_RAT,nan,RAT,1.0,,,,,,,,,1,,,,,
D3ZXJ7,nan,nan,nan,1.0,,,,,,,,,1,,,,,
D3ZVH4,D3ZVH4_RAT,nan,RAT,1.0,,,,,,,,,1,,,,,
D3ZVM8,D3ZVM8_RAT,nan,RAT,1.0,,,,,,,,,1,,,,,
D3ZVP1,D3ZVP1_RAT,nan,RAT,1.0,,,,,,,,,1,,,,,
D3ZW45,nan,nan,nan,1.0,,,,,,,,,1,,,,,
D3ZW76,nan,nan,nan,1.0,,,,,,,,,1,,,,,
D3ZW97,D3ZW97_RAT,nan,RAT,1.0,,,,,,,,,1,,,,,
D3ZWD7,D3ZWD7_RAT,nan,RAT,1.0,,,,,,,,,1,,,,,
D3ZWF0,nan,nan,nan,1.0,,,,,,,,,1,,,,,
D3ZWI7,nan,nan,nan,1.0,,,,,,,,,,,1,,,
D3ZXN0,D3ZXN0_RAT,nan,RAT,1.0,,,,,,,,,1,,,,,
D3ZYW9,nan,nan,nan,1.0,,,,,,,,,1,,,,,
D3ZXY0,D3ZXY0_RAT,nan,RAT,1.0,,,,,,,,,,,1,,,
D3ZYA5,D3ZYA5_RAT,nan,RAT,1.0,,,,,,,,,1,,,,,
D3ZYB2,D3ZYB2_RAT,nan,RAT,1.0,,,,,,,,,1,,,,,
D3ZYB3,D3ZYB3_RAT,nan,RAT,1.0,,,,,,,,,1,,,,,
D3ZYB5,nan,nan,nan,1.0,,,,,,,,,1,,,,,
D3ZYE0,D3ZYE0_RAT,nan,RAT,1.0,,,,,,,,,,,1,,,
D3ZYN1,D3ZYN1_RAT,nan,RAT,1.0,,,,,,,,,1,,,,,
D3ZYN3,nan,nan,nan,1.0,,,,,,,,,1,,,,,
D3ZYQ1,D3ZYQ1_RAT,nan,RAT,1.0,,,,,,,,,,,1,,,
D4A1N4,nan,nan,nan,1.0,,,,,,,,,1,,,,,
D4A1P9,nan,nan,nan,1.0,,,,,,,,,1,,,,,
D4A215,D4A215_RAT,nan,RAT,1.0,,,,,,,,,1,,,,,
D4A5T5,nan,nan,nan,1.0,,,,,,,,,1,,,,,
D4A4X9,D4A4X9_RAT,nan,RAT,1.0,,,,,,,,,1,,,,,
D4A501,D4A501_RAT,nan,RAT,1.0,,,,,,,,,,,,,,1
D4A571,D4A571_RAT,nan,RAT,1.0,,,,,,,,,1,,,,,
D4A5A1,nan,nan,nan,1.0,,,,,,,,,1,,,,,
D4A5G9,D4A5G9_RAT,nan,RAT,1.0,,,,,,,,,1,,,,,
D4A5L0,D4A5L0_RAT,nan,RAT,1.0,,,,,,,,,1,,,,,
D4A5L8,D4A5L8_RAT,nan,RAT,1.0,,,,,,,,,1,,,,,
D4A5P2,D4A5P2_RAT,nan,RAT,1.0,,,,,,,,,1,,,,,
D4A5R9,D4A5R9_RAT,nan,RAT,1.0,,,,,,,,,,,1,,,
D4A5Z8,D4A5Z8_RAT,nan,RAT,1.0,,,,,,,,,,,1,,,
D4A4M1,D4A4M1_RAT,nan,RAT,1.0,,,,,,,,,,,1,,,
D4A607,D4A607_RAT,nan,RAT,1.0,,,,,,,,,,,1,,,
D4A6K6,D4A6K6_RAT,nan,RAT,1.0,,,,,,,,,,,1,,,
D4A6R8,nan,nan,nan,1.0,,,,,,,,,1,,,,,
D4A7L1,nan,nan,nan,1.0,,,,,,,,,1,,,,,
D4A7L2,D4A7L2_RAT,nan,RAT,1.0,,,,,,,,,1,,,,,
D4A816,D4A816_RAT,nan,RAT,1.0,,,,,,,,,1,,,,,
D4A819,nan,nan,nan,1.0,,,,,,,,,1,,,,,
D4A840,D4A840_RAT,nan,RAT,1.0,,,,,,,,,1,,,,,
D4A841,D4A841_RAT,nan,RAT,1.0,,,,,,,,,1,,,,,
D4A4W0,D4A4W0_RAT,nan,RAT,1.0,,,,,,,,,1,,,,,
D4A4L3,D4A4L3_RAT,nan,RAT,1.0,,,,,,,,,1,,,,,
D4A216,nan,nan,nan,1.0,,,,,,,,,1,,,,,
D4A2R4,D4A2R4_RAT,nan,RAT,1.0,,,,,,,,,1,,,,,
D4A220,D4A220_RAT,nan,RAT,1.0,,,,,,,,,1,,,,,
D4A222,D4A222_RAT,nan,RAT,1.0,,,,,,,,,1,,,,,
D4A223,D4A223_RAT,nan,RAT,1.0,,,,,,,,,1,,,,,
D4A246,D4A246_RAT,nan,RAT,1.0,,,,,,,,,1,,,,,
D4A252,D4A252_RAT,nan,RAT,1.0,,,,,,,,,1,,,,,
D4A293,nan,nan,nan,1.0,,,,,,,,,,,1,,,
D4A2B5,D4A2B5_RAT,nan,RAT,1.0,,,,,,,,,1,,,,,
D4A2D9,nan,nan,nan,1.0,,,,,,,,,1,,,,,
D4A2I1,D4A2I1_RAT,nan,RAT,1.0,,,,,,,,,1,,,,,
D4A2S5,D4A2S5_RAT,nan,RAT,1.0,,,,,,,,,1,,,,,
D4A4L0,D4A4L0_RAT,nan,RAT,1.0,,,,,,,,,,,1,,,
D4A2Y4,D4A2Y4_RAT,nan,RAT,1.0,,,,,,,,,1,,,,,
D4A300,D4A300_RAT,nan,RAT,1.0,,,,,,,,,1,,,,,
D4A326,nan,nan,nan,1.0,,,,,,,,,,,1,,,
D4A337,D4A337_RAT,nan,RAT,1.0,,,,,,,,,1,,,,,
D4A3K0,D4A3K0_RAT,nan,RAT,1.0,,,,,,,,,1,,,,,
D4A3M3,D4A3M3_RAT,nan,RAT,1.0,,,,,,,,,1,,,,,
D4A3V1,D4A3V1_RAT,nan,RAT,1.0,,,,,,,,,1,,,,,
D4A403,D4A403_RAT,nan,RAT,1.0,,,,,,,,,1,,,,,
D4A461,nan,nan,nan,1.0,,,,,,,,,1,,,,,
D3ZVG9,D3ZVG9_RAT,nan,RAT,1.0,,,,,,,,,1,,,,,
D3ZV69,D3ZV69_RAT,nan,RAT,1.0,,,,,,,,,1,,,,,
D3ZLA9,D3ZLA9_RAT,nan,RAT,1.0,,,,,,,,,1,,,,,
D3ZV28,D3ZV28_RAT,nan,RAT,1.0,,,,,,,,,1,,,,,
D3ZMM6,D3ZMM6_RAT,nan,RAT,1.0,,,,,,,,,1,,,,,
D3ZMW7,nan,nan,nan,1.0,,,,,,,,,1,,,,,
D3ZN10,D3ZN10_RAT,nan,RAT,1.0,,,,,,,,,1,,,,,
D3ZNE6,D3ZNE6_RAT,nan,RAT,1.0,,,,,,,,,1,,,,,
D3ZNL0,D3ZNL0_RAT,nan,RAT,1.0,,,,,,,,,1,,,,,
D3ZNL1,nan,nan,nan,1.0,,,,,,,,,1,,,,,
D3ZNT1,nan,nan,nan,1.0,,,,,,,,,1,,,,,
D3ZNU9,D3ZNU9_RAT,nan,RAT,1.0,,,,,,,,,1,,,,,
D3ZNV1,D3ZNV1_RAT,nan,RAT,1.0,,,,,,,,,1,,,,,
D3ZP24,D3ZP24_RAT,nan,RAT,1.0,,,,,,,,,1,,,,,
D3ZP83,D3ZP83_RAT,nan,RAT,1.0,,,,,,,,,1,,,,,
D3ZPA4,D3ZPA4_RAT,nan,RAT,1.0,,,,,,,,,1,,,,,
D3ZPB4,D3ZPB4_RAT,nan,RAT,1.0,,,,,,,,,1,,,,,
D3ZPB9,D3ZPB9_RAT,nan,RAT,1.0,,,,,,,,,1,,,,,
D3ZPR3,D3ZPR3_RAT,nan,RAT,1.0,,,,,,,,,1,,,,,
D3ZPS2,D3ZPS2_RAT,nan,RAT,1.0,,,,,,,,,1,,,,,
D3ZPS6,D3ZPS6_RAT,nan,RAT,1.0,,,,,,,,,1,,,,,
D3ZPY5,D3ZPY5_RAT,nan,RAT,1.0,,,,,,,,,1,,,,,
D3ZQ42,D3ZQ42_RAT,nan,RAT,1.0,,,,,,,,,1,,,,,
D3ZQB3,D3ZQB3_RAT,nan,RAT,1.0,,,,,,,,,,,1,,,
D3ZQD6,D3ZQD6_RAT,nan,RAT,1.0,,,,,,,,,,,1,,,
D3ZML9,nan,nan,nan,1.0,,,,,,,,,1,,,,,
D3ZMK8,D3ZMK8_RAT,nan,RAT,1.0,,,,,,,,,1,,,,,
D3ZMK1,D3ZMK1_RAT,nan,RAT,1.0,,,,,,,,,,,1,,,
D3ZLT2,D3ZLT2_RAT,nan,RAT,1.0,,,,,,,,,1,,,,,
D3ZLB9,D3ZLB9_RAT,nan,RAT,1.0,,,,,,,,,1,,,,,
D3ZLF2,nan,nan,nan,1.0,,,,,,,,,1,,,,,
D3ZLF8,D3ZLF8_RAT,nan,RAT,1.0,,,,,,,,,1,,,,,
D3ZLG4,nan,nan,nan,1.0,,,,,,,,,1,,,,,
D3ZLG7,D3ZLG7_RAT,nan,RAT,1.0,,,,,,,,,1,,,,,
D3ZLJ2,nan,nan,nan,1.0,,,,,,,,,1,,,,,
D3ZLK0,D3ZLK0_RAT,nan,RAT,1.0,,,,,,,,,1,,,,,
D3ZLR1,D3ZLR1_RAT,nan,RAT,1.0,,,,,,,,,1,,,,,
D3ZLS8,D3ZLS8_RAT,nan,RAT,1.0,,,,,,,,,1,,,,,
D3ZLU2,D3ZLU2_RAT,nan,RAT,1.0,,,,,,,,,1,,,,,
D3ZME1,D3ZME1_RAT,nan,RAT,1.0,,,,,,,,,1,,,,,
D3ZLV0,D3ZLV0_RAT,nan,RAT,1.0,,,,,,,,,,,1,,,
D3ZLV1,nan,nan,nan,1.0,,,,,,,,,1,,,,,
D3ZLW2,D3ZLW2_RAT,nan,RAT,1.0,,,,,,,,,1,,,,,
D3ZLX8,D3ZLX8_RAT,nan,RAT,1.0,,,,,,,,,1,,,,,
D3ZLY6,D3ZLY6_RAT,nan,RAT,1.0,,,,,,,,,,,1,,,
D3ZM13,nan,nan,nan,1.0,,,,,,,,,1,,,,,
D3ZM73,D3ZM73_RAT,nan,RAT,1.0,,,,,,,,,1,,,,,
D3ZM97,D3ZM97_RAT,nan,RAT,1.0,,,,,,,,,1,,,,,
D3ZMC3,nan,nan,nan,1.0,,,,,,,,,1,,,,,
D3ZQE6,D3ZQE6_RAT,nan,RAT,1.0,,,,,,,,,1,,,,,
D3ZQG4,D3ZQG4_RAT,nan,RAT,1.0,,,,,,,,,1,,,,,
D3ZQI8,D3ZQI8_RAT,nan,RAT,1.0,,,,,,,,,1,,,,,
D3ZTH6,D3ZTH6_RAT,nan,RAT,1.0,,,,,,,,,1,,,,,
D3ZSJ4,D3ZSJ4_RAT,nan,RAT,1.0,,,,,,,,,1,,,,,
D3ZSV0,D3ZSV0_RAT,nan,RAT,1.0,,,,,,,,,,,1,,,
D3ZSW0,D3ZSW0_RAT,nan,RAT,1.0,,,,,,,,,1,,,,,
D3ZSZ8,nan,nan,nan,1.0,,,,,,,,,1,,,,,
D3ZT09,nan,nan,nan,1.0,,,,,,,,,1,,,,,
D3ZT13,D3ZT13_RAT,nan,RAT,1.0,,,,,,,,,1,,,,,
D3ZT33,D3ZT33_RAT,nan,RAT,1.0,,,,,,,,,1,,,,,
D3ZTD3,nan,nan,nan,1.0,,,,,,,,,1,,,,,
D3ZTG0,D3ZTG0_RAT,nan,RAT,1.0,,,,,,,,,1,,,,,
D3ZTL4,nan,nan,nan,1.0,,,,,,,,,1,,,,,
D3ZSJ1,D3ZSJ1_RAT,nan,RAT,1.0,,,,,,,,,1,,,,,
D3ZTP7,D3ZTP7_RAT,nan,RAT,1.0,,,,,,,,,1,,,,,
D3ZTQ8,D3ZTQ8_RAT,nan,RAT,1.0,,,,,,,,,1,,,,,
D3ZTQ9,nan,nan,nan,1.0,,,,,,,,,1,,,,,
D3ZTU1,D3ZTU1_RAT,nan,RAT,1.0,,,,,,,,,1,,,,,
D3ZU58,nan,nan,nan,1.0,,,,,,,,,,,1,,,
D3ZUB8,nan,nan,nan,1.0,,,,,,,,,1,,,,,
D3ZUL7,D3ZUL7_RAT,nan,RAT,1.0,,,,,,,,,1,,,,,
D3ZUP7,nan,nan,nan,1.0,,,,,,,,,1,,,,,
D3ZUX8,D3ZUX8_RAT,nan,RAT,1.0,,,,,,,,,1,,,,,
D3ZSJ2,D3ZSJ2_RAT,nan,RAT,1.0,,,,,,,,,1,,,,,
D3ZSJ0,D3ZSJ0_RAT,nan,RAT,1.0,,,,,,,,,1,,,,,
D3ZQS4,D3ZQS4_RAT,nan,RAT,1.0,,,,,,,,,,,,,,1
D3ZS00,D3ZS00_RAT,nan,RAT,1.0,,,,,,,,,1,,,,,
D3ZQT3,D3ZQT3_RAT,nan,RAT,1.0,,,,,,,,,1,,,,,
D3ZQU0,D3ZQU0_RAT,nan,RAT,1.0,,,,,,,,,1,,,,,
D3ZQX0,nan,nan,nan,1.0,,,,,,,,,1,,,,,
D3ZQX7,D3ZQX7_RAT,nan,RAT,1.0,,,,,,,,,1,,,,,
D3ZR67,D3ZR67_RAT,nan,RAT,1.0,,,,,,,,,1,,,,,
D3ZRJ4,D3ZRJ4_RAT,nan,RAT,1.0,,,,,,,,,,,1,,,
D3ZRP9,nan,nan,nan,1.0,,,,,,,,,1,,,,,
D3ZRR3,nan,nan,nan,1.0,,,,,,,,,1,,,,,
D3ZRT8,nan,nan,nan,1.0,,,,,,,,,1,,,,,
D3ZS20,D3ZS20_RAT,nan,RAT,1.0,,,,,,,,,,,1,,,
D3ZSI3,D3ZSI3_RAT,nan,RAT,1.0,,,,,,,,,1,,,,,
D3ZS60,D3ZS60_RAT,nan,RAT,1.0,,,,,,,,,1,,,,,
D3ZS65,nan,nan,nan,1.0,,,,,,,,,1,,,,,
D3ZS90,nan,nan,nan,1.0,,,,,,,,,1,,,,,
D3ZSB2,D3ZSB2_RAT,nan,RAT,1.0,,,,,,,,,1,,,,,
D3ZSD5,D3ZSD5_RAT,nan,RAT,1.0,,,,,,,,,1,,,,,
D3ZSG8,nan,nan,nan,1.0,,,,,,,,,1,,,,,
D3ZSH2,D3ZSH2_RAT,nan,RAT,1.0,,,,,,,,,1,,,,,
D3ZSH4,D3ZSH4_RAT,nan,RAT,1.0,,,,,,,,,1,,,,,
D3ZSI2,D3ZSI2_RAT,nan,RAT,1.0,,,,,,,,,1,,,,,
F6RJV7,F6RJV7_XENTR,ENSXETP00000030416,XENTR,1.0,,,,,,,,,1,,,,,
F6RKS8,F6RKS8_XENTR,ENSXETP00000054227,XENTR,1.0,,,,,,,,,1,,,,,
F6RN74,F6RN74_MONDO,ENSMODP00000024967,MONDO,1.0,,,,,,,,,,,1,,,
F7GIE1,F7GIE1_MONDO,ENSMODP00000025080,MONDO,1.0,,,,,,,,,,,1,,,
F7H0B8,F7H0B8_MACMU,ENSMMUP00000003765,MACMU,1.0,,,,,,,,,1,,,,,
F7H0H3,F7H0H3_MACMU,ENSMMUP00000027590,MACMU,1.0,,,,,,,,,1,,,,,
F7H272,F7H272_MACMU,ENSMMUP00000015708,MACMU,1.0,,,,,,,,,1,,,,,
F7H466,F7H466_MACMU,ENSMMUP00000008712,MACMU,1.0,,,,,,,,,1,,,,,
F7H754,F7H754_MACMU,ENSMMUP00000003550,MACMU,1.0,,,,,,,,,1,,,,,
F7H881,F7H881_MACMU,ENSMMUP00000012134,MACMU,1.0,,,,,,,,,1,,,,,
F7H8P7,F7H8P7_MACMU,ENSMMUP00000039835,MACMU,1.0,,,,,,,,,1,,,,,
F7H8Y9,F7H8Y9_MACMU,ENSMMUP00000022857,MACMU,1.0,,,,,,,,,1,,,,,
F7HBA1,F7HBA1_MACMU,ENSMMUP00000015857,MACMU,1.0,,,,,,,,,1,,,,,
F7HC12,F7HC12_MACMU,ENSMMUP00000034637,MACMU,1.0,,,,,,,,,1,,,,,
F7HC70,F7HC70_MACMU,ENSMMUP00000015371,MACMU,1.0,,,,,,,,,1,,,,,
F7HCB6,F7HCB6_MACMU,ENSMMUP00000015369,MACMU,1.0,,,,,,,,,1,,,,,
F7HCB8,F7HCB8_MACMU,ENSMMUP00000015368,MACMU,1.0,,,,,,,,,1,,,,,
F7HDH8,F7HDH8_MACMU,ENSMMUP00000015839,MACMU,1.0,,,,,,,,,1,,,,,
F7HES1,F7HES1_MACMU,ENSMMUP00000024273,MACMU,1.0,,,,,,,,,1,,,,,
F7HES3,F7HES3_MACMU,ENSMMUP00000024272,MACMU,1.0,,,,,,,,,1,,,,,
F7HES5,F7HES5_MACMU,ENSMMUP00000024271,MACMU,1.0,,,,,,,,,1,,,,,
F7HHB3,F7HHB3_MACMU,ENSMMUP00000024230,MACMU,1.0,,,,,,,,,1,,,,,
F7HKN8,F7HKN8_MACMU,ENSMMUP00000039601,MACMU,1.0,,,,,,,,,1,,,,,
F7HKX2,F7HKX2_MACMU,ENSMMUP00000039487,MACMU,1.0,,,,,,,,,1,,,,,
F7HKX9,F7HKX9_MACMU,ENSMMUP00000039484,MACMU,1.0,,,,,,,,,1,,,,,
F7GTL8,F7GTL8_MACMU,ENSMMUP00000026109,MACMU,1.0,,,,,,,,,1,,,,,
F7GTD4,F7GTD4_MACMU,ENSMMUP00000002173,MACMU,1.0,,,,,,,,,1,,,,,
F7GTD3,F7GTD3_MACMU,ENSMMUP00000002174,MACMU,1.0,,,,,,,,,1,,,,,
F7GL60,F7GL60_MONDO,ENSMODP00000011124,MONDO,1.0,,,,,,,,,1,,,,,
F7GIG8,F7GIG8_MONDO,ENSMODP00000009849,MONDO,1.0,,,,,,,,,1,,,,,
F7GIH2,F7GIH2_MONDO,ENSMODP00000025079,MONDO,1.0,,,,,,,,,,,1,,,
F7GIR9,F7GIR9_MONDO,ENSMODP00000020055,MONDO,1.0,,,,,,,,,1,,,,,
F7GIX5,F7GIX5_MONDO,ENSMODP00000020047,MONDO,1.0,,,,,,,,,1,,,,,
F7GKJ4,F7GKJ4_MONDO,ENSMODP00000009195,MONDO,1.0,,,,,,,,,1,,,,,
F7GKL8,F7GKL8_MONDO,ENSMODP00000004186,MONDO,1.0,,,,,,,,,,,1,,,
F7GKQ0,F7GKQ0_MONDO,ENSMODP00000016154,MONDO,1.0,,,,,,,,,1,,,,,
F7GKV8,F7GKV8_MONDO,ENSMODP00000004176,MONDO,1.0,,,,,,,,,,,1,,,
F7GKW8,F7GKW8_MONDO,ENSMODP00000004170,MONDO,1.0,,,,,,,,,,,1,,,
F7GL61,F7GL61_MACMU,ENSMMUP00000017926,MACMU,1.0,,,,,,,,,1,,,,,
F7GT69,F7GT69_MACMU,ENSMMUP00000021424,MACMU,1.0,,,,,,,,,1,,,,,
F7GL88,F7GL88_MACMU,ENSMMUP00000033154,MACMU,1.0,,,,,,,,,,,1,,,
F7GLP2,F7GLP2_MACMU,ENSMMUP00000014323,MACMU,1.0,,,,,,,,,1,,,,,
F7GLW4,F7GLW4_MACMU,ENSMMUP00000002333,MACMU,1.0,,,,,,,,,1,,,,,
F7GMN3,F7GMN3_MACMU,ENSMMUP00000014478,MACMU,1.0,,,,,,,,,1,,,,,
F7GNZ3,F7GNZ3_MACMU,ENSMMUP00000026168,MACMU,1.0,,,,,,,,,1,,,,,
F7GPD9,F7GPD9_MACMU,ENSMMUP00000002476,MACMU,1.0,,,,,,,,,1,,,,,
F7GRF8,F7GRF8_MACMU,ENSMMUP00000021462,MACMU,1.0,,,,,,,,,1,,,,,
F7GSE5,F7GSE5_MACMU,ENSMMUP00000033582,MACMU,1.0,,,,,,,,,1,,,,,
F7GT01,F7GT01_MACMU,ENSMMUP00000007152,MACMU,1.0,,,,,,,,,1,,,,,
F7HKY0,F7HKY0_MACMU,ENSMMUP00000039483,MACMU,1.0,,,,,,,,,1,,,,,
F7HPU1,F7HPU1_MACMU,ENSMMUP00000008650,MACMU,1.0,,,,,,,,,1,,,,,
F7HQL8,F7HQL8_MACMU,ENSMMUP00000027429,MACMU,1.0,,,,,,,,,1,,,,,
G5E6I2,G5E6I2_BOVIN,ENSBTAP00000052968,BOVIN,1.0,,,,,,,,,1,,,,,
G5E5K8,G5E5K8_BOVIN,ENSBTAP00000023985,BOVIN,1.0,,,,,,,,,1,,,,,
G5E636,G5E636_BOVIN,ENSBTAP00000047208,BOVIN,1.0,,,,,,,,,1,,,,,
G5E676,G5E676_BOVIN,ENSBTAP00000048488,BOVIN,1.0,,,,,,,,,1,,,,,
G5E6B6,G5E6B6_BOVIN,ENSBTAP00000050111,BOVIN,1.0,,,,,,,,,,,1,,,
G5E6B7,G5E6B7_BOVIN,ENSBTAP00000050128,BOVIN,1.0,,,,,,,,,1,,,,,
G5E6D4,G5E6D4_BOVIN,ENSBTAP00000050927,BOVIN,1.0,,,,,,,,,1,,,,,
G5E6F4,G5E6F4_BOVIN,ENSBTAP00000051700,BOVIN,1.0,,,,,,,,,1,,,,,
G5E6G0,G5E6G0_BOVIN,ENSBTAP00000051917,BOVIN,1.0,,,,,,,,,1,,,,,
G5E6G3,G5E6G3_BOVIN,ENSBTAP00000052110,BOVIN,1.0,,,,,,,,,1,,,,,
H2Q0B6,H2Q0B6_PANTR,ENSPTRP00000002532,PANTR,1.0,,,,,,,,,1,,,,,
G5E559,G5E559_BOVIN,ENSBTAP00000004616,BOVIN,1.0,,,,,,,,,1,,,,,
H2Q0B7,H2Q0B7_PANTR,ENSPTRP00000002533,PANTR,1.0,,,,,,,,,1,,,,,
H2Q0C0,H2Q0C0_PANTR,ENSPTRP00000002540,PANTR,1.0,,,,,,,,,1,,,,,
H2Q0C3,H2Q0C3_PANTR,ENSPTRP00000002546,PANTR,1.0,,,,,,,,,1,,,,,
H2Q1G9,H2Q1G9_PANTR,ENSPTRP00000003729,PANTR,1.0,,,,,,,,,1,,,,,
H2Q1H0,H2Q1H0_PANTR,ENSPTRP00000003730,PANTR,1.0,,,,,,,,,1,,,,,
H2Q1H3,H2Q1H3_PANTR,ENSPTRP00000003736,PANTR,1.0,,,,,,,,,1,,,,,
H2Q330,H2Q330_PANTR,ENSPTRP00000005785,PANTR,1.0,,,,,,,,,1,,,,,
H2Q331,H2Q331_PANTR,ENSPTRP00000005786,PANTR,1.0,,,,,,,,,1,,,,,
H2Q332,H2Q332_PANTR,ENSPTRP00000005787,PANTR,1.0,,,,,,,,,1,,,,,
G5E5G0,G5E5G0_BOVIN,ENSBTAP00000017212,BOVIN,1.0,,,,,,,,,1,,,,,
G5E544,G5E544_BOVIN,ENSBTAP00000004248,BOVIN,1.0,,,,,,,,,1,,,,,
F7HRV4,F7HRV4_MACMU,ENSMMUP00000008632,MACMU,1.0,,,,,,,,,1,,,,,
G3V9G9,G3V9G9_RAT,ENSRNOP00000047260,RAT,1.0,,,,,,,,,1,,,,,
F7HRV9,F7HRV9_MACMU,ENSMMUP00000008630,MACMU,1.0,,,,,,,,,,,1,,,
F7HS55,F7HS55_MACMU,ENSMMUP00000008495,MACMU,1.0,,,,,,,,,1,,,,,
F7HSJ1,F7HSJ1_MACMU,ENSMMUP00000027412,MACMU,1.0,,,,,,,,,1,,,,,
F8VQB9,F8VQB9_MOUSE,ENSMUSP00000050705,MOUSE,1.0,,,,,,,,,1,,,,,
G3V6G0,G3V6G0_RAT,ENSRNOP00000004865,RAT,1.0,,,,,,,,,1,,,,,
G3V6P0,G3V6P0_RAT,ENSRNOP00000007229,RAT,1.0,,,,,,,,,1,,,,,
G3V6Q8,G3V6Q8_RAT,ENSRNOP00000007560,RAT,1.0,,,,,,,,,1,,,,,
G3V8V2,G3V8V2_RAT,ENSRNOP00000028608,RAT,1.0,,,,,,,,,1,,,,,
G3V8X0,G3V8X0_RAT,ENSRNOP00000029670,RAT,1.0,,,,,,,,,1,,,,,
G3X6K2,G3X6K2_BOVIN,ENSBTAP00000008138,BOVIN,1.0,,,,,,,,,1,,,,,
A0PK57,A0PK57_MOUSE,nan,MOUSE,1.0,,,,,,,,,1,,,,,
G3X6N8,G3X6N8_BOVIN,ENSBTAP00000009854,BOVIN,1.0,,,,,,,,,1,,,,,
G3X6X0,G3X6X0_BOVIN,ENSBTAP00000015278,BOVIN,1.0,,,,,,,,,1,,,,,
G3X775,G3X775_BOVIN,ENSBTAP00000020969,BOVIN,1.0,,,,,,,,,1,,,,,
G3X7H3,G3X7H3_BOVIN,ENSBTAP00000028185,BOVIN,1.0,,,,,,,,,1,,,,,
G3X802,G3X802_BOVIN,ENSBTAP00000046590,BOVIN,1.0,,,,,,,,,1,,,,,
G3X826,G3X826_BOVIN,ENSBTAP00000047186,BOVIN,1.0,,,,,,,,,1,,,,,
G3X827,G3X827_BOVIN,ENSBTAP00000047189,BOVIN,1.0,,,,,,,,,1,,,,,
G3X828,G3X828_BOVIN,ENSBTAP00000047191,BOVIN,1.0,,,,,,,,,1,,,,,
G3X855,G3X855_BOVIN,ENSBTAP00000049001,BOVIN,1.0,,,,,,,,,1,,,,,
F7GIG2,F7GIG2_MACMU,ENSMMUP00000033177,MACMU,1.0,,,,,,,,,1,,,,,
F7GIC6,F7GIC6_MONDO,ENSMODP00000025084,MONDO,1.0,,,,,,,,,1,,,,,
H2Q346,H2Q346_PANTR,ENSPTRP00000005808,PANTR,1.0,,,,,,,,,1,,,,,
F7GIB6,F7GIB6_MONDO,ENSMODP00000025087,MONDO,1.0,,,,,,,,,1,,,,,
F7FC01,F7FC01_ORNAN,ENSOANP00000005797,ORNAN,1.0,,,,,,,,,1,,,,,
F7FC42,F7FC42_MONDO,ENSMODP00000009047,MONDO,1.0,,,,,,,,,1,,,,,
F7FDN5,F7FDN5_MONDO,ENSMODP00000007785,MONDO,1.0,,,,,,,,,1,,,,,
F7FDZ4,F7FDZ4_MONDO,ENSMODP00000007769,MONDO,1.0,,,,,,,,,,,1,,,
F7FE53,F7FE53_MONDO,ENSMODP00000007759,MONDO,1.0,,,,,,,,,,,1,,,
F7FI20,F7FI20_ORNAN,ENSOANP00000021458,ORNAN,1.0,,,,,,,,,1,,,,,
F7FKJ6,F7FKJ6_MONDO,ENSMODP00000018116,MONDO,1.0,,,,,,,,,1,,,,,
F7FLG5,F7FLG5_MACMU,ENSMMUP00000021565,MACMU,1.0,,,,,,,,,1,,,,,
F7FQ93,F7FQ93_MONDO,ENSMODP00000004379,MONDO,1.0,,,,,,,,,1,,,,,
F7FQL6,F7FQL6_MONDO,ENSMODP00000009021,MONDO,1.0,,,,,,,,,1,,,,,
F7FQW0,F7FQW0_MONDO,ENSMODP00000009008,MONDO,1.0,,,,,,,,,1,,,,,
F7FR63,F7FR63_MONDO,ENSMODP00000028188,MONDO,1.0,,,,,,,,,1,,,,,
F7FRK7,F7FRK7_MONDO,ENSMODP00000011199,MONDO,1.0,,,,,,,,,1,,,,,
F7FRW8,F7FRW8_MACMU,ENSMMUP00000005849,MACMU,1.0,,,,,,,,,1,,,,,
F7FSA4,F7FSA4_MONDO,ENSMODP00000007709,MONDO,1.0,,,,,,,,,1,,,,,
F7FSJ3,F7FSJ3_MONDO,ENSMODP00000007509,MONDO,1.0,,,,,,,,,1,,,,,
F7FSK6,F7FSK6_MONDO,ENSMODP00000007502,MONDO,1.0,,,,,,,,,1,,,,,
F7FT89,F7FT89_MONDO,ENSMODP00000034528,MONDO,1.0,,,,,,,,,1,,,,,
F7FTC9,F7FTC9_MACMU,ENSMMUP00000021257,MACMU,1.0,,,,,,,,,1,,,,,
F7FTR7,F7FTR7_MACMU,ENSMMUP00000021239,MACMU,1.0,,,,,,,,,,,1,,,
F7FTS2,F7FTS2_MACMU,ENSMMUP00000021238,MACMU,1.0,,,,,,,,,1,,,,,
F7FBX3,F7FBX3_MONDO,ENSMODP00000023337,MONDO,1.0,,,,,,,,,1,,,,,
F7F9F6,F7F9F6_MONDO,ENSMODP00000009565,MONDO,1.0,,,,,,,,,1,,,,,
F7F701,F7F701_MACMU,ENSMMUP00000011888,MACMU,1.0,,,,,,,,,1,,,,,
F7EY61,F7EY61_MONDO,ENSMODP00000023357,MONDO,1.0,,,,,,,,,1,,,,,
F7ETJ3,F7ETJ3_MONDO,ENSMODP00000009729,MONDO,1.0,,,,,,,,,1,,,,,
F7ETL0,F7ETL0_MONDO,ENSMODP00000009722,MONDO,1.0,,,,,,,,,1,,,,,
F7ETX4,F7ETX4_XENTR,ENSXETP00000056126,XENTR,1.0,,,,,,,,,,,1,,,
F7ETZ0,F7ETZ0_MACMU,ENSMMUP00000023396,MACMU,1.0,,,,,,,,,1,,,,,
F7EU42,F7EU42_XENTR,ENSXETP00000032174,XENTR,1.0,,,,,,,,,1,,,,,
F7EUI4,F7EUI4_MONDO,ENSMODP00000009591,MONDO,1.0,,,,,,,,,1,,,,,
F7EUX9,F7EUX9_MONDO,ENSMODP00000009581,MONDO,1.0,,,,,,,,,1,,,,,
F7EVG6,F7EVG6_MACMU,ENSMMUP00000011736,MACMU,1.0,,,,,,,,,1,,,,,
F7EXM3,F7EXM3_MACMU,ENSMMUP00000004728,MACMU,1.0,,,,,,,,,1,,,,,
F7EY66,F7EY66_MONDO,ENSMODP00000023353,MONDO,1.0,,,,,,,,,1,,,,,
F7F452,F7F452_MACMU,ENSMMUP00000009045,MACMU,1.0,,,,,,,,,1,,,,,
F7EY70,F7EY70_MONDO,ENSMODP00000023351,MONDO,1.0,,,,,,,,,1,,,,,
F7EYB8,F7EYB8_MONDO,ENSMODP00000009068,MONDO,1.0,,,,,,,,,1,,,,,
F7EYD9,F7EYD9_MONDO,ENSMODP00000009065,MONDO,1.0,,,,,,,,,1,,,,,
F7F0R3,F7F0R3_MACMU,ENSMMUP00000030867,MACMU,1.0,,,,,,,,,1,,,,,
F7F0Y8,F7F0Y8_MONDO,ENSMODP00000033817,MONDO,1.0,,,,,,,,,1,,,,,
F7F1D0,F7F1D0_MONDO,ENSMODP00000033806,MONDO,1.0,,,,,,,,,,,1,,,
F7F1Y1,F7F1Y1_MONDO,ENSMODP00000034560,MONDO,1.0,,,,,,,,,1,,,,,
F7F238,F7F238_MONDO,ENSMODP00000034555,MONDO,1.0,,,,,,,,,1,,,,,
F7F254,F7F254_MONDO,ENSMODP00000034553,MONDO,1.0,,,,,,,,,1,,,,,
F7FTS5,F7FTS5_MACMU,ENSMMUP00000021237,MACMU,1.0,,,,,,,,,1,,,,,
F7FTS9,F7FTS9_MACMU,ENSMMUP00000021236,MACMU,1.0,,,,,,,,,1,,,,,
F7FTU5,F7FTU5_MACMU,ENSMMUP00000021232,MACMU,1.0,,,,,,,,,1,,,,,
F7GAK6,F7GAK6_ORNAN,ENSOANP00000012600,ORNAN,1.0,,,,,,,,,1,,,,,
F7G891,F7G891_MONDO,ENSMODP00000013285,MONDO,1.0,,,,,,,,,1,,,,,
F7G8I7,F7G8I7_MONDO,ENSMODP00000025249,MONDO,1.0,,,,,,,,,1,,,,,
F7G8K1,F7G8K1_MONDO,ENSMODP00000025243,MONDO,1.0,,,,,,,,,1,,,,,
F7G9G1,F7G9G1_MONDO,ENSMODP00000020074,MONDO,1.0,,,,,,,,,1,,,,,
F7G9T7,F7G9T7_MONDO,ENSMODP00000020063,MONDO,1.0,,,,,,,,,1,,,,,
F7GA89,F7GA89_ORNAN,ENSOANP00000012623,ORNAN,1.0,,,,,,,,,1,,,,,
F7GAJ5,F7GAJ5_ORNAN,ENSOANP00000012604,ORNAN,1.0,,,,,,,,,1,,,,,
F7GAJ9,F7GAJ9_ORNAN,ENSOANP00000012603,ORNAN,1.0,,,,,,,,,1,,,,,
F7GAK3,F7GAK3_ORNAN,ENSOANP00000012601,ORNAN,1.0,,,,,,,,,1,,,,,
F7GBL2,F7GBL2_MONDO,ENSMODP00000004332,MONDO,1.0,,,,,,,,,1,,,,,
F7G840,F7G840_MONDO,ENSMODP00000025265,MONDO,1.0,,,,,,,,,1,,,,,
F7GBP9,F7GBP9_MONDO,ENSMODP00000004324,MONDO,1.0,,,,,,,,,1,,,,,
F7GG30,F7GG30_MONDO,ENSMODP00000034005,MONDO,1.0,,,,,,,,,1,,,,,
F7GGR7,F7GGR7_MONDO,ENSMODP00000018468,MONDO,1.0,,,,,,,,,1,,,,,
F7GI35,F7GI35_MONDO,ENSMODP00000025220,MONDO,1.0,,,,,,,,,1,,,,,
F7GI55,F7GI55_MACMU,ENSMMUP00000033187,MACMU,1.0,,,,,,,,,1,,,,,
F7GI66,F7GI66_MACMU,ENSMMUP00000033185,MACMU,1.0,,,,,,,,,1,,,,,
F7GI68,F7GI68_MONDO,ENSMODP00000025094,MONDO,1.0,,,,,,,,,,,1,,,
F7GI76,F7GI76_MONDO,ENSMODP00000025090,MONDO,1.0,,,,,,,,,,,1,,,
F7GI80,F7GI80_MACMU,ENSMMUP00000033183,MACMU,1.0,,,,,,,,,1,,,,,
F7G847,F7G847_MONDO,ENSMODP00000025260,MONDO,1.0,,,,,,,,,1,,,,,
F7G836,F7G836_MONDO,ENSMODP00000025266,MONDO,1.0,,,,,,,,,1,,,,,
F7FTU9,F7FTU9_MACMU,ENSMMUP00000021231,MACMU,1.0,,,,,,,,,1,,,,,
F7FZY8,F7FZY8_MONDO,ENSMODP00000009383,MONDO,1.0,,,,,,,,,1,,,,,
F7FU55,F7FU55_MONDO,ENSMODP00000015182,MONDO,1.0,,,,,,,,,1,,,,,
F7FUN7,F7FUN7_ORNAN,ENSOANP00000007540,ORNAN,1.0,,,,,,,,,1,,,,,
F7FW45,F7FW45_MONDO,ENSMODP00000013612,MONDO,1.0,,,,,,,,,1,,,,,
F7FYV0,F7FYV0_ORNAN,ENSOANP00000012663,ORNAN,1.0,,,,,,,,,,,1,,,
F7FYV6,F7FYV6_ORNAN,ENSOANP00000012661,ORNAN,1.0,,,,,,,,,,,1,,,
F7FZ41,F7FZ41_MONDO,ENSMODP00000020089,MONDO,1.0,,,,,,,,,1,,,,,
F7FZB1,F7FZB1_MONDO,ENSMODP00000009513,MONDO,1.0,,,,,,,,,1,,,,,
F7FZF6,F7FZF6_ORNAN,ENSOANP00000019937,ORNAN,1.0,,,,,,,,,1,,,,,
F7FZW1,F7FZW1_MONDO,ENSMODP00000009388,MONDO,1.0,,,,,,,,,1,,,,,
F7G241,F7G241_MONDO,ENSMODP00000007926,MONDO,1.0,,,,,,,,,1,,,,,
F7G826,F7G826_MONDO,ENSMODP00000025269,MONDO,1.0,,,,,,,,,1,,,,,
F7G4A9,F7G4A9_ORNAN,ENSOANP00000012658,ORNAN,1.0,,,,,,,,,,,1,,,
F7G4B6,F7G4B6_ORNAN,ENSOANP00000012655,ORNAN,1.0,,,,,,,,,1,,,,,
F7G4L0,F7G4L0_ORNAN,ENSOANP00000012643,ORNAN,1.0,,,,,,,,,1,,,,,
F7G4L3,F7G4L3_ORNAN,ENSOANP00000012641,ORNAN,1.0,,,,,,,,,1,,,,,
F7G581,F7G581_MONDO,ENSMODP00000003133,MONDO,1.0,,,,,,,,,1,,,,,
F7G6C0,F7G6C0_ORNAN,ENSOANP00000026661,ORNAN,1.0,,,,,,,,,,,1,,,
F7G767,F7G767_MONDO,ENSMODP00000018473,MONDO,1.0,,,,,,,,,1,,,,,
F7G768,F7G768_ORNAN,ENSOANP00000026458,ORNAN,1.0,,,,,,,,,1,,,,,
F7G7F4,F7G7F4_MACMU,ENSMMUP00000021396,MACMU,1.0,,,,,,,,,,,1,,,
H2Q343,H2Q343_PANTR,ENSPTRP00000005803,PANTR,1.0,,,,,,,,,1,,,,,
H2Q3J7,H2Q3J7_PANTR,ENSPTRP00000006219,PANTR,1.0,,,,,,,,,1,,,,,
F7ER31,F7ER31_MONDO,ENSMODP00000018155,MONDO,1.0,,,,,,,,,1,,,,,
H9GWI7,H9GWI7_CANFA,ENSCAFP00000028532,CANFA,1.0,,,,,,,,,1,,,,,
L7N092,L7N092_CANFA,ENSCAFP00000010239,CANFA,1.0,,,,,,,,,1,,,,,
L7N099,L7N099_CANFA,ENSCAFP00000011428,CANFA,1.0,,,,,,,,,1,,,,,
L7N0A0,L7N0A0_CANFA,ENSCAFP00000011445,CANFA,1.0,,,,,,,,,1,,,,,
L7N0A3,L7N0A3_CANFA,ENSCAFP00000011837,CANFA,1.0,,,,,,,,,1,,,,,
L7N0A4,L7N0A4_CANFA,ENSCAFP00000011912,CANFA,1.0,,,,,,,,,1,,,,,
L7N0A5,L7N0A5_CANFA,ENSCAFP00000011941,CANFA,1.0,,,,,,,,,1,,,,,
L7N0A6,L7N0A6_CANFA,ENSCAFP00000011985,CANFA,1.0,,,,,,,,,,,1,,,
L7N0A9,L7N0A9_CANFA,ENSCAFP00000012079,CANFA,1.0,,,,,,,,,1,,,,,
L7N0B0,L7N0B0_CANFA,ENSCAFP00000012124,CANFA,1.0,,,,,,,,,1,,,,,
L7N0C6,L7N0C6_CANFA,ENSCAFP00000016579,CANFA,1.0,,,,,,,,,1,,,,,
L7N0G7,L7N0G7_CANFA,ENSCAFP00000023243,CANFA,1.0,,,,,,,,,1,,,,,
L7N0J9,L7N0J9_CANFA,ENSCAFP00000032087,CANFA,1.0,,,,,,,,,1,,,,,
L7N0K0,L7N0K0_CANFA,ENSCAFP00000032096,CANFA,1.0,,,,,,,,,1,,,,,
L7N0K7,L7N0K7_CANFA,ENSCAFP00000032818,CANFA,1.0,,,,,,,,,,,1,,,
L7N0L1,L7N0L1_CANFA,ENSCAFP00000032888,CANFA,1.0,,,,,,,,,1,,,,,
L7N0L2,L7N0L2_CANFA,ENSCAFP00000032986,CANFA,1.0,,,,,,,,,1,,,,,
L7N0M8,L7N0M8_CANFA,ENSCAFP00000034190,CANFA,1.0,,,,,,,,,1,,,,,
L7N0P1,L7N0P1_CANFA,ENSCAFP00000034995,CANFA,1.0,,,,,,,,,1,,,,,
L7N1X7,L7N1X7_MOUSE,ENSMUSP00000059540,MOUSE,1.0,,,,,,,,,1,,,,,
L7N1Y5,L7N1Y5_MOUSE,ENSMUSP00000071824,MOUSE,1.0,,,,,,,,,1,,,,,
L7N1Y8,L7N1Y8_MOUSE,ENSMUSP00000072407,MOUSE,1.0,,,,,,,,,1,,,,,
L7N087,L7N087_CANFA,ENSCAFP00000009523,CANFA,1.0,,,,,,,,,,,,1,,
L7N064,L7N064_CANFA,ENSCAFP00000005223,CANFA,1.0,,,,,,,,,1,,,,,
L7N058,L7N058_CANFA,ENSCAFP00000003926,CANFA,1.0,,,,,,,,,1,,,,,
H9H6C2,H9H6C2_MONDO,ENSMODP00000012213,MONDO,1.0,,,,,,,,,1,,,,,
H9H2V5,H9H2V5_MACMU,ENSMMUP00000003546,MACMU,1.0,,,,,,,,,1,,,,,
H9H3D8,H9H3D8_MACMU,ENSMMUP00000013247,MACMU,1.0,,,,,,,,,1,,,,,
H9H3V1,H9H3V1_MACMU,ENSMMUP00000021397,MACMU,1.0,,,,,,,,,1,,,,,
H9H4G5,H9H4G5_MACMU,ENSMMUP00000032252,MACMU,1.0,,,,,,,,,,,1,,,
H9H5E1,H9H5E1_MACMU,ENSMMUP00000039169,MACMU,1.0,,,,,,,,,1,,,,,
H9H621,H9H621_MONDO,ENSMODP00000003823,MONDO,1.0,,,,,,,,,1,,,,,
H9H6B0,H9H6B0_MONDO,ENSMODP00000011552,MONDO,1.0,,,,,,,,,1,,,,,
H9H6B9,H9H6B9_MONDO,ENSMODP00000012169,MONDO,1.0,,,,,,,,,1,,,,,
H9H6C0,H9H6C0_MONDO,ENSMODP00000012170,MONDO,1.0,,,,,,,,,1,,,,,
H9H6C7,H9H6C7_MONDO,ENSMODP00000012420,MONDO,1.0,,,,,,,,,1,,,,,
L7N056,L7N056_CANFA,ENSCAFP00000003916,CANFA,1.0,,,,,,,,,1,,,,,
H9H838,H9H838_MONDO,ENSMODP00000026959,MONDO,1.0,,,,,,,,,1,,,,,
H9H851,H9H851_MONDO,ENSMODP00000026972,MONDO,1.0,,,,,,,,,1,,,,,
H9H853,H9H853_MONDO,ENSMODP00000026974,MONDO,1.0,,,,,,,,,1,,,,,
H9H8C9,H9H8C9_MONDO,ENSMODP00000027051,MONDO,1.0,,,,,,,,,1,,,,,
H9H8D0,H9H8D0_MONDO,ENSMODP00000027052,MONDO,1.0,,,,,,,,,1,,,,,
H9H8K9,H9H8K9_MONDO,ENSMODP00000027134,MONDO,1.0,,,,,,,,,1,,,,,
H9H998,H9H998_MONDO,ENSMODP00000027378,MONDO,1.0,,,,,,,,,1,,,,,
K7N662,K7N662_MOUSE,ENSMUSP00000086062,MOUSE,1.0,,,,,,,,,1,,,,,
K7N678,K7N678_MOUSE,ENSMUSP00000091390,MOUSE,1.0,,,,,,,,,1,,,,,
L7N1Z8,L7N1Z8_MOUSE,ENSMUSP00000077604,MOUSE,1.0,,,,,,,,,,,1,,,
L7N205,L7N205_MOUSE,ENSMUSP00000086719,MOUSE,1.0,,,,,,,,,1,,,,,
L7N210,L7N210_MOUSE,ENSMUSP00000091387,MOUSE,1.0,,,,,,,,,1,,,,,
O95371,OR2C1_HUMAN,nan,HUMAN,1.0,,,,,,,,,1,,,,,
O76002,OR2J2_HUMAN,nan,HUMAN,1.0,,,,,,,,,1,,,,,
O76099,OR7C1_HUMAN,nan,HUMAN,1.0,,,,,,,,,1,,,,,
O76100,OR7AA_HUMAN,nan,HUMAN,1.0,,,,,,,,,1,,,,,
O95006,OR2F2_HUMAN,nan,HUMAN,1.0,,,,,,,,,1,,,,,
O95007,OR6B1_HUMAN,nan,HUMAN,1.0,,,,,,,,,1,,,,,
O95013,O4F21_HUMAN,nan,HUMAN,1.0,,,,,,,,,1,,,,,
O95047,OR2A4_HUMAN,nan,HUMAN,1.0,,,,,,,,,1,,,,,
O95221,OR5F1_HUMAN,nan,HUMAN,1.0,,,,,,,,,1,,,,,
O95222,OR6A2_HUMAN,nan,HUMAN,1.0,,,,,,,,,1,,,,,
P0C645,OR4E1_HUMAN,nan,HUMAN,1.0,,,,,,,,,1,,,,,
O76002,OR2J2_HUMAN,ENSP00000366372,HUMAN,1.0,,,,,,,,,1,,,,,
P23265,O1078_RAT,nan,RAT,1.0,,,,,,,,,1,,,,,
P23266,O1361_RAT,nan,RAT,1.0,,,,,,,,,1,,,,,
P23267,OL287_RAT,nan,RAT,1.0,,,,,,,,,1,,,,,
P23268,O1082_RAT,nan,RAT,1.0,,,,,,,,,1,,,,,
P23269,O1496_RAT,nan,RAT,1.0,,,,,,,,,1,,,,,
P23270,OL226_RAT,nan,RAT,1.0,,,,,,,,,1,,,,,
P23271,O1493_RAT,nan,RAT,1.0,,,,,,,,,1,,,,,
P23272,OLFI9_RAT,nan,RAT,1.0,,,,,,,,,1,,,,,
P23273,O1500_RAT,nan,RAT,1.0,,,,,,,,,1,,,,,
O76002,OR2J2_HUMAN,ENSP00000396524,HUMAN,1.0,,,,,,,,,1,,,,,
O76001,OR2J3_HUMAN,nan,HUMAN,1.0,,,,,,,,,1,,,,,
L7N3G6,L7N3G6_XENTR,ENSXETP00000032146,XENTR,1.0,,,,,,,,,1,,,,,
O13036,O13036_CHICK,nan,CHICK,1.0,,,,,,,,,1,,,,,
L7N3S7,L7N3S7_XENTR,ENSXETP00000045457,XENTR,1.0,,,,,,,,,1,,,,,
L7N3S8,L7N3S8_XENTR,ENSXETP00000045461,XENTR,1.0,,,,,,,,,1,,,,,
L7N3T0,L7N3T0_XENTR,ENSXETP00000045471,XENTR,1.0,,,,,,1,,,,,,,,
L7N3T1,L7N3T1_XENTR,ENSXETP00000045474,XENTR,1.0,,,,,,,,,1,,,,,
L7N418,L7N418_XENTR,ENSXETP00000055947,XENTR,1.0,,,,,,,,,1,,,,,
L7N424,L7N424_XENTR,ENSXETP00000056114,XENTR,1.0,,,,,,,,,,,1,,,
L7N442,L7N442_XENTR,ENSXETP00000057869,XENTR,1.0,,,,,,,,,,,1,,,
M0QVY6,M0QVY6_BOVIN,ENSBTAP00000002678,BOVIN,1.0,,,,,,,,,1,,,,,
M0QVY8,M0QVY8_BOVIN,ENSBTAP00000003469,BOVIN,1.0,,,,,,,,,1,,,,,
O14581,OR7AH_HUMAN,nan,HUMAN,1.0,,,,,,,,,1,,,,,
O76000,OR2B3_HUMAN,nan,HUMAN,1.0,,,,,,,,,1,,,,,
O35434,O35434_RAT,nan,RAT,1.0,,,,,,,,,1,,,,,
O43749,OR1F1_HUMAN,nan,HUMAN,1.0,,,,,,,,,1,,,,,
O57597,O57597_CHICK,nan,CHICK,1.0,,,,,,,,,1,,,,,
O60403,O10H2_HUMAN,nan,HUMAN,1.0,,,,,,,1,,,,,,,
O60412,OR7C2_HUMAN,nan,HUMAN,1.0,,,,,,,,,1,,,,,
O60431,OR1I1_HUMAN,nan,HUMAN,1.0,,,,,,,,,1,,,,,
O70269,O70269_RAT,nan,RAT,1.0,,,,,,,,,1,,,,,
O70270,O70270_RAT,nan,RAT,1.0,,,,,,,,,1,,,,,
O70271,O70271_RAT,nan,RAT,1.0,,,,,,,,,1,,,,,
H9GWX4,H9GWX4_CANFA,ENSCAFP00000035448,CANFA,1.0,,,,,,,,,1,,,,,
H2UVU0,H2UVU0_TAKRU,ENSTRUP00000041068,TAKRU,1.0,,,,,,,,,,,,1,,
H2Q3J8,H2Q3J8_PANTR,ENSPTRP00000006220,PANTR,1.0,,,,,,,,,1,,,,,
H2RPJ8,H2RPJ8_TAKRU,ENSTRUP00000002061,TAKRU,1.0,,,,,,,,,,,,1,,
H2Q3R0,H2Q3R0_PANTR,ENSPTRP00000006369,PANTR,1.0,,,,,,,,,1,,,,,
H2Q3R1,H2Q3R1_PANTR,ENSPTRP00000006370,PANTR,1.0,,,,,,,,,1,,,,,
H2Q3R4,H2Q3R4_PANTR,ENSPTRP00000006373,PANTR,1.0,,,,,,,,,1,,,,,
H2Q506,H2Q506_PANTR,ENSPTRP00000007554,PANTR,1.0,,,,,,,,,1,,,,,
H2Q510,H2Q510_PANTR,ENSPTRP00000007563,PANTR,1.0,,,,,,,,,,,1,,,
H2Q7V4,H2Q7V4_PANTR,ENSPTRP00000010327,PANTR,1.0,,,,,,,,,1,,,,,
H2Q7V6,H2Q7V6_PANTR,ENSPTRP00000010329,PANTR,1.0,,,,,,,,,1,,,,,
H2Q7V7,H2Q7V7_PANTR,ENSPTRP00000010331,PANTR,1.0,,,,,,,,,1,,,,,
H2Q7Y0,H2Q7Y0_PANTR,ENSPTRP00000010377,PANTR,1.0,,,,,,,,,,,1,,,
H2Q7Y7,H2Q7Y7_PANTR,ENSPTRP00000010400,PANTR,1.0,,,,,,,,,1,,,,,
H2Q7Y8,H2Q7Y8_PANTR,ENSPTRP00000010401,PANTR,1.0,,,,,,,,,1,,,,,
H2QA61,H2QA61_PANTR,ENSPTRP00000012845,PANTR,1.0,,,,,,,,,1,,,,,
H2QA62,H2QA62_PANTR,ENSPTRP00000012846,PANTR,1.0,,,,,,,,,1,,,,,
H2QBW2,H2QBW2_PANTR,ENSPTRP00000014616,PANTR,1.0,,,,,,,,,1,,,,,
H2QF93,H2QF93_PANTR,ENSPTRP00000017756,PANTR,1.0,,,,,,,,,1,,,,,
H2QF94,H2QF94_PANTR,ENSPTRP00000017757,PANTR,1.0,,,,,,,,,1,,,,,
H2QFL0,H2QFL0_PANTR,ENSPTRP00000018093,PANTR,1.0,,,,,,,,,1,,,,,
H2QFL1,H2QFL1_PANTR,ENSPTRP00000018094,PANTR,1.0,,,,,,,,,1,,,,,
H2QFL2,H2QFL2_PANTR,ENSPTRP00000018095,PANTR,1.0,,,,,,,,,1,,,,,
H2QFL3,H2QFL3_PANTR,ENSPTRP00000018096,PANTR,1.0,,,,,,,,,1,,,,,
H2QMZ7,H2QMZ7_PANTR,ENSPTRP00000026144,PANTR,1.0,,,,,,,,,,,1,,,
H2Q3Q9,H2Q3Q9_PANTR,ENSPTRP00000006367,PANTR,1.0,,,,,,,,,1,,,,,
H2Q3Q8,H2Q3Q8_PANTR,ENSPTRP00000006366,PANTR,1.0,,,,,,,,,1,,,,,
H2Q3Q0,H2Q3Q0_PANTR,ENSPTRP00000006347,PANTR,1.0,,,,,,,,,1,,,,,
H2Q3M0,H2Q3M0_PANTR,ENSPTRP00000006280,PANTR,1.0,,,,,,,,,1,,,,,
H2Q3K6,H2Q3K6_PANTR,ENSPTRP00000006254,PANTR,1.0,,,,,,,,,1,,,,,
H2Q3K7,H2Q3K7_PANTR,ENSPTRP00000006255,PANTR,1.0,,,,,,,,,1,,,,,
H2Q3K8,H2Q3K8_PANTR,ENSPTRP00000006258,PANTR,1.0,,,,,,,,,1,,,,,
H2Q3L1,H2Q3L1_PANTR,ENSPTRP00000006263,PANTR,1.0,,,,,,,,,1,,,,,
H2Q3L4,H2Q3L4_PANTR,ENSPTRP00000006268,PANTR,1.0,,,,,,,,,1,,,,,
H2Q3L5,H2Q3L5_PANTR,ENSPTRP00000006269,PANTR,1.0,,,,,,,,,,,1,,,
H2Q3L6,H2Q3L6_PANTR,ENSPTRP00000006272,PANTR,1.0,,,,,,,,,,,1,,,
H2Q3L7,H2Q3L7_PANTR,ENSPTRP00000006273,PANTR,1.0,,,,,,,,,1,,,,,
H2Q3L8,H2Q3L8_PANTR,ENSPTRP00000006277,PANTR,1.0,,,,,,,,,1,,,,,
H2Q3M1,H2Q3M1_PANTR,ENSPTRP00000006281,PANTR,1.0,,,,,,,,,1,,,,,
H2Q3P9,H2Q3P9_PANTR,ENSPTRP00000006345,PANTR,1.0,,,,,,,,,1,,,,,
H2Q3M3,H2Q3M3_PANTR,ENSPTRP00000006284,PANTR,1.0,,,,,,,,,1,,,,,
H2Q3M4,H2Q3M4_PANTR,ENSPTRP00000006285,PANTR,1.0,,,,,,,,,1,,,,,
H2Q3M5,H2Q3M5_PANTR,ENSPTRP00000006287,PANTR,1.0,,,,,,,,,1,,,,,
H2Q3M7,H2Q3M7_PANTR,ENSPTRP00000006289,PANTR,1.0,,,,,,,,,,,1,,,
H2Q3M8,H2Q3M8_PANTR,ENSPTRP00000006291,PANTR,1.0,,,,,,,,,,,1,,,
H2Q3N4,H2Q3N4_PANTR,ENSPTRP00000006305,PANTR,1.0,,,,,,,,,,,1,,,
H2Q3P5,H2Q3P5_PANTR,ENSPTRP00000006341,PANTR,1.0,,,,,,,,,1,,,,,
H2Q3P7,H2Q3P7_PANTR,ENSPTRP00000006343,PANTR,1.0,,,,,,,,,,,1,,,
H2Q3P8,H2Q3P8_PANTR,ENSPTRP00000006344,PANTR,1.0,,,,,,,,,,,1,,,
H2QSJ4,H2QSJ4_PANTR,ENSPTRP00000030459,PANTR,1.0,,,,,,,,,1,,,,,
H2QSK8,H2QSK8_PANTR,ENSPTRP00000030497,PANTR,1.0,,,,,,,,,1,,,,,
H2QSK9,H2QSK9_PANTR,ENSPTRP00000030499,PANTR,1.0,,,,,,,,,1,,,,,
H2R7X5,H2R7X5_PANTR,ENSPTRP00000050946,PANTR,1.0,,,,,,,,,1,,,,,
H2R6H3,H2R6H3_PANTR,ENSPTRP00000049123,PANTR,1.0,,,,,,,,,1,,,,,
H2R6H4,H2R6H4_PANTR,ENSPTRP00000049124,PANTR,1.0,,,,,,,,,1,,,,,
H2R7F8,H2R7F8_PANTR,ENSPTRP00000050316,PANTR,1.0,,,,,,,,,1,,,,,
H2R7I6,H2R7I6_PANTR,ENSPTRP00000050459,PANTR,1.0,,,,,,,,,1,,,,,
H2R7I7,H2R7I7_PANTR,ENSPTRP00000050460,PANTR,1.0,,,,,,,,,1,,,,,
H2R7S9,H2R7S9_PANTR,ENSPTRP00000050771,PANTR,1.0,,,,,,,,,1,,,,,
H2R7T2,H2R7T2_PANTR,ENSPTRP00000050781,PANTR,1.0,,,,,,,,,1,,,,,
H2R7T9,H2R7T9_PANTR,ENSPTRP00000050810,PANTR,1.0,,,,,,,,,1,,,,,
H2R7U1,H2R7U1_PANTR,ENSPTRP00000050812,PANTR,1.0,,,,,,,,,1,,,,,
H2R7Y2,H2R7Y2_PANTR,ENSPTRP00000050956,PANTR,1.0,,,,,,,,,1,,,,,
H2R5E7,H2R5E7_PANTR,ENSPTRP00000048082,PANTR,1.0,,,,,,,,,1,,,,,
H2R8J5,H2R8J5_PANTR,ENSPTRP00000051693,PANTR,1.0,,,,,,,,,1,,,,,
H2R8J6,H2R8J6_PANTR,ENSPTRP00000051694,PANTR,1.0,,,,,,,,,1,,,,,
H2R8J7,H2R8J7_PANTR,ENSPTRP00000051695,PANTR,1.0,,,,,,,,,1,,,,,
H2R9G6,H2R9G6_PANTR,ENSPTRP00000052823,PANTR,1.0,,,,,,,,,1,,,,,
H2R9H9,H2R9H9_PANTR,ENSPTRP00000052855,PANTR,1.0,,,,,,,,,1,,,,,
H2RAG7,H2RAG7_PANTR,ENSPTRP00000053899,PANTR,1.0,,,,,,,,,1,,,,,
H2RAQ3,H2RAQ3_PANTR,ENSPTRP00000054313,PANTR,1.0,,,,,,,,,1,,,,,
H2RCV9,H2RCV9_PANTR,ENSPTRP00000057876,PANTR,1.0,,,,,,,,,1,,,,,
H2RCX3,H2RCX3_PANTR,ENSPTRP00000057936,PANTR,1.0,,,,,,,,,,,1,,,
H2R6E0,H2R6E0_PANTR,ENSPTRP00000049034,PANTR,1.0,,,,,,,,,1,,,,,
H2R536,H2R536_PANTR,ENSPTRP00000047780,PANTR,1.0,,,,,,,,,1,,,,,
H2QSL2,H2QSL2_PANTR,ENSPTRP00000030506,PANTR,1.0,,,,,,,,,1,,,,,
H2QXU4,H2QXU4_PANTR,ENSPTRP00000036457,PANTR,1.0,,,,,,,,,1,,,,,
H2QVK0,H2QVK0_PANTR,ENSPTRP00000033944,PANTR,1.0,,,,,,,,,1,,,,,
H2QX92,H2QX92_PANTR,ENSPTRP00000035791,PANTR,1.0,,,,,,,,,1,,,,,
H2QXM1,H2QXM1_PANTR,ENSPTRP00000036244,PANTR,1.0,,,,,,,,,1,,,,,
H2QXM2,H2QXM2_PANTR,ENSPTRP00000036245,PANTR,1.0,,,,,,,,,1,,,,,
H2QXM4,H2QXM4_PANTR,ENSPTRP00000036250,PANTR,1.0,,,,,,,,,1,,,,,
H2QXP1,H2QXP1_PANTR,ENSPTRP00000036300,PANTR,1.0,,,,,,,,,1,,,,,
H2QXU0,H2QXU0_PANTR,ENSPTRP00000036452,PANTR,1.0,,,,,,,,,1,,,,,
H2QXU2,H2QXU2_PANTR,ENSPTRP00000036455,PANTR,1.0,,,,,,,,,1,,,,,
H2QXU3,H2QXU3_PANTR,ENSPTRP00000036456,PANTR,1.0,,,,,,,,,1,,,,,
H2QXU5,H2QXU5_PANTR,ENSPTRP00000036458,PANTR,1.0,,,,,,,,,,,1,,,
H2R4W9,H2R4W9_PANTR,ENSPTRP00000047594,PANTR,1.0,,,,,,,,,1,,,,,
H2QZ43,H2QZ43_PANTR,ENSPTRP00000038368,PANTR,1.0,,,,,,,,,1,,,,,
H2R0F9,H2R0F9_PANTR,ENSPTRP00000040669,PANTR,1.0,,,,,,,,,1,,,,,
H2R1P4,H2R1P4_PANTR,ENSPTRP00000042672,PANTR,1.0,,,,,,,,,1,,,,,
H2R2M3,H2R2M3_PANTR,ENSPTRP00000044184,PANTR,1.0,,,,,,,,,1,,,,,
H2R2R1,H2R2R1_PANTR,ENSPTRP00000044329,PANTR,1.0,,,,,,,,,1,,,,,
H2R355,H2R355_PANTR,ENSPTRP00000044948,PANTR,1.0,,,,,,,,,,,1,,,
H2R3I5,H2R3I5_PANTR,ENSPTRP00000045574,PANTR,1.0,,,,,,,,,1,,,,,
H2R3S0,H2R3S0_PANTR,ENSPTRP00000045979,PANTR,1.0,,,,,,,,,1,,,,,
H2R4W8,H2R4W8_PANTR,ENSPTRP00000047588,PANTR,1.0,,,,,,,,,,,1,,,
F7ER54,F7ER54_MONDO,ENSMODP00000018151,MONDO,1.0,,,,,,,,,1,,,,,
F7ENW8,F7ENW8_MACMU,ENSMMUP00000004234,MACMU,1.0,,,,,,,,,1,,,,,
F6RNP9,F6RNP9_MONDO,ENSMODP00000012985,MONDO,1.0,,,,,,,,,1,,,,,
F6VJE7,F6VJE7_ORNAN,ENSOANP00000022646,ORNAN,1.0,,,,,,,,,1,,,,,
F6X5Q0,F6X5Q0_MONDO,ENSMODP00000031606,MONDO,1.0,,,,,,,,,1,,,,,
F6X5U6,F6X5U6_MONDO,ENSMODP00000031603,MONDO,1.0,,,,,,,,,1,,,,,
F6X8S0,F6X8S0_MACMU,ENSMMUP00000005380,MACMU,1.0,,,,,,,,,1,,,,,
F6XBC9,F6XBC9_CANFA,ENSCAFP00000000387,CANFA,1.0,,,,,,,,,1,,,,,
F6XEF1,F6XEF1_ORNAN,ENSOANP00000027091,ORNAN,1.0,,,,,,,,,1,,,,,
F6XEI4,F6XEI4_ORNAN,ENSOANP00000027088,ORNAN,1.0,,,,,,,,,1,,,,,
F6XEJ1,F6XEJ1_ORNAN,ENSOANP00000027087,ORNAN,1.0,,,,,,,,,1,,,,,
F6XEL0,F6XEL0_ORNAN,ENSOANP00000027085,ORNAN,1.0,,,,,,,,,1,,,,,
F6XEM2,F6XEM2_ORNAN,ENSOANP00000027084,ORNAN,1.0,,,,,,,,,1,,,,,
F6XEN2,F6XEN2_ORNAN,ENSOANP00000027083,ORNAN,1.0,,,,,,,,,1,,,,,
F6XEU6,F6XEU6_MONDO,ENSMODP00000019150,MONDO,1.0,,,,,,,,,1,,,,,
F6XEV6,F6XEV6_ORNAN,ENSOANP00000027073,ORNAN,1.0,,,,,,,,,1,,,,,
F6XEW7,F6XEW7_ORNAN,ENSOANP00000027072,ORNAN,1.0,,,,,,,,,1,,,,,
F6XEX7,F6XEX7_ORNAN,ENSOANP00000027071,ORNAN,1.0,,,,,,,,,,,1,,,
F6XFI1,F6XFI1_MONDO,ENSMODP00000019146,MONDO,1.0,,,,,,,,,1,,,,,
F6XJ16,F6XJ16_CANFA,ENSCAFP00000034952,CANFA,1.0,,,,,,,,,1,,,,,
F6XL58,F6XL58_MACMU,ENSMMUP00000017509,MACMU,1.0,,,,,,,,,1,,,,,
F6XL71,F6XL71_MACMU,ENSMMUP00000017508,MACMU,1.0,,,,,,,,,1,,,,,
F6XMD5,F6XMD5_MONDO,ENSMODP00000024607,MONDO,1.0,,,,,,,,,,,1,,,
F6XME5,F6XME5_MONDO,ENSMODP00000024605,MONDO,1.0,,,,,,,,,1,,,,,
F6XMF9,F6XMF9_MONDO,ENSMODP00000024602,MONDO,1.0,,,,,,,,,1,,,,,
F6X5P3,F6X5P3_MONDO,ENSMODP00000031607,MONDO,1.0,,,,,,,,,1,,,,,
F6X5C7,F6X5C7_MONDO,ENSMODP00000031610,MONDO,1.0,,,,,,,,,1,,,,,
F6WQN4,F6WQN4_MONDO,ENSMODP00000031612,MONDO,1.0,,,,,,,,,1,,,,,
F6W2S4,F6W2S4_MONDO,ENSMODP00000026163,MONDO,1.0,,,,,,,,,1,,,,,
F6VQ20,F6VQ20_MONDO,ENSMODP00000012864,MONDO,1.0,,,,,,,,,1,,,,,
F6VQ45,F6VQ45_MONDO,ENSMODP00000012860,MONDO,1.0,,,,,,,,,1,,,,,
F6VT38,F6VT38_MACMU,ENSMMUP00000019624,MACMU,1.0,,,,,,,,,,,1,,,
F6VT61,F6VT61_MACMU,ENSMMUP00000019621,MACMU,1.0,,,,,,,,,1,,,,,
F6VTB2,F6VTB2_MONDO,ENSMODP00000029341,MONDO,1.0,,,,,,,,,1,,,,,
F6VTT3,F6VTT3_MACMU,ENSMMUP00000019617,MACMU,1.0,,,,,,,,,1,,,,,
F6VWB2,F6VWB2_MONDO,ENSMODP00000008998,MONDO,1.0,,,,,,,,,1,,,,,
F6VWW2,F6VWW2_MONDO,ENSMODP00000008984,MONDO,1.0,,,,,,,,,1,,,,,
F6VZY6,F6VZY6_XENTR,ENSXETP00000003565,XENTR,1.0,,,,,,,,,1,,,,,
F6W395,F6W395_MONDO,ENSMODP00000026155,MONDO,1.0,,,,,,,,,1,,,,,
F6WIG2,F6WIG2_XENTR,ENSXETP00000017582,XENTR,1.0,,,,,,,,,1,,,,,
F6W4R4,F6W4R4_MACMU,ENSMMUP00000007467,MACMU,1.0,,,,,,,,,1,,,,,
F6W5P1,F6W5P1_MONDO,ENSMODP00000012850,MONDO,1.0,,,,,,,,,1,,,,,
F6W957,F6W957_ORNAN,ENSOANP00000000239,ORNAN,1.0,,,,,,,,,1,,,,,
F6W966,F6W966_ORNAN,ENSOANP00000000237,ORNAN,1.0,,,,,,,,,1,,,,,
F6WBU1,F6WBU1_MONDO,ENSMODP00000008973,MONDO,1.0,,,,,,,,,1,,,,,
F6WC95,F6WC95_MONDO,ENSMODP00000008964,MONDO,1.0,,,,,,,,,1,,,,,
F6WDE3,F6WDE3_MONDO,ENSMODP00000003859,MONDO,1.0,,,,,,,,,1,,,,,
F6WDJ4,F6WDJ4_MONDO,ENSMODP00000003853,MONDO,1.0,,,,,,,,,1,,,,,
F6WFL8,F6WFL8_MONDO,ENSMODP00000033619,MONDO,1.0,,,,,,,,,1,,,,,
F6XMG7,F6XMG7_MONDO,ENSMODP00000024600,MONDO,1.0,,,,,,,,,1,,,,,
F6XR90,F6XR90_CANFA,ENSCAFP00000017061,CANFA,1.0,,,,,,,,,1,,,,,
F6XU56,F6XU56_MONDO,ENSMODP00000034949,MONDO,1.0,,,,,,,,,,,1,,,
F6YSJ0,F6YSJ0_MONDO,ENSMODP00000025066,MONDO,1.0,,,,,,,,,1,,,,,
F6YN49,F6YN49_ORNAN,ENSOANP00000016861,ORNAN,1.0,,,,,,,,,1,,,,,
F6YNU5,F6YNU5_ORNAN,ENSOANP00000009502,ORNAN,1.0,,,,,,,,,1,,,,,
F6YPK0,F6YPK0_ORNAN,ENSOANP00000028693,ORNAN,1.0,,,,,,,,,1,,,,,
F6YQH1,F6YQH1_MONDO,ENSMODP00000001276,MONDO,1.0,,,,,,,,,1,,,,,
F6YQT6,F6YQT6_MONDO,ENSMODP00000025215,MONDO,1.0,,,,,,,,,1,,,,,
F6YQU4,F6YQU4_MONDO,ENSMODP00000025214,MONDO,1.0,,,,,,,,,1,,,,,
F6YQV1,F6YQV1_MONDO,ENSMODP00000025213,MONDO,1.0,,,,,,,,,1,,,,,
F6YQV9,F6YQV9_MONDO,ENSMODP00000025212,MONDO,1.0,,,,,,,,,1,,,,,
F6YQW7,F6YQW7_MONDO,ENSMODP00000025211,MONDO,1.0,,,,,,,,,1,,,,,
F6YTI4,F6YTI4_MONDO,ENSMODP00000013079,MONDO,1.0,,,,,,,,,1,,,,,
F6YKX3,F6YKX3_MACMU,ENSMMUP00000000976,MACMU,1.0,,,,,,,,,1,,,,,
F6YY10,F6YY10_MACMU,ENSMMUP00000031780,MACMU,1.0,,,,,,,,,1,,,,,
F6YZ43,F6YZ43_MONDO,ENSMODP00000009181,MONDO,1.0,,,,,,,,,1,,,,,
F6Z4W5,F6Z4W5_MONDO,ENSMODP00000033775,MONDO,1.0,,,,,,,,,1,,,,,
F6Z5E5,F6Z5E5_MONDO,ENSMODP00000033763,MONDO,1.0,,,,,,,,,,,1,,,
F6Z5G1,F6Z5G1_MONDO,ENSMODP00000033760,MONDO,1.0,,,,,,,,,,,1,,,
F6Z5X8,F6Z5X8_MONDO,ENSMODP00000033754,MONDO,1.0,,,,,,,,,,,1,,,
F6Z647,F6Z647_MONDO,ENSMODP00000007491,MONDO,1.0,,,,,,,,,1,,,,,
F6Z654,F6Z654_MONDO,ENSMODP00000007490,MONDO,1.0,,,,,,,,,1,,,,,
F6Z7X3,F6Z7X3_MACMU,ENSMMUP00000029740,MACMU,1.0,,,,,,,,,1,,,,,
F6YN21,F6YN21_ORNAN,ENSOANP00000016865,ORNAN,1.0,,,,,,,,,1,,,,,
F6YKW5,F6YKW5_MACMU,ENSMMUP00000000977,MACMU,1.0,,,,,,,,,1,,,,,
F6XU61,F6XU61_MONDO,ENSMODP00000034948,MONDO,1.0,,,,,,,,,,,1,,,
F6Y3K2,F6Y3K2_ORNAN,ENSOANP00000017050,ORNAN,1.0,,,,,,,,,1,,,,,
F6XU80,F6XU80_MONDO,ENSMODP00000034946,MONDO,1.0,,,,,,,,,,,1,,,
F6XU96,F6XU96_MONDO,ENSMODP00000034944,MONDO,1.0,,,,,,,,,,,1,,,
F6XUB8,F6XUB8_MONDO,ENSMODP00000034943,MONDO,1.0,,,,,,,,,,,1,,,
F6XX81,F6XX81_MACMU,ENSMMUP00000024976,MACMU,1.0,,,,,,,,,1,,,,,
F6XXF7,F6XXF7_MONDO,ENSMODP00000019139,MONDO,1.0,,,,,,,,,1,,,,,
F6XXH2,F6XXH2_MONDO,ENSMODP00000019136,MONDO,1.0,,,,,,,,,1,,,,,
F6XZI7,F6XZI7_CANFA,ENSCAFP00000015893,CANFA,1.0,,,,,,,,,1,,,,,
F6Y091,F6Y091_CANFA,ENSCAFP00000031097,CANFA,1.0,,,,,,,,,1,,,,,
F6Y3J2,F6Y3J2_ORNAN,ENSOANP00000017051,ORNAN,1.0,,,,,,,,,1,,,,,
F6Y6X4,F6Y6X4_ORNAN,ENSOANP00000027676,ORNAN,1.0,,,,,,,,,1,,,,,
F6YKV7,F6YKV7_MACMU,ENSMMUP00000000978,MACMU,1.0,,,,,,,,,1,,,,,
F6YCS6,F6YCS6_MONDO,ENSMODP00000014809,MONDO,1.0,,,,,,,,,1,,,,,
F6YDA6,F6YDA6_MACMU,ENSMMUP00000036919,MACMU,1.0,,,,,,,,,1,,,,,
F6YDC6,F6YDC6_MACMU,ENSMMUP00000036918,MACMU,1.0,,,,,,,,,1,,,,,
F6YH26,F6YH26_ORNAN,ENSOANP00000020898,ORNAN,1.0,,,,,,,,,1,,,,,
F6YJ46,F6YJ46_ORNAN,ENSOANP00000001318,ORNAN,1.0,,,,,,,,,1,,,,,
F6YJH7,F6YJH7_MONDO,ENSMODP00000037988,MONDO,1.0,,,,,,,,,1,,,,,
F6YJI1,F6YJI1_MONDO,ENSMODP00000037987,MONDO,1.0,,,,,,,,,1,,,,,
F6YJJ6,F6YJJ6_MONDO,ENSMODP00000037985,MONDO,1.0,,,,,,,,,1,,,,,
F6YJY0,F6YJY0_MACMU,ENSMMUP00000000986,MACMU,1.0,,,,,,,,,1,,,,,
F6VPE2,F6VPE2_MONDO,ENSMODP00000012872,MONDO,1.0,,,,,,,,,1,,,,,
F6VIR7,F6VIR7_MONDO,ENSMODP00000033650,MONDO,1.0,,,,,,,,,1,,,,,
F6ZG81,F6ZG81_MONDO,ENSMODP00000009818,MONDO,1.0,,,,,,,,,1,,,,,
F6VIK6,F6VIK6_MONDO,ENSMODP00000033655,MONDO,1.0,,,,,,,,,1,,,,,
F6SRP0,F6SRP0_MONDO,ENSMODP00000024909,MONDO,1.0,,,,,,,,,1,,,,,
F6SRR0,F6SRR0_MONDO,ENSMODP00000024900,MONDO,1.0,,,,,,,,,1,,,,,
F6STC9,F6STC9_MONDO,ENSMODP00000024739,MONDO,1.0,,,,,,,,,1,,,,,
F6STG3,F6STG3_MONDO,ENSMODP00000024732,MONDO,1.0,,,,,,,,,1,,,,,
F6SZF8,F6SZF8_ORNAN,ENSOANP00000018826,ORNAN,1.0,,,,,,,,,1,,,,,
F6T3A1,F6T3A1_MACMU,ENSMMUP00000025454,MACMU,1.0,,,,,,,,,1,,,,,
F6TAE2,F6TAE2_XENTR,ENSXETP00000045401,XENTR,1.0,,,,,,,,,1,,,,,
F6TBU0,F6TBU0_MONDO,ENSMODP00000024594,MONDO,1.0,,,,,,,,,1,,,,,
F6TCJ3,F6TCJ3_MONDO,ENSMODP00000024576,MONDO,1.0,,,,,,,,,1,,,,,
F6TCK3,F6TCK3_MONDO,ENSMODP00000024571,MONDO,1.0,,,,,,,,,1,,,,,
F6TIT3,F6TIT3_XENTR,ENSXETP00000024094,XENTR,1.0,,,,,,,,,,,1,,,
F6TIY8,F6TIY8_XENTR,ENSXETP00000024090,XENTR,1.0,,,,,,,,,,,1,,,
F6TM71,F6TM71_MACMU,ENSMMUP00000007723,MACMU,1.0,,,,,,,,,1,,,,,
F6TM92,F6TM92_MACMU,ENSMMUP00000007720,MACMU,1.0,,,,,,,,,1,,,,,
F6TNC4,F6TNC4_ORNAN,ENSOANP00000003558,ORNAN,1.0,,,,,,,,,1,,,,,
F6TQT2,F6TQT2_ORNAN,ENSOANP00000015348,ORNAN,1.0,,,,,,,,,1,,,,,
F6TVB3,F6TVB3_ORNAN,ENSOANP00000018808,ORNAN,1.0,,,,,,,,,1,,,,,
F6TVR3,F6TVR3_MACMU,ENSMMUP00000007593,MACMU,1.0,,,,,,,,,1,,,,,
F6TVS9,F6TVS9_MACMU,ENSMMUP00000007591,MACMU,1.0,,,,,,,,,,,1,,,
F6TXQ9,F6TXQ9_MACMU,ENSMMUP00000021833,MACMU,1.0,,,,,,,,,1,,,,,
F6U4C7,F6U4C7_MACMU,ENSMMUP00000007530,MACMU,1.0,,,,,,,,,1,,,,,
F6SQR5,F6SQR5_MONDO,ENSMODP00000002043,MONDO,1.0,,,,,,,,,1,,,,,
F6SM15,F6SM15_XENTR,ENSXETP00000055932,XENTR,1.0,,,,,,,,,1,,,,,
F6SLF5,F6SLF5_MONDO,ENSMODP00000007403,MONDO,1.0,,,,,,,,,1,,,,,
F6S9N7,F6S9N7_MONDO,ENSMODP00000024913,MONDO,1.0,,,,,,,,,1,,,,,
F6RNV9,F6RNV9_MONDO,ENSMODP00000024953,MONDO,1.0,,,,,,,,,1,,,,,
F6RPE1,F6RPE1_MONDO,ENSMODP00000024947,MONDO,1.0,,,,,,,,,,,1,,,
F6RPF9,F6RPF9_MONDO,ENSMODP00000024944,MONDO,1.0,,,,,,,,,,,1,,,
F6RPI6,F6RPI6_MONDO,ENSMODP00000024940,MONDO,1.0,,,,,,,,,,,1,,,
F6RWC8,F6RWC8_XENTR,ENSXETP00000055949,XENTR,1.0,,,,,,,,,1,,,,,
F6RYJ4,F6RYJ4_ORNAN,ENSOANP00000010500,ORNAN,1.0,,,,,,,,,1,,,,,
F6S5J3,F6S5J3_ORNAN,ENSOANP00000020977,ORNAN,1.0,,,,,,,,,1,,,,,
F6S8G0,F6S8G0_MONDO,ENSMODP00000024938,MONDO,1.0,,,,,,,,,,,1,,,
F6S9L4,F6S9L4_MONDO,ENSMODP00000012940,MONDO,1.0,,,,,,,,,,,,,,1
F6S9Z3,F6S9Z3_MONDO,ENSMODP00000012935,MONDO,1.0,,,,,,,,,,,,,,1
F6SKD4,F6SKD4_MACMU,ENSMMUP00000037176,MACMU,1.0,,,,,,,,,1,,,,,
F6SAV3,F6SAV3_MONDO,ENSMODP00000012777,MONDO,1.0,,,,,,,,,1,,,,,
F6SFU8,F6SFU8_XENTR,ENSXETP00000057938,XENTR,1.0,,,,,,,,,1,,,,,
F6SIP2,F6SIP2_XENTR,ENSXETP00000045460,XENTR,1.0,,,,,,,,,1,,,,,
F6SJ94,F6SJ94_MONDO,ENSMODP00000003990,MONDO,1.0,,,,,,,,,1,,,,,
F6SJJ9,F6SJJ9_MACMU,ENSMMUP00000037193,MACMU,1.0,,,,,,,,,1,,,,,
F6SJK6,F6SJK6_MACMU,ENSMMUP00000037192,MACMU,1.0,,,,,,,,,1,,,,,
F6SJQ6,F6SJQ6_XENTR,ENSXETP00000045422,XENTR,1.0,,,,,,,,,1,,,,,
F6SJW8,F6SJW8_MACMU,ENSMMUP00000037188,MACMU,1.0,,,,,,,,,1,,,,,
F6SJY6,F6SJY6_MACMU,ENSMMUP00000037186,MACMU,1.0,,,,,,,,,,,1,,,
F6U4S7,F6U4S7_MACMU,ENSMMUP00000007529,MACMU,1.0,,,,,,,,,1,,,,,
F6U4T7,F6U4T7_MACMU,ENSMMUP00000007528,MACMU,1.0,,,,,,,,,1,,,,,
F6U4U6,F6U4U6_MACMU,ENSMMUP00000007527,MACMU,1.0,,,,,,,,,1,,,,,
F6V834,F6V834_MONDO,ENSMODP00000024868,MONDO,1.0,,,,,,,,,1,,,,,
F6V0M5,F6V0M5_MONDO,ENSMODP00000033685,MONDO,1.0,,,,,,,,,1,,,,,
F6V0N2,F6V0N2_MONDO,ENSMODP00000033684,MONDO,1.0,,,,,,,,,1,,,,,
F6V0R0,F6V0R0_MONDO,ENSMODP00000033681,MONDO,1.0,,,,,,,,,1,,,,,
F6V313,F6V313_MACMU,ENSMMUP00000011077,MACMU,1.0,,,,,,,,,1,,,,,
F6V6L9,F6V6L9_MONDO,ENSMODP00000024891,MONDO,1.0,,,,,,,,,1,,,,,
F6V6W6,F6V6W6_MONDO,ENSMODP00000024889,MONDO,1.0,,,,,,,,,1,,,,,
F6V6X4,F6V6X4_MONDO,ENSMODP00000024888,MONDO,1.0,,,,,,,,,1,,,,,
F6V6Y2,F6V6Y2_MONDO,ENSMODP00000024885,MONDO,1.0,,,,,,,,,1,,,,,
F6V827,F6V827_MONDO,ENSMODP00000024869,MONDO,1.0,,,,,,,,,1,,,,,
F6V845,F6V845_MONDO,ENSMODP00000024867,MONDO,1.0,,,,,,,,,1,,,,,
F6V0K6,F6V0K6_MONDO,ENSMODP00000033687,MONDO,1.0,,,,,,,,,1,,,,,
F6V853,F6V853_MONDO,ENSMODP00000024864,MONDO,1.0,,,,,,,,,1,,,,,
F6V863,F6V863_MONDO,ENSMODP00000024863,MONDO,1.0,,,,,,,,,1,,,,,
F6V871,F6V871_MONDO,ENSMODP00000024861,MONDO,1.0,,,,,,,,,1,,,,,
F6VFE4,F6VFE4_MONDO,ENSMODP00000005047,MONDO,1.0,,,,,,,,,1,,,,,
F6VFZ0,F6VFZ0_MONDO,ENSMODP00000003894,MONDO,1.0,,,,,,,,,1,,,,,
F6VHD4,F6VHD4_MONDO,ENSMODP00000033673,MONDO,1.0,,,,,,,,,1,,,,,
F6VHF0,F6VHF0_MONDO,ENSMODP00000033671,MONDO,1.0,,,,,,,,,1,,,,,
F6VII7,F6VII7_MONDO,ENSMODP00000033658,MONDO,1.0,,,,,,,,,1,,,,,
F6VIJ4,F6VIJ4_MONDO,ENSMODP00000033657,MONDO,1.0,,,,,,,,,1,,,,,
F6V0L7,F6V0L7_MONDO,ENSMODP00000033686,MONDO,1.0,,,,,,,,,1,,,,,
F6V0I4,F6V0I4_MONDO,ENSMODP00000033690,MONDO,1.0,,,,,,,,,1,,,,,
F6U4V2,F6U4V2_MACMU,ENSMMUP00000007526,MACMU,1.0,,,,,,,,,1,,,,,
F6UBC8,F6UBC8_XENTR,ENSXETP00000036019,XENTR,1.0,,,,,,,,,,,1,,,
F6U4W6,F6U4W6_MACMU,ENSMMUP00000007525,MACMU,1.0,,,,,,,,,1,,,,,
F6U7A7,F6U7A7_ORNAN,ENSOANP00000016707,ORNAN,1.0,,,,,,,,,1,,,,,
F6U7Z1,F6U7Z1_MONDO,ENSMODP00000031870,MONDO,1.0,,,,,,,,,1,,,,,
F6U8A9,F6U8A9_MONDO,ENSMODP00000031868,MONDO,1.0,,,,,,,,,1,,,,,
F6U8H3,F6U8H3_MONDO,ENSMODP00000031862,MONDO,1.0,,,,,,,,,1,,,,,
F6U8V4,F6U8V4_MONDO,ENSMODP00000031859,MONDO,1.0,,,,,,,,,1,,,,,
F6U932,F6U932_MONDO,ENSMODP00000031854,MONDO,1.0,,,,,,,,,1,,,,,
F6U994,F6U994_MONDO,ENSMODP00000031850,MONDO,1.0,,,,,,,,,1,,,,,
F6U9J8,F6U9J8_ORNAN,ENSOANP00000004503,ORNAN,1.0,,,,,,,,,1,,,,,
F6UJ51,F6UJ51_XENTR,ENSXETP00000053299,XENTR,1.0,,,,,,,,,1,,,,,
F6V0E0,F6V0E0_MONDO,ENSMODP00000033696,MONDO,1.0,,,,,,,,,1,,,,,
F6UJB4,F6UJB4_MONDO,ENSMODP00000038330,MONDO,1.0,,,,,,,,,1,,,,,
F6UKW5,F6UKW5_MONDO,ENSMODP00000024217,MONDO,1.0,,,,,,,,,1,,,,,
F6ULF2,F6ULF2_MACMU,ENSMMUP00000007858,MACMU,1.0,,,,,,,,,,,1,,,
F6UM42,F6UM42_ORNAN,ENSOANP00000015319,ORNAN,1.0,,,,,,,,,1,,,,,
F6UMQ2,F6UMQ2_ORNAN,ENSOANP00000015307,ORNAN,1.0,,,,,,,,,1,,,,,
F6UPJ4,F6UPJ4_MONDO,ENSMODP00000024898,MONDO,1.0,,,,,,,,,1,,,,,
F6UUB7,F6UUB7_ORNAN,ENSOANP00000025795,ORNAN,1.0,,,,,,,,,1,,,,,
F6UUZ9,F6UUZ9_MACMU,ENSMMUP00000007830,MACMU,1.0,,,,,,,,,1,,,,,
F6UXG9,F6UXG9_MONDO,ENSMODP00000027892,MONDO,1.0,,,,,,,,,1,,,,,
F6ZFV3,F6ZFV3_XENTR,ENSXETP00000055591,XENTR,1.0,,,,,,,,,1,,,,,
F6ZH28,F6ZH28_MONDO,ENSMODP00000009806,MONDO,1.0,,,,,,,,,1,,,,,
F7ENP5,F7ENP5_XENTR,ENSXETP00000056143,XENTR,1.0,,,,,,,,,,,1,,,
F7C1Y2,F7C1Y2_MONDO,ENSMODP00000020323,MONDO,1.0,,,,,,,,,1,,,,,
F7CBA2,F7CBA2_MONDO,ENSMODP00000014795,MONDO,1.0,,,,,,,,,1,,,,,
F7CC98,F7CC98_MACMU,ENSMMUP00000022280,MACMU,1.0,,,,,,,,,1,,,,,
F7CCD0,F7CCD0_MACMU,ENSMMUP00000034255,MACMU,1.0,,,,,,,,,1,,,,,
F7CCF3,F7CCF3_MACMU,ENSMMUP00000034252,MACMU,1.0,,,,,,,,,1,,,,,
F7CDA3,F7CDA3_MONDO,ENSMODP00000034610,MONDO,1.0,,,,,,,,,1,,,,,
F7CHZ0,F7CHZ0_MONDO,ENSMODP00000018550,MONDO,1.0,,,,,,,,,1,,,,,
F7CIS2,F7CIS2_MACMU,ENSMMUP00000010275,MACMU,1.0,,,,,,,,,1,,,,,
F7CMW2,F7CMW2_MONDO,ENSMODP00000028902,MONDO,1.0,,,,,,,,,1,,,,,
F7CMZ1,F7CMZ1_MONDO,ENSMODP00000020189,MONDO,1.0,,,,,,,,,1,,,,,
F7CNZ2,F7CNZ2_XENTR,ENSXETP00000020342,XENTR,1.0,,,,,,,,,,,1,,,
F7CPB2,F7CPB2_MONDO,ENSMODP00000009425,MONDO,1.0,,,,,,,,,1,,,,,
F7CPV6,F7CPV6_MONDO,ENSMODP00000009406,MONDO,1.0,,,,,,,,,1,,,,,
F7CQ28,F7CQ28_ORNAN,ENSOANP00000012107,ORNAN,1.0,,,,,,,,,1,,,,,
F7CT20,F7CT20_MONDO,ENSMODP00000016076,MONDO,1.0,,,,,,,,,1,,,,,
F7CTK4,F7CTK4_MONDO,ENSMODP00000016069,MONDO,1.0,,,,,,,,,1,,,,,
F7D093,F7D093_ORNAN,ENSOANP00000014629,ORNAN,1.0,,,,,,,,,1,,,,,
F7D1P0,F7D1P0_MONDO,ENSMODP00000018546,MONDO,1.0,,,,,,,,,1,,,,,
F7D4Z9,F7D4Z9_MACMU,ENSMMUP00000006835,MACMU,1.0,,,,,,,,,,,1,,,
F7D507,F7D507_MACMU,ENSMMUP00000006834,MACMU,1.0,,,,,,,,,1,,,,,
F7D524,F7D524_MACMU,ENSMMUP00000006833,MACMU,1.0,,,,,,,,,1,,,,,
F7D5A6,F7D5A6_MONDO,ENSMODP00000025185,MONDO,1.0,,,,,,,,,1,,,,,
F7CA97,F7CA97_MONDO,ENSMODP00000011065,MONDO,1.0,,,,,,,,,1,,,,,
F7CA37,F7CA37_MONDO,ENSMODP00000035018,MONDO,1.0,,,,,,,,,1,,,,,
F7C9Y4,F7C9Y4_MONDO,ENSMODP00000007813,MONDO,1.0,,,,,,,,,1,,,,,
F7C2J0,F7C2J0_MONDO,ENSMODP00000020302,MONDO,1.0,,,,,,,,,1,,,,,
F7C1Z5,F7C1Z5_MACMU,ENSMMUP00000018551,MACMU,1.0,,,,,,,,,1,,,,,
F7C209,F7C209_MACMU,ENSMMUP00000018550,MACMU,1.0,,,,,,,,,1,,,,,
F7C266,F7C266_MONDO,ENSMODP00000020318,MONDO,1.0,,,,,,,,,1,,,,,
F7C278,F7C278_MONDO,ENSMODP00000020317,MONDO,1.0,,,,,,,,,1,,,,,
F7C289,F7C289_MONDO,ENSMODP00000020315,MONDO,1.0,,,,,,,,,1,,,,,
F7C2A1,F7C2A1_MONDO,ENSMODP00000020313,MONDO,1.0,,,,,,,,,1,,,,,
F7C2G9,F7C2G9_MONDO,ENSMODP00000020306,MONDO,1.0,,,,,,,,,1,,,,,
F7C2H9,F7C2H9_MONDO,ENSMODP00000020304,MONDO,1.0,,,,,,,,,1,,,,,
F7C2I4,F7C2I4_MONDO,ENSMODP00000020303,MONDO,1.0,,,,,,,,,1,,,,,
F7C468,F7C468_MONDO,ENSMODP00000009604,MONDO,1.0,,,,,,,,,1,,,,,
F7C9V7,F7C9V7_MONDO,ENSMODP00000030369,MONDO,1.0,,,,,,,,,1,,,,,
F7C584,F7C584_MONDO,ENSMODP00000009455,MONDO,1.0,,,,,,,,,1,,,,,
F7C5R5,F7C5R5_ORNAN,ENSOANP00000022555,ORNAN,1.0,,,,,,,,,1,,,,,
F7C665,F7C665_MONDO,ENSMODP00000009432,MONDO,1.0,,,,,,,,,1,,,,,
F7C735,F7C735_MACMU,ENSMMUP00000018549,MACMU,1.0,,,,,,,,,1,,,,,
F7C743,F7C743_MACMU,ENSMMUP00000018548,MACMU,1.0,,,,,,,,,1,,,,,
F7C757,F7C757_MACMU,ENSMMUP00000018546,MACMU,1.0,,,,,,,,,1,,,,,
F7C831,F7C831_MONDO,ENSMODP00000004291,MONDO,1.0,,,,,,,,,1,,,,,
F7C951,F7C951_MONDO,ENSMODP00000016095,MONDO,1.0,,,,,,,,,1,,,,,
F7C969,F7C969_MONDO,ENSMODP00000016092,MONDO,1.0,,,,,,,,,1,,,,,
F7D5M9,F7D5M9_MONDO,ENSMODP00000025178,MONDO,1.0,,,,,,,,,1,,,,,
F7D6D6,F7D6D6_MONDO,ENSMODP00000025163,MONDO,1.0,,,,,,,,,1,,,,,
F7D6E6,F7D6E6_MONDO,ENSMODP00000020187,MONDO,1.0,,,,,,,,,1,,,,,
F7EG65,F7EG65_ORNAN,ENSOANP00000012501,ORNAN,1.0,,,,,,,,,1,,,,,
F7E4N7,F7E4N7_XENTR,ENSXETP00000020445,XENTR,1.0,,,,,,,,,,,1,,,
F7E5E3,F7E5E3_MACMU,ENSMMUP00000011982,MACMU,1.0,,,,,,,,,1,,,,,
F7E8C8,F7E8C8_XENTR,ENSXETP00000020428,XENTR,1.0,,,,,,,,,,,1,,,
F7EAX1,F7EAX1_MONDO,ENSMODP00000020119,MONDO,1.0,,,,,,,,,1,,,,,
F7EB04,F7EB04_ORNAN,ENSOANP00000026785,ORNAN,1.0,,,,,,,,,1,,,,,
F7EEG0,F7EEG0_MONDO,ENSMODP00000011500,MONDO,1.0,,,,,,,,,1,,,,,
F7EFF4,F7EFF4_MONDO,ENSMODP00000009080,MONDO,1.0,,,,,,,,,1,,,,,
F7EFI2,F7EFI2_MONDO,ENSMODP00000011391,MONDO,1.0,,,,,,,,,1,,,,,
F7EFZ3,F7EFZ3_XENTR,ENSXETP00000018320,XENTR,1.0,,,,,,,,,1,,,,,
F7EGL5,F7EGL5_MONDO,ENSMODP00000030158,MONDO,1.0,,,,,,,,,1,,,,,
F7DZT3,F7DZT3_ORNAN,ENSOANP00000000587,ORNAN,1.0,,,,,,,,,1,,,,,
F7EGP5,F7EGP5_MONDO,ENSMODP00000030155,MONDO,1.0,,,,,,,,,1,,,,,
F7EGR1,F7EGR1_MONDO,ENSMODP00000030153,MONDO,1.0,,,,,,,,,1,,,,,
F7EGS5,F7EGS5_MONDO,ENSMODP00000030151,MONDO,1.0,,,,,,,,,1,,,,,
F7EGS9,F7EGS9_MONDO,ENSMODP00000030150,MONDO,1.0,,,,,,,,,1,,,,,
F7EGY1,F7EGY1_MONDO,ENSMODP00000014918,MONDO,1.0,,,,,,,,,1,,,,,
F7EI24,F7EI24_MONDO,ENSMODP00000033840,MONDO,1.0,,,,,,,,,,,1,,,
F7EI94,F7EI94_MONDO,ENSMODP00000033839,MONDO,1.0,,,,,,,,,,,1,,,
F7EKG4,F7EKG4_ORNAN,ENSOANP00000026358,ORNAN,1.0,,,,,,,,,1,,,,,
F7EMI1,F7EMI1_MONDO,ENSMODP00000001875,MONDO,1.0,,,,,,,,,1,,,,,
F7DZT7,F7DZT7_ORNAN,ENSOANP00000000585,ORNAN,1.0,,,,,,,,,1,,,,,
F7DZE0,F7DZE0_ORNAN,ENSOANP00000000595,ORNAN,1.0,,,,,,,,,1,,,,,
F7D6V8,F7D6V8_MONDO,ENSMODP00000020178,MONDO,1.0,,,,,,,,,1,,,,,
F7DG67,F7DG67_MONDO,ENSMODP00000033894,MONDO,1.0,,,,,,,,,1,,,,,
F7D7B7,F7D7B7_MONDO,ENSMODP00000020169,MONDO,1.0,,,,,,,,,1,,,,,
F7D7I1,F7D7I1_ORNAN,ENSOANP00000017430,ORNAN,1.0,,,,,,,,,1,,,,,
F7D9U4,F7D9U4_MACMU,ENSMMUP00000013609,MACMU,1.0,,,,,,,,,1,,,,,
F7DAF3,F7DAF3_MONDO,ENSMODP00000009266,MONDO,1.0,,,,,,,,,1,,,,,
F7DBH5,F7DBH5_ORNAN,ENSOANP00000021799,ORNAN,1.0,,,,,,,,,1,,,,,
F7DEP4,F7DEP4_MACMU,ENSMMUP00000030990,MACMU,1.0,,,,,,,,,1,,,,,
F7DG50,F7DG50_MONDO,ENSMODP00000033897,MONDO,1.0,,,,,,,,,1,,,,,
F7DG55,F7DG55_MONDO,ENSMODP00000033896,MONDO,1.0,,,,,,,,,1,,,,,
F7DG62,F7DG62_MONDO,ENSMODP00000033895,MONDO,1.0,,,,,,,,,1,,,,,
F7DG75,F7DG75_MONDO,ENSMODP00000033893,MONDO,1.0,,,,,,,,,1,,,,,
F7DXW7,F7DXW7_ORNAN,ENSOANP00000019016,ORNAN,1.0,,,,,,,,,1,,,,,
F7DG85,F7DG85_MONDO,ENSMODP00000033891,MONDO,1.0,,,,,,,,,,,1,,,
F7DGB9,F7DGB9_MONDO,ENSMODP00000033885,MONDO,1.0,,,,,,,,,1,,,,,
F7DGD1,F7DGD1_MONDO,ENSMODP00000033883,MONDO,1.0,,,,,,,,,1,,,,,
F7DJD7,F7DJD7_MACMU,ENSMMUP00000004335,MACMU,1.0,,,,,,,,,1,,,,,
F7DJE2,F7DJE2_MACMU,ENSMMUP00000004334,MACMU,1.0,,,,,,,,,1,,,,,
F7DPA0,F7DPA0_MACMU,ENSMMUP00000035482,MACMU,1.0,,,,,,,,,1,,,,,
F7DQU2,F7DQU2_MONDO,ENSMODP00000025154,MONDO,1.0,,,,,,,,,,,1,,,
F7DRC8,F7DRC8_MONDO,ENSMODP00000025146,MONDO,1.0,,,,,,,,,,,1,,,
F7DRG6,F7DRG6_MONDO,ENSMODP00000025142,MONDO,1.0,,,,,,,,,1,,,,,
F7C1Y8,F7C1Y8_MONDO,ENSMODP00000020322,MONDO,1.0,,,,,,,,,1,,,,,
F7BYC3,F7BYC3_MACMU,ENSMMUP00000006771,MACMU,1.0,,,,,,,,,1,,,,,
F6ZH69,F6ZH69_MONDO,ENSMODP00000025034,MONDO,1.0,,,,,,,,,,,1,,,
F7BYB7,F7BYB7_MACMU,ENSMMUP00000006772,MACMU,1.0,,,,,,,,,1,,,,,
F7A7V1,F7A7V1_MONDO,ENSMODP00000025005,MONDO,1.0,,,,,,,,,1,,,,,
F7A800,F7A800_MONDO,ENSMODP00000025002,MONDO,1.0,,,,,,,,,1,,,,,
F7AHA2,F7AHA2_MONDO,ENSMODP00000033939,MONDO,1.0,,,,,,,,,,,1,,,
F7AHD1,F7AHD1_MONDO,ENSMODP00000033935,MONDO,1.0,,,,,,,,,,,1,,,
F7AI02,F7AI02_MONDO,ENSMODP00000033926,MONDO,1.0,,,,,,,,,1,,,,,
F7AI11,F7AI11_MONDO,ENSMODP00000033925,MONDO,1.0,,,,,,,,,1,,,,,
F7AI69,F7AI69_MONDO,ENSMODP00000033920,MONDO,1.0,,,,,,,,,1,,,,,
F7AIY6,F7AIY6_MONDO,ENSMODP00000033717,MONDO,1.0,,,,,,,,,1,,,,,
F7AJ17,F7AJ17_MONDO,ENSMODP00000033714,MONDO,1.0,,,,,,,,,1,,,,,
F7AJJ6,F7AJJ6_MONDO,ENSMODP00000033709,MONDO,1.0,,,,,,,,,1,,,,,
F7AJZ6,F7AJZ6_MONDO,ENSMODP00000034447,MONDO,1.0,,,,,,,,,1,,,,,
F7AK03,F7AK03_MONDO,ENSMODP00000034446,MONDO,1.0,,,,,,,,,1,,,,,
F7AK11,F7AK11_MONDO,ENSMODP00000034445,MONDO,1.0,,,,,,,,,1,,,,,
F7AK41,F7AK41_MONDO,ENSMODP00000034443,MONDO,1.0,,,,,,,,,1,,,,,
F7AKN4,F7AKN4_MONDO,ENSMODP00000034437,MONDO,1.0,,,,,,,,,1,,,,,
F7AKW5,F7AKW5_MONDO,ENSMODP00000034430,MONDO,1.0,,,,,,,,,1,,,,,
F7ALF4,F7ALF4_XENTR,ENSXETP00000007202,XENTR,1.0,,,,,,,,,,,1,,,
F7AS70,F7AS70_ORNAN,ENSOANP00000018734,ORNAN,1.0,,,,,,,,,1,,,,,
F7ASF4,F7ASF4_MONDO,ENSMODP00000020522,MONDO,1.0,,,,,,,,,1,,,,,
F7ASG2,F7ASG2_MONDO,ENSMODP00000020521,MONDO,1.0,,,,,,,,,1,,,,,
F7AT27,F7AT27_MACMU,ENSMMUP00000018624,MACMU,1.0,,,,,,,,,1,,,,,
F7A7T8,F7A7T8_MONDO,ENSMODP00000025006,MONDO,1.0,,,,,,,,,1,,,,,
F7A7S4,F7A7S4_MONDO,ENSMODP00000025007,MONDO,1.0,,,,,,,,,1,,,,,
F7A7Q4,F7A7Q4_MONDO,ENSMODP00000013031,MONDO,1.0,,,,,,,,,1,,,,,
F6ZWN3,F6ZWN3_MONDO,ENSMODP00000034457,MONDO,1.0,,,,,,,,,1,,,,,
F6ZIN8,F6ZIN8_MONDO,ENSMODP00000009693,MONDO,1.0,,,,,,,,,1,,,,,
F6ZMS3,F6ZMS3_MONDO,ENSMODP00000011479,MONDO,1.0,,,,,,,,,1,,,,,
F6ZPG6,F6ZPG6_MONDO,ENSMODP00000016100,MONDO,1.0,,,,,,,,,1,,,,,
F6ZPJ6,F6ZPJ6_MACMU,ENSMMUP00000012763,MACMU,1.0,,,,,,,,,1,,,,,
F6ZPM9,F6ZPM9_MONDO,ENSMODP00000004118,MONDO,1.0,,,,,,,,,,,1,,,
F6ZSS4,F6ZSS4_MONDO,ENSMODP00000007695,MONDO,1.0,,,,,,,,,1,,,,,
F6ZTZ4,F6ZTZ4_MONDO,ENSMODP00000033749,MONDO,1.0,,,,,,,,,,,1,,,
F6ZUZ1,F6ZUZ1_MONDO,ENSMODP00000007474,MONDO,1.0,,,,,,,,,1,,,,,
F6ZWD7,F6ZWD7_ORNAN,ENSOANP00000015250,ORNAN,1.0,,,,,,,,,1,,,,,
F6ZWP1,F6ZWP1_MONDO,ENSMODP00000034456,MONDO,1.0,,,,,,,,,1,,,,,
F7A7F6,F7A7F6_MONDO,ENSMODP00000025011,MONDO,1.0,,,,,,,,,1,,,,,
F6ZYM2,F6ZYM2_XENTR,ENSXETP00000045523,XENTR,1.0,,,,,,,,,1,,,,,
F6ZZV4,F6ZZV4_MONDO,ENSMODP00000013970,MONDO,1.0,,,,,,,,,,,,1,,
F7A3B0,F7A3B0_MONDO,ENSMODP00000037561,MONDO,1.0,,,,,,,,,,,,,,1
F7A3L9,F7A3L9_MACMU,ENSMMUP00000000717,MACMU,1.0,,,,,,,,,1,,,,,
F7A5I1,F7A5I1_MONDO,ENSMODP00000018081,MONDO,1.0,,,,,,,,,1,,,,,
F7A5T0,F7A5T0_ORNAN,ENSOANP00000020265,ORNAN,1.0,,,,,,,,,1,,,,,
F7A6X9,F7A6X9_MONDO,ENSMODP00000025023,MONDO,1.0,,,,,,,,,1,,,,,
F7A7E1,F7A7E1_MONDO,ENSMODP00000025017,MONDO,1.0,,,,,,,,,1,,,,,
F7A7F1,F7A7F1_MONDO,ENSMODP00000025016,MONDO,1.0,,,,,,,,,1,,,,,
F7AT34,F7AT34_MACMU,ENSMMUP00000018623,MACMU,1.0,,,,,,,,,1,,,,,
F7AT43,F7AT43_MACMU,ENSMMUP00000018622,MACMU,1.0,,,,,,,,,1,,,,,
F7ATB3,F7ATB3_MONDO,ENSMODP00000018064,MONDO,1.0,,,,,,,,,1,,,,,
F7BTE3,F7BTE3_MONDO,ENSMODP00000034652,MONDO,1.0,,,,,,,,,1,,,,,
F7BIR9,F7BIR9_ORNAN,ENSOANP00000018949,ORNAN,1.0,,,,,,,,,1,,,,,
F7BJB4,F7BJB4_MONDO,ENSMODP00000009638,MONDO,1.0,,,,,,,,,1,,,,,
F7BJH6,F7BJH6_MONDO,ENSMODP00000009630,MONDO,1.0,,,,,,,,,1,,,,,
F7BJT8,F7BJT8_MONDO,ENSMODP00000009627,MONDO,1.0,,,,,,,,,1,,,,,
F7BK15,F7BK15_MACMU,ENSMMUP00000013923,MACMU,1.0,,,,,,,,,1,,,,,
F7BMP8,F7BMP8_XENTR,ENSXETP00000053300,XENTR,1.0,,,,,,,,,1,,,,,
F7BNN6,F7BNN6_ORNAN,ENSOANP00000020601,ORNAN,1.0,,,,,,,,,1,,,,,
F7BR58,F7BR58_MONDO,ENSMODP00000035038,MONDO,1.0,,,,,,,,,1,,,,,
F7BTA9,F7BTA9_MONDO,ENSMODP00000034657,MONDO,1.0,,,,,,,,,1,,,,,
F7BUA9,F7BUA9_XENTR,ENSXETP00000057779,XENTR,1.0,,,,,,,,,1,,,,,
F7BFU6,F7BFU6_MACMU,ENSMMUP00000025728,MACMU,1.0,,,,,,,,,1,,,,,
F7BUC4,F7BUC4_XENTR,ENSXETP00000057776,XENTR,1.0,,,,,,,,,1,,,,,
F7BUG2,F7BUG2_MACMU,ENSMMUP00000001707,MACMU,1.0,,,,,,,,,1,,,,,
F7BUM9,F7BUM9_XENTR,ENSXETP00000057763,XENTR,1.0,,,,,,,,,1,,,,,
F7BVL4,F7BVL4_MACMU,ENSMMUP00000020897,MACMU,1.0,,,,,,,,,1,,,,,
F7BVM6,F7BVM6_MACMU,ENSMMUP00000020895,MACMU,1.0,,,,,,,,,1,,,,,
F7BW56,F7BW56_MONDO,ENSMODP00000006998,MONDO,1.0,,,,,,,,,1,,,,,
F7BX16,F7BX16_MONDO,ENSMODP00000001916,MONDO,1.0,,,,,,,,,1,,,,,
F7BX40,F7BX40_MONDO,ENSMODP00000001911,MONDO,1.0,,,,,,,,,1,,,,,
F7BX60,F7BX60_MONDO,ENSMODP00000001906,MONDO,1.0,,,,,,,,,1,,,,,
F7BFV5,F7BFV5_MACMU,ENSMMUP00000025727,MACMU,1.0,,,,,,,,,,,1,,,
F7BB22,F7BB22_MONDO,ENSMODP00000001956,MONDO,1.0,,,,,,,,,1,,,,,
F7AUU4,F7AUU4_MONDO,ENSMODP00000013022,MONDO,1.0,,,,,,,,,1,,,,,
F7B4N9,F7B4N9_MONDO,ENSMODP00000033919,MONDO,1.0,,,,,,,,,1,,,,,
F7AW53,F7AW53_MONDO,ENSMODP00000028963,MONDO,1.0,,,,,,,,,1,,,,,
F7AWV3,F7AWV3_MONDO,ENSMODP00000009656,MONDO,1.0,,,,,,,,,1,,,,,
F7AXI2,F7AXI2_MONDO,ENSMODP00000009645,MONDO,1.0,,,,,,,,,1,,,,,
F7AXK3,F7AXK3_ORNAN,ENSOANP00000006132,ORNAN,1.0,,,,,,,,,1,,,,,
F7AZZ4,F7AZZ4_ORNAN,ENSOANP00000025086,ORNAN,1.0,,,,,,,,,1,,,,,
F7B0D5,F7B0D5_MONDO,ENSMODP00000009117,MONDO,1.0,,,,,,,,,1,,,,,
F7B0E1,F7B0E1_MONDO,ENSMODP00000009116,MONDO,1.0,,,,,,,,,1,,,,,
F7B0G5,F7B0G5_MONDO,ENSMODP00000009111,MONDO,1.0,,,,,,,,,1,,,,,
F7B0Y8,F7B0Y8_MACMU,ENSMMUP00000025780,MACMU,1.0,,,,,,,,,1,,,,,
F7B4P5,F7B4P5_MONDO,ENSMODP00000033918,MONDO,1.0,,,,,,,,,1,,,,,
F7BAH6,F7BAH6_MONDO,ENSMODP00000001968,MONDO,1.0,,,,,,,,,1,,,,,
F7B4Q2,F7B4Q2_MONDO,ENSMODP00000033917,MONDO,1.0,,,,,,,,,1,,,,,
F7B4S8,F7B4S8_MONDO,ENSMODP00000033914,MONDO,1.0,,,,,,,,,1,,,,,
F7B4V4,F7B4V4_MONDO,ENSMODP00000033912,MONDO,1.0,,,,,,,,,1,,,,,
F7B6C8,F7B6C8_MONDO,ENSMODP00000034690,MONDO,1.0,,,,,,,,,1,,,,,
F7B6G1,F7B6G1_MONDO,ENSMODP00000034685,MONDO,1.0,,,,,,,,,1,,,,,
F7B6I8,F7B6I8_MONDO,ENSMODP00000034682,MONDO,1.0,,,,,,,,,1,,,,,
F7B6K1,F7B6K1_MONDO,ENSMODP00000034680,MONDO,1.0,,,,,,,,,1,,,,,
F7B700,F7B700_MACMU,ENSMMUP00000010338,MACMU,1.0,,,,,,,,,1,,,,,
F7B7X8,F7B7X8_MONDO,ENSMODP00000034418,MONDO,1.0,,,,,,,,,1,,,,,
nan,nan,ENSXETP00000057940,XENTR,1.0,,,,,,,,,1,,,,,
