ACC,ENTRY,ENS,SPEC,COUNT,InParanoid,InParanoidCore,OMA_Groups,OMA_Pairs,PANTHER8_LDO,RBH,RSD,Orthoinspector,Hieranoid_2,EnsemblCompara_v2,PANTHER8_all,Metaphors,PhylomeDB,EggNOG
A2E6A3,A2E6A3_TRIVA,nan,TRIVA,9.0,1,1,1,1,,1,1,1,1,1,,,,
Q9UTL5,TF3A_SCHPO,nan,SCHPO,6.0,1,1,,1,,1,1,1,,,,,,
Q54UG9,Q54UG9_DICDI,nan,DICDI,4.0,1,1,,,,1,1,,,,,,,
nan,nan,ENSCINP00000010066,CIOIN,3.0,,,,,,,1,,1,1,,,,
E2RIH3,E2RIH3_CANFA,ENSCAFP00000032824,CANFA,3.0,,,,,,1,1,,1,,,,,
C3XSR4,C3XSR4_BRAFL,nan,BRAFL,3.0,,,,,,1,,,1,1,,,,
B7PCA3,B7PCA3_IXOSC,nan,IXOSC,3.0,,,,,,,1,,1,1,,,,
A7T1L9,A7T1L9_NEMVE,nan,NEMVE,3.0,,,,,,1,1,,1,,,,,
nan,nan,ENSGALP00000035105,CHICK,3.0,,,,,,1,1,,1,,,,,
C3ZVH0,C3ZVH0_BRAFL,nan,BRAFL,3.0,,,,,,,1,,1,1,,,,
F1MCP1,F1MCP1_BOVIN,ENSBTAP00000017099,BOVIN,3.0,,,,,,1,1,,1,,,,,
D3ZYI6,D3ZYI6_RAT,nan,RAT,3.0,,,,,,1,1,,1,,,,,
H2QFX2,H2QFX2_PANTR,ENSPTRP00000018406,PANTR,3.0,,,,,,1,1,,1,,,,,
A8DYD2,A8DYD2_DROME,nan,DROME,3.0,,,,,,1,1,,1,,,,,
C4QG93,nan,nan,nan,3.0,,,,,,1,1,,1,,,,,
A8KB54,A8KB54_DANRE,nan,DANRE,2.0,,,,,,,,,1,1,,,,
F6VVC1,F6VVC1_XENTR,ENSXETP00000036245,XENTR,2.0,,,,,,1,,,1,,,,,
C3ZV08,C3ZV08_BRAFL,nan,BRAFL,2.0,,,,,,,,,1,1,,,,
F7B9U6,F7B9U6_XENTR,ENSXETP00000052348,XENTR,2.0,,,,,,,,,1,1,,,,
A8KC49,A8KC49_DANRE,nan,DANRE,2.0,,,,,,,1,,1,,,,,
C3ZUZ5,C3ZUZ5_BRAFL,nan,BRAFL,2.0,,,,,,,,,1,1,,,,
E7F7V9,E7F7V9_DANRE,ENSDARP00000103559,DANRE,2.0,,,,,,,,,1,1,,,,
E7F8B0,E7F8B0_DANRE,ENSDARP00000097192,DANRE,2.0,,,,,,,,,1,1,,,,
H2RT15,H2RT15_TAKRU,ENSTRUP00000003282,TAKRU,2.0,,,,,,,,,1,1,,,,
nan,nan,ENSMODP00000029678,MONDO,2.0,,,,,,1,,,1,,,,,
C3XVJ4,C3XVJ4_BRAFL,nan,BRAFL,2.0,,,,,,,,,1,1,,,,
P51814,ZNF41_HUMAN,nan,HUMAN,2.0,,,,,,1,,,1,,,,,
C3Z2G1,C3Z2G1_BRAFL,nan,BRAFL,2.0,,,,,,,,,1,1,,,,
Q7PJ05,Q7PJ05_ANOGA,nan,ANOGA,2.0,,,,,,,,,1,1,,,,
P39933,TF3A_YEAST,nan,YEAST,2.0,,,,,,1,1,,,,,,,
A9JST1,A9JST1_DANRE,nan,DANRE,2.0,,,,,,,,,1,1,,,,
C3XQ44,C3XQ44_BRAFL,nan,BRAFL,2.0,,,,,,,,,1,1,,,,
C3Z1X8,C3Z1X8_BRAFL,nan,BRAFL,2.0,,,,,,,,,1,1,,,,
A9JRP4,A9JRP4_DANRE,nan,DANRE,2.0,,,,,,,,,1,1,,,,
C3ZU90,C3ZU90_BRAFL,nan,BRAFL,2.0,,,,,,,,,1,1,,,,
C3Z1W9,C3Z1W9_BRAFL,nan,BRAFL,2.0,,,,,,,,,1,1,,,,
C3ZS40,C3ZS40_BRAFL,nan,BRAFL,2.0,,,,,,,,,1,1,,,,
C3Z1W4,C3Z1W4_BRAFL,nan,BRAFL,2.0,,,,,,,,,1,1,,,,
C3Z1W0,C3Z1W0_BRAFL,nan,BRAFL,2.0,,,,,,,,,1,1,,,,
C3ZTG0,C3ZTG0_BRAFL,nan,BRAFL,2.0,,,,,,,,,1,1,,,,
Q8IP13,nan,nan,nan,2.0,,,,,,,,,1,1,,,,
C3ZVP2,C3ZVP2_BRAFL,nan,BRAFL,2.0,,,,,,,,,1,1,,,,
F6V3A6,F6V3A6_CIOIN,ENSCINP00000012687,CIOIN,2.0,,,,,,1,,,1,,,,,
Q0V6W3,Q0V6W3_PHANO,nan,PHANO,2.0,,,,,,1,1,,,,,,,
C3ZDL6,C3ZDL6_BRAFL,nan,BRAFL,2.0,,,,,,,,,1,1,,,,
A7RPM1,A7RPM1_NEMVE,nan,NEMVE,2.0,,,,,,,,,1,1,,,,
C4Q9S9,nan,nan,nan,2.0,,,,,,,,,1,1,,,,
C3YAI3,C3YAI3_BRAFL,nan,BRAFL,2.0,,,,,,,,,1,1,,,,
C3YAI2,C3YAI2_BRAFL,nan,BRAFL,2.0,,,,,,,,,1,1,,,,
A7RSV6,A7RSV6_NEMVE,nan,NEMVE,2.0,,,,,,,,,1,1,,,,
C3YAA0,C3YAA0_BRAFL,nan,BRAFL,2.0,,,,,,,,,1,1,,,,
F6U8F6,F6U8F6_MACMU,ENSMMUP00000014867,MACMU,2.0,,,,,,,,,1,1,,,,
A7RU32,A7RU32_NEMVE,nan,NEMVE,2.0,,,,,,,,,1,1,,,,
F7CN80,F7CN80_XENTR,ENSXETP00000044314,XENTR,2.0,,,,,,,,,1,1,,,,
C3Y9S1,C3Y9S1_BRAFL,nan,BRAFL,2.0,,,,,,,,,1,1,,,,
C4PYD3,nan,nan,nan,2.0,,,,1,,,,,1,,,,,
H9GYI7,H9GYI7_DANRE,ENSDARP00000106975,DANRE,2.0,,,,,,,,,1,1,,,,
A7S2E0,A7S2E0_NEMVE,nan,NEMVE,2.0,,,,,,,,,1,1,,,,
H9GYQ4,H9GYQ4_DANRE,ENSDARP00000108425,DANRE,2.0,,,,,,,,,1,1,,,,
A7S4B6,A7S4B6_NEMVE,nan,NEMVE,2.0,,,,,,,,,1,1,,,,
A7S4C2,A7S4C2_NEMVE,nan,NEMVE,2.0,,,,,,,,,1,1,,,,
A7S5G4,A7S5G4_NEMVE,nan,NEMVE,2.0,,,,,,,,,1,1,,,,
A7SBM2,A7SBM2_NEMVE,nan,NEMVE,2.0,,,,,,,,,1,1,,,,
nan,nan,ENSOANP00000016917,ORNAN,2.0,,,,,,,,,1,1,,,,
A7SH48,A7SH48_NEMVE,nan,NEMVE,2.0,,,,,,,,,1,1,,,,
Q6C809,Q6C809_YARLI,nan,YARLI,2.0,,,,,,1,1,,,,,,,
A7SK76,A7SK76_NEMVE,nan,NEMVE,2.0,,,,,,,,,1,1,,,,
C3ZYT7,C3ZYT7_BRAFL,nan,BRAFL,2.0,,,,,,,,,1,1,,,,
C3ZYT6,C3ZYT6_BRAFL,nan,BRAFL,2.0,,,,,,,,,1,1,,,,
Q8BIQ2,Q8BIQ2_MOUSE,nan,MOUSE,2.0,,,,,,1,,,1,,,,,
C3ZY69,C3ZY69_BRAFL,nan,BRAFL,2.0,,,,,,,,,1,1,,,,
A7UUR9,A7UUR9_ANOGA,nan,ANOGA,2.0,,,,,,,,,1,1,,,,
A9S210,A9S210_PHYPA,nan,PHYPA,2.0,,,,,,1,1,,,,,,,
B8A688,B8A688_DANRE,nan,DANRE,2.0,,,,,,,,,1,1,,,,
F7A682,F7A682_CIOIN,ENSCINP00000006934,CIOIN,2.0,,,,,,,,,1,1,,,,
C3ZII5,C3ZII5_BRAFL,nan,BRAFL,2.0,,,,,,,,,1,1,,,,
C3ZGS3,C3ZGS3_BRAFL,nan,BRAFL,2.0,,,,,,,,,1,1,,,,
C3ZGS1,C3ZGS1_BRAFL,nan,BRAFL,2.0,,,,,,,,,1,1,,,,
C3ZDJ9,C3ZDJ9_BRAFL,nan,BRAFL,2.0,,,,,,,,,1,1,,,,
Q7QGJ5,Q7QGJ5_ANOGA,nan,ANOGA,2.0,,,,,,1,,,1,,,,,
O96395,O96395_DROME,nan,DROME,2.0,,,,,,,,,1,1,,,,
C3ZFQ6,C3ZFQ6_BRAFL,nan,BRAFL,2.0,,,,,,,,,1,1,,,,
C3ZFQ4,C3ZFQ4_BRAFL,nan,BRAFL,2.0,,,,,,,,,1,1,,,,
Q7RY67,Q7RY67_NEUCR,nan,NEUCR,2.0,,,,,,1,1,,,,,,,
nan,nan,ENSGALP00000013579,CHICK,2.0,,,,,,,,,1,1,,,,
nan,nan,ENSDARP00000112039,CRYNJ,2.0,,,,,,,,,1,1,,,,
O61360,O61360_DROME,nan,DROME,2.0,,,,,,,,,1,1,,,,
C3ZDL1,C3ZDL1_BRAFL,nan,BRAFL,2.0,,,,,,,,,1,1,,,,
C3ZDP2,C3ZDP2_BRAFL,nan,BRAFL,2.0,,,,,,,,,1,1,,,,
nan,nan,ENSCINP00000010384,CIOIN,2.0,,,,,,,,,1,1,,,,
C3ZDP1,C3ZDP1_BRAFL,nan,BRAFL,2.0,,,,,,,,,1,1,,,,
B7PVK3,B7PVK3_IXOSC,nan,IXOSC,2.0,,,,,,,,,1,1,,,,
B7PVK1,B7PVK1_IXOSC,nan,IXOSC,2.0,,,,,,,,,1,1,,,,
O62425,O62425_CAEEL,nan,CAEEL,2.0,,,,1,,,,,1,,,,,
nan,nan,ENSCINP00000006352,CIOIN,2.0,,,,,,,,,1,1,,,,
nan,nan,ENSCINP00000006294,CIOIN,2.0,,,,,,,,,1,1,,,,
C3ZDN5,C3ZDN5_BRAFL,nan,BRAFL,2.0,,,,,,,,,1,1,,,,
nan,nan,ENSCINP00000003145,CIOIN,2.0,,,,,,,,,1,1,,,,
B7PLY3,B7PLY3_IXOSC,nan,IXOSC,2.0,,,,,,1,,,1,,,,,
nan,nan,ENSCINP00000001980,CIOIN,2.0,,,,,,,,,1,1,,,,
nan,nan,ENSCINP00000001954,CIOIN,2.0,,,,,,,,,1,1,,,,
C3ZDN1,C3ZDN1_BRAFL,nan,BRAFL,2.0,,,,,,,,,1,1,,,,
nan,nan,ENSCINP00000001139,CIOIN,2.0,,,,,,,,,1,1,,,,
C3ZDM2,C3ZDM2_BRAFL,nan,BRAFL,2.0,,,,,,,,,1,1,,,,
B7PR12,B7PR12_IXOSC,nan,IXOSC,2.0,,,,,,,,,1,1,,,,
C3ZDJ7,C3ZDJ7_BRAFL,nan,BRAFL,2.0,,,,,,,,,1,1,,,,
B7Q2L0,B7Q2L0_IXOSC,nan,IXOSC,2.0,,,,,,,,,1,1,,,,
A9V0J0,A9V0J0_MONBE,nan,MONBE,2.0,,,,,,1,,,1,,,,,
nan,nan,ENSMODP00000002293,MONDO,2.0,,,,,,,,,1,1,,,,
Q7PSH9,Q7PSH9_ANOGA,nan,ANOGA,2.0,,,,,,,,,1,1,,,,
F7A0H8,F7A0H8_MONDO,ENSMODP00000013788,MONDO,2.0,,,,,,,1,,1,,,,,
C3YTX5,C3YTX5_BRAFL,nan,BRAFL,2.0,,,,,,,,,1,1,,,,
Q7PST3,Q7PST3_ANOGA,nan,ANOGA,2.0,,,,,,,,,1,1,,,,
K9J7W2,K9J7W2_XENTR,ENSXETP00000015495,XENTR,2.0,,,,,,,,,1,1,,,,
K9J7W4,K9J7W4_XENTR,ENSXETP00000015810,XENTR,2.0,,,,,,,,,1,1,,,,
C3ZQN5,C3ZQN5_BRAFL,nan,BRAFL,2.0,,,,,,,,,1,1,,,,
K9J7W6,K9J7W6_XENTR,ENSXETP00000015818,XENTR,2.0,,,,,,,,,1,1,,,,
B0R156,B0R156_DANRE,nan,DANRE,2.0,,,,,,,,,1,1,,,,
B0R169,B0R169_DANRE,nan,DANRE,2.0,,,,,,,,,1,1,,,,
B0XP08,B0XP08_ASPFC,nan,ASPFC,2.0,,,,,,1,1,,,,,,,
K9J835,K9J835_XENTR,ENSXETP00000025409,XENTR,2.0,,,,,,,,,1,1,,,,
B7QLE8,B7QLE8_IXOSC,nan,IXOSC,2.0,,,,,,,,,1,1,,,,
C3ZPS8,C3ZPS8_BRAFL,nan,BRAFL,2.0,,,,,,,,,1,1,,,,
F6ZJ25,F6ZJ25_MACMU,ENSMMUP00000031713,MACMU,2.0,,,,,,1,,,1,,,,,
C3ZNZ3,C3ZNZ3_BRAFL,nan,BRAFL,2.0,,,,,,,,,1,1,,,,
C3ZNY3,C3ZNY3_BRAFL,nan,BRAFL,2.0,,,,,,,,,1,1,,,,
Q7PZV7,Q7PZV7_ANOGA,nan,ANOGA,2.0,,,,,,,,,1,1,,,,
L7N3J7,L7N3J7_XENTR,ENSXETP00000035023,XENTR,2.0,,,,,,,1,,1,,,,,
C3ZNK8,C3ZNK8_BRAFL,nan,BRAFL,2.0,,,,,,,,,1,1,,,,
C3Z8G9,C3Z8G9_BRAFL,nan,BRAFL,2.0,,,,,,,,,1,1,,,,
Q7Q1Z2,Q7Q1Z2_ANOGA,nan,ANOGA,2.0,,,,,,,,,1,1,,,,
C3Z8H2,C3Z8H2_BRAFL,nan,BRAFL,2.0,,,,,,,,,1,1,,,,
C3Z903,C3Z903_BRAFL,nan,BRAFL,2.0,,,,,,,,,1,1,,,,
Q7Q2Z6,Q7Q2Z6_ANOGA,nan,ANOGA,2.0,,,,,,,,,1,1,,,,
Q7Q300,Q7Q300_ANOGA,nan,ANOGA,2.0,,,,,,,,,1,1,,,,
F6Z3V8,F6Z3V8_XENTR,ENSXETP00000037946,XENTR,2.0,,,,,,,,,1,1,,,,
Q84MZ4,Q84MZ4_ARATH,nan,ARATH,2.0,,,,,,,1,,1,,,,,
B3DJW9,B3DJW9_DANRE,nan,DANRE,2.0,,,,,,1,,,1,,,,,
C4QGE8,nan,nan,nan,2.0,,,,,,,,,1,1,,,,
C3ZDM1,C3ZDM1_BRAFL,nan,BRAFL,2.0,,,,,,,,,1,1,,,,
Q5TS41,Q5TS41_ANOGA,nan,ANOGA,2.0,,,,,,,,,1,1,,,,
nan,nan,ENSXETP00000025416,XENTR,2.0,,,,,,,,,1,1,,,,
C3YNU3,C3YNU3_BRAFL,nan,BRAFL,2.0,,,,,,,,,1,1,,,,
H2UU41,H2UU41_TAKRU,ENSTRUP00000040465,TAKRU,2.0,,,,,,,,,1,1,,,,
F7ECM1,F7ECM1_ORNAN,ENSOANP00000026388,ORNAN,2.0,,,,,,,,,1,1,,,,
C3YGQ5,C3YGQ5_BRAFL,nan,BRAFL,2.0,,,,,,,,,1,1,,,,
H2U008,H2U008_TAKRU,ENSTRUP00000030267,TAKRU,2.0,,,,,,,,,1,1,,,,
F6S3P7,F6S3P7_ORNAN,ENSOANP00000018852,ORNAN,2.0,,,,,,1,,,1,,,,,
Q59KL6,TF3A_CANAL,nan,CANAL,2.0,1,,,,,1,,,,,,,,
Q96N38,ZN714_HUMAN,nan,HUMAN,2.0,,,,,,,1,,1,,,,,
F6PWN3,F6PWN3_XENTR,ENSXETP00000042943,XENTR,2.0,,,,,,,,,1,1,,,,
F6ST35,F6ST35_ORNAN,ENSOANP00000003571,ORNAN,2.0,,,,1,,,,,1,,,,,
F7DAE3,F7DAE3_XENTR,ENSXETP00000044934,XENTR,2.0,,,,,,,,,1,1,,,,
F1QUH0,F1QUH0_DANRE,ENSDARP00000108752,DANRE,2.0,,,,,,,,,1,1,,,,
C3YSM5,C3YSM5_BRAFL,nan,BRAFL,2.0,,,,,,,,,1,1,,,,
Q4PHZ9,Q4PHZ9_USTMA,nan,USTMA,2.0,,,,,,1,1,,,,,,,
H2U2C4,H2U2C4_TAKRU,ENSTRUP00000031085,TAKRU,2.0,,,,,,1,,,1,,,,,
C3YQG0,C3YQG0_BRAFL,nan,BRAFL,2.0,,,,,,,,,1,1,,,,
nan,nan,ENSXETP00000014211,XENTR,2.0,,,,,,,,,1,1,,,,
F7F318,F7F318_ORNAN,ENSOANP00000002132,ORNAN,2.0,,,,,,,,,1,1,,,,
Q5TQ53,Q5TQ53_ANOGA,nan,ANOGA,2.0,,,,,,,,,1,1,,,,
Q9N360,Q9N360_CAEEL,nan,CAEEL,2.0,,,,,,1,,,1,,,,,
C3YGT6,C3YGT6_BRAFL,nan,BRAFL,2.0,,,,,,,,,1,1,,,,
F6QDF7,F6QDF7_XENTR,ENSXETP00000023596,XENTR,2.0,,,,,,,,,1,1,,,,
F1R0D9,F1R0D9_DANRE,ENSDARP00000104862,DANRE,2.0,,,,,,,,,1,1,,,,
Q9BL20,nan,nan,nan,2.0,,,,,,,,,1,1,,,,
C3YTW6,C3YTW6_BRAFL,nan,BRAFL,2.0,,,,,,,,,1,1,,,,
F7G6K9,F7G6K9_MACMU,ENSMMUP00000014201,MACMU,2.0,,,,,,,1,,1,,,,,
nan,nan,ENSXETP00000053150,XENTR,2.0,,,,,,,,,1,1,,,,
F6RMP2,F6RMP2_ORNAN,ENSOANP00000016382,ORNAN,2.0,,,,,,,1,,1,,,,,
Q5PPQ4,Q5PPQ4_MOUSE,nan,MOUSE,2.0,,,,,,,1,,1,,,,,
H2RTD8,H2RTD8_TAKRU,ENSTRUP00000003405,TAKRU,2.0,,,,,,,,,1,1,,,,
F6QLE0,F6QLE0_XENTR,ENSXETP00000028551,XENTR,2.0,,,,,,,,,1,1,,,,
A7RIQ4,A7RIQ4_NEMVE,nan,NEMVE,2.0,,,,,,,,,1,1,,,,
C3YAL0,C3YAL0_BRAFL,nan,BRAFL,2.0,,,,1,,,,,1,,,,,
A0NBV5,A0NBV5_ANOGA,nan,ANOGA,2.0,,,,,,,,,1,1,,,,
nan,nan,ENSXETP00000052324,XENTR,2.0,,,,,,,,,1,1,,,,
C3YNU4,C3YNU4_BRAFL,nan,BRAFL,2.0,,,,,,,,,1,1,,,,
H2SWY2,H2SWY2_TAKRU,ENSTRUP00000016920,TAKRU,2.0,,,,,,,1,,1,,,,,
H2SK27,H2SK27_TAKRU,ENSTRUP00000012760,TAKRU,2.0,,,,,,,,,1,1,,,,
Q5CZS3,Q5CZS3_DANRE,nan,DANRE,2.0,,,,,,,,,1,1,,,,
F1QKE5,F1QKE5_DANRE,ENSDARP00000109314,DANRE,2.0,,,,,,,,,1,1,,,,
F1QJG9,F1QJG9_DANRE,ENSDARP00000114484,DANRE,2.0,,,,,,,,,1,1,,,,
H2S6S9,H2S6S9_TAKRU,ENSTRUP00000008101,TAKRU,2.0,,,,,,,,,1,1,,,,
Q5EB05,Q5EB05_DANRE,nan,DANRE,2.0,,,1,,,,,,1,,,,,
A7RKW3,A7RKW3_NEMVE,nan,NEMVE,2.0,,,,,,,,,1,1,,,,
F7EFU3,F7EFU3_XENTR,ENSXETP00000032822,XENTR,2.0,,,,,,,,,1,1,,,,
K9J813,K9J813_XENTR,ENSXETP00000021139,XENTR,1.0,,,,,,,,,1,,,,,
K9J8F1,K9J8F1_XENTR,ENSXETP00000054155,XENTR,1.0,,,,,,,,,1,,,,,
L7N2L6,L7N2L6_XENTR,ENSXETP00000005874,XENTR,1.0,,,,,,,,,1,,,,,
K9J7Y3,K9J7Y3_XENTR,ENSXETP00000018179,XENTR,1.0,,,,,,,,,1,,,,,
K9J7Y4,K9J7Y4_XENTR,ENSXETP00000018183,XENTR,1.0,,,,,,,,,1,,,,,
L7N3H8,L7N3H8_XENTR,ENSXETP00000032982,XENTR,1.0,,,,,,,,,1,,,,,
K9J881,K9J881_XENTR,ENSXETP00000033068,XENTR,1.0,,,,,,,,,1,,,,,
H2T1C8,H2T1C8_TAKRU,ENSTRUP00000018466,TAKRU,1.0,,,,,,,,,1,,,,,
H2T5G8,H2T5G8_TAKRU,ENSTRUP00000019907,TAKRU,1.0,,,,,,,,,1,,,,,
H2T3D7,H2T3D7_TAKRU,ENSTRUP00000019175,TAKRU,1.0,,,,,,,,,1,,,,,
K9J8E4,K9J8E4_XENTR,ENSXETP00000052340,XENTR,1.0,,,,,,,,,1,,,,,
H2T2L0,H2T2L0_TAKRU,ENSTRUP00000018898,TAKRU,1.0,,,,,,,,,1,,,,,
K9J864,K9J864_XENTR,ENSXETP00000030382,XENTR,1.0,,,,,,,,,1,,,,,
K9J8E1,K9J8E1_XENTR,ENSXETP00000052298,XENTR,1.0,,,,,,,,,1,,,,,
H2SZK0,H2SZK0_TAKRU,ENSTRUP00000017838,TAKRU,1.0,,,,,,,,,1,,,,,
K9J8D8,K9J8D8_XENTR,ENSXETP00000050929,XENTR,1.0,,,,,,,,,1,,,,,
H2SZP2,H2SZP2_TAKRU,ENSTRUP00000017880,TAKRU,1.0,,,,,,,,,1,,,,,
H2VE12,H2VE12_TAKRU,ENSTRUP00000047457,TAKRU,1.0,,,,,,,,,1,,,,,
K9J7X2,K9J7X2_XENTR,ENSXETP00000016145,XENTR,1.0,,,,,,,,,1,,,,,
H2T6T0,H2T6T0_TAKRU,ENSTRUP00000020369,TAKRU,1.0,,,,,,,,,1,,,,,
H9L0Z3,H9L0Z3_CHICK,ENSGALP00000028749,CHICK,1.0,,,,,,,,,1,,,,,
H9L0Z9,H9L0Z9_CHICK,ENSGALP00000028764,CHICK,1.0,,,,,,,,,1,,,,,
H9L1H7,H9L1H7_CHICK,ENSGALP00000034765,CHICK,1.0,,,,,,,,,1,,,,,
H2TTK2,H2TTK2_TAKRU,ENSTRUP00000028010,TAKRU,1.0,,,,,,,,,1,,,,,
H9L209,H9L209_CHICK,ENSGALP00000034952,CHICK,1.0,,,,,,,,,1,,,,,
H9L2F1,H9L2F1_CHICK,ENSGALP00000035098,CHICK,1.0,,,,,,,,,1,,,,,
H9L2W4,H9L2W4_CHICK,ENSGALP00000035263,CHICK,1.0,,,,,,,,,1,,,,,
H2TTD6,H2TTD6_TAKRU,ENSTRUP00000027944,TAKRU,1.0,,,,,,,,,1,,,,,
H9L329,H9L329_CHICK,ENSGALP00000035328,CHICK,1.0,,,,,,,,,1,,,,,
H2TT37,H2TT37_TAKRU,ENSTRUP00000027845,TAKRU,1.0,,,,,,,,,1,,,,,
I6L9I4,I6L9I4_BOVIN,ENSBTAP00000020207,BOVIN,1.0,,,,,,,,,1,,,,,
J3KMG5,J3KMG5_MOUSE,ENSMUSP00000071269,MOUSE,1.0,,,,,,,,,1,,,,,
K7N6H3,K7N6H3_MOUSE,ENSMUSP00000099083,MOUSE,1.0,,,,,,,,,1,,,,,
H2TR55,H2TR55_TAKRU,ENSTRUP00000027162,TAKRU,1.0,,,,,,,,,1,,,,,
K9J7M0,K9J7M0_XENTR,ENSXETP00000004468,XENTR,1.0,,,,,,,,,1,,,,,
H2SZA8,H2SZA8_TAKRU,ENSTRUP00000017746,TAKRU,1.0,,,,,,,,,1,,,,,
H2TQV1,H2TQV1_TAKRU,ENSTRUP00000027058,TAKRU,1.0,,,,,,,,,1,,,,,
K9J7N3,K9J7N3_XENTR,ENSXETP00000005803,XENTR,1.0,,,,,,,,,1,,,,,
H2TMI9,H2TMI9_TAKRU,ENSTRUP00000025895,TAKRU,1.0,,,,,,,,,1,,,,,
H2TI24,H2TI24_TAKRU,ENSTRUP00000024324,TAKRU,1.0,,,,,,,,,1,,,,,
K9J7P9,K9J7P9_XENTR,ENSXETP00000007822,XENTR,1.0,,,,,,,,,1,,,,,
H2TFH9,H2TFH9_TAKRU,ENSTRUP00000023425,TAKRU,1.0,,,,,,,,,1,,,,,
H2TEQ9,H2TEQ9_TAKRU,ENSTRUP00000023152,TAKRU,1.0,,,,,,,,,1,,,,,
H2TAE7,H2TAE7_TAKRU,ENSTRUP00000021637,TAKRU,1.0,,,,,,,,,1,,,,,
H2TAB5,H2TAB5_TAKRU,ENSTRUP00000021605,TAKRU,1.0,,,,,,,,,1,,,,,
K9J7N2,K9J7N2_XENTR,ENSXETP00000005787,XENTR,1.0,,,,,,,,,1,,,,,
H2SQ16,H2SQ16_TAKRU,ENSTRUP00000014503,TAKRU,1.0,,,,,,,,,1,,,,,
H2SXC6,H2SXC6_TAKRU,ENSTRUP00000017064,TAKRU,1.0,,,,,,,,,1,,,,,
H2SEU1,H2SEU1_TAKRU,ENSTRUP00000010922,TAKRU,1.0,,,,,,,,,1,,,,,
O43296,ZN264_HUMAN,nan,HUMAN,1.0,,,,,,,,,1,,,,,
O43309,ZSC12_HUMAN,nan,HUMAN,1.0,,,,,,,,,1,,,,,
O43345,ZN208_HUMAN,nan,HUMAN,1.0,,,,,,,,,1,,,,,
O43361,ZN749_HUMAN,nan,HUMAN,1.0,,,,,,,,,1,,,,,
H2SI74,H2SI74_TAKRU,ENSTRUP00000012106,TAKRU,1.0,,,,,,,,,1,,,,,
O43829,ZBT14_HUMAN,nan,HUMAN,1.0,,,,,,,,,1,,,,,
H2SG58,H2SG58_TAKRU,ENSTRUP00000011389,TAKRU,1.0,,,,,,,,,1,,,,,
H2SF27,H2SF27_TAKRU,ENSTRUP00000011008,TAKRU,1.0,,,,,,,,,1,,,,,
O43830,ZNF73_HUMAN,nan,HUMAN,1.0,,,,,,,,,1,,,,,
O44720,O44720_CAEEL,nan,CAEEL,1.0,,,,,,,,,1,,,,,
O45103,O45103_CAEEL,nan,CAEEL,1.0,,,,,,,,,1,,,,,
O60304,ZN500_HUMAN,nan,HUMAN,1.0,,,,,,,,,1,,,,,
O60765,Z354A_HUMAN,nan,HUMAN,1.0,,,,,,,,,1,,,,,
H2SEI5,H2SEI5_TAKRU,ENSTRUP00000010816,TAKRU,1.0,,,,,,,,,1,,,,,
H2SIC9,H2SIC9_TAKRU,ENSTRUP00000012161,TAKRU,1.0,,,,,,,,,1,,,,,
H2SDE1,H2SDE1_TAKRU,ENSTRUP00000010422,TAKRU,1.0,,,,,,,,,1,,,,,
H2SBM0,H2SBM0_TAKRU,ENSTRUP00000009799,TAKRU,1.0,,,,,,,,,1,,,,,
H2S9U8,H2S9U8_TAKRU,ENSTRUP00000009174,TAKRU,1.0,,,,,,,,,1,,,,,
H2S7Z6,H2S7Z6_TAKRU,ENSTRUP00000008521,TAKRU,1.0,,,,,,,,,1,,,,,
H2S5J2,H2S5J2_TAKRU,ENSTRUP00000007664,TAKRU,1.0,,,,,,,,,1,,,,,
O75123,ZN623_HUMAN,nan,HUMAN,1.0,,,,,,,,,1,,,,,
H2S4F9,H2S4F9_TAKRU,ENSTRUP00000007281,TAKRU,1.0,,,,,,,,,1,,,,,
H2S4F4,H2S4F4_TAKRU,ENSTRUP00000007276,TAKRU,1.0,,,,,,,,,1,,,,,
H2RYV7,H2RYV7_TAKRU,ENSTRUP00000005328,TAKRU,1.0,,,,,,,,,1,,,,,
H2RY57,H2RY57_TAKRU,ENSTRUP00000005078,TAKRU,1.0,,,,,,,,,1,,,,,
H2RUW0,H2RUW0_TAKRU,ENSTRUP00000003928,TAKRU,1.0,,,,,,,,,1,,,,,
H2RUD3,H2RUD3_TAKRU,ENSTRUP00000003750,TAKRU,1.0,,,,,,,,,1,,,,,
O75290,Z780A_HUMAN,nan,HUMAN,1.0,,,,,,,,,1,,,,,
H2SIA0,H2SIA0_TAKRU,ENSTRUP00000012132,TAKRU,1.0,,,,,,,,,1,,,,,
H2SJ22,H2SJ22_TAKRU,ENSTRUP00000012405,TAKRU,1.0,,,,,,,,,1,,,,,
L7N3W0,L7N3W0_XENTR,ENSXETP00000050930,XENTR,1.0,,,,,,,,,1,,,,,
O08900,IKZF3_MOUSE,nan,MOUSE,1.0,,,,,,,,,1,,,,,
L7N3W1,L7N3W1_XENTR,ENSXETP00000051010,XENTR,1.0,,,,,,,,,1,,,,,
H2SVK9,H2SVK9_TAKRU,ENSTRUP00000016447,TAKRU,1.0,,,,,,,,,1,,,,,
H2STQ3,H2STQ3_TAKRU,ENSTRUP00000015790,TAKRU,1.0,,,,,,,,,1,,,,,
L7N452,L7N452_MOUSE,ENSMUSP00000071284,MOUSE,1.0,,,,,,,,,1,,,,,
H2SSA8,H2SSA8_TAKRU,ENSTRUP00000015295,TAKRU,1.0,,,,,,,,,1,,,,,
H2SRD0,H2SRD0_TAKRU,ENSTRUP00000014967,TAKRU,1.0,,,,,,,,,1,,,,,
O00110,OVOL3_HUMAN,nan,HUMAN,1.0,,,,,,,,,1,,,,,
H2SR55,H2SR55_TAKRU,ENSTRUP00000014892,TAKRU,1.0,,,,,,,,,1,,,,,
O01960,O01960_CAEEL,nan,CAEEL,1.0,,,,,,,,,1,,,,,
O01961,O01961_CAEEL,nan,CAEEL,1.0,,,,,,,,,1,,,,,
H9L069,H9L069_CHICK,ENSGALP00000021977,CHICK,1.0,,,,,,,,,1,,,,,
O02265,nan,nan,nan,1.0,,,,,,,1,,,,,,,
O08584,KLF6_MOUSE,nan,MOUSE,1.0,,,,,,,,,1,,,,,
O14628,ZN195_HUMAN,nan,HUMAN,1.0,,,,,,,,,1,,,,,
H2SJ39,H2SJ39_TAKRU,ENSTRUP00000012422,TAKRU,1.0,,,,,,,,,1,,,,,
O14709,ZN197_HUMAN,nan,HUMAN,1.0,,,,,,,,,1,,,,,
H2SPJ1,H2SPJ1_TAKRU,ENSTRUP00000014328,TAKRU,1.0,,,,,,,,,1,,,,,
O14753,OVOL1_HUMAN,nan,HUMAN,1.0,,,,,,,,,1,,,,,
O14771,ZN213_HUMAN,nan,HUMAN,1.0,,,,,,,,,1,,,,,
O14978,ZN263_HUMAN,nan,HUMAN,1.0,,,,,,,,,1,,,,,
O15060,ZBT39_HUMAN,nan,HUMAN,1.0,,,,,,,,,1,,,,,
O15156,ZBT7B_HUMAN,nan,HUMAN,1.0,,,,,,,,,1,,,,,
O15535,ZSC9_HUMAN,nan,HUMAN,1.0,,,,,,,,,1,,,,,
O35819,KLF6_RAT,nan,RAT,1.0,,,,,,,,,1,,,,,
H2SK12,H2SK12_TAKRU,ENSTRUP00000012745,TAKRU,1.0,,,,,,,,,1,,,,,
O42410,IKZF1_CHICK,nan,CHICK,1.0,,,,,,,,,1,,,,,
O42423,O42423_CHICK,nan,CHICK,1.0,,,,,,,,,1,,,,,
O43167,ZBT24_HUMAN,nan,HUMAN,1.0,,,,,,,,,1,,,,,
H9L0K7,H9L0K7_CHICK,ENSGALP00000023436,CHICK,1.0,,,,,,,,,1,,,,,
H9H9G6,H9H9G6_MONDO,ENSMODP00000027446,MONDO,1.0,,,,,,,,,1,,,,,
H9L020,H9L020_CHICK,ENSGALP00000021756,CHICK,1.0,,,,,,,,,1,,,,,
H9H325,H9H325_MACMU,ENSMMUP00000006938,MACMU,1.0,,,,,,,,,1,,,,,
H9H426,H9H426_MACMU,ENSMMUP00000025313,MACMU,1.0,,,,,,,,,1,,,,,
H9H3W8,H9H3W8_MACMU,ENSMMUP00000022427,MACMU,1.0,,,,,,,,,1,,,,,
H9H3A3,H9H3A3_MACMU,ENSMMUP00000011760,MACMU,1.0,,,,,,,,,1,,,,,
H2UKP8,H2UKP8_TAKRU,ENSTRUP00000037519,TAKRU,1.0,,,,,,,,,1,,,,,
H9H394,H9H394_MACMU,ENSMMUP00000011188,MACMU,1.0,,,,,,,,,1,,,,,
H9H338,H9H338_MACMU,ENSMMUP00000007518,MACMU,1.0,,,,,,,,,1,,,,,
H9H2X0,H9H2X0_MACMU,ENSMMUP00000004487,MACMU,1.0,,,,,,,,,1,,,,,
H2TVM9,H2TVM9_TAKRU,ENSTRUP00000028738,TAKRU,1.0,,,,,,,,,1,,,,,
H9H2T6,H9H2T6_MACMU,ENSMMUP00000003068,MACMU,1.0,,,,,,,,,1,,,,,
H2UL61,H2UL61_TAKRU,ENSTRUP00000037682,TAKRU,1.0,,,,,,,,,1,,,,,
H9H2T5,H9H2T5_MACMU,ENSMMUP00000003065,MACMU,1.0,,,,,,,,,1,,,,,
H9H2S8,H9H2S8_MACMU,ENSMMUP00000002309,MACMU,1.0,,,,,,,,,1,,,,,
H9H2P2,H9H2P2_MACMU,ENSMMUP00000000737,MACMU,1.0,,,,,,,,,1,,,,,
H9GZI2,H9GZI2_DANRE,ENSDARP00000117774,DANRE,1.0,,,,,,,,,1,,,,,
H9H464,H9H464_MACMU,ENSMMUP00000027006,MACMU,1.0,,,,,,,,,1,,,,,
H9H4W7,H9H4W7_MACMU,ENSMMUP00000034620,MACMU,1.0,,,,,,,,,1,,,,,
H2UK30,H2UK30_TAKRU,ENSTRUP00000037301,TAKRU,1.0,,,,,,,,,1,,,,,
H2UJ93,H2UJ93_TAKRU,ENSTRUP00000037014,TAKRU,1.0,,,,,,,,,1,,,,,
H9H506,H9H506_MACMU,ENSMMUP00000035856,MACMU,1.0,,,,,,,,,1,,,,,
H9H538,H9H538_MACMU,ENSMMUP00000035977,MACMU,1.0,,,,,,,,,1,,,,,
H9H5A1,H9H5A1_MACMU,ENSMMUP00000038027,MACMU,1.0,,,,,,,,,1,,,,,
H9H5Q9,H9H5Q9_MACMU,ENSMMUP00000041354,MACMU,1.0,,,,,,,,,1,,,,,
H2UJ15,H2UJ15_TAKRU,ENSTRUP00000036936,TAKRU,1.0,,,,,,,,,1,,,,,
H9H5R5,H9H5R5_MACMU,ENSMMUP00000041361,MACMU,1.0,,,,,,,,,1,,,,,
H2UHW9,H2UHW9_TAKRU,ENSTRUP00000036540,TAKRU,1.0,,,,,,,,,1,,,,,
H9H5S2,H9H5S2_MACMU,ENSMMUP00000041369,MACMU,1.0,,,,,,,,,1,,,,,
H9H5V1,H9H5V1_MONDO,ENSMODP00000000297,MONDO,1.0,,,,,,,,,1,,,,,
H9H5W0,H9H5W0_MONDO,ENSMODP00000000343,MONDO,1.0,,,,,,,,,1,,,,,
H9H5X5,H9H5X5_MONDO,ENSMODP00000001755,MONDO,1.0,,,,,,,,,1,,,,,
H9H5X7,H9H5X7_MONDO,ENSMODP00000001972,MONDO,1.0,,,,,,,,,1,,,,,
H2UHP4,H2UHP4_TAKRU,ENSTRUP00000036465,TAKRU,1.0,,,,,,,,,1,,,,,
H9GZI1,H9GZI1_DANRE,ENSDARP00000117630,DANRE,1.0,,,,,,,,,1,,,,,
H2ULD4,H2ULD4_TAKRU,ENSTRUP00000037755,TAKRU,1.0,,,,,,,,,1,,,,,
H9GZH5,H9GZH5_DANRE,ENSDARP00000116320,DANRE,1.0,,,,,,,,,1,,,,,
H9GYB9,H9GYB9_DANRE,ENSDARP00000105522,DANRE,1.0,,,,,,,,,1,,,,,
H9GXI3,H9GXI3_DANRE,ENSDARP00000074406,DANRE,1.0,,,,,,,,,1,,,,,
H9GXQ5,H9GXQ5_DANRE,ENSDARP00000090753,DANRE,1.0,,,,,,,,,1,,,,,
H2V9J7,H2V9J7_TAKRU,ENSTRUP00000045887,TAKRU,1.0,,,,,,,,,1,,,,,
H2V8N4,H2V8N4_TAKRU,ENSTRUP00000045573,TAKRU,1.0,,,,,,,,,1,,,,,
H9GXV4,H9GXV4_DANRE,ENSDARP00000098459,DANRE,1.0,,,,,,,,,1,,,,,
H2V760,H2V760_TAKRU,ENSTRUP00000045049,TAKRU,1.0,,,,,,,,,1,,,,,
H2V6B4,H2V6B4_TAKRU,ENSTRUP00000044748,TAKRU,1.0,,,,,,,,,,1,,,,
H2V5M5,H2V5M5_TAKRU,ENSTRUP00000044509,TAKRU,1.0,,,,,,,,,1,,,,,
H2UZW9,H2UZW9_TAKRU,ENSTRUP00000042499,TAKRU,1.0,,,,,,,,,1,,,,,
H9GXY4,H9GXY4_DANRE,ENSDARP00000100028,DANRE,1.0,,,,,,,,,1,,,,,
H9GY33,H9GY33_DANRE,ENSDARP00000102337,DANRE,1.0,,,,,,,,,1,,,,,
H9GY40,H9GY40_DANRE,ENSDARP00000102958,DANRE,1.0,,,,,,,,,1,,,,,
H9GY62,H9GY62_DANRE,ENSDARP00000104101,DANRE,1.0,,,,,,,,,1,,,,,
H9GY72,H9GY72_DANRE,ENSDARP00000104521,DANRE,1.0,,,,,,,,,1,,,,,
H9GYD5,H9GYD5_DANRE,ENSDARP00000106019,DANRE,1.0,,,,,,,,,1,,,,,
H9GZF9,H9GZF9_DANRE,ENSDARP00000112962,DANRE,1.0,,,,,,,,,1,,,,,
H2UYB0,H2UYB0_TAKRU,ENSTRUP00000041939,TAKRU,1.0,,,,,,,,,1,,,,,
H9GYL6,H9GYL6_DANRE,ENSDARP00000107544,DANRE,1.0,,,,,,,,,1,,,,,
H2UWT0,H2UWT0_TAKRU,ENSTRUP00000041408,TAKRU,1.0,,,,,,,,,1,,,,,
H2UV88,H2UV88_TAKRU,ENSTRUP00000040865,TAKRU,1.0,,,,,,,,,1,,,,,
H9GYV7,H9GYV7_DANRE,ENSDARP00000109212,DANRE,1.0,,,,,,,,,1,,,,,
H9GZ32,H9GZ32_DANRE,ENSDARP00000110457,DANRE,1.0,,,,,,,,,1,,,,,
H9GZ68,H9GZ68_DANRE,ENSDARP00000111071,DANRE,1.0,,,,,,,,,1,,,,,
H2UT18,H2UT18_TAKRU,ENSTRUP00000040091,TAKRU,1.0,,,,,,,,,1,,,,,
H9GZ78,H9GZ78_DANRE,ENSDARP00000111200,DANRE,1.0,,,,,,,,,1,,,,,
H2UQP6,H2UQP6_TAKRU,ENSTRUP00000039269,TAKRU,1.0,,,,,,,,,1,,,,,
H2UMR8,H2UMR8_TAKRU,ENSTRUP00000038239,TAKRU,1.0,,,,,,,,,1,,,,,
H9GZ86,H9GZ86_DANRE,ENSDARP00000111284,DANRE,1.0,,,,,,,,,1,,,,,
H9GZD2,H9GZD2_DANRE,ENSDARP00000112129,DANRE,1.0,,,,,,,,,1,,,,,
H9GZE5,H9GZE5_DANRE,ENSDARP00000112280,DANRE,1.0,,,,,,,,,1,,,,,
H2UHE0,H2UHE0_TAKRU,ENSTRUP00000036361,TAKRU,1.0,,,,,,,,,1,,,,,
H9H627,H9H627_MONDO,ENSMODP00000003939,MONDO,1.0,,,,,,,,,1,,,,,
H9H643,H9H643_MONDO,ENSMODP00000004932,MONDO,1.0,,,,,,,,,1,,,,,
H2U0U1,H2U0U1_TAKRU,ENSTRUP00000030551,TAKRU,1.0,,,,,,,,,1,,,,,
H9H755,H9H755_MONDO,ENSMODP00000023223,MONDO,1.0,,,,,,,,,1,,,,,
H9H757,H9H757_MONDO,ENSMODP00000023238,MONDO,1.0,,,,,,,,,1,,,,,
H2U2H5,H2U2H5_TAKRU,ENSTRUP00000031136,TAKRU,1.0,,,,,,,,,1,,,,,
H9H783,H9H783_MONDO,ENSMODP00000023533,MONDO,1.0,,,,,,,,,1,,,,,
H9H7B6,H9H7B6_MONDO,ENSMODP00000024141,MONDO,1.0,,,,,,,,,1,,,,,
H9H7U6,H9H7U6_MONDO,ENSMODP00000026203,MONDO,1.0,,,,,,,,,1,,,,,
H9H831,H9H831_MONDO,ENSMODP00000026952,MONDO,1.0,,,,,,,,,1,,,,,
H9H840,H9H840_MONDO,ENSMODP00000026961,MONDO,1.0,,,,,,,,,1,,,,,
H2U1F0,H2U1F0_TAKRU,ENSTRUP00000030761,TAKRU,1.0,,,,,,,,,1,,,,,
H9H863,H9H863_MONDO,ENSMODP00000026984,MONDO,1.0,,,,,,,,,1,,,,,
H9H878,H9H878_MONDO,ENSMODP00000026999,MONDO,1.0,,,,,,,,,1,,,,,
H9H899,H9H899_MONDO,ENSMODP00000027020,MONDO,1.0,,,,,,,,,1,,,,,
H9H8A9,H9H8A9_MONDO,ENSMODP00000027030,MONDO,1.0,,,,,,,,,1,,,,,
H9H8I5,H9H8I5_MONDO,ENSMODP00000027109,MONDO,1.0,,,,,,,,,1,,,,,
H9H8N0,H9H8N0_MONDO,ENSMODP00000027156,MONDO,1.0,,,,,,,,,1,,,,,
H9H733,H9H733_MONDO,ENSMODP00000021826,MONDO,1.0,,,,,,,,,1,,,,,
H9H8P0,H9H8P0_MONDO,ENSMODP00000027169,MONDO,1.0,,,,,,,,,1,,,,,
H2TYN7,H2TYN7_TAKRU,ENSTRUP00000029796,TAKRU,1.0,,,,,,,,,1,,,,,
H9H8U1,H9H8U1_MONDO,ENSMODP00000027221,MONDO,1.0,,,,,,,,,1,,,,,
H9H8W4,H9H8W4_MONDO,ENSMODP00000027244,MONDO,1.0,,,,,,,,,1,,,,,
H9H961,H9H961_MONDO,ENSMODP00000027341,MONDO,1.0,,,,,,,,,1,,,,,
H9H9G4,H9H9G4_MONDO,ENSMODP00000027444,MONDO,1.0,,,,,,,,,1,,,,,
H2TYK3,H2TYK3_TAKRU,ENSTRUP00000029762,TAKRU,1.0,,,,,,,,,1,,,,,
H9H9H2,H9H9H2_MONDO,ENSMODP00000027452,MONDO,1.0,,,,,,,,,1,,,,,
H9H9N1,H9H9N1_MONDO,ENSMODP00000027511,MONDO,1.0,,,,,,,,,1,,,,,
H2TY12,H2TY12_TAKRU,ENSTRUP00000029571,TAKRU,1.0,,,,,,,,,1,,,,,
H2TXK9,H2TXK9_TAKRU,ENSTRUP00000029418,TAKRU,1.0,,,,,,,,,1,,,,,
H9KYX9,H9KYX9_CHICK,ENSGALP00000001342,CHICK,1.0,,,,,,,,,1,,,,,
H9KZR4,H9KZR4_CHICK,ENSGALP00000017665,CHICK,1.0,,,,,,,,,1,,,,,
H2TWJ2,H2TWJ2_TAKRU,ENSTRUP00000029051,TAKRU,1.0,,,,,,,,,1,,,,,
H2U5H4,H2U5H4_TAKRU,ENSTRUP00000032190,TAKRU,1.0,,,,,,,,,1,,,,,
H9H731,H9H731_MONDO,ENSMODP00000021772,MONDO,1.0,,,,,,,,,1,,,,,
H9H654,H9H654_MONDO,ENSMODP00000005667,MONDO,1.0,,,,,,,,,1,,,,,
H9H6N2,H9H6N2_MONDO,ENSMODP00000017570,MONDO,1.0,,,,,,,,,1,,,,,
H9H659,H9H659_MONDO,ENSMODP00000006361,MONDO,1.0,,,,,,,,,1,,,,,
H9H661,H9H661_MONDO,ENSMODP00000006818,MONDO,1.0,,,,,,,,,1,,,,,
H9H674,H9H674_MONDO,ENSMODP00000008125,MONDO,1.0,,,,,,,,,1,,,,,
H9H6A9,H9H6A9_MONDO,ENSMODP00000011436,MONDO,1.0,,,,,,,,,1,,,,,
H9H6F6,H9H6F6_MONDO,ENSMODP00000013553,MONDO,1.0,,,,,,,,,1,,,,,
H2UH19,H2UH19_TAKRU,ENSTRUP00000036240,TAKRU,1.0,,,,,,,,,1,,,,,
H9H6J8,H9H6J8_MONDO,ENSMODP00000015339,MONDO,1.0,,,,,,,,,1,,,,,
H9H6J9,H9H6J9_MONDO,ENSMODP00000015403,MONDO,1.0,,,,,,,,,1,,,,,
H2UF32,H2UF32_TAKRU,ENSTRUP00000035551,TAKRU,1.0,,,,,,,,,1,,,,,
H9H6L2,H9H6L2_MONDO,ENSMODP00000015940,MONDO,1.0,,,,,,,,,1,,,,,
H9H6L6,H9H6L6_MONDO,ENSMODP00000016292,MONDO,1.0,,,,,,,,,1,,,,,
H9H6M0,H9H6M0_MONDO,ENSMODP00000016565,MONDO,1.0,,,,,,,,,1,,,,,
H9H6M2,H9H6M2_MONDO,ENSMODP00000016581,MONDO,1.0,,,,,,,,,1,,,,,
H2UEP0,H2UEP0_TAKRU,ENSTRUP00000035409,TAKRU,1.0,,,,,,,,,1,,,,,
H9H6N3,H9H6N3_MONDO,ENSMODP00000017572,MONDO,1.0,,,,,,,,,1,,,,,
H2U7K8,H2U7K8_TAKRU,ENSTRUP00000032924,TAKRU,1.0,,,,,,,,,1,,,,,
H9H6S1,H9H6S1_MONDO,ENSMODP00000019590,MONDO,1.0,,,,,,,,,1,,,,,
H9H6S5,H9H6S5_MONDO,ENSMODP00000019626,MONDO,1.0,,,,,,,,,1,,,,,
H9H6S9,H9H6S9_MONDO,ENSMODP00000020209,MONDO,1.0,,,,,,,,,1,,,,,
H9H6U1,H9H6U1_MONDO,ENSMODP00000020452,MONDO,1.0,,,,,,,,,1,,,,,
H2UCP9,H2UCP9_TAKRU,ENSTRUP00000034718,TAKRU,1.0,,,,,,,,,1,,,,,
H9H6U2,H9H6U2_MONDO,ENSMODP00000020456,MONDO,1.0,,,,,,,,,1,,,,,
H9H6V9,H9H6V9_MONDO,ENSMODP00000020575,MONDO,1.0,,,,,,,,,1,,,,,
H9H6W2,H9H6W2_MONDO,ENSMODP00000020581,MONDO,1.0,,,,,,,,,1,,,,,
H9H6X3,H9H6X3_MONDO,ENSMODP00000020604,MONDO,1.0,,,,,,,,,1,,,,,
H9H6Y4,H9H6Y4_MONDO,ENSMODP00000020645,MONDO,1.0,,,,,,,,,1,,,,,
H2U972,H2U972_TAKRU,ENSTRUP00000033488,TAKRU,1.0,,,,,,,,,1,,,,,
H9H726,H9H726_MONDO,ENSMODP00000021206,MONDO,1.0,,,,,,,,,1,,,,,
H2U911,H2U911_TAKRU,ENSTRUP00000033427,TAKRU,1.0,,,,,,,,,1,,,,,
H9H729,H9H729_MONDO,ENSMODP00000021728,MONDO,1.0,,,,,,,,,1,,,,,
H9H5Y6,H9H5Y6_MONDO,ENSMODP00000002177,MONDO,1.0,,,,,,,,,1,,,,,
A0A0C4DGB4,A0A0C4DGB4_HUMAN,ENSP00000422344,HUMAN,1.0,,,,,,,,,1,,,,,
O75373,ZN737_HUMAN,nan,HUMAN,1.0,,,,,,,,,1,,,,,
Q1LY63,nan,nan,nan,1.0,,,,,,,,,1,,,,,
Q1WWJ5,Q1WWJ5_MOUSE,nan,MOUSE,1.0,,,,,,,,,1,,,,,
Q1RLV8,Q1RLV8_DANRE,nan,DANRE,1.0,,,,,,,,,1,,,,,
Q1RLQ7,Q1RLQ7_DANRE,nan,DANRE,1.0,,,,,,,,,1,,,,,
Q1RL89,Q1RL89_CIOIN,ENSCINP00000015361,CIOIN,1.0,,,,,,,,,1,,,,,
Q1RL62,Q1RL62_CIOIN,ENSCINP00000009018,CIOIN,1.0,,,,,,,,,1,,,,,
Q1MSZ7,nan,nan,nan,1.0,,,,,,,,,1,,,,,
Q1LZ87,ZN397_BOVIN,ENSBTAP00000013542,BOVIN,1.0,,,,,,,,,1,,,,,
Q1LXP9,Q1LXP9_DANRE,nan,DANRE,1.0,,,,,,,,,1,,,,,
Q24140,Q24140_DROME,nan,DROME,1.0,,,,,,,,,1,,,,,
Q1LXL9,nan,nan,nan,1.0,,,,,,,,,1,,,,,
Q1LXL7,Q1LXL7_DANRE,nan,DANRE,1.0,,,,,,,,,1,,,,,
Q1LXF6,Q1LXF6_DANRE,nan,DANRE,1.0,,,,,,,,,1,,,,,
Q1LWP5,Q1LWP5_DANRE,nan,DANRE,1.0,,,,,,,,,1,,,,,
Q1LWP3,Q1LWP3_DANRE,nan,DANRE,1.0,,,,,,,,,1,,,,,
Q1LWP2,Q1LWP2_DANRE,nan,DANRE,1.0,,,,,,,,,1,,,,,
Q1LWP0,Q1LWP0_DANRE,nan,DANRE,1.0,,,,,,,,,1,,,,,
Q22024,Q22024_CAEEL,nan,CAEEL,1.0,,,,,,,,,1,,,,,
Q28C81,Q28C81_XENTR,ENSXETP00000054453,XENTR,1.0,,,,,,,,,1,,,,,
Q1LW52,nan,nan,nan,1.0,,,,,,,,,1,,,,,
Q2M218,ZN630_HUMAN,nan,HUMAN,1.0,,,,,,,,,1,,,,,
Q2VPQ3,Q2VPQ3_MOUSE,nan,MOUSE,1.0,,,,,,,,,1,,,,,
Q2V3L3,Y4634_ARATH,nan,ARATH,1.0,,,,,,1,,,,,,,,
Q2TL60,ZN667_MOUSE,ENSMUSP00000128658,MOUSE,1.0,,,,,,,,,1,,,,,
Q2TA17,ZN668_BOVIN,ENSBTAP00000008736,BOVIN,1.0,,,,,,,,,1,,,,,
Q2MGN0,Q2MGN0_DROME,nan,DROME,1.0,,,,,,,,,1,,,,,
Q2M3X9,ZN674_HUMAN,nan,HUMAN,1.0,,,,,,,,,1,,,,,
Q2M3W8,ZN181_HUMAN,nan,HUMAN,1.0,,,,,,,,,1,,,,,
Q2KJ82,Q2KJ82_BOVIN,ENSBTAP00000037032,BOVIN,1.0,,,,,,,,,1,,,,,
Q28C97,Q28C97_XENTR,ENSXETP00000006633,XENTR,1.0,,,,,,,,,1,,,,,
Q2KJ67,Q2KJ67_BOVIN,ENSBTAP00000006397,BOVIN,1.0,,,,,,,,,1,,,,,
Q2KI58,ZN181_BOVIN,ENSBTAP00000013039,BOVIN,1.0,,,,,,,,,1,,,,,
Q2KI47,Q2KI47_BOVIN,ENSBTAP00000025340,BOVIN,1.0,,,,,,,,,1,,,,,
Q29R14,Q29R14_DROME,nan,DROME,1.0,,,,,,,,,1,,,,,
Q29R10,Q29R10_DROME,nan,DROME,1.0,,,,,,,,,,1,,,,
Q28GY2,Q28GY2_XENTR,ENSXETP00000014401,XENTR,1.0,,,,,,,,,1,,,,,
Q28GG6,Q28GG6_XENTR,ENSXETP00000044979,XENTR,1.0,,,,,,,,,1,,,,,
Q1LWN7,nan,nan,nan,1.0,,,,,,,,,1,,,,,
Q1LW51,nan,nan,nan,1.0,,,,,,,,,1,,,,,
Q2VY69,ZN284_HUMAN,nan,HUMAN,1.0,,,,,,,,,1,,,,,
Q15973,ZN124_HUMAN,nan,HUMAN,1.0,,,,,,,,,1,,,,,
Q1H9T7,Q1H9T7_CHICK,nan,CHICK,1.0,,,,,,,,,1,,,,,
Q1H9T6,ZBT48_MOUSE,ENSMUSP00000114726,MOUSE,1.0,,,,,,,,,1,,,,,
Q19203,UNC98_CAEEL,nan,CAEEL,1.0,,,,,,,,,1,,,,,
Q18250,Q18250_CAEEL,nan,CAEEL,1.0,,,,,,,,,1,,,,,
Q16670,ZSC26_HUMAN,nan,HUMAN,1.0,,,,,,,,,1,,,,,
Q16600,ZN239_HUMAN,nan,HUMAN,1.0,,,,,,,,,1,,,,,
Q16587,ZNF74_HUMAN,nan,HUMAN,1.0,,,,,,,,,1,,,,,
Q15940,ZNF67_HUMAN,nan,HUMAN,1.0,,,,,,,,,1,,,,,
Q1JQ43,Q1JQ43_DANRE,nan,DANRE,1.0,,,,,,,,,1,,,,,
Q15937,ZNF79_HUMAN,nan,HUMAN,1.0,,,,,,,,,1,,,,,
Q15935,ZNF77_HUMAN,nan,HUMAN,1.0,,,,,,,,,1,,,,,
Q15928,ZN141_HUMAN,nan,HUMAN,1.0,,,,,,,,,1,,,,,
Q15776,ZKSC8_HUMAN,nan,HUMAN,1.0,,,,,,,,,1,,,,,
Q15697,ZN174_HUMAN,nan,HUMAN,1.0,,,,,,,,,1,,,,,
Q15072,OZF_HUMAN,nan,HUMAN,1.0,,,,,,,,,1,,,,,
Q14DI0,Q14DI0_MOUSE,nan,MOUSE,1.0,,,,,,,,,1,,,,,
Q1JPV8,Q1JPV8_DANRE,nan,DANRE,1.0,,,,,,,,,1,,,,,
Q1K4M8,Q1K4M8_NEUCR,nan,NEUCR,1.0,,,,,,,,,1,,,,,
Q1LW50,Q1LW50_DANRE,nan,DANRE,1.0,,,,,,,,,1,,,,,
Q1LW39,nan,nan,nan,1.0,,,,,,,,,1,,,,,
Q1LW49,Q1LW49_DANRE,nan,DANRE,1.0,,,,,,,,,1,,,,,
Q1LW46,Q1LW46_DANRE,nan,DANRE,1.0,,,,,,,,,1,,,,,
Q1LW45,nan,nan,nan,1.0,,,,,,,,,1,,,,,
Q1LW44,Q1LW44_DANRE,nan,DANRE,1.0,,,,,,,,,1,,,,,
Q1LW42,Q1LW42_DANRE,nan,DANRE,1.0,,,,,,,,,1,,,,,
Q1LW41,Q1LW41_DANRE,nan,DANRE,1.0,,,,,,,,,1,,,,,
Q1LW40,nan,nan,nan,1.0,,,,,,,,,1,,,,,
Q1LW38,nan,nan,nan,1.0,,,,,,,,,1,,,,,
Q1L8W0,ZBT18_DANRE,nan,DANRE,1.0,,,,,,,,,1,,,,,
Q1LVU4,nan,nan,nan,1.0,,,,,,,,,1,,,,,
Q1LVU3,nan,nan,nan,1.0,,,,,,,,,1,,,,,
Q1LVU1,nan,nan,nan,1.0,,,,,,,,,1,,,,,
Q1LVT8,Q1LVT8_DANRE,nan,DANRE,1.0,,,,,,,,,1,,,,,
Q1LVT7,Q1LVT7_DANRE,nan,DANRE,1.0,,,,,,,,,1,,,,,
Q1LUX5,Q1LUX5_DANRE,nan,DANRE,1.0,,,,,,,,,1,,,,,
Q1LUU8,Q1LUU8_DANRE,nan,DANRE,1.0,,,,,,,,,1,,,,,
Q2VWH6,FEZF2_BOVIN,ENSBTAP00000027056,BOVIN,1.0,,,,,,,,,1,,,,,
Q32M78,ZN699_HUMAN,nan,HUMAN,1.0,,,,,,,,,1,,,,,
O75437,ZN254_HUMAN,nan,HUMAN,1.0,,,,,,,,,1,,,,,
Q499D5,Q499D5_MOUSE,nan,MOUSE,1.0,,,,,,,,,1,,,,,
Q4Q7T3,Q4Q7T3_LEIMA,nan,LEIMA,1.0,,,,,,1,,,,,,,,
Q4PIC7,Q4PIC7_USTMA,nan,USTMA,1.0,,,,,,,,,1,,,,,
Q4KLI1,ZKSC1_RAT,nan,RAT,1.0,,,,,,,,,1,,,,,
Q4H2L1,Q4H2L1_CIOIN,ENSCINP00000026213,CIOIN,1.0,,,,,,,,,1,,,,,
Q49AA0,ZFP69_HUMAN,nan,HUMAN,1.0,,,,,,,,,1,,,,,
Q49A33,Z876P_HUMAN,nan,HUMAN,1.0,,,,,,,,,1,,,,,
Q499Z4,ZN672_HUMAN,nan,HUMAN,1.0,,,,,,,,,1,,,,,
Q497V9,Q497V9_MOUSE,nan,MOUSE,1.0,,,,,,,,,1,,,,,
Q4QR79,Q4QR79_RAT,nan,RAT,1.0,,,,,,,,,1,,,,,
Q494X3,ZN404_HUMAN,nan,HUMAN,1.0,,,,,,,,,1,,,,,
Q3ZCX4,ZN568_HUMAN,nan,HUMAN,1.0,,,,,,,,,1,,,,,
Q3ZCT1,ZN260_HUMAN,nan,HUMAN,1.0,,,,,,,,,1,,,,,
Q3ZBY5,Q3ZBY5_BOVIN,ENSBTAP00000022287,BOVIN,1.0,,,,,,,,,1,,,,,
Q3ZBI4,Q3ZBI4_BOVIN,ENSBTAP00000009301,BOVIN,1.0,,,,,,,,,1,,,,,
Q3V1D8,Q3V1D8_MOUSE,nan,MOUSE,1.0,,,,,,,,,1,,,,,
Q3V080,ZN583_MOUSE,nan,MOUSE,1.0,,,,,,,,,1,,,,,
Q4QQP3,Q4QQP3_MOUSE,nan,MOUSE,1.0,,,,,,,,,1,,,,,
Q4R158,nan,nan,nan,1.0,,,,,,,,,1,,,,,
Q3UYP7,Q3UYP7_MOUSE,nan,MOUSE,1.0,,,,,,,,,1,,,,,
Q4V9E1,Q4V9E1_DANRE,nan,DANRE,1.0,,,,,,,,,1,,,,,
Q4VBH8,Q4VBH8_DANRE,nan,DANRE,1.0,,,,,,,,,1,,,,,
Q4V9G3,Q4V9G3_DANRE,nan,DANRE,1.0,,,,,,,,,1,,,,,
Q4V9F9,Q4V9F9_DANRE,nan,DANRE,1.0,,,,,,,,,1,,,,,
Q4V9F7,Q4V9F7_DANRE,nan,DANRE,1.0,,,,,,,,,1,,,,,
Q4V9F3,Q4V9F3_DANRE,nan,DANRE,1.0,,,,,,,,,1,,,,,
Q4V9E9,Q4V9E9_DANRE,nan,DANRE,1.0,,,,,,,,,1,,,,,
Q4V9E3,Q4V9E3_DANRE,nan,DANRE,1.0,,,,,,,,,1,,,,,
Q4V9A2,Q4V9A2_DANRE,nan,DANRE,1.0,,,,,,,,,1,,,,,
Q4V348,Z658B_HUMAN,nan,HUMAN,1.0,,,,,,,,,1,,,,,
Q4V8R6,E4F1_DANRE,nan,DANRE,1.0,,,,,,,,,1,,,,,
Q4V8J3,Q4V8J3_RAT,nan,RAT,1.0,,,,,,,,,1,,,,,
Q4V8E9,NRIF1_RAT,nan,RAT,1.0,,,,,,,,,1,,,,,
Q4V8A8,ZFP90_RAT,nan,RAT,1.0,,,,,,,,,1,,,,,
Q4V6Y7,Q4V6Y7_DROME,nan,DROME,1.0,,,,,,,,,1,,,,,
Q4V6Y6,Q4V6Y6_DROME,nan,DROME,1.0,,,,,,,,,1,,,,,
Q4V6X9,Q4V6X9_DROME,nan,DROME,1.0,,,,,,,,,1,,,,,
Q3V041,Q3V041_MOUSE,nan,MOUSE,1.0,,,,,,,,,1,,,,,
Q3UVL3,Q3UVL3_MOUSE,nan,MOUSE,1.0,,,,,,,,,1,,,,,
Q32P35,Q32P35_RAT,nan,RAT,1.0,,,,,,,,,1,,,,,
Q3SXZ3,ZN718_HUMAN,nan,HUMAN,1.0,,,,,,,,,1,,,,,
Q3TDV8,Q3TDV8_MOUSE,nan,MOUSE,1.0,,,,,,,,,1,,,,,
Q3TDE8,ZN691_MOUSE,nan,MOUSE,1.0,,,,,,,,,1,,,,,
Q3T135,OSR2_BOVIN,ENSBTAP00000017584,BOVIN,1.0,,,,,,,,,1,,,,,
Q3SZL2,Q3SZL2_BOVIN,ENSBTAP00000002117,BOVIN,1.0,,,,,,,,,1,,,,,
Q3SYX4,Q3SYX4_BOVIN,ENSBTAP00000021549,BOVIN,1.0,,,,,,,,,1,,,,,
Q3SYV7,ZN345_BOVIN,ENSBTAP00000026567,BOVIN,1.0,,,,,,,,,1,,,,,
Q3SY52,ZIK1_HUMAN,nan,HUMAN,1.0,,,,,,,,,1,,,,,
Q3MJ62,ZSC23_HUMAN,nan,HUMAN,1.0,,,,,,,,,1,,,,,
Q3TPQ7,Q3TPQ7_MOUSE,nan,MOUSE,1.0,,,,,,,,,1,,,,,
Q3MIS6,ZN528_HUMAN,nan,HUMAN,1.0,,,,,,,,,1,,,,,
Q3KQV3,ZN792_HUMAN,nan,HUMAN,1.0,,,,,,,,,1,,,,,
Q3KP31,ZN791_HUMAN,nan,HUMAN,1.0,,,,,,,,,1,,,,,
Q3KNS6,ZN829_HUMAN,nan,HUMAN,1.0,,,,,,,,,1,,,,,
Q3B725,ZBT24_RAT,nan,RAT,1.0,,,,,,,,,1,,,,,
Q32PP4,Q32PP4_DANRE,nan,DANRE,1.0,,,,,,,,,1,,,,,
Q32PJ4,Q32PJ4_BOVIN,ENSBTAP00000014968,BOVIN,1.0,,,,,,,,,1,,,,,
Q3TFZ4,Q3TFZ4_MOUSE,nan,MOUSE,1.0,,,,,,,,,1,,,,,
Q3TQG9,Q3TQG9_MOUSE,nan,MOUSE,1.0,,,,,,,,,1,,,,,
Q3UTQ6,Q3UTQ6_MOUSE,nan,MOUSE,1.0,,,,,,,,,1,,,,,
Q3ULA8,Q3ULA8_MOUSE,nan,MOUSE,1.0,,,,,,,,,1,,,,,
Q3UT17,Q3UT17_MOUSE,nan,MOUSE,1.0,,,,,,,,,1,,,,,
Q3US17,ZNF48_MOUSE,nan,MOUSE,1.0,,,,,,,,,1,,,,,
Q3URR7,ZSC10_MOUSE,nan,MOUSE,1.0,,,,,,,,,1,,,,,
Q3URI6,Q3URI6_MOUSE,nan,MOUSE,1.0,,,,,,,,,1,,,,,
Q3UQL6,Q3UQL6_MOUSE,nan,MOUSE,1.0,,,,,,,,,1,,,,,
Q3UQ17,Q3UQ17_MOUSE,nan,MOUSE,1.0,,,,,,,,,1,,,,,
Q3UPV7,Q3UPV7_MOUSE,nan,MOUSE,1.0,,,,,,,,,1,,,,,
Q3UI68,Q3UI68_MOUSE,nan,MOUSE,1.0,,,,,,,,,1,,,,,
Q3TSF2,Q3TSF2_MOUSE,nan,MOUSE,1.0,,,,,,,,,1,,,,,
Q3UFF8,Q3UFF8_MOUSE,nan,MOUSE,1.0,,,,,,,,,1,,,,,
Q3UF22,Q3UF22_MOUSE,nan,MOUSE,1.0,,,,,,,,,1,,,,,
Q3U4L8,Q3U4L8_MOUSE,nan,MOUSE,1.0,,,,,,,,,1,,,,,
Q3U3I9,ZN865_MOUSE,nan,MOUSE,1.0,,,,,,,,,1,,,,,
Q3U288,ZN710_MOUSE,nan,MOUSE,1.0,,,,,,,,,1,,,,,
Q3U133,ZN746_MOUSE,nan,MOUSE,1.0,,,,,,,,,1,,,,,
Q3TXZ1,ZN575_MOUSE,nan,MOUSE,1.0,,,,,,,,,1,,,,,
Q14929,ZN169_HUMAN,nan,HUMAN,1.0,,,,,,,,,1,,,,,
Q147U1,ZN846_HUMAN,nan,HUMAN,1.0,,,,,,,,,1,,,,,
Q14593,ZN273_HUMAN,nan,HUMAN,1.0,,,,,,,,,1,,,,,
P17017,ZNF14_HUMAN,nan,HUMAN,1.0,,,,,,,,,1,,,,,
P17025,ZN182_HUMAN,nan,HUMAN,1.0,,,,,,,,,1,,,,,
P17024,ZNF20_HUMAN,nan,HUMAN,1.0,,,,,,,,,1,,,,,
P17023,ZNF19_HUMAN,nan,HUMAN,1.0,,,,,,,,,1,,,,,
P17022,ZNF18_HUMAN,nan,HUMAN,1.0,,,,,,,,,1,,,,,
P17021,ZNF17_HUMAN,nan,HUMAN,1.0,,,,,,,,,1,,,,,
P17020,ZNF16_HUMAN,nan,HUMAN,1.0,,,,,,,,,1,,,,,
P17019,ZN708_HUMAN,nan,HUMAN,1.0,,,,,,,,,1,,,,,
P17014,ZNF12_HUMAN,nan,HUMAN,1.0,,,,,,,,,1,,,,,
P17027,ZNF23_HUMAN,nan,HUMAN,1.0,,,,,,,,,1,,,,,
P16415,ZN823_HUMAN,nan,HUMAN,1.0,,,,,,,,,1,,,,,
P16374,ZFP60_MOUSE,nan,MOUSE,1.0,,,,,,,,,1,,,,,
P16373,ZFP59_MOUSE,nan,MOUSE,1.0,,,,,,,,,1,,,,,
P16372,ZFP58_MOUSE,ENSMUSP00000132285,MOUSE,1.0,,,,,,,,,1,,,,,
P15622,ZN250_HUMAN,nan,HUMAN,1.0,,,,,,,,,1,,,,,
P15621,ZNF44_HUMAN,nan,HUMAN,1.0,,,,,,,,,1,,,,,
P15620,ZN271_MOUSE,nan,MOUSE,1.0,,,,,,,,,1,,,,,
P17026,ZNF22_HUMAN,nan,HUMAN,1.0,,,,,,,,,1,,,,,
P17028,ZNF24_HUMAN,nan,HUMAN,1.0,,,,,,,,,1,,,,,
P13682,ZNF35_HUMAN,nan,HUMAN,1.0,,,,,,,,,1,,,,,
P17041,ZNF32_HUMAN,nan,HUMAN,1.0,,,,,,,,,1,,,,,
P25932,ESCA_DROME,nan,DROME,1.0,,,,,,,,,1,,,,,
P24399,ZN239_MOUSE,nan,MOUSE,1.0,,,,,,,,,1,,,,,
P23803,ODD_DROME,nan,DROME,1.0,,,,,,,,,1,,,,,
P20385,CF2_DROME,nan,DROME,1.0,,,,,,,,,1,,,,,
P17141,ZFP37_MOUSE,nan,MOUSE,1.0,,,,,,,,,1,,,,,
P17098,ZNF8_HUMAN,nan,HUMAN,1.0,,,,,,,,,1,,,,,
P17097,ZNF7_HUMAN,nan,HUMAN,1.0,,,,,,,,,1,,,,,
P17040,ZSC20_HUMAN,nan,HUMAN,1.0,,,,,,,,,1,,,,,
P17029,ZKSC1_HUMAN,nan,HUMAN,1.0,,,,,,,,,1,,,,,
P17039,ZNF30_HUMAN,nan,HUMAN,1.0,,,,,,,,,1,,,,,
P17038,ZNF43_HUMAN,nan,HUMAN,1.0,,,,,,,,,1,,,,,
P17036,ZNF3_HUMAN,nan,HUMAN,1.0,,,,,,,,,1,,,,,
P17035,ZNF28_HUMAN,nan,HUMAN,1.0,,,,,,,,,1,,,,,
P17032,ZN37A_HUMAN,nan,HUMAN,1.0,,,,,,,,,1,,,,,
P17031,ZNF26_HUMAN,nan,HUMAN,1.0,,,,,,,,,1,,,,,
P17030,ZNF25_HUMAN,nan,HUMAN,1.0,,,,,,,,,1,,,,,
P14404,EVI1_MOUSE,nan,MOUSE,1.0,,,,,,,,,1,,,,,
P13360,GLAS_DROME,nan,DROME,1.0,,,,,,,,,1,,,,,
Q14592,ZN460_HUMAN,nan,HUMAN,1.0,,,,,,,,,1,,,,,
O95125,ZN202_HUMAN,nan,HUMAN,1.0,,,,,,,,,1,,,,,
P08043,ZFP2_MOUSE,nan,MOUSE,1.0,,,,,,,,,1,,,,,
P07665,SRYB_DROME,nan,DROME,1.0,,,,,,,,,1,,,,,
P05084,HUNB_DROME,nan,DROME,1.0,,,,,,,,,1,,,,,
O95863,SNAI1_HUMAN,nan,HUMAN,1.0,,,,,,,,,1,,,,,
O95780,ZN682_HUMAN,nan,HUMAN,1.0,,,,,,,,,1,,,,,
O95365,ZBT7A_HUMAN,nan,HUMAN,1.0,,,,,,,,,1,,,,,
O95201,ZN205_HUMAN,nan,HUMAN,1.0,,,,,,,,,1,,,,,
O93581,O93581_DANRE,nan,DANRE,1.0,,,,,,,,,1,,,,,
P08155,KRH1_DROME,nan,DROME,1.0,,,,,,,,,1,,,,,
O93567,ZBT7A_CHICK,nan,CHICK,1.0,,,,,,,,,1,,,,,
O88939,ZBT7A_MOUSE,nan,MOUSE,1.0,,,,,,,,,1,,,,,
O88553,ZFP37_RAT,nan,RAT,1.0,,,,,,,,,1,,,,,
O76910,O76910_DROME,nan,DROME,1.0,,,,,,,,,1,,,,,
O75840,KLF7_HUMAN,nan,HUMAN,1.0,,,,,,,,,1,,,,,
O75820,ZN189_HUMAN,nan,HUMAN,1.0,,,,,,,,,1,,,,,
O75467,Z324A_HUMAN,nan,HUMAN,1.0,,,,,,,,,1,,,,,
P08044,SNAI_DROME,nan,DROME,1.0,,,,,,,,,1,,,,,
P08970,SUHW_DROME,nan,DROME,1.0,,,,,,,,,1,,,,,
P10755,ZFP14_MOUSE,nan,MOUSE,1.0,,,,,,,,,1,,,,,
P10072,HKR1_HUMAN,nan,HUMAN,1.0,,,,,,,,,1,,,,,
P10754,ZFP13_MOUSE,nan,MOUSE,1.0,,,,,,,,,1,,,,,
P10751,ZFP11_MOUSE,nan,MOUSE,1.0,,,,,,,,,1,,,,,
P10077,ZFP27_MOUSE,nan,MOUSE,1.0,,,,,,,,,1,,,,,
P10076,ZFP26_MOUSE,nan,MOUSE,1.0,,,,,,,,,1,,,,,
P10075,GLI4_HUMAN,nan,HUMAN,1.0,,,,,,,,,1,,,,,
P10074,ZBT48_HUMAN,nan,HUMAN,1.0,,,,,,,,,1,,,,,
P10073,ZSC22_HUMAN,nan,HUMAN,1.0,,,,,,,,,1,,,,,
H2RSP3,H2RSP3_TAKRU,ENSTRUP00000003159,TAKRU,1.0,,,,,,,,,1,,,,,
P0C6Y7,PRDM9_RAT,nan,RAT,1.0,,,,,,,,,1,,,,,
P0CJ78,ZN865_HUMAN,nan,HUMAN,1.0,,,,,,,,,1,,,,,
P0CH99,Z705D_HUMAN,nan,HUMAN,1.0,,,,,,,,,1,,,,,
P0CG31,Z286B_HUMAN,nan,HUMAN,1.0,,,,,,,,,1,,,,,
P0CG24,ZN883_HUMAN,nan,HUMAN,1.0,,,,,,,,,1,,,,,
P0CB33,ZN735_HUMAN,nan,HUMAN,1.0,,,,,,,,,1,,,,,
P0C7X5,ZN806_HUMAN,nan,HUMAN,1.0,,,,,,,,,1,,,,,
P0C7V5,ZN812_HUMAN,nan,HUMAN,1.0,,,,,,,,,1,,,,,
P28698,MZF1_HUMAN,nan,HUMAN,1.0,,,,,,,,,1,,,,,
P30373,CKR1_CHICK,nan,CHICK,1.0,,,,,,,,,1,,,,,
P35789,ZNF93_HUMAN,nan,HUMAN,1.0,,,,,,,,,1,,,,,
Q0D2J5,ZN763_HUMAN,nan,HUMAN,1.0,,,,,,,,,1,,,,,
Q0VAW7,ZN112_MOUSE,nan,MOUSE,1.0,,,,,,,,,1,,,,,
Q0P5B6,Q0P5B6_BOVIN,ENSBTAP00000043340,BOVIN,1.0,,,,,,,,,1,,,,,
Q0P4L0,Q0P4L0_XENTR,ENSXETP00000036609,XENTR,1.0,,,,,,,,,1,,,,,
Q0P4D4,Q0P4D4_DANRE,nan,DANRE,1.0,,,,,,,,,1,,,,,
Q0IHT4,Q0IHT4_XENTR,ENSXETP00000035779,XENTR,1.0,,,,,,,,,1,,,,,
Q0IGS1,Q0IGS1_DROME,nan,DROME,1.0,,,,,,,,,1,,,,,
Q0IGR3,Q0IGR3_DROME,nan,DROME,1.0,,,,,,,,,1,,,,,
Q09FC8,ZN415_HUMAN,nan,HUMAN,1.0,,,,,,,,,1,,,,,
Q0VDL4,Q0VDL4_MOUSE,nan,MOUSE,1.0,,,,,,,,,1,,,,,
Q08ER8,ZN543_HUMAN,nan,HUMAN,1.0,,,,,,,,,1,,,,,
Q08E61,Q08E61_BOVIN,ENSBTAP00000011774,BOVIN,1.0,,,,,,,,,1,,,,,
Q08DW7,Q08DW7_BOVIN,ENSBTAP00000049121,BOVIN,1.0,,,,,,,,,1,,,,,
Q08DG8,ZN135_BOVIN,ENSBTAP00000004502,BOVIN,1.0,,,,,,,,,1,,,,,
Q08C35,Q08C35_DANRE,nan,DANRE,1.0,,,,,,,,,1,,,,,
Q08AN1,ZN616_HUMAN,nan,HUMAN,1.0,,,,,,,,,1,,,,,
Q08AG5,ZN844_HUMAN,nan,HUMAN,1.0,,,,,,,,,1,,,,,
Q0VCC5,REPI1_BOVIN,ENSBTAP00000052175,BOVIN,1.0,,,,,,,,,1,,,,,
Q0VFY0,Q0VFY0_MOUSE,nan,MOUSE,1.0,,,,,,,,,1,,,,,
P39413,AEF1_DROME,nan,DROME,1.0,,,,,,,,,1,,,,,
Q14526,HIC1_HUMAN,nan,HUMAN,1.0,,,,,,,,,1,,,,,
Q14591,ZN271_HUMAN,nan,HUMAN,1.0,,,,,,,,,1,,,,,
Q14590,ZN235_HUMAN,nan,HUMAN,1.0,,,,,,,,,1,,,,,
Q14588,ZN234_HUMAN,nan,HUMAN,1.0,,,,,,,,,1,,,,,
Q14587,ZN268_HUMAN,nan,HUMAN,1.0,,,,,,,,,1,,,,,
Q14586,ZN267_HUMAN,nan,HUMAN,1.0,,,,,,,,,1,,,,,
Q14585,ZN345_HUMAN,nan,HUMAN,1.0,,,,,,,,,1,,,,,
Q14584,ZN266_HUMAN,nan,HUMAN,1.0,,,,,,,,,1,,,,,
Q13422,IKZF1_HUMAN,nan,HUMAN,1.0,,,,,,,,,1,,,,,
Q0VGE8,ZN816_HUMAN,nan,HUMAN,1.0,,,,,,,,,1,,,,,
Q13398,ZN211_HUMAN,nan,HUMAN,1.0,,,,,,,,,1,,,,,
Q13360,ZN177_HUMAN,nan,HUMAN,1.0,,,,,,,,,1,,,,,
Q13351,KLF1_HUMAN,nan,HUMAN,1.0,,,,,,,,,1,,,,,
Q13106,ZN154_HUMAN,nan,HUMAN,1.0,,,,,,,,,1,,,,,
Q13105,ZBT17_HUMAN,nan,HUMAN,1.0,,,,,,,,,1,,,,,
Q12901,ZN155_HUMAN,nan,HUMAN,1.0,,,,,,,,,1,,,,,
Q10127,YSO1_CAEEL,nan,CAEEL,1.0,,,,,,,,,1,,,,,
Q08376,ZBT14_MOUSE,nan,MOUSE,1.0,,,,,,,,,1,,,,,
Q07351,STP4_YEAST,nan,YEAST,1.0,,,,,,,,,1,,,,,
Q07231,ZSC21_MOUSE,nan,MOUSE,1.0,,,,,,,,,1,,,,,
P52737,ZN136_HUMAN,nan,HUMAN,1.0,,,,,,,,,1,,,,,
P53968,CRZ1_YEAST,nan,YEAST,1.0,,,,,,,,,1,,,,,
P52744,ZN138_HUMAN,nan,HUMAN,1.0,,,,,,,,,1,,,,,
P52743,ZN137_HUMAN,nan,HUMAN,1.0,,,,,,,,,1,,,,,
P52742,ZN135_HUMAN,nan,HUMAN,1.0,,,,,,,,,1,,,,,
P52741,ZN134_HUMAN,nan,HUMAN,1.0,,,,,,,,,1,,,,,
P52740,ZN132_HUMAN,nan,HUMAN,1.0,,,,,,,,,1,,,,,
P52738,ZN140_HUMAN,nan,HUMAN,1.0,,,,,,,,,1,,,,,
P52736,ZN133_HUMAN,nan,HUMAN,1.0,,,,,,,,,1,,,,,
Q07230,ZSCA2_MOUSE,nan,MOUSE,1.0,,,,,,,,,1,,,,,
P51786,ZN157_HUMAN,nan,HUMAN,1.0,,,,,,,,,1,,,,,
P51523,ZNF84_HUMAN,nan,HUMAN,1.0,,,,,,,,,1,,,,,
P51522,ZNF83_HUMAN,nan,HUMAN,1.0,,,,,,,,,1,,,,,
P51508,ZNF81_HUMAN,nan,HUMAN,1.0,,,,,,,,,1,,,,,
P51504,ZNF80_HUMAN,nan,HUMAN,1.0,,,,,,,,,1,,,,,
P49910,ZN165_HUMAN,nan,HUMAN,1.0,,,,,,,,,1,,,,,
P46099,KLF1_MOUSE,nan,MOUSE,1.0,,,,,,,,,1,,,,,
P58317,ZN121_HUMAN,nan,HUMAN,1.0,,,,,,,,,1,,,,,
P59923,ZN445_HUMAN,nan,HUMAN,1.0,,,,,,,,,1,,,,,
P70591,P70591_RAT,nan,RAT,1.0,,,,,,,,,1,,,,,
P81183,IKZF2_MOUSE,nan,MOUSE,1.0,,,,,,,,,1,,,,,
Q06732,ZN33B_HUMAN,nan,HUMAN,1.0,,,,,,,,,1,,,,,
Q06730,ZN33A_HUMAN,nan,HUMAN,1.0,,,,,,,,,1,,,,,
Q05937,STP3_YEAST,nan,YEAST,1.0,,,,,,,,,1,,,,,
Q05516,ZBT16_HUMAN,nan,HUMAN,1.0,,,,,,,,,1,,,,,
Q05481,ZNF91_HUMAN,nan,HUMAN,1.0,,,,,,,,,1,,,,,
Q03936,ZNF92_HUMAN,nan,HUMAN,1.0,,,,,,,,,1,,,,,
Q03924,ZN117_HUMAN,nan,HUMAN,1.0,,,,,,,,,1,,,,,
Q03923,ZNF85_HUMAN,nan,HUMAN,1.0,,,,,,,,,1,,,,,
Q03112,EVI1_HUMAN,nan,HUMAN,1.0,,,,,,,,,1,,,,,
Q02975,Z354A_RAT,nan,RAT,1.0,,,,,,,,,1,,,,,
Q02526,ZFP41_MOUSE,nan,MOUSE,1.0,,,,,,,,,1,,,,,
Q02525,ZFP39_MOUSE,nan,MOUSE,1.0,,,,,,,,,1,,,,,
Q02386,ZNF45_HUMAN,nan,HUMAN,1.0,,,,,,,,,1,,,,,
Q02085,SNAI1_MOUSE,nan,MOUSE,1.0,,,,,,,,,1,,,,,
P98182,ZN200_HUMAN,nan,HUMAN,1.0,,,,,,,,,1,,,,,
P0CJ79,ZN888_HUMAN,nan,HUMAN,1.0,,,,,,,,,1,,,,,
H2RA58,H2RA58_PANTR,ENSPTRP00000053527,PANTR,1.0,,,,,,,,,1,,,,,
H2RQL5,H2RQL5_TAKRU,ENSTRUP00000002430,TAKRU,1.0,,,,,,,,,1,,,,,
F7HNZ7,F7HNZ7_MACMU,ENSMMUP00000031387,MACMU,1.0,,,,,,,,,1,,,,,
F7HNX0,F7HNX0_MACMU,ENSMMUP00000031394,MACMU,1.0,,,,,,,,,1,,,,,
F7HNW6,F7HNW6_MACMU,ENSMMUP00000031396,MACMU,1.0,,,,,,,,,1,,,,,
F7HNG6,F7HNG6_MACMU,ENSMMUP00000027449,MACMU,1.0,,,,,,,,,1,,,,,
F7HNF9,F7HNF9_MACMU,ENSMMUP00000015473,MACMU,1.0,,,,,,,,,1,,,,,
F7HLX0,F7HLX0_MACMU,ENSMMUP00000000215,MACMU,1.0,,,,,,,,,1,,,,,
F7HLR2,F7HLR2_MACMU,ENSMMUP00000012210,MACMU,1.0,,,,,,,,,1,,,,,
F7HLN6,F7HLN6_MACMU,ENSMMUP00000000247,MACMU,1.0,,,,,,,,,1,,,,,
F7HLL5,F7HLL5_MACMU,ENSMMUP00000022452,MACMU,1.0,,,,,,,,,1,,,,,
F7HLF7,F7HLF7_MACMU,ENSMMUP00000022460,MACMU,1.0,,,,,,,,,1,,,,,
F7HLE4,F7HLE4_MACMU,ENSMMUP00000022469,MACMU,1.0,,,,,,,,,1,,,,,
F7HL33,F7HL33_MACMU,ENSMMUP00000027488,MACMU,1.0,,,,,,,,,1,,,,,
F7HKZ4,F7HKZ4_MACMU,ENSMMUP00000039475,MACMU,1.0,,,,,,,,,1,,,,,
F7HJR3,F7HJR3_MACMU,ENSMMUP00000012077,MACMU,1.0,,,,,,,,,1,,,,,
F7HJI4,F7HJI4_MACMU,ENSMMUP00000000267,MACMU,1.0,,,,,,,,,1,,,,,
F7HJB4,F7HJB4_MACMU,ENSMMUP00000022472,MACMU,1.0,,,,,,,,,1,,,,,
F7HIU7,F7HIU7_MACMU,ENSMMUP00000010619,MACMU,1.0,,,,,,,,,1,,,,,
F7HIL5,F7HIL5_MACMU,ENSMMUP00000022614,MACMU,1.0,,,,,,,,,1,,,,,
F7HNX2,F7HNX2_MACMU,ENSMMUP00000031393,MACMU,1.0,,,,,,,,,1,,,,,
F7HPL5,F7HPL5_MACMU,ENSMMUP00000008666,MACMU,1.0,,,,,,,,,1,,,,,
F7HIK4,F7HIK4_MACMU,ENSMMUP00000015664,MACMU,1.0,,,,,,,,,1,,,,,
F7HPM7,F7HPM7_MACMU,ENSMMUP00000010979,MACMU,1.0,,,,,,,,,1,,,,,
G2HFR7,G2HFR7_PANTR,ENSPTRP00000017762,PANTR,1.0,,,,,,,,,1,,,,,
G2HEC2,G2HEC2_PANTR,ENSPTRP00000019925,PANTR,1.0,,,,,,,,,1,,,,,
F8WER7,F8WER7_HUMAN,ENSP00000381694,HUMAN,1.0,,,,,,,,,1,,,,,
F8VPV1,F8VPV1_MOUSE,ENSMUSP00000087350,MOUSE,1.0,,,,,,,,,1,,,,,
F8VPU8,F8VPU8_MOUSE,ENSMUSP00000100951,MOUSE,1.0,,,,,,,,,1,,,,,
F8VPU7,F8VPU7_MOUSE,ENSMUSP00000100952,MOUSE,1.0,,,,,,,,,1,,,,,
F7HUB3,F7HUB3_MACMU,ENSMMUP00000034726,MACMU,1.0,,,,,,,,,1,,,,,
F7HU71,F7HU71_MACMU,ENSMMUP00000027790,MACMU,1.0,,,,,,,,,1,,,,,
F7HT77,F7HT77_MACMU,ENSMMUP00000031338,MACMU,1.0,,,,,,,,,1,,,,,
F7HT24,F7HT24_MACMU,ENSMMUP00000039284,MACMU,1.0,,,,,,,,,1,,,,,
F7HSJ0,F7HSJ0_MACMU,ENSMMUP00000027414,MACMU,1.0,,,,,,,,,1,,,,,
F7HS86,F7HS86_MACMU,ENSMMUP00000008489,MACMU,1.0,,,,,,,,,1,,,,,
F7HS17,F7HS17_MACMU,ENSMMUP00000022907,MACMU,1.0,,,,,,,,,1,,,,,
F7HRJ7,F7HRJ7_MACMU,ENSMMUP00000027972,MACMU,1.0,,,,,,,,,1,,,,,
F7HR69,F7HR69_MACMU,ENSMMUP00000005098,MACMU,1.0,,,,,,,,,1,,,,,
F7HQM2,F7HQM2_MACMU,ENSMMUP00000027427,MACMU,1.0,,,,,,,,,1,,,,,
F7HPT8,F7HPT8_MACMU,ENSMMUP00000010969,MACMU,1.0,,,,,,,,,1,,,,,
F7HIL3,F7HIL3_MACMU,ENSMMUP00000022616,MACMU,1.0,,,,,,,,,1,,,,,
F7HHR3,F7HHR3_MACMU,ENSMMUP00000024056,MACMU,1.0,,,,,,,,,1,,,,,
G2HIU0,G2HIU0_PANTR,ENSPTRP00000034141,PANTR,1.0,,,,,,,,,1,,,,,
F7H8E2,F7H8E2_MACMU,ENSMMUP00000000145,MACMU,1.0,,,,,,,,,1,,,,,
F7H860,F7H860_MACMU,ENSMMUP00000031410,MACMU,1.0,,,,,,,,,1,,,,,
F7H856,F7H856_MACMU,ENSMMUP00000005155,MACMU,1.0,,,,,,,,,1,,,,,
F7H854,F7H854_MACMU,ENSMMUP00000031412,MACMU,1.0,,,,,,,,,1,,,,,
F7H7Z3,F7H7Z3_MACMU,ENSMMUP00000031422,MACMU,1.0,,,,,,,,,1,,,,,
F7H7Y9,F7H7Y9_MACMU,ENSMMUP00000031423,MACMU,1.0,,,,,,,,,1,,,,,
F7H7J0,F7H7J0_MACMU,ENSMMUP00000010506,MACMU,1.0,,,,,,,,,1,,,,,
F7H6Y3,F7H6Y3_MACMU,ENSMMUP00000008572,MACMU,1.0,,,,,,,,,1,,,,,
F7H6S8,F7H6S8_MACMU,ENSMMUP00000010897,MACMU,1.0,,,,,,,,,1,,,,,
F7H6S3,F7H6S3_MACMU,ENSMMUP00000010898,MACMU,1.0,,,,,,,,,1,,,,,
F7H6Q6,F7H6Q6_MACMU,ENSMMUP00000008586,MACMU,1.0,,,,,,,,,1,,,,,
F7H5I5,F7H5I5_MACMU,ENSMMUP00000029138,MACMU,1.0,,,,,,,,,1,,,,,
F7H5A1,F7H5A1_MACMU,ENSMMUP00000010534,MACMU,1.0,,,,,,,,,1,,,,,
F7H3P5,F7H3P5_MACMU,ENSMMUP00000008911,MACMU,1.0,,,,,,,,,1,,,,,
F7H3M3,F7H3M3_MACMU,ENSMMUP00000012170,MACMU,1.0,,,,,,,,,1,,,,,
F7H3L6,F7H3L6_MACMU,ENSMMUP00000012173,MACMU,1.0,,,,,,,,,1,,,,,
F7H3L3,F7H3L3_MACMU,ENSMMUP00000012175,MACMU,1.0,,,,,,,,,1,,,,,
F7H3E3,F7H3E3_MACMU,ENSMMUP00000017171,MACMU,1.0,,,,,,,,,1,,,,,
F7H876,F7H876_MACMU,ENSMMUP00000012138,MACMU,1.0,,,,,,,,,1,,,,,
F7H8J1,F7H8J1_MACMU,ENSMMUP00000012100,MACMU,1.0,,,,,,,,,1,,,,,
F7HGS7,F7HGS7_MACMU,ENSMMUP00000003342,MACMU,1.0,,,,,,,,,1,,,,,
F7H8Y3,F7H8Y3_MACMU,ENSMMUP00000027847,MACMU,1.0,,,,,,,,,1,,,,,
F7HGS0,F7HGS0_MACMU,ENSMMUP00000015322,MACMU,1.0,,,,,,,,,1,,,,,
F7HF05,F7HF05_MACMU,ENSMMUP00000012285,MACMU,1.0,,,,,,,,,1,,,,,
F7HF03,F7HF03_MACMU,ENSMMUP00000012286,MACMU,1.0,,,,,,,,,1,,,,,
F7HEQ7,F7HEQ7_MACMU,ENSMMUP00000003358,MACMU,1.0,,,,,,,,,1,,,,,
F7HEQ5,F7HEQ5_MACMU,ENSMMUP00000003359,MACMU,1.0,,,,,,,,,1,,,,,
F7HEC7,F7HEC7_MACMU,ENSMMUP00000034610,MACMU,1.0,,,,,,,,,1,,,,,
F7HDU3,F7HDU3_MACMU,ENSMMUP00000010813,MACMU,1.0,,,,,,,,,1,,,,,
F7HDP4,F7HDP4_MACMU,ENSMMUP00000008515,MACMU,1.0,,,,,,,,,1,,,,,
F7HD87,F7HD87_MACMU,ENSMMUP00000015851,MACMU,1.0,,,,,,,,,1,,,,,
F7HD83,F7HD83_MACMU,ENSMMUP00000015852,MACMU,1.0,,,,,,,,,1,,,,,
F7HBJ1,F7HBJ1_MACMU,ENSMMUP00000008531,MACMU,1.0,,,,,,,,,1,,,,,
F7HBI7,F7HBI7_MACMU,ENSMMUP00000008532,MACMU,1.0,,,,,,,,,1,,,,,
F7HAK2,F7HAK2_MACMU,ENSMMUP00000000107,MACMU,1.0,,,,,,,,,1,,,,,
F7HA86,F7HA86_MACMU,ENSMMUP00000031401,MACMU,1.0,,,,,,,,,1,,,,,
F7HA74,F7HA74_MACMU,ENSMMUP00000031404,MACMU,1.0,,,,,,,,,1,,,,,
F7HA70,F7HA70_MACMU,ENSMMUP00000031405,MACMU,1.0,,,,,,,,,1,,,,,
F7H9B0,F7H9B0_MACMU,ENSMMUP00000022838,MACMU,1.0,,,,,,,,,1,,,,,
G2HIT9,G2HIT9_PANTR,ENSPTRP00000038839,PANTR,1.0,,,,,,,,,1,,,,,
G2HJ51,G2HJ51_PANTR,ENSPTRP00000019069,PANTR,1.0,,,,,,,,,1,,,,,
H2RQB9,H2RQB9_TAKRU,ENSTRUP00000002334,TAKRU,1.0,,,,,,,,,1,,,,,
H2Q7X8,H2Q7X8_PANTR,ENSPTRP00000010375,PANTR,1.0,,,,,,,,,1,,,,,
H2Q783,H2Q783_PANTR,ENSPTRP00000009623,PANTR,1.0,,,,,,,,,1,,,,,
H2Q782,H2Q782_PANTR,ENSPTRP00000009622,PANTR,1.0,,,,,,,,,1,,,,,
H2Q781,H2Q781_PANTR,ENSPTRP00000009620,PANTR,1.0,,,,,,,,,1,,,,,
H2Q6A0,H2Q6A0_PANTR,ENSPTRP00000008695,PANTR,1.0,,,,,,,,,1,,,,,
H2Q673,H2Q673_PANTR,ENSPTRP00000008637,PANTR,1.0,,,,,,,,,1,,,,,
H2Q614,H2Q614_PANTR,ENSPTRP00000008518,PANTR,1.0,,,,,,,,,1,,,,,
H2Q5D3,H2Q5D3_PANTR,ENSPTRP00000007906,PANTR,1.0,,,,,,,,,1,,,,,
H2Q504,H2Q504_PANTR,ENSPTRP00000007547,PANTR,1.0,,,,,,,,,1,,,,,
H2Q4T2,H2Q4T2_PANTR,ENSPTRP00000007389,PANTR,1.0,,,,,,,,,1,,,,,
H2Q4L5,H2Q4L5_PANTR,ENSPTRP00000007226,PANTR,1.0,,,,,,,,,1,,,,,
H2Q442,H2Q442_PANTR,ENSPTRP00000006713,PANTR,1.0,,,,,,,,,1,,,,,
H2Q3I1,H2Q3I1_PANTR,ENSPTRP00000006167,PANTR,1.0,,,,,,,,,1,,,,,
H2Q335,H2Q335_PANTR,ENSPTRP00000005790,PANTR,1.0,,,,,,,,,1,,,,,
H2Q2Q4,H2Q2Q4_PANTR,ENSPTRP00000005335,PANTR,1.0,,,,,,,,,1,,,,,
H2Q1U7,H2Q1U7_PANTR,ENSPTRP00000004224,PANTR,1.0,,,,,,,,,1,,,,,
H2Q1U4,H2Q1U4_PANTR,ENSPTRP00000004209,PANTR,1.0,,,,,,,,,1,,,,,
H2Q1U3,H2Q1U3_PANTR,ENSPTRP00000004206,PANTR,1.0,,,,,,,,,1,,,,,
H2Q787,H2Q787_PANTR,ENSPTRP00000009659,PANTR,1.0,,,,,,,,,1,,,,,
H2Q9A5,H2Q9A5_PANTR,ENSPTRP00000011944,PANTR,1.0,,,,,,,,,1,,,,,
H2Q1J6,H2Q1J6_PANTR,ENSPTRP00000003791,PANTR,1.0,,,,,,,,,1,,,,,
H2QA03,H2QA03_PANTR,ENSPTRP00000012642,PANTR,1.0,,,,,,,,,1,,,,,
H2QAY6,H2QAY6_PANTR,ENSPTRP00000013699,PANTR,1.0,,,,,,,,,1,,,,,
H2QAY2,H2QAY2_PANTR,ENSPTRP00000013686,PANTR,1.0,,,,,,,,,1,,,,,
H2QAX9,H2QAX9_PANTR,ENSPTRP00000013682,PANTR,1.0,,,,,,,,,1,,,,,
H2QAX7,H2QAX7_PANTR,ENSPTRP00000013680,PANTR,1.0,,,,,,,,,1,,,,,
H2QAX5,H2QAX5_PANTR,ENSPTRP00000013672,PANTR,1.0,,,,,,,,,1,,,,,
H2QAX4,H2QAX4_PANTR,ENSPTRP00000013671,PANTR,1.0,,,,,,,,,1,,,,,
H2QAT3,H2QAT3_PANTR,ENSPTRP00000013511,PANTR,1.0,,,,,,,,,1,,,,,
H2QAG6,H2QAG6_PANTR,ENSPTRP00000013145,PANTR,1.0,,,,,,,,,1,,,,,
H2QAG4,H2QAG4_PANTR,ENSPTRP00000013143,PANTR,1.0,,,,,,,,,1,,,,,
H2QAG3,H2QAG3_PANTR,ENSPTRP00000013141,PANTR,1.0,,,,,,,,,1,,,,,
H2QAG2,H2QAG2_PANTR,ENSPTRP00000013136,PANTR,1.0,,,,,,,,,1,,,,,
H2QAG0,H2QAG0_PANTR,ENSPTRP00000013134,PANTR,1.0,,,,,,,,,1,,,,,
H2QAF8,H2QAF8_PANTR,ENSPTRP00000013130,PANTR,1.0,,,,,,,,,1,,,,,
H2QAF7,H2QAF7_PANTR,ENSPTRP00000013128,PANTR,1.0,,,,,,,,,1,,,,,
H2QAF6,H2QAF6_PANTR,ENSPTRP00000013127,PANTR,1.0,,,,,,,,,1,,,,,
H2QAF5,H2QAF5_PANTR,ENSPTRP00000013125,PANTR,1.0,,,,,,,,,1,,,,,
H2QA28,H2QA28_PANTR,ENSPTRP00000012730,PANTR,1.0,,,,,,,,,1,,,,,
H2Q1T7,H2Q1T7_PANTR,ENSPTRP00000004176,PANTR,1.0,,,,,,,,,1,,,,,
H2Q1I3,H2Q1I3_PANTR,ENSPTRP00000003757,PANTR,1.0,,,,,,,,,1,,,,,
G3MWG6,G3MWG6_BOVIN,ENSBTAP00000053455,BOVIN,1.0,,,,,,,,,1,,,,,
G5E5J3,G5E5J3_BOVIN,ENSBTAP00000021794,BOVIN,1.0,,,,,,,,,1,,,,,
G5E578,G5E578_BOVIN,ENSBTAP00000007733,BOVIN,1.0,,,,,,,,,1,,,,,
G3XA34,G3XA34_MOUSE,ENSMUSP00000125416,MOUSE,1.0,,,,,,,,,1,,,,,
G3X9T2,G3X9T2_MOUSE,ENSMUSP00000103650,MOUSE,1.0,,,,,,,,,1,,,,,
G3X9G7,ZN809_MOUSE,ENSMUSP00000072286,MOUSE,1.0,,,,,,,,,1,,,,,
G3X805,G3X805_BOVIN,ENSBTAP00000046669,BOVIN,1.0,,,,,,,,,1,,,,,
G3X7M7,G3X7M7_BOVIN,ENSBTAP00000038665,BOVIN,1.0,,,,,,,,,1,,,,,
G3X7L0,G3X7L0_BOVIN,ENSBTAP00000034255,BOVIN,1.0,,,,,,,,,1,,,,,
G3X7C9,G3X7C9_BOVIN,ENSBTAP00000024080,BOVIN,1.0,,,,,,,,,1,,,,,
G3X723,G3X723_BOVIN,ENSBTAP00000017478,BOVIN,1.0,,,,,,,,,1,,,,,
G3X713,G3X713_BOVIN,ENSBTAP00000017105,BOVIN,1.0,,,,,,,,,1,,,,,
G3X6V5,G3X6V5_BOVIN,ENSBTAP00000014350,BOVIN,1.0,,,,,,,,,1,,,,,
G3X6N6,G3X6N6_BOVIN,ENSBTAP00000009654,BOVIN,1.0,,,,,,,,,1,,,,,
G3X6I8,G3X6I8_BOVIN,ENSBTAP00000007323,BOVIN,1.0,,,,,,,,,1,,,,,
G3V9J4,G3V9J4_RAT,ENSRNOP00000049638,RAT,1.0,,,,,,,,,1,,,,,
G3V9G6,G3V9G6_RAT,ENSRNOP00000046964,RAT,1.0,,,,,,,,,1,,,,,
G3V8H6,G3V8H6_RAT,ENSRNOP00000025981,RAT,1.0,,,,,,,,,1,,,,,
G3V777,G3V777_RAT,ENSRNOP00000012745,RAT,1.0,,,,,,,,,1,,,,,
G5E5E5,G5E5E5_BOVIN,ENSBTAP00000014617,BOVIN,1.0,,,,,,,,,1,,,,,
G5E5M3,G5E5M3_BOVIN,ENSBTAP00000025518,BOVIN,1.0,,,,,,,,,1,,,,,
H2Q1G7,H2Q1G7_PANTR,ENSPTRP00000003726,PANTR,1.0,,,,,,,,,1,,,,,
G5E5T7,G5E5T7_BOVIN,ENSBTAP00000030785,BOVIN,1.0,,,,,,,,,1,,,,,
H2Q1G6,H2Q1G6_PANTR,ENSPTRP00000003714,PANTR,1.0,,,,,,,,,1,,,,,
H2Q1G5,H2Q1G5_PANTR,ENSPTRP00000003713,PANTR,1.0,,,,,,,,,1,,,,,
H2Q1F5,H2Q1F5_PANTR,ENSPTRP00000003681,PANTR,1.0,,,,,,,,,1,,,,,
H2Q190,H2Q190_PANTR,ENSPTRP00000003476,PANTR,1.0,,,,,,,,,1,,,,,
H2Q0U4,H2Q0U4_PANTR,ENSPTRP00000003016,PANTR,1.0,,,,,,,,,1,,,,,
H2Q062,H2Q062_PANTR,ENSPTRP00000002357,PANTR,1.0,,,,,,,,,1,,,,,
H2PZS9,H2PZS9_PANTR,ENSPTRP00000002011,PANTR,1.0,,,,,,,,,1,,,,,
H2PYS4,H2PYS4_PANTR,ENSPTRP00000001024,PANTR,1.0,,,,,,,,,1,,,,,
H2PYS2,H2PYS2_PANTR,ENSPTRP00000001022,PANTR,1.0,,,,,,,,,1,,,,,
H2PYS1,H2PYS1_PANTR,ENSPTRP00000001021,PANTR,1.0,,,,,,,,,1,,,,,
H2PYL6,H2PYL6_PANTR,ENSPTRP00000000881,PANTR,1.0,,,,,,,,,1,,,,,
H2PYA0,H2PYA0_PANTR,ENSPTRP00000000552,PANTR,1.0,,,,,,,,,1,,,,,
H2PY43,H2PY43_PANTR,ENSPTRP00000000387,PANTR,1.0,,,,,,,,,1,,,,,
H2PXX2,H2PXX2_PANTR,ENSPTRP00000000176,PANTR,1.0,,,,,,,,,1,,,,,
G5E6F1,G5E6F1_BOVIN,ENSBTAP00000051647,BOVIN,1.0,,,,,,,,,1,,,,,
G5E698,G5E698_BOVIN,ENSBTAP00000049589,BOVIN,1.0,,,,,,,,,1,,,,,
G5E624,G5E624_BOVIN,ENSBTAP00000047002,BOVIN,1.0,,,,,,,,,1,,,,,
F7H2W3,F7H2W3_MACMU,ENSMMUP00000010568,MACMU,1.0,,,,,,,,,1,,,,,
F7H2W0,F7H2W0_MACMU,ENSMMUP00000010569,MACMU,1.0,,,,,,,,,1,,,,,
F7H2L6,F7H2L6_MACMU,ENSMMUP00000027545,MACMU,1.0,,,,,,,,,1,,,,,
F7FQ88,F7FQ88_MONDO,ENSMODP00000030635,MONDO,1.0,,,,,,,,,1,,,,,
F7FPW1,F7FPW1_MONDO,ENSMODP00000030641,MONDO,1.0,,,,,,,,,1,,,,,
F7FPN5,F7FPN5_MONDO,ENSMODP00000009389,MONDO,1.0,,,,,,,,,1,,,,,
F7FNJ1,F7FNJ1_MONDO,ENSMODP00000011846,MONDO,1.0,,,,,,,,,1,,,,,
F7FKF4,F7FKF4_MACMU,ENSMMUP00000028312,MACMU,1.0,,,,,,,,,1,,,,,
F7FIT9,F7FIT9_MONDO,ENSMODP00000013655,MONDO,1.0,,,,,,,,,1,,,,,
F7FIH4,F7FIH4_MACMU,ENSMMUP00000028142,MACMU,1.0,,,,,,,,,1,,,,,
F7FFC8,F7FFC8_MONDO,ENSMODP00000022572,MONDO,1.0,,,,,,,,,1,,,,,
F7FEA8,F7FEA8_MACMU,ENSMMUP00000016519,MACMU,1.0,,,,,,,,,1,,,,,
F7FE79,F7FE79_MACMU,ENSMMUP00000030800,MACMU,1.0,,,,,,,,,1,,,,,
F7FDZ8,F7FDZ8_MONDO,ENSMODP00000007768,MONDO,1.0,,,,,,,,,1,,,,,
F7FDP1,F7FDP1_MONDO,ENSMODP00000007781,MONDO,1.0,,,,,,,,,1,,,,,
F7FDN7,F7FDN7_MACMU,ENSMMUP00000030486,MACMU,1.0,,,,,,,,,1,,,,,
F7FDN3,F7FDN3_MACMU,ENSMMUP00000030487,MACMU,1.0,,,,,,,,,1,,,,,
F7FCJ6,F7FCJ6_MACMU,ENSMMUP00000009530,MACMU,1.0,,,,,,,,,1,,,,,
F7FCB7,F7FCB7_MACMU,ENSMMUP00000023827,MACMU,1.0,,,,,,,,,1,,,,,
F7FCB2,F7FCB2_MACMU,ENSMMUP00000023828,MACMU,1.0,,,,,,,,,1,,,,,
F7FBA9,F7FBA9_MONDO,ENSMODP00000028343,MONDO,1.0,,,,,,,,,1,,,,,
F7FQ46,F7FQ46_MONDO,ENSMODP00000028325,MONDO,1.0,,,,,,,,,1,,,,,
F7FR23,F7FR23_MACMU,ENSMMUP00000040392,MACMU,1.0,,,,,,,,,1,,,,,
F7F7N7,F7F7N7_MACMU,ENSMMUP00000023849,MACMU,1.0,,,,,,,,,1,,,,,
F7FR26,F7FR26_MACMU,ENSMMUP00000040391,MACMU,1.0,,,,,,,,,1,,,,,
F7FX09,F7FX09_MACMU,ENSMMUP00000014517,MACMU,1.0,,,,,,,,,1,,,,,
F7FWV3,F7FWV3_MACMU,ENSMMUP00000014521,MACMU,1.0,,,,,,,,,1,,,,,
F7FWN0,F7FWN0_MACMU,ENSMMUP00000026508,MACMU,1.0,,,,,,,,,1,,,,,
F7FV94,F7FV94_MONDO,ENSMODP00000020981,MONDO,1.0,,,,,,,,,1,,,,,
F7FV92,F7FV92_MONDO,ENSMODP00000020982,MONDO,1.0,,,,,,,,,1,,,,,
F7FV03,F7FV03_MACMU,ENSMMUP00000005833,MACMU,1.0,,,,,,,,,1,,,,,
F7FUW2,F7FUW2_ORNAN,ENSOANP00000007536,ORNAN,1.0,,,,,,,,,1,,,,,
F7FU61,F7FU61_MACMU,ENSMMUP00000038060,MACMU,1.0,,,,,,,,,1,,,,,
F7FTJ3,F7FTJ3_MACMU,ENSMMUP00000021249,MACMU,1.0,,,,,,,,,1,,,,,
F7FT27,F7FT27_MACMU,ENSMMUP00000026255,MACMU,1.0,,,,,,,,,1,,,,,
F7FSE8,F7FSE8_MONDO,ENSMODP00000026885,MONDO,1.0,,,,,,,,,1,,,,,
F7FS07,F7FS07_MONDO,ENSMODP00000007736,MONDO,1.0,,,,,,,,,1,,,,,
F7FRN9,F7FRN9_ORNAN,ENSOANP00000005737,ORNAN,1.0,,,,,,,,,1,,,,,
F7FRG6,F7FRG6_ORNAN,ENSOANP00000005747,ORNAN,1.0,,,,,,,,,1,,,,,
F7FRF8,F7FRF8_MACMU,ENSMMUP00000029800,MACMU,1.0,,,,,,,,,1,,,,,
F7FRA4,F7FRA4_ORNAN,ENSOANP00000014064,ORNAN,1.0,,,,,,,,,1,,,,,
F7FR87,F7FR87_ORNAN,ENSOANP00000014068,ORNAN,1.0,,,,,,,,,1,,,,,
F7F7T1,F7F7T1_MACMU,ENSMMUP00000023840,MACMU,1.0,,,,,,,,,1,,,,,
F7F629,F7F629_MONDO,ENSMODP00000037476,MONDO,1.0,,,,,,,,,1,,,,,
F7H2K0,F7H2K0_MACMU,ENSMMUP00000015576,MACMU,1.0,,,,,,,,,1,,,,,
F7EZL7,F7EZL7_MONDO,ENSMODP00000019947,MONDO,1.0,,,,,,,,,1,,,,,
F7EXE4,F7EXE4_MONDO,ENSMODP00000028364,MONDO,1.0,,,,,,,,,1,,,,,
F7EWZ9,F7EWZ9_MONDO,ENSMODP00000028376,MONDO,1.0,,,,,,,,,1,,,,,
F7EVM8,F7EVM8_MONDO,ENSMODP00000004568,MONDO,1.0,,,,,,,,,1,,,,,
F7EV38,F7EV38_MACMU,ENSMMUP00000009081,MACMU,1.0,,,,,,,,,1,,,,,
F7EU87,F7EU87_MACMU,ENSMMUP00000035360,MACMU,1.0,,,,,,,,,1,,,,,
F7ET75,F7ET75_MONDO,ENSMODP00000009759,MONDO,1.0,,,,,,,,,1,,,,,
F7ESN2,F7ESN2_MACMU,ENSMMUP00000016742,MACMU,1.0,,,,,,,,,1,,,,,
F7ESE4,F7ESE4_XENTR,ENSXETP00000025214,XENTR,1.0,,,,,,,,,1,,,,,
F7ES08,F7ES08_MACMU,ENSMMUP00000009285,MACMU,1.0,,,,,,,,,1,,,,,
F7ERY2,F7ERY2_XENTR,ENSXETP00000049435,XENTR,1.0,,,,,,,,,1,,,,,
F7ERB5,F7ERB5_XENTR,ENSXETP00000051767,XENTR,1.0,,,,,,,,,1,,,,,
F7EQB9,F7EQB9_MACMU,ENSMMUP00000011761,MACMU,1.0,,,,,,,,,1,,,,,
F7EQB5,F7EQB5_MACMU,ENSMMUP00000011762,MACMU,1.0,,,,,,,,,1,,,,,
F7EQA3,F7EQA3_MACMU,ENSMMUP00000011764,MACMU,1.0,,,,,,,,,1,,,,,
F7EPC4,F7EPC4_MACMU,ENSMMUP00000004213,MACMU,1.0,,,,,,,,,1,,,,,
F7ENJ1,F7ENJ1_ORNAN,ENSOANP00000012774,ORNAN,1.0,,,,,,,,,1,,,,,
F7EMS5,F7EMS5_MACMU,ENSMMUP00000016768,MACMU,1.0,,,,,,,,,1,,,,,
F7EY44,F7EY44_ORNAN,ENSOANP00000011207,ORNAN,1.0,,,,,,,,,1,,,,,
F7F066,F7F066_MONDO,ENSMODP00000030101,MONDO,1.0,,,,,,,,,1,,,,,
F7F625,F7F625_MONDO,ENSMODP00000037477,MONDO,1.0,,,,,,,,,1,,,,,
F7F0N9,F7F0N9_MACMU,ENSMMUP00000028553,MACMU,1.0,,,,,,,,,1,,,,,
F7F5X6,F7F5X6_MONDO,ENSMODP00000037489,MONDO,1.0,,,,,,,,,1,,,,,
F7F5K2,F7F5K2_ORNAN,ENSOANP00000016081,ORNAN,1.0,,,,,,,,,1,,,,,
F7F5H9,F7F5H9_MONDO,ENSMODP00000037608,MONDO,1.0,,,,,,,,,1,,,,,
F7F4X3,F7F4X3_MACMU,ENSMMUP00000028539,MACMU,1.0,,,,,,,,,1,,,,,
F7F4P3,F7F4P3_MACMU,ENSMMUP00000004598,MACMU,1.0,,,,,,,,,1,,,,,
F7F4M6,F7F4M6_MACMU,ENSMMUP00000028540,MACMU,1.0,,,,,,,,,1,,,,,
F7F4L0,F7F4L0_MACMU,ENSMMUP00000028541,MACMU,1.0,,,,,,,,,1,,,,,
F7F481,F7F481_MONDO,ENSMODP00000001845,MONDO,1.0,,,,,,,,,1,,,,,
F7F378,F7F378_ORNAN,ENSOANP00000002127,ORNAN,1.0,,,,,,,,,1,,,,,
F7F2R1,F7F2R1_MONDO,ENSMODP00000022336,MONDO,1.0,,,,,,,,,1,,,,,
F7F2F0,F7F2F0_MACMU,ENSMMUP00000009594,MACMU,1.0,,,,,,,,,1,,,,,
F7F2D2,F7F2D2_MACMU,ENSMMUP00000009595,MACMU,1.0,,,,,,,,,1,,,,,
F7F2C0,F7F2C0_ORNAN,ENSOANP00000014306,ORNAN,1.0,,,,,,,,,1,,,,,
F7F1N9,F7F1N9_MACMU,ENSMMUP00000011548,MACMU,1.0,,,,,,,,,1,,,,,
F7F1F8,F7F1F8_MONDO,ENSMODP00000034591,MONDO,1.0,,,,,,,,,1,,,,,
F7F1A2,F7F1A2_MACMU,ENSMMUP00000011558,MACMU,1.0,,,,,,,,,1,,,,,
F7F0Y0,F7F0Y0_MONDO,ENSMODP00000033819,MONDO,1.0,,,,,,,,,1,,,,,
F7FX24,F7FX24_MACMU,ENSMMUP00000014512,MACMU,1.0,,,,,,,,,1,,,,,
F7FXA2,F7FXA2_MONDO,ENSMODP00000037291,MONDO,1.0,,,,,,,,,1,,,,,
F7FXM7,F7FXM7_MACMU,ENSMMUP00000014090,MACMU,1.0,,,,,,,,,1,,,,,
F7GQM1,F7GQM1_MACMU,ENSMMUP00000040705,MACMU,1.0,,,,,,,,,1,,,,,
F7GPJ4,F7GPJ4_MACMU,ENSMMUP00000005907,MACMU,1.0,,,,,,,,,1,,,,,
F7GPH1,F7GPH1_MACMU,ENSMMUP00000021141,MACMU,1.0,,,,,,,,,1,,,,,
F7GN46,F7GN46_MACMU,ENSMMUP00000031822,MACMU,1.0,,,,,,,,,1,,,,,
F7GN43,F7GN43_MACMU,ENSMMUP00000021156,MACMU,1.0,,,,,,,,,1,,,,,
F7GLZ3,F7GLZ3_MONDO,ENSMODP00000002840,MONDO,1.0,,,,,,,,,1,,,,,
F7GLW3,F7GLW3_MONDO,ENSMODP00000030053,MONDO,1.0,,,,,,,,,1,,,,,
F7GLW0,F7GLW0_MONDO,ENSMODP00000030054,MONDO,1.0,,,,,,,,,1,,,,,
F7GLT5,F7GLT5_MONDO,ENSMODP00000002852,MONDO,1.0,,,,,,,,,1,,,,,
F7GLK7,F7GLK7_MACMU,ENSMMUP00000002355,MACMU,1.0,,,,,,,,,1,,,,,
F7GLK4,F7GLK4_MACMU,ENSMMUP00000002356,MACMU,1.0,,,,,,,,,1,,,,,
F7GLH8,F7GLH8_MONDO,ENSMODP00000030268,MONDO,1.0,,,,,,,,,1,,,,,
F7GKY0,F7GKY0_MONDO,ENSMODP00000016140,MONDO,1.0,,,,,,,,,1,,,,,
F7GKW2,F7GKW2_MONDO,ENSMODP00000004175,MONDO,1.0,,,,,,,,,1,,,,,
F7GKL7,F7GKL7_MACMU,ENSMMUP00000026467,MACMU,1.0,,,,,,,,,1,,,,,
F7GKL2,F7GKL2_MONDO,ENSMODP00000030443,MONDO,1.0,,,,,,,,,1,,,,,
F7GKJ2,F7GKJ2_MACMU,ENSMMUP00000014495,MACMU,1.0,,,,,,,,,1,,,,,
F7GKA7,F7GKA7_MACMU,ENSMMUP00000040761,MACMU,1.0,,,,,,,,,1,,,,,
F7GPJ6,F7GPJ6_MACMU,ENSMMUP00000021139,MACMU,1.0,,,,,,,,,1,,,,,
F7GQS7,F7GQS7_MACMU,ENSMMUP00000014435,MACMU,1.0,,,,,,,,,1,,,,,
F7FZE6,F7FZE6_MACMU,ENSMMUP00000002287,MACMU,1.0,,,,,,,,,1,,,,,
F7GR08,F7GR08_MACMU,ENSMMUP00000040283,MACMU,1.0,,,,,,,,,1,,,,,
F7H255,F7H255_MACMU,ENSMMUP00000015711,MACMU,1.0,,,,,,,,,1,,,,,
F7H214,F7H214_MACMU,ENSMMUP00000015728,MACMU,1.0,,,,,,,,,1,,,,,
F7H1A1,F7H1A1_MACMU,ENSMMUP00000012195,MACMU,1.0,,,,,,,,,1,,,,,
F7H0H1,F7H0H1_MACMU,ENSMMUP00000027592,MACMU,1.0,,,,,,,,,1,,,,,
F7GXZ5,F7GXZ5_MACMU,ENSMMUP00000003961,MACMU,1.0,,,,,,,,,1,,,,,
F7GXE4,F7GXE4_MACMU,ENSMMUP00000005007,MACMU,1.0,,,,,,,,,1,,,,,
F7GXB4,F7GXB4_MACMU,ENSMMUP00000005026,MACMU,1.0,,,,,,,,,1,,,,,
F7GX29,F7GX29_MACMU,ENSMMUP00000003410,MACMU,1.0,,,,,,,,,1,,,,,
F7GX24,F7GX24_MACMU,ENSMMUP00000003413,MACMU,1.0,,,,,,,,,1,,,,,
F7GWX2,F7GWX2_MACMU,ENSMMUP00000008426,MACMU,1.0,,,,,,,,,1,,,,,
F7GWV6,F7GWV6_MACMU,ENSMMUP00000022719,MACMU,1.0,,,,,,,,,1,,,,,
F7GWT2,F7GWT2_MACMU,ENSMMUP00000008435,MACMU,1.0,,,,,,,,,1,,,,,
F7GWA3,F7GWA3_MACMU,ENSMMUP00000027774,MACMU,1.0,,,,,,,,,1,,,,,
F7GU95,F7GU95_MACMU,ENSMMUP00000029837,MACMU,1.0,,,,,,,,,1,,,,,
F7GTT3,F7GTT3_MACMU,ENSMMUP00000019276,MACMU,1.0,,,,,,,,,1,,,,,
F7GTJ9,F7GTJ9_MACMU,ENSMMUP00000002164,MACMU,1.0,,,,,,,,,1,,,,,
F7GTJ8,F7GTJ8_MACMU,ENSMMUP00000002165,MACMU,1.0,,,,,,,,,1,,,,,
F7GJH4,F7GJH4_MONDO,ENSMODP00000028639,MONDO,1.0,,,,,,,,,1,,,,,
F7GJ24,F7GJ24_MONDO,ENSMODP00000032010,MONDO,1.0,,,,,,,,,1,,,,,
F7GIL7,F7GIL7_MACMU,ENSMMUP00000029914,MACMU,1.0,,,,,,,,,1,,,,,
F7GIK8,F7GIK8_MACMU,ENSMMUP00000029917,MACMU,1.0,,,,,,,,,1,,,,,
F7GBY1,F7GBY1_MONDO,ENSMODP00000030468,MONDO,1.0,,,,,,,,,1,,,,,
F7GBS1,F7GBS1_MONDO,ENSMODP00000004315,MONDO,1.0,,,,,,,,,1,,,,,
F7GBR4,F7GBR4_MACMU,ENSMMUP00000007342,MACMU,1.0,,,,,,,,,1,,,,,
F7GB84,F7GB84_MACMU,ENSMMUP00000033611,MACMU,1.0,,,,,,,,,1,,,,,
F7GB24,F7GB24_MONDO,ENSMODP00000023632,MONDO,1.0,,,,,,,,,1,,,,,
F7GA43,F7GA43_MONDO,ENSMODP00000030982,MONDO,1.0,,,,,,,,,1,,,,,
F7G9U5,F7G9U5_MACMU,ENSMMUP00000040663,MACMU,1.0,,,,,,,,,1,,,,,
F7G9F1,F7G9F1_MACMU,ENSMMUP00000038360,MACMU,1.0,,,,,,,,,1,,,,,
F7G989,F7G989_MACMU,ENSMMUP00000014010,MACMU,1.0,,,,,,,,,1,,,,,
F7G887,F7G887_MONDO,ENSMODP00000013286,MONDO,1.0,,,,,,,,,1,,,,,
F7G7E1,F7G7E1_MONDO,ENSMODP00000001473,MONDO,1.0,,,,,,,,,1,,,,,
F7G5V0,F7G5V0_ORNAN,ENSOANP00000014881,ORNAN,1.0,,,,,,,,,1,,,,,
F7G5H7,F7G5H7_MONDO,ENSMODP00000010086,MONDO,1.0,,,,,,,,,1,,,,,
F7G2J1,F7G2J1_MONDO,ENSMODP00000007911,MONDO,1.0,,,,,,,,,1,,,,,
F7G180,F7G180_MACMU,ENSMMUP00000014071,MACMU,1.0,,,,,,,,,1,,,,,
F7G0L1,F7G0L1_MONDO,ENSMODP00000030629,MONDO,1.0,,,,,,,,,1,,,,,
F7G0J8,F7G0J8_MONDO,ENSMODP00000028316,MONDO,1.0,,,,,,,,,1,,,,,
F7GC29,F7GC29_ORNAN,ENSOANP00000014840,ORNAN,1.0,,,,,,,,,1,,,,,
F7GC31,F7GC31_MONDO,ENSMODP00000016175,MONDO,1.0,,,,,,,,,1,,,,,
F7GCZ6,F7GCZ6_ORNAN,ENSOANP00000002482,ORNAN,1.0,,,,,,,,,1,,,,,
F7GH08,F7GH08_MACMU,ENSMMUP00000033318,MACMU,1.0,,,,,,,,,1,,,,,
F7GIJ8,F7GIJ8_MONDO,ENSMODP00000009841,MONDO,1.0,,,,,,,,,1,,,,,
F7GIA5,F7GIA5_MACMU,ENSMMUP00000029927,MACMU,1.0,,,,,,,,,1,,,,,
F7GHT5,F7GHT5_MONDO,ENSMODP00000013261,MONDO,1.0,,,,,,,,,1,,,,,
F7GH63,F7GH63_MONDO,ENSMODP00000013414,MONDO,1.0,,,,,,,,,1,,,,,
F7GH58,F7GH58_MACMU,ENSMMUP00000007052,MACMU,1.0,,,,,,,,,1,,,,,
F7GH49,F7GH49_MACMU,ENSMMUP00000007054,MACMU,1.0,,,,,,,,,1,,,,,
F7GH33,F7GH33_MACMU,ENSMMUP00000007057,MACMU,1.0,,,,,,,,,1,,,,,
F7GGV3,F7GGV3_MACMU,ENSMMUP00000007061,MACMU,1.0,,,,,,,,,1,,,,,
F7GDG2,F7GDG2_MACMU,ENSMMUP00000014384,MACMU,1.0,,,,,,,,,1,,,,,
F7GFQ5,F7GFQ5_MONDO,ENSMODP00000006812,MONDO,1.0,,,,,,,,,1,,,,,
F7GF85,F7GF85_MACMU,ENSMMUP00000021604,MACMU,1.0,,,,,,,,,1,,,,,
F7GEQ7,F7GEQ7_MONDO,ENSMODP00000008213,MONDO,1.0,,,,,,,,,1,,,,,
F7GE85,F7GE85_MONDO,ENSMODP00000014630,MONDO,1.0,,,,,,,,,1,,,,,
F7GDU6,F7GDU6_MONDO,ENSMODP00000026813,MONDO,1.0,,,,,,,,,1,,,,,
F7GDL8,F7GDL8_MACMU,ENSMMUP00000038327,MACMU,1.0,,,,,,,,,1,,,,,
F7GDH0,F7GDH0_MONDO,ENSMODP00000030081,MONDO,1.0,,,,,,,,,1,,,,,
H2QAZ3,H2QAZ3_PANTR,ENSPTRP00000013715,PANTR,1.0,,,,,,,,,1,,,,,
H2QBH1,H2QBH1_PANTR,ENSPTRP00000014217,PANTR,1.0,,,,,,,,,1,,,,,
H2QBR3,H2QBR3_PANTR,ENSPTRP00000014449,PANTR,1.0,,,,,,,,,1,,,,,
H2R0V6,H2R0V6_PANTR,ENSPTRP00000041331,PANTR,1.0,,,,,,,,,1,,,,,
H2R0U3,H2R0U3_PANTR,ENSPTRP00000041271,PANTR,1.0,,,,,,,,,1,,,,,
H2R0I4,H2R0I4_PANTR,ENSPTRP00000040763,PANTR,1.0,,,,,,,,,1,,,,,
H2R0F1,H2R0F1_PANTR,ENSPTRP00000040613,PANTR,1.0,,,,,,,,,1,,,,,
H2R0B8,H2R0B8_PANTR,ENSPTRP00000040479,PANTR,1.0,,,,,,,,,1,,,,,
H2R075,H2R075_PANTR,ENSPTRP00000040298,PANTR,1.0,,,,,,,,,1,,,,,
H2R060,H2R060_PANTR,ENSPTRP00000040224,PANTR,1.0,,,,,,,,,1,,,,,
H2R058,H2R058_PANTR,ENSPTRP00000040211,PANTR,1.0,,,,,,,,,1,,,,,
H2R053,H2R053_PANTR,ENSPTRP00000040188,PANTR,1.0,,,,,,,,,1,,,,,
H2R033,H2R033_PANTR,ENSPTRP00000040068,PANTR,1.0,,,,,,,,,1,,,,,
H2R013,H2R013_PANTR,ENSPTRP00000039950,PANTR,1.0,,,,,,,,,1,,,,,
H2R012,H2R012_PANTR,ENSPTRP00000039949,PANTR,1.0,,,,,,,,,1,,,,,
H2QZV5,H2QZV5_PANTR,ENSPTRP00000039629,PANTR,1.0,,,,,,,,,1,,,,,
H2QZU0,H2QZU0_PANTR,ENSPTRP00000039507,PANTR,1.0,,,,,,,,,1,,,,,
H2QZG5,H2QZG5_PANTR,ENSPTRP00000038965,PANTR,1.0,,,,,,,,,1,,,,,
H2QZD8,H2QZD8_PANTR,ENSPTRP00000038857,PANTR,1.0,,,,,,,,,1,,,,,
H2QYJ0,H2QYJ0_PANTR,ENSPTRP00000037504,PANTR,1.0,,,,,,,,,1,,,,,
H2QYI9,H2QYI9_PANTR,ENSPTRP00000037502,PANTR,1.0,,,,,,,,,1,,,,,
H2R0V1,H2R0V1_PANTR,ENSPTRP00000041302,PANTR,1.0,,,,,,,,,1,,,,,
H2R0W5,H2R0W5_PANTR,ENSPTRP00000041369,PANTR,1.0,,,,,,,,,1,,,,,
H2QYI1,H2QYI1_PANTR,ENSPTRP00000037471,PANTR,1.0,,,,,,,,,1,,,,,
H2R0W8,H2R0W8_PANTR,ENSPTRP00000041381,PANTR,1.0,,,,,,,,,1,,,,,
H2R322,H2R322_PANTR,ENSPTRP00000044773,PANTR,1.0,,,,,,,,,1,,,,,
H2R311,H2R311_PANTR,ENSPTRP00000044739,PANTR,1.0,,,,,,,,,1,,,,,
H2R2W3,H2R2W3_PANTR,ENSPTRP00000044543,PANTR,1.0,,,,,,,,,1,,,,,
H2R2T4,H2R2T4_PANTR,ENSPTRP00000044440,PANTR,1.0,,,,,,,,,1,,,,,
H2R2R3,H2R2R3_PANTR,ENSPTRP00000044333,PANTR,1.0,,,,,,,,,1,,,,,
H2R2P2,H2R2P2_PANTR,ENSPTRP00000044259,PANTR,1.0,,,,,,,,,1,,,,,
H2R2I0,H2R2I0_PANTR,ENSPTRP00000043984,PANTR,1.0,,,,,,,,,1,,,,,
H2R271,H2R271_PANTR,ENSPTRP00000043491,PANTR,1.0,,,,,,,,,1,,,,,
H2R1T8,H2R1T8_PANTR,ENSPTRP00000042871,PANTR,1.0,,,,,,,,,1,,,,,
H2R1H8,H2R1H8_PANTR,ENSPTRP00000042399,PANTR,1.0,,,,,,,,,1,,,,,
H2R1F3,H2R1F3_PANTR,ENSPTRP00000042278,PANTR,1.0,,,,,,,,,1,,,,,
H2R1C3,H2R1C3_PANTR,ENSPTRP00000042129,PANTR,1.0,,,,,,,,,1,,,,,
H2R1B3,H2R1B3_PANTR,ENSPTRP00000042077,PANTR,1.0,,,,,,,,,1,,,,,
H2R177,H2R177_PANTR,ENSPTRP00000041914,PANTR,1.0,,,,,,,,,1,,,,,
H2R157,H2R157_PANTR,ENSPTRP00000041800,PANTR,1.0,,,,,,,,,1,,,,,
H2R112,H2R112_PANTR,ENSPTRP00000041605,PANTR,1.0,,,,,,,,,1,,,,,
H2R0X8,H2R0X8_PANTR,ENSPTRP00000041438,PANTR,1.0,,,,,,,,,1,,,,,
H2QYI8,H2QYI8_PANTR,ENSPTRP00000037501,PANTR,1.0,,,,,,,,,1,,,,,
H2QYI0,H2QYI0_PANTR,ENSPTRP00000037470,PANTR,1.0,,,,,,,,,1,,,,,
H2QSJ7,H2QSJ7_PANTR,ENSPTRP00000030471,PANTR,1.0,,,,,,,,,1,,,,,
H2QV13,H2QV13_PANTR,ENSPTRP00000033315,PANTR,1.0,,,,,,,,,1,,,,,
H2QV05,H2QV05_PANTR,ENSPTRP00000033287,PANTR,1.0,,,,,,,,,1,,,,,
H2QUN1,H2QUN1_PANTR,ENSPTRP00000032874,PANTR,1.0,,,,,,,,,1,,,,,
H2QUN0,H2QUN0_PANTR,ENSPTRP00000032870,PANTR,1.0,,,,,,,,,1,,,,,
H2QUM9,H2QUM9_PANTR,ENSPTRP00000032865,PANTR,1.0,,,,,,,,,1,,,,,
H2QUM8,H2QUM8_PANTR,ENSPTRP00000032856,PANTR,1.0,,,,,,,,,1,,,,,
H2QUM6,H2QUM6_PANTR,ENSPTRP00000032843,PANTR,1.0,,,,,,,,,1,,,,,
H2QUM5,H2QUM5_PANTR,ENSPTRP00000032837,PANTR,1.0,,,,,,,,,1,,,,,
H2QUM3,H2QUM3_PANTR,ENSPTRP00000032833,PANTR,1.0,,,,,,,,,1,,,,,
H2QUL5,H2QUL5_PANTR,ENSPTRP00000032815,PANTR,1.0,,,,,,,,,1,,,,,
H2QUK7,H2QUK7_PANTR,ENSPTRP00000032781,PANTR,1.0,,,,,,,,,1,,,,,
H2QU62,H2QU62_PANTR,ENSPTRP00000032325,PANTR,1.0,,,,,,,,,1,,,,,
H2QU46,H2QU46_PANTR,ENSPTRP00000032246,PANTR,1.0,,,,,,,,,1,,,,,
H2QTJ2,H2QTJ2_PANTR,ENSPTRP00000031576,PANTR,1.0,,,,,,,,,1,,,,,
H2QSK7,H2QSK7_PANTR,ENSPTRP00000030496,PANTR,1.0,,,,,,,,,1,,,,,
H2QSK3,H2QSK3_PANTR,ENSPTRP00000030484,PANTR,1.0,,,,,,,,,1,,,,,
H2QSK2,H2QSK2_PANTR,ENSPTRP00000030482,PANTR,1.0,,,,,,,,,1,,,,,
H2QSK1,H2QSK1_PANTR,ENSPTRP00000030475,PANTR,1.0,,,,,,,,,1,,,,,
H2QV07,H2QV07_PANTR,ENSPTRP00000033294,PANTR,1.0,,,,,,,,,1,,,,,
H2QVK8,H2QVK8_PANTR,ENSPTRP00000033975,PANTR,1.0,,,,,,,,,1,,,,,
H2QXX3,H2QXX3_PANTR,ENSPTRP00000036557,PANTR,1.0,,,,,,,,,1,,,,,
H2QVK9,H2QVK9_PANTR,ENSPTRP00000033976,PANTR,1.0,,,,,,,,,1,,,,,
H2QXP9,H2QXP9_PANTR,ENSPTRP00000036331,PANTR,1.0,,,,,,,,,1,,,,,
H2QXI9,H2QXI9_PANTR,ENSPTRP00000036155,PANTR,1.0,,,,,,,,,1,,,,,
H2QXI8,H2QXI8_PANTR,ENSPTRP00000036153,PANTR,1.0,,,,,,,,,1,,,,,
H2QXH8,H2QXH8_PANTR,ENSPTRP00000036119,PANTR,1.0,,,,,,,,,1,,,,,
H2QWY2,H2QWY2_PANTR,ENSPTRP00000035442,PANTR,1.0,,,,,,,,,1,,,,,
H2QWY0,H2QWY0_PANTR,ENSPTRP00000035439,PANTR,1.0,,,,,,,,,1,,,,,
H2QWX9,H2QWX9_PANTR,ENSPTRP00000035436,PANTR,1.0,,,,,,,,,1,,,,,
H2QWW6,H2QWW6_PANTR,ENSPTRP00000035402,PANTR,1.0,,,,,,,,,1,,,,,
H2QWW5,H2QWW5_PANTR,ENSPTRP00000035401,PANTR,1.0,,,,,,,,,1,,,,,
H2QWU8,H2QWU8_PANTR,ENSPTRP00000035328,PANTR,1.0,,,,,,,,,1,,,,,
H2QWU1,H2QWU1_PANTR,ENSPTRP00000035311,PANTR,1.0,,,,,,,,,1,,,,,
H2QWT9,H2QWT9_PANTR,ENSPTRP00000035309,PANTR,1.0,,,,,,,,,1,,,,,
H2QWP7,H2QWP7_PANTR,ENSPTRP00000035179,PANTR,1.0,,,,,,,,,1,,,,,
H2QWH9,H2QWH9_PANTR,ENSPTRP00000034987,PANTR,1.0,,,,,,,,,1,,,,,
H2QVL2,H2QVL2_PANTR,ENSPTRP00000033985,PANTR,1.0,,,,,,,,,1,,,,,
H2QVL1,H2QVL1_PANTR,ENSPTRP00000033982,PANTR,1.0,,,,,,,,,1,,,,,
H2QVL0,H2QVL0_PANTR,ENSPTRP00000033977,PANTR,1.0,,,,,,,,,1,,,,,
H2R3A0,H2R3A0_PANTR,ENSPTRP00000045151,PANTR,1.0,,,,,,,,,1,,,,,
H2R3I0,H2R3I0_PANTR,ENSPTRP00000045547,PANTR,1.0,,,,,,,,,1,,,,,
H2R3I9,H2R3I9_PANTR,ENSPTRP00000045597,PANTR,1.0,,,,,,,,,1,,,,,
H2RCI3,H2RCI3_PANTR,ENSPTRP00000057359,PANTR,1.0,,,,,,,,,1,,,,,
H2RCC4,H2RCC4_PANTR,ENSPTRP00000057102,PANTR,1.0,,,,,,,,,1,,,,,
H2RC45,H2RC45_PANTR,ENSPTRP00000056752,PANTR,1.0,,,,,,,,,1,,,,,
H2RC02,H2RC02_PANTR,ENSPTRP00000056567,PANTR,1.0,,,,,,,,,1,,,,,
H2RBY1,H2RBY1_PANTR,ENSPTRP00000056470,PANTR,1.0,,,,,,,,,1,,,,,
H2RBW9,H2RBW9_PANTR,ENSPTRP00000056422,PANTR,1.0,,,,,,,,,1,,,,,
H2RBS9,H2RBS9_PANTR,ENSPTRP00000056212,PANTR,1.0,,,,,,,,,1,,,,,
H2RBJ2,H2RBJ2_PANTR,ENSPTRP00000055771,PANTR,1.0,,,,,,,,,1,,,,,
H2RBH8,H2RBH8_PANTR,ENSPTRP00000055713,PANTR,1.0,,,,,,,,,1,,,,,
H2RBF8,H2RBF8_PANTR,ENSPTRP00000055622,PANTR,1.0,,,,,,,,,1,,,,,
H2RBB9,H2RBB9_PANTR,ENSPTRP00000055459,PANTR,1.0,,,,,,,,,1,,,,,
H2RBA8,H2RBA8_PANTR,ENSPTRP00000055408,PANTR,1.0,,,,,,,,,1,,,,,
H2RBA5,H2RBA5_PANTR,ENSPTRP00000055395,PANTR,1.0,,,,,,,,,1,,,,,
H2RAW8,H2RAW8_PANTR,ENSPTRP00000054643,PANTR,1.0,,,,,,,,,1,,,,,
H2RAS6,H2RAS6_PANTR,ENSPTRP00000054434,PANTR,1.0,,,,,,,,,1,,,,,
H2RA76,H2RA76_PANTR,ENSPTRP00000053584,PANTR,1.0,,,,,,,,,1,,,,,
Q502L8,Q502L8_DANRE,nan,DANRE,1.0,,,,,,,,,1,,,,,
H2R9N6,H2R9N6_PANTR,ENSPTRP00000053037,PANTR,1.0,,,,,,,,,1,,,,,
H2RCG2,H2RCG2_PANTR,ENSPTRP00000057248,PANTR,1.0,,,,,,,,,1,,,,,
H2RCJ9,H2RCJ9_PANTR,ENSPTRP00000057421,PANTR,1.0,,,,,,,,,1,,,,,
H2R3J8,H2R3J8_PANTR,ENSPTRP00000045647,PANTR,1.0,,,,,,,,,1,,,,,
H2RCM1,H2RCM1_PANTR,ENSPTRP00000057514,PANTR,1.0,,,,,,,,,1,,,,,
H2RQ42,H2RQ42_TAKRU,ENSTRUP00000002256,TAKRU,1.0,,,,,,,,,1,,,,,
H2RN01,H2RN01_TAKRU,ENSTRUP00000001514,TAKRU,1.0,,,,,,,,,1,,,,,
H2RLQ3,H2RLQ3_TAKRU,ENSTRUP00000001066,TAKRU,1.0,,,,,,,,,1,,,,,
H2RLH8,H2RLH8_TAKRU,ENSTRUP00000000991,TAKRU,1.0,,,,,,,,,1,,,,,
H2RL93,H2RL93_TAKRU,ENSTRUP00000000906,TAKRU,1.0,,,,,,,,,1,,,,,
H2RK51,H2RK51_TAKRU,ENSTRUP00000000514,TAKRU,1.0,,,,,,,,,1,,,,,
H2RE22,H2RE22_PANTR,ENSPTRP00000059750,PANTR,1.0,,,,,,,,,1,,,,,
H2RE20,H2RE20_PANTR,ENSPTRP00000059742,PANTR,1.0,,,,,,,,,1,,,,,
H2RDW5,H2RDW5_PANTR,ENSPTRP00000059438,PANTR,1.0,,,,,,,,,1,,,,,
H2RDV2,H2RDV2_PANTR,ENSPTRP00000059387,PANTR,1.0,,,,,,,,,1,,,,,
H2RD67,H2RD67_PANTR,ENSPTRP00000058398,PANTR,1.0,,,,,,,,,1,,,,,
H2RD58,H2RD58_PANTR,ENSPTRP00000058362,PANTR,1.0,,,,,,,,,1,,,,,
H2RD49,H2RD49_PANTR,ENSPTRP00000058302,PANTR,1.0,,,,,,,,,1,,,,,
H2RD39,H2RD39_PANTR,ENSPTRP00000058275,PANTR,1.0,,,,,,,,,1,,,,,
H2RD10,H2RD10_PANTR,ENSPTRP00000058148,PANTR,1.0,,,,,,,,,1,,,,,
H2RCP8,H2RCP8_PANTR,ENSPTRP00000057651,PANTR,1.0,,,,,,,,,1,,,,,
H2RCN2,H2RCN2_PANTR,ENSPTRP00000057564,PANTR,1.0,,,,,,,,,1,,,,,
H2R9N5,H2R9N5_PANTR,ENSPTRP00000053036,PANTR,1.0,,,,,,,,,1,,,,,
H2R9K2,H2R9K2_PANTR,ENSPTRP00000052931,PANTR,1.0,,,,,,,,,1,,,,,
H2R955,H2R955_PANTR,ENSPTRP00000052455,PANTR,1.0,,,,,,,,,1,,,,,
H2R8V4,H2R8V4_PANTR,ENSPTRP00000052040,PANTR,1.0,,,,,,,,,1,,,,,
H2R5T7,H2R5T7_PANTR,ENSPTRP00000048464,PANTR,1.0,,,,,,,,,1,,,,,
H2R5T6,H2R5T6_PANTR,ENSPTRP00000048463,PANTR,1.0,,,,,,,,,1,,,,,
H2R5T5,H2R5T5_PANTR,ENSPTRP00000048462,PANTR,1.0,,,,,,,,,1,,,,,
H2R5T4,H2R5T4_PANTR,ENSPTRP00000048460,PANTR,1.0,,,,,,,,,1,,,,,
H2R5T3,H2R5T3_PANTR,ENSPTRP00000048459,PANTR,1.0,,,,,,,,,1,,,,,
H2R5T2,H2R5T2_PANTR,ENSPTRP00000048458,PANTR,1.0,,,,,,,,,1,,,,,
H2R5T1,H2R5T1_PANTR,ENSPTRP00000048457,PANTR,1.0,,,,,,,,,1,,,,,
H2R5H8,H2R5H8_PANTR,ENSPTRP00000048166,PANTR,1.0,,,,,,,,,1,,,,,
H2R535,H2R535_PANTR,ENSPTRP00000047779,PANTR,1.0,,,,,,,,,1,,,,,
H2R4W3,H2R4W3_PANTR,ENSPTRP00000047574,PANTR,1.0,,,,,,,,,1,,,,,
H2R4W2,H2R4W2_PANTR,ENSPTRP00000047573,PANTR,1.0,,,,,,,,,1,,,,,
H2R4V8,H2R4V8_PANTR,ENSPTRP00000047562,PANTR,1.0,,,,,,,,,1,,,,,
H2R4C4,H2R4C4_PANTR,ENSPTRP00000046939,PANTR,1.0,,,,,,,,,1,,,,,
H2R431,H2R431_PANTR,ENSPTRP00000046491,PANTR,1.0,,,,,,,,,1,,,,,
H2R417,H2R417_PANTR,ENSPTRP00000046414,PANTR,1.0,,,,,,,,,1,,,,,
H2R3Z3,H2R3Z3_PANTR,ENSPTRP00000046339,PANTR,1.0,,,,,,,,,1,,,,,
H2R3V3,H2R3V3_PANTR,ENSPTRP00000046113,PANTR,1.0,,,,,,,,,1,,,,,
H2R5T9,H2R5T9_PANTR,ENSPTRP00000048470,PANTR,1.0,,,,,,,,,1,,,,,
H2R5V5,H2R5V5_PANTR,ENSPTRP00000048509,PANTR,1.0,,,,,,,,,1,,,,,
H2R639,H2R639_PANTR,ENSPTRP00000048723,PANTR,1.0,,,,,,,,,1,,,,,
H2R6F0,H2R6F0_PANTR,ENSPTRP00000049054,PANTR,1.0,,,,,,,,,1,,,,,
H2R8C5,H2R8C5_PANTR,ENSPTRP00000051448,PANTR,1.0,,,,,,,,,1,,,,,
H2R7W9,H2R7W9_PANTR,ENSPTRP00000050928,PANTR,1.0,,,,,,,,,1,,,,,
H2R7I5,H2R7I5_PANTR,ENSPTRP00000050454,PANTR,1.0,,,,,,,,,1,,,,,
H2R723,H2R723_PANTR,ENSPTRP00000049808,PANTR,1.0,,,,,,,,,1,,,,,
H2R6T9,H2R6T9_PANTR,ENSPTRP00000049487,PANTR,1.0,,,,,,,,,1,,,,,
H2R6I1,H2R6I1_PANTR,ENSPTRP00000049133,PANTR,1.0,,,,,,,,,1,,,,,
H2R6H7,H2R6H7_PANTR,ENSPTRP00000049129,PANTR,1.0,,,,,,,,,1,,,,,
H2R6D9,H2R6D9_PANTR,ENSPTRP00000049032,PANTR,1.0,,,,,,,,,1,,,,,
H2R655,H2R655_PANTR,ENSPTRP00000048771,PANTR,1.0,,,,,,,,,1,,,,,
H2R6C9,H2R6C9_PANTR,ENSPTRP00000049004,PANTR,1.0,,,,,,,,,1,,,,,
H2R6C8,H2R6C8_PANTR,ENSPTRP00000048999,PANTR,1.0,,,,,,,,,1,,,,,
H2R683,H2R683_PANTR,ENSPTRP00000048853,PANTR,1.0,,,,,,,,,1,,,,,
H2R681,H2R681_PANTR,ENSPTRP00000048850,PANTR,1.0,,,,,,,,,1,,,,,
H2R680,H2R680_PANTR,ENSPTRP00000048847,PANTR,1.0,,,,,,,,,1,,,,,
H2R679,H2R679_PANTR,ENSPTRP00000048844,PANTR,1.0,,,,,,,,,1,,,,,
H2R668,H2R668_PANTR,ENSPTRP00000048810,PANTR,1.0,,,,,,,,,1,,,,,
H2QSJ8,H2QSJ8_PANTR,ENSPTRP00000030472,PANTR,1.0,,,,,,,,,1,,,,,
H2QSJ6,H2QSJ6_PANTR,ENSPTRP00000030465,PANTR,1.0,,,,,,,,,1,,,,,
H2QBV0,H2QBV0_PANTR,ENSPTRP00000014579,PANTR,1.0,,,,,,,,,1,,,,,
H2QG75,H2QG75_PANTR,ENSPTRP00000018701,PANTR,1.0,,,,,,,,,1,,,,,
H2QG72,H2QG72_PANTR,ENSPTRP00000018696,PANTR,1.0,,,,,,,,,1,,,,,
H2QG71,H2QG71_PANTR,ENSPTRP00000018695,PANTR,1.0,,,,,,,,,1,,,,,
H2QG70,H2QG70_PANTR,ENSPTRP00000018690,PANTR,1.0,,,,,,,,,1,,,,,
H2QG69,H2QG69_PANTR,ENSPTRP00000018686,PANTR,1.0,,,,,,,,,1,,,,,
H2QG67,H2QG67_PANTR,ENSPTRP00000018671,PANTR,1.0,,,,,,,,,1,,,,,
H2QG66,H2QG66_PANTR,ENSPTRP00000018669,PANTR,1.0,,,,,,,,,1,,,,,
H2QG65,H2QG65_PANTR,ENSPTRP00000018668,PANTR,1.0,,,,,,,,,1,,,,,
H2QG62,H2QG62_PANTR,ENSPTRP00000018663,PANTR,1.0,,,,,,,,,1,,,,,
H2QG61,H2QG61_PANTR,ENSPTRP00000018661,PANTR,1.0,,,,,,,,,1,,,,,
H2QG56,H2QG56_PANTR,ENSPTRP00000018647,PANTR,1.0,,,,,,,,,1,,,,,
H2QG14,H2QG14_PANTR,ENSPTRP00000018532,PANTR,1.0,,,,,,,,,1,,,,,
H2QG13,H2QG13_PANTR,ENSPTRP00000018531,PANTR,1.0,,,,,,,,,1,,,,,
H2QG12,H2QG12_PANTR,ENSPTRP00000018530,PANTR,1.0,,,,,,,,,1,,,,,
H2QFX8,H2QFX8_PANTR,ENSPTRP00000018434,PANTR,1.0,,,,,,,,,1,,,,,
H2QFX7,H2QFX7_PANTR,ENSPTRP00000018430,PANTR,1.0,,,,,,,,,1,,,,,
H2QFX6,H2QFX6_PANTR,ENSPTRP00000018427,PANTR,1.0,,,,,,,,,1,,,,,
H2QFX4,H2QFX4_PANTR,ENSPTRP00000018414,PANTR,1.0,,,,,,,,,1,,,,,
H2QG73,H2QG73_PANTR,ENSPTRP00000018697,PANTR,1.0,,,,,,,,,1,,,,,
H2QG76,H2QG76_PANTR,ENSPTRP00000018702,PANTR,1.0,,,,,,,,,1,,,,,
H2QFX1,H2QFX1_PANTR,ENSPTRP00000018401,PANTR,1.0,,,,,,,,,1,,,,,
H2QGB9,H2QGB9_PANTR,ENSPTRP00000018841,PANTR,1.0,,,,,,,,,1,,,,,
H2QH06,H2QH06_PANTR,ENSPTRP00000019561,PANTR,1.0,,,,,,,,,1,,,,,
H2QGX4,H2QGX4_PANTR,ENSPTRP00000019461,PANTR,1.0,,,,,,,,,1,,,,,
H2QGJ8,H2QGJ8_PANTR,ENSPTRP00000019079,PANTR,1.0,,,,,,,,,1,,,,,
H2QGJ7,H2QGJ7_PANTR,ENSPTRP00000019078,PANTR,1.0,,,,,,,,,1,,,,,
H2QGJ5,H2QGJ5_PANTR,ENSPTRP00000019074,PANTR,1.0,,,,,,,,,1,,,,,
H2QGJ4,H2QGJ4_PANTR,ENSPTRP00000019072,PANTR,1.0,,,,,,,,,1,,,,,
H2QGJ3,H2QGJ3_PANTR,ENSPTRP00000019071,PANTR,1.0,,,,,,,,,1,,,,,
H2QGJ1,H2QGJ1_PANTR,ENSPTRP00000019067,PANTR,1.0,,,,,,,,,1,,,,,
H2QGJ0,H2QGJ0_PANTR,ENSPTRP00000019064,PANTR,1.0,,,,,,,,,1,,,,,
H2QGI9,H2QGI9_PANTR,ENSPTRP00000019063,PANTR,1.0,,,,,,,,,1,,,,,
H2QGI8,H2QGI8_PANTR,ENSPTRP00000019061,PANTR,1.0,,,,,,,,,1,,,,,
H2QGI7,H2QGI7_PANTR,ENSPTRP00000019060,PANTR,1.0,,,,,,,,,1,,,,,
H2QGI6,H2QGI6_PANTR,ENSPTRP00000019059,PANTR,1.0,,,,,,,,,1,,,,,
H2QGI5,H2QGI5_PANTR,ENSPTRP00000019058,PANTR,1.0,,,,,,,,,1,,,,,
H2QGI4,H2QGI4_PANTR,ENSPTRP00000019057,PANTR,1.0,,,,,,,,,1,,,,,
H2QGH7,H2QGH7_PANTR,ENSPTRP00000019036,PANTR,1.0,,,,,,,,,1,,,,,
H2QGF8,H2QGF8_PANTR,ENSPTRP00000018978,PANTR,1.0,,,,,,,,,1,,,,,
H2QFX3,H2QFX3_PANTR,ENSPTRP00000018408,PANTR,1.0,,,,,,,,,1,,,,,
H2QFX0,H2QFX0_PANTR,ENSPTRP00000018398,PANTR,1.0,,,,,,,,,1,,,,,
H2QSJ5,H2QSJ5_PANTR,ENSPTRP00000030462,PANTR,1.0,,,,,,,,,1,,,,,
H2QFA0,H2QFA0_PANTR,ENSPTRP00000017774,PANTR,1.0,,,,,,,,,1,,,,,
H2QF98,H2QF98_PANTR,ENSPTRP00000017768,PANTR,1.0,,,,,,,,,1,,,,,
H2QF97,H2QF97_PANTR,ENSPTRP00000017767,PANTR,1.0,,,,,,,,,1,,,,,
H2QF95,H2QF95_PANTR,ENSPTRP00000017761,PANTR,1.0,,,,,,,,,1,,,,,
H2QF91,H2QF91_PANTR,ENSPTRP00000017749,PANTR,1.0,,,,,,,,,1,,,,,
H2QF05,H2QF05_PANTR,ENSPTRP00000017492,PANTR,1.0,,,,,,,,,1,,,,,
H2QEX7,H2QEX7_PANTR,ENSPTRP00000017417,PANTR,1.0,,,,,,,,,1,,,,,
H2QEX5,H2QEX5_PANTR,ENSPTRP00000017415,PANTR,1.0,,,,,,,,,1,,,,,
H2QEQ6,H2QEQ6_PANTR,ENSPTRP00000017201,PANTR,1.0,,,,,,,,,,1,,,,
H2QEI0,H2QEI0_PANTR,ENSPTRP00000017011,PANTR,1.0,,,,,,,,,1,,,,,
H2QEF6,H2QEF6_PANTR,ENSPTRP00000016949,PANTR,1.0,,,,,,,,,1,,,,,
H2QED3,H2QED3_PANTR,ENSPTRP00000016889,PANTR,1.0,,,,,,,,,1,,,,,
H2QEB0,H2QEB0_PANTR,ENSPTRP00000016832,PANTR,1.0,,,,,,,,,1,,,,,
H2QDD2,H2QDD2_PANTR,ENSPTRP00000015925,PANTR,1.0,,,,,,,,,1,,,,,
H2QCC1,H2QCC1_PANTR,ENSPTRP00000015023,PANTR,1.0,,,,,,,,,1,,,,,
H2QCA6,H2QCA6_PANTR,ENSPTRP00000014966,PANTR,1.0,,,,,,,,,1,,,,,
H2QBZ7,H2QBZ7_PANTR,ENSPTRP00000014716,PANTR,1.0,,,,,,,,,1,,,,,
H2QBZ6,H2QBZ6_PANTR,ENSPTRP00000014715,PANTR,1.0,,,,,,,,,1,,,,,
H2QF99,H2QF99_PANTR,ENSPTRP00000017771,PANTR,1.0,,,,,,,,,1,,,,,
H2QFE7,H2QFE7_PANTR,ENSPTRP00000017935,PANTR,1.0,,,,,,,,,1,,,,,
H2QFW9,H2QFW9_PANTR,ENSPTRP00000018391,PANTR,1.0,,,,,,,,,1,,,,,
H2QFE8,H2QFE8_PANTR,ENSPTRP00000017939,PANTR,1.0,,,,,,,,,1,,,,,
H2QFW7,H2QFW7_PANTR,ENSPTRP00000018380,PANTR,1.0,,,,,,,,,1,,,,,
H2QFW6,H2QFW6_PANTR,ENSPTRP00000018378,PANTR,1.0,,,,,,,,,1,,,,,
H2QFW5,H2QFW5_PANTR,ENSPTRP00000018376,PANTR,1.0,,,,,,,,,1,,,,,
H2QFW4,H2QFW4_PANTR,ENSPTRP00000018367,PANTR,1.0,,,,,,,,,1,,,,,
H2QFW3,H2QFW3_PANTR,ENSPTRP00000018358,PANTR,1.0,,,,,,,,,1,,,,,
H2QFV9,H2QFV9_PANTR,ENSPTRP00000018337,PANTR,1.0,,,,,,,,,1,,,,,
H2QFV8,H2QFV8_PANTR,ENSPTRP00000018334,PANTR,1.0,,,,,,,,,1,,,,,
H2QFH4,H2QFH4_PANTR,ENSPTRP00000018005,PANTR,1.0,,,,,,,,,1,,,,,
H2QFF9,H2QFF9_PANTR,ENSPTRP00000017981,PANTR,1.0,,,,,,,,,1,,,,,
H2QFF8,H2QFF8_PANTR,ENSPTRP00000017979,PANTR,1.0,,,,,,,,,1,,,,,
H2QFF6,H2QFF6_PANTR,ENSPTRP00000017974,PANTR,1.0,,,,,,,,,1,,,,,
H2QFF5,H2QFF5_PANTR,ENSPTRP00000017968,PANTR,1.0,,,,,,,,,1,,,,,
H2QFF4,H2QFF4_PANTR,ENSPTRP00000017965,PANTR,1.0,,,,,,,,,1,,,,,
H2QFF3,H2QFF3_PANTR,ENSPTRP00000017960,PANTR,1.0,,,,,,,,,1,,,,,
H2QFF2,H2QFF2_PANTR,ENSPTRP00000017957,PANTR,1.0,,,,,,,,,1,,,,,
H2QFF1,H2QFF1_PANTR,ENSPTRP00000017945,PANTR,1.0,,,,,,,,,1,,,,,
H2QFF0,H2QFF0_PANTR,ENSPTRP00000017944,PANTR,1.0,,,,,,,,,1,,,,,
H2QH12,H2QH12_PANTR,ENSPTRP00000019574,PANTR,1.0,,,,,,,,,1,,,,,
H2QH13,H2QH13_PANTR,ENSPTRP00000019577,PANTR,1.0,,,,,,,,,1,,,,,
H2QH15,H2QH15_PANTR,ENSPTRP00000019589,PANTR,1.0,,,,,,,,,1,,,,,
H2QME7,H2QME7_PANTR,ENSPTRP00000025555,PANTR,1.0,,,,,,,,,1,,,,,
H2QME5,H2QME5_PANTR,ENSPTRP00000025543,PANTR,1.0,,,,,,,,,1,,,,,
H2QMD5,H2QMD5_PANTR,ENSPTRP00000025509,PANTR,1.0,,,,,,,,,1,,,,,
H2QMC8,H2QMC8_PANTR,ENSPTRP00000025483,PANTR,1.0,,,,,,,,,1,,,,,
H2QMC7,H2QMC7_PANTR,ENSPTRP00000025482,PANTR,1.0,,,,,,,,,1,,,,,
H2QMC6,H2QMC6_PANTR,ENSPTRP00000025481,PANTR,1.0,,,,,,,,,1,,,,,
H2QLI5,H2QLI5_PANTR,ENSPTRP00000024578,PANTR,1.0,,,,,,,,,1,,,,,
H2QLC6,H2QLC6_PANTR,ENSPTRP00000024366,PANTR,1.0,,,,,,,,,1,,,,,
H2QLA8,H2QLA8_PANTR,ENSPTRP00000024302,PANTR,1.0,,,,,,,,,1,,,,,
H2QKU5,H2QKU5_PANTR,ENSPTRP00000023739,PANTR,1.0,,,,,,,,,1,,,,,
H2QKL1,H2QKL1_PANTR,ENSPTRP00000023455,PANTR,1.0,,,,,,,,,1,,,,,
H2QK74,H2QK74_PANTR,ENSPTRP00000022989,PANTR,1.0,,,,,,,,,1,,,,,
H2QK47,H2QK47_PANTR,ENSPTRP00000022881,PANTR,1.0,,,,,,,,,1,,,,,
H2QK04,H2QK04_PANTR,ENSPTRP00000022782,PANTR,1.0,,,,,,,,,1,,,,,
H2QK02,H2QK02_PANTR,ENSPTRP00000022777,PANTR,1.0,,,,,,,,,1,,,,,
H2QJC6,H2QJC6_PANTR,ENSPTRP00000022027,PANTR,1.0,,,,,,,,,1,,,,,
H2QJA7,H2QJA7_PANTR,ENSPTRP00000021975,PANTR,1.0,,,,,,,,,1,,,,,
H2QIR1,H2QIR1_PANTR,ENSPTRP00000021349,PANTR,1.0,,,,,,,,,1,,,,,
H2QME6,H2QME6_PANTR,ENSPTRP00000025552,PANTR,1.0,,,,,,,,,1,,,,,
H2QME8,H2QME8_PANTR,ENSPTRP00000025556,PANTR,1.0,,,,,,,,,1,,,,,
H2QH16,H2QH16_PANTR,ENSPTRP00000019594,PANTR,1.0,,,,,,,,,1,,,,,
H2QME9,H2QME9_PANTR,ENSPTRP00000025557,PANTR,1.0,,,,,,,,,1,,,,,
H2QSI4,H2QSI4_PANTR,ENSPTRP00000030442,PANTR,1.0,,,,,,,,,1,,,,,
H2QSI3,H2QSI3_PANTR,ENSPTRP00000030441,PANTR,1.0,,,,,,,,,1,,,,,
H2QSH9,H2QSH9_PANTR,ENSPTRP00000030428,PANTR,1.0,,,,,,,,,1,,,,,
H2QS63,H2QS63_PANTR,ENSPTRP00000030124,PANTR,1.0,,,,,,,,,1,,,,,
H2QS53,H2QS53_PANTR,ENSPTRP00000030091,PANTR,1.0,,,,,,,,,1,,,,,
H2QS51,H2QS51_PANTR,ENSPTRP00000030085,PANTR,1.0,,,,,,,,,1,,,,,
H2QS50,H2QS50_PANTR,ENSPTRP00000030082,PANTR,1.0,,,,,,,,,1,,,,,
H2QS49,H2QS49_PANTR,ENSPTRP00000030081,PANTR,1.0,,,,,,,,,1,,,,,
H2QS48,H2QS48_PANTR,ENSPTRP00000030076,PANTR,1.0,,,,,,,,,1,,,,,
H2QRT6,H2QRT6_PANTR,ENSPTRP00000029775,PANTR,1.0,,,,,,,,,1,,,,,
H2QQ36,H2QQ36_PANTR,ENSPTRP00000028170,PANTR,1.0,,,,,,,,,1,,,,,
H2QP57,H2QP57_PANTR,ENSPTRP00000027341,PANTR,1.0,,,,,,,,,1,,,,,
H2QP24,H2QP24_PANTR,ENSPTRP00000027205,PANTR,1.0,,,,,,,,,1,,,,,
H2QNP9,H2QNP9_PANTR,ENSPTRP00000026852,PANTR,1.0,,,,,,,,,1,,,,,
H2QNP7,H2QNP7_PANTR,ENSPTRP00000026847,PANTR,1.0,,,,,,,,,1,,,,,
H2QMV6,H2QMV6_PANTR,ENSPTRP00000026027,PANTR,1.0,,,,,,,,,1,,,,,
H2QMF0,H2QMF0_PANTR,ENSPTRP00000025559,PANTR,1.0,,,,,,,,,1,,,,,
H2QIC0,H2QIC0_PANTR,ENSPTRP00000020930,PANTR,1.0,,,,,,,,,1,,,,,
H2QIB7,H2QIB7_PANTR,ENSPTRP00000020923,PANTR,1.0,,,,,,,,,1,,,,,
H2QHH3,H2QHH3_PANTR,ENSPTRP00000020079,PANTR,1.0,,,,,,,,,1,,,,,
H2QHC6,H2QHC6_PANTR,ENSPTRP00000019946,PANTR,1.0,,,,,,,,,1,,,,,
H2QH93,H2QH93_PANTR,ENSPTRP00000019860,PANTR,1.0,,,,,,,,,1,,,,,
H2QH92,H2QH92_PANTR,ENSPTRP00000019859,PANTR,1.0,,,,,,,,,1,,,,,
H2QH91,H2QH91_PANTR,ENSPTRP00000019857,PANTR,1.0,,,,,,,,,1,,,,,
H2QH90,H2QH90_PANTR,ENSPTRP00000019853,PANTR,1.0,,,,,,,,,1,,,,,
H2QH87,H2QH87_PANTR,ENSPTRP00000019840,PANTR,1.0,,,,,,,,,1,,,,,
H2QH86,H2QH86_PANTR,ENSPTRP00000019837,PANTR,1.0,,,,,,,,,1,,,,,
H2QH85,H2QH85_PANTR,ENSPTRP00000019835,PANTR,1.0,,,,,,,,,1,,,,,
H2QH72,H2QH72_PANTR,ENSPTRP00000019807,PANTR,1.0,,,,,,,,,1,,,,,
H2QH71,H2QH71_PANTR,ENSPTRP00000019805,PANTR,1.0,,,,,,,,,1,,,,,
H2QH67,H2QH67_PANTR,ENSPTRP00000019797,PANTR,1.0,,,,,,,,,1,,,,,
H2QH26,H2QH26_PANTR,ENSPTRP00000019625,PANTR,1.0,,,,,,,,,1,,,,,
H2QH25,H2QH25_PANTR,ENSPTRP00000019624,PANTR,1.0,,,,,,,,,1,,,,,
H2QH24,H2QH24_PANTR,ENSPTRP00000019621,PANTR,1.0,,,,,,,,,1,,,,,
H2QH22,H2QH22_PANTR,ENSPTRP00000019616,PANTR,1.0,,,,,,,,,1,,,,,
H2QH21,H2QH21_PANTR,ENSPTRP00000019604,PANTR,1.0,,,,,,,,,1,,,,,
H2QH20,H2QH20_PANTR,ENSPTRP00000019603,PANTR,1.0,,,,,,,,,1,,,,,
H2QH18,H2QH18_PANTR,ENSPTRP00000019601,PANTR,1.0,,,,,,,,,1,,,,,
H2QH95,H2QH95_PANTR,ENSPTRP00000019870,PANTR,1.0,,,,,,,,,1,,,,,
H2QH97,H2QH97_PANTR,ENSPTRP00000019873,PANTR,1.0,,,,,,,,,1,,,,,
H2QH98,H2QH98_PANTR,ENSPTRP00000019874,PANTR,1.0,,,,,,,,,1,,,,,
H2QHB3,H2QHB3_PANTR,ENSPTRP00000019920,PANTR,1.0,,,,,,,,,1,,,,,
H2QHC3,H2QHC3_PANTR,ENSPTRP00000019938,PANTR,1.0,,,,,,,,,1,,,,,
H2QHC2,H2QHC2_PANTR,ENSPTRP00000019937,PANTR,1.0,,,,,,,,,1,,,,,
H2QHC1,H2QHC1_PANTR,ENSPTRP00000019935,PANTR,1.0,,,,,,,,,1,,,,,
H2QHB8,H2QHB8_PANTR,ENSPTRP00000019930,PANTR,1.0,,,,,,,,,1,,,,,
H2QHB7,H2QHB7_PANTR,ENSPTRP00000019928,PANTR,1.0,,,,,,,,,1,,,,,
H2QHB5,H2QHB5_PANTR,ENSPTRP00000019924,PANTR,1.0,,,,,,,,,1,,,,,
H2QHB4,H2QHB4_PANTR,ENSPTRP00000019921,PANTR,1.0,,,,,,,,,1,,,,,
H2QHB1,H2QHB1_PANTR,ENSPTRP00000019918,PANTR,1.0,,,,,,,,,1,,,,,
H2QHA0,H2QHA0_PANTR,ENSPTRP00000019882,PANTR,1.0,,,,,,,,,1,,,,,
H2QHA9,H2QHA9_PANTR,ENSPTRP00000019905,PANTR,1.0,,,,,,,,,1,,,,,
H2QHA8,H2QHA8_PANTR,ENSPTRP00000019903,PANTR,1.0,,,,,,,,,1,,,,,
H2QHA7,H2QHA7_PANTR,ENSPTRP00000019901,PANTR,1.0,,,,,,,,,1,,,,,
H2QHA4,H2QHA4_PANTR,ENSPTRP00000019895,PANTR,1.0,,,,,,,,,1,,,,,
H2QHA3,H2QHA3_PANTR,ENSPTRP00000019893,PANTR,1.0,,,,,,,,,1,,,,,
H2QHA2,H2QHA2_PANTR,ENSPTRP00000019892,PANTR,1.0,,,,,,,,,1,,,,,
H2QHA1,H2QHA1_PANTR,ENSPTRP00000019887,PANTR,1.0,,,,,,,,,1,,,,,
Q501V1,Q501V1_DANRE,nan,DANRE,1.0,,,,,,,,,1,,,,,
Q5MYW4,ZN667_RAT,nan,RAT,1.0,,,,,,,,,1,,,,,
Q503R8,Q503R8_DANRE,nan,DANRE,1.0,,,,,,,,,1,,,,,
Q9Z2K3,ZN394_RAT,nan,RAT,1.0,,,,,,,,,1,,,,,
nan,nan,ENSBTAP00000049901,BOVIN,1.0,,,,,,,,,1,,,,,
nan,nan,ENSBTAP00000049874,BOVIN,1.0,,,,,,,,,1,,,,,
nan,nan,ENSBTAP00000049635,BOVIN,1.0,,,,,,,,,1,,,,,
nan,nan,ENSBTAP00000049417,BOVIN,1.0,,,,,,,,,1,,,,,
nan,nan,ENSBTAP00000049321,BOVIN,1.0,,,,,,,,,1,,,,,
nan,nan,ENSBTAP00000049204,BOVIN,1.0,,,,,,,,,1,,,,,
nan,nan,ENSBTAP00000049131,BOVIN,1.0,,,,,,,,,1,,,,,
nan,nan,ENSBTAP00000048942,BOVIN,1.0,,,,,,,,,1,,,,,
nan,nan,ENSBTAP00000048643,BOVIN,1.0,,,,,,,,,1,,,,,
nan,nan,ENSBTAP00000048106,BOVIN,1.0,,,,,,,,,1,,,,,
nan,nan,ENSBTAP00000048058,BOVIN,1.0,,,,,,,,,1,,,,,
nan,nan,ENSBTAP00000047956,BOVIN,1.0,,,,,,,,,1,,,,,
nan,nan,ENSBTAP00000047734,BOVIN,1.0,,,,,,,,,1,,,,,
nan,nan,ENSBTAP00000047586,BOVIN,1.0,,,,,,,,,1,,,,,
nan,nan,ENSBTAP00000047326,BOVIN,1.0,,,,,,,,,1,,,,,
nan,nan,ENSBTAP00000045670,BOVIN,1.0,,,,,,,,,1,,,,,
nan,nan,ENSBTAP00000041805,BOVIN,1.0,,,,,,,,,1,,,,,
nan,nan,ENSBTAP00000050011,BOVIN,1.0,,,,,,,,,1,,,,,
nan,nan,ENSBTAP00000050103,BOVIN,1.0,,,,,,,,,1,,,,,
nan,nan,ENSBTAP00000050192,BOVIN,1.0,,,,,,,,,1,,,,,
nan,nan,ENSBTAP00000052339,BOVIN,1.0,,,,,,,,,1,,,,,
nan,nan,ENSBTAP00000053093,BOVIN,1.0,,,,,,,,,1,,,,,
nan,nan,ENSBTAP00000053023,BOVIN,1.0,,,,,,,,,1,,,,,
nan,nan,ENSBTAP00000052857,BOVIN,1.0,,,,,,,,,1,,,,,
nan,nan,ENSBTAP00000052830,BOVIN,1.0,,,,,,,,,1,,,,,
nan,nan,ENSBTAP00000052727,BOVIN,1.0,,,,,,,,,1,,,,,
nan,nan,ENSBTAP00000052657,BOVIN,1.0,,,,,,,,,1,,,,,
nan,nan,ENSBTAP00000052628,BOVIN,1.0,,,,,,,,,1,,,,,
nan,nan,ENSBTAP00000052316,BOVIN,1.0,,,,,,,,,1,,,,,
nan,nan,ENSBTAP00000050368,BOVIN,1.0,,,,,,,,,1,,,,,
nan,nan,ENSBTAP00000052044,BOVIN,1.0,,,,,,,,,1,,,,,
nan,nan,ENSBTAP00000051843,BOVIN,1.0,,,,,,,,,1,,,,,
nan,nan,ENSBTAP00000051815,BOVIN,1.0,,,,,,,,,1,,,,,
nan,nan,ENSBTAP00000051352,BOVIN,1.0,,,,,,,,,1,,,,,
nan,nan,ENSBTAP00000051089,BOVIN,1.0,,,,,,,,,1,,,,,
nan,nan,ENSBTAP00000050884,BOVIN,1.0,,,,,,,,,1,,,,,
nan,nan,ENSBTAP00000050720,BOVIN,1.0,,,,,,,,,1,,,,,
nan,nan,ENSBTAP00000040627,BOVIN,1.0,,,,,,,,,1,,,,,
nan,nan,ENSBTAP00000040605,BOVIN,1.0,,,,,,,,,1,,,,,
nan,nan,ENSBTAP00000040585,BOVIN,1.0,,,,,,,,,1,,,,,
nan,nan,ENSBTAP00000006399,BOVIN,1.0,,,,,,,,,1,,,,,
nan,nan,ENSBTAP00000010670,BOVIN,1.0,,,,,,,,,1,,,,,
nan,nan,ENSBTAP00000009528,BOVIN,1.0,,,,,,,,,1,,,,,
nan,nan,ENSBTAP00000008947,BOVIN,1.0,,,,,,,,,1,,,,,
nan,nan,ENSBTAP00000008791,BOVIN,1.0,,,,,,,,,1,,,,,
nan,nan,ENSBTAP00000007715,BOVIN,1.0,,,,,,,,,1,,,,,
nan,nan,ENSBTAP00000006636,BOVIN,1.0,,,,,,,,,1,,,,,
nan,nan,ENSBTAP00000006635,BOVIN,1.0,,,,,,,,,1,,,,,
nan,nan,ENSBTAP00000005831,BOVIN,1.0,,,,,,,,,1,,,,,
nan,nan,ENSBTAP00000012073,BOVIN,1.0,,,,,,,,,1,,,,,
nan,nan,ENSBTAP00000004720,BOVIN,1.0,,,,,,,,,1,,,,,
nan,nan,ENSBTAP00000004504,BOVIN,1.0,,,,,,,,,1,,,,,
nan,nan,ENSBTAP00000004303,BOVIN,1.0,,,,,,,,,1,,,,,
nan,nan,ENSBTAP00000003967,BOVIN,1.0,,,,,,,,,1,,,,,
nan,nan,ENSBTAP00000003347,BOVIN,1.0,,,,,,,,,1,,,,,
nan,nan,ENSBTAP00000002661,BOVIN,1.0,,,,,,,,,1,,,,,
nan,nan,ENSBTAP00000001239,BOVIN,1.0,,,,,,,,,1,,,,,
nan,nan,ENSBTAP00000011113,BOVIN,1.0,,,,,,,,,1,,,,,
nan,nan,ENSBTAP00000013381,BOVIN,1.0,,,,,,,,,1,,,,,
nan,nan,ENSBTAP00000040583,BOVIN,1.0,,,,,,,,,1,,,,,
nan,nan,ENSBTAP00000020844,BOVIN,1.0,,,,,,,,,1,,,,,
nan,nan,ENSBTAP00000040110,BOVIN,1.0,,,,,,,,,1,,,,,
nan,nan,ENSBTAP00000034991,BOVIN,1.0,,,,,,,,,1,,,,,
nan,nan,ENSBTAP00000034188,BOVIN,1.0,,,,,,,,,1,,,,,
nan,nan,ENSBTAP00000031942,BOVIN,1.0,,,,,,,,,1,,,,,
nan,nan,ENSBTAP00000031799,BOVIN,1.0,,,,,,,,,1,,,,,
nan,nan,ENSBTAP00000031728,BOVIN,1.0,,,,,,,,,1,,,,,
nan,nan,ENSBTAP00000020983,BOVIN,1.0,,,,,,,,,1,,,,,
nan,nan,ENSBTAP00000018112,BOVIN,1.0,,,,,,,,,1,,,,,
nan,nan,ENSBTAP00000014961,BOVIN,1.0,,,,,,,,,1,,,,,
nan,nan,ENSBTAP00000017797,BOVIN,1.0,,,,,,,,,1,,,,,
nan,nan,ENSBTAP00000017787,BOVIN,1.0,,,,,,,,,1,,,,,
nan,nan,ENSBTAP00000017755,BOVIN,1.0,,,,,,,,,1,,,,,
nan,nan,ENSBTAP00000017690,BOVIN,1.0,,,,,,,,,1,,,,,
nan,nan,ENSBTAP00000017540,BOVIN,1.0,,,,,,,,,1,,,,,
nan,nan,ENSBTAP00000017469,BOVIN,1.0,,,,,,,,,1,,,,,
nan,nan,ENSBTAP00000016861,BOVIN,1.0,,,,,,,,,1,,,,,
nan,nan,ENSBTAP00000053602,BOVIN,1.0,,,,,,,,,1,,,,,
nan,nan,ENSCAFP00000000131,CANFA,1.0,,,,,,,,,1,,,,,
nan,nan,ENSCAFP00000001489,CANFA,1.0,,,,,,,,,1,,,,,
nan,nan,ENSGALP00000035294,CHICK,1.0,,,,,,,,,1,,,,,
nan,nan,ENSMODP00000001528,MONDO,1.0,,,,,,,,,1,,,,,
nan,nan,ENSMODP00000000963,MONDO,1.0,,,,,,,,,1,,,,,
nan,nan,ENSMODP00000000497,MONDO,1.0,,,,,,,,,1,,,,,
nan,nan,ENSGALP00000038458,CHICK,1.0,,,,,,,,,1,,,,,
nan,nan,ENSGALP00000038257,CHICK,1.0,,,,,,,,,1,,,,,
nan,nan,ENSGALP00000035378,CHICK,1.0,,,,,,,,,1,,,,,
nan,nan,ENSGALP00000035336,CHICK,1.0,,,,,,,,,1,,,,,
nan,nan,ENSGALP00000035214,CHICK,1.0,,,,,,,,,1,,,,,
nan,nan,ENSMODP00000001922,MONDO,1.0,,,,,,,,,1,,,,,
nan,nan,ENSGALP00000035212,CHICK,1.0,,,,,,,,,1,,,,,
nan,nan,ENSGALP00000035106,CHICK,1.0,,,,,,,,,1,,,,,
nan,nan,ENSGALP00000034848,CHICK,1.0,,,,,,,,,1,,,,,
nan,nan,ENSGALP00000034830,CHICK,1.0,,,,,,,,,1,,,,,
nan,nan,ENSGALP00000034822,CHICK,1.0,,,,,,,,,1,,,,,
nan,nan,ENSGALP00000034739,CHICK,1.0,,,,,,,,,1,,,,,
nan,nan,ENSGALP00000032772,CHICK,1.0,,,,,,,,,1,,,,,
nan,nan,ENSMODP00000001704,MONDO,1.0,,,,,,,,,1,,,,,
nan,nan,ENSMODP00000002589,MONDO,1.0,,,,,,,,,1,,,,,
nan,nan,ENSGALP00000028061,CHICK,1.0,,,,,,,,,1,,,,,
nan,nan,ENSMODP00000005580,MONDO,1.0,,,,,,,,,1,,,,,
nan,nan,ENSMODP00000007814,MONDO,1.0,,,,,,,,,1,,,,,
nan,nan,ENSMODP00000006905,MONDO,1.0,,,,,,,,,1,,,,,
nan,nan,ENSMODP00000006869,MONDO,1.0,,,,,,,,,1,,,,,
nan,nan,ENSMODP00000006344,MONDO,1.0,,,,,,,,,1,,,,,
nan,nan,ENSMODP00000005877,MONDO,1.0,,,,,,,,,1,,,,,
nan,nan,ENSMODP00000005856,MONDO,1.0,,,,,,,,,1,,,,,
nan,nan,ENSMODP00000005814,MONDO,1.0,,,,,,,,,1,,,,,
nan,nan,ENSMODP00000005402,MONDO,1.0,,,,,,,,,1,,,,,
nan,nan,ENSMODP00000002652,MONDO,1.0,,,,,,,,,1,,,,,
nan,nan,ENSMODP00000005301,MONDO,1.0,,,,,,,,,1,,,,,
nan,nan,ENSMODP00000005291,MONDO,1.0,,,,,,,,,1,,,,,
nan,nan,ENSMODP00000004443,MONDO,1.0,,,,,,,,,1,,,,,
nan,nan,ENSMODP00000004424,MONDO,1.0,,,,,,,,,1,,,,,
nan,nan,ENSMODP00000003606,MONDO,1.0,,,,,,,,,1,,,,,
nan,nan,ENSMODP00000003326,MONDO,1.0,,,,,,,,,1,,,,,
nan,nan,ENSMODP00000002698,MONDO,1.0,,,,,,,,,1,,,,,
nan,nan,ENSGALP00000028299,CHICK,1.0,,,,,,,,,1,,,,,
nan,nan,ENSGALP00000022430,CHICK,1.0,,,,,,,,,1,,,,,
nan,nan,ENSCAFP00000002435,CANFA,1.0,,,,,,,,,1,,,,,
nan,nan,ENSCAFP00000018913,CANFA,1.0,,,,,,,,,1,,,,,
nan,nan,ENSCAFP00000030399,CANFA,1.0,,,,,,,,,1,,,,,
nan,nan,ENSCAFP00000028453,CANFA,1.0,,,,,,,,,1,,,,,
nan,nan,ENSCAFP00000028409,CANFA,1.0,,,,,,,,,1,,,,,
nan,nan,ENSCAFP00000023749,CANFA,1.0,,,,,,,,,1,,,,,
nan,nan,ENSCAFP00000020326,CANFA,1.0,,,,,,,,,1,,,,,
nan,nan,ENSCAFP00000020045,CANFA,1.0,,,,,,,,,1,,,,,
nan,nan,ENSCAFP00000019584,CANFA,1.0,,,,,,,,,1,,,,,
nan,nan,ENSCAFP00000018632,CANFA,1.0,,,,,,,,,1,,,,,
nan,nan,ENSCAFP00000035081,CANFA,1.0,,,,,,,,,1,,,,,
nan,nan,ENSCAFP00000010429,CANFA,1.0,,,,,,,,,1,,,,,
nan,nan,ENSCAFP00000009231,CANFA,1.0,,,,,,,,,1,,,,,
nan,nan,ENSCAFP00000006816,CANFA,1.0,,,,,,,,,1,,,,,
nan,nan,ENSCAFP00000004084,CANFA,1.0,,,,,,,,,1,,,,,
nan,nan,ENSCAFP00000003749,CANFA,1.0,,,,,,,,,1,,,,,
nan,nan,ENSCAFP00000003529,CANFA,1.0,,,,,,,,,1,,,,,
nan,nan,ENSCAFP00000003397,CANFA,1.0,,,,,,,,,1,,,,,
nan,nan,ENSCAFP00000034144,CANFA,1.0,,,,,,,,,1,,,,,
nan,nan,ENSCINP00000001305,CIOIN,1.0,,,,,,,,,1,,,,,
nan,nan,ENSGALP00000022429,CHICK,1.0,,,,,,,,,1,,,,,
nan,nan,ENSCINP00000016769,CIOIN,1.0,,,,,,,,,1,,,,,
nan,nan,ENSGALP00000022315,CHICK,1.0,,,,,,,,,1,,,,,
nan,nan,ENSGALP00000022237,CHICK,1.0,,,,,,,,,1,,,,,
nan,nan,ENSGALP00000021976,CHICK,1.0,,,,,,,,,1,,,,,
nan,nan,ENSGALP00000021921,CHICK,1.0,,,,,,,,,1,,,,,
nan,nan,ENSGALP00000021800,CHICK,1.0,,,,,,,,,1,,,,,
nan,nan,ENSGALP00000002923,CHICK,1.0,,,,,,,,,1,,,,,
nan,nan,ENSCINP00000023296,CIOIN,1.0,,,,,,,,,1,,,,,
nan,nan,ENSCINP00000015745,CIOIN,1.0,,,,,,,,,1,,,,,
nan,nan,ENSCINP00000001946,CIOIN,1.0,,,,,,,,,1,,,,,
nan,nan,ENSCINP00000015309,CIOIN,1.0,,,,,,,,,1,,,,,
nan,nan,ENSCINP00000010080,CIOIN,1.0,,,,,,,,,1,,,,,
nan,nan,ENSCINP00000010051,CIOIN,1.0,,,,,,,,,1,,,,,
nan,nan,ENSCINP00000009607,CIOIN,1.0,,,,,,,,,1,,,,,
nan,nan,ENSCINP00000007963,CIOIN,1.0,,,,,,,,,1,,,,,
nan,nan,ENSCINP00000004752,CIOIN,1.0,,,,,,,,,1,,,,,
nan,nan,ENSCINP00000003941,CIOIN,1.0,,,,,,,,,,1,,,,
nan,nan,ENSBTAP00000000497,BOVIN,1.0,,,,,,,,,1,,,,,
Q9Z1D9,ZN394_MOUSE,nan,MOUSE,1.0,,,,,,,,,1,,,,,
nan,nan,ENSMODP00000008126,MONDO,1.0,,,,,,,,,1,,,,,
Q9Z1D8,ZKSC5_MOUSE,nan,MOUSE,1.0,,,,,,,,,1,,,,,
Q9P2Y4,ZN219_HUMAN,nan,HUMAN,1.0,,,,,,,,,1,,,,,
Q9P2J8,ZN624_HUMAN,nan,HUMAN,1.0,,,,,,,,,1,,,,,
Q9P2F9,ZN319_HUMAN,nan,HUMAN,1.0,,,,,,,,,1,,,,,
Q9P255,ZN492_HUMAN,nan,HUMAN,1.0,,,,,,,,,1,,,,,
Q9P243,ZFAT_HUMAN,nan,HUMAN,1.0,,,,,,,,,1,,,,,
Q9P0T4,ZN581_HUMAN,nan,HUMAN,1.0,,,,,,,,,1,,,,,
Q9P0L1,ZKSC7_HUMAN,nan,HUMAN,1.0,,,,,,,,,1,,,,,
Q9NZL3,ZN224_HUMAN,nan,HUMAN,1.0,,,,,,,,,1,,,,,
Q9NYW8,RBAK_HUMAN,nan,HUMAN,1.0,,,,,,,,,1,,,,,
Q9NYT6,ZN226_HUMAN,nan,HUMAN,1.0,,,,,,,,,1,,,,,
Q9NXT0,ZN586_HUMAN,nan,HUMAN,1.0,,,,,,,,,1,,,,,
Q9NX65,ZSC32_HUMAN,nan,HUMAN,1.0,,,,,,,,,1,,,,,
Q9NWS9,ZN446_HUMAN,nan,HUMAN,1.0,,,,,,,,,1,,,,,
Q9NW07,ZN358_HUMAN,nan,HUMAN,1.0,,,,,,,,,1,,,,,
Q9NV72,ZN701_HUMAN,nan,HUMAN,1.0,,,,,,,,,1,,,,,
Q9NUA8,ZBT40_HUMAN,nan,HUMAN,1.0,,,,,,,,,1,,,,,
Q9NU63,ZFP57_HUMAN,nan,HUMAN,1.0,,,,,,,,,1,,,,,
Q9PU55,Q9PU55_CHICK,nan,CHICK,1.0,,,,,,,,,1,,,,,
Q9QXT9,Z354B_MOUSE,nan,MOUSE,1.0,,,,,,,,,1,,,,,
Q9QZ48,ZBT7A_RAT,nan,RAT,1.0,,,,,,,,,1,,,,,
Q9UJL9,ZF69B_HUMAN,nan,HUMAN,1.0,,,,,,,,,1,,,,,
Q9UK12,ZN222_HUMAN,nan,HUMAN,1.0,,,,,,,,,1,,,,,
Q9UK11,ZN223_HUMAN,nan,HUMAN,1.0,,,,,,,,,1,,,,,
Q9UK10,ZN225_HUMAN,nan,HUMAN,1.0,,,,,,,,,1,,,,,
Q9UJW8,ZN180_HUMAN,nan,HUMAN,1.0,,,,,,,,,1,,,,,
Q9UJW7,ZN229_HUMAN,nan,HUMAN,1.0,,,,,,,,,1,,,,,
Q9UJU3,ZN112_HUMAN,nan,HUMAN,1.0,,,,,,,,,1,,,,,
Q9UJN7,ZN391_HUMAN,nan,HUMAN,1.0,,,,,,,,,1,,,,,
Q9UII5,ZN107_HUMAN,nan,HUMAN,1.0,,,,,,,,,1,,,,,
Q9TYX3,nan,nan,nan,1.0,,,,,,,,,1,,,,,
Q9UFB7,ZBT47_HUMAN,nan,HUMAN,1.0,,,,,,,,,1,,,,,
Q9UEG4,ZN629_HUMAN,nan,HUMAN,1.0,,,,,,,,,1,,,,,
Q9UDV7,ZN282_HUMAN,nan,HUMAN,1.0,,,,,,,,,1,,,,,
Q9UDV6,ZN212_HUMAN,nan,HUMAN,1.0,,,,,,,,,1,,,,,
Q9UC07,ZNF69_HUMAN,nan,HUMAN,1.0,,,,,,,,,1,,,,,
Q9UC06,ZNF70_HUMAN,nan,HUMAN,1.0,,,,,,,,,1,,,,,
Q9U7P8,Q9U7P8_DROME,nan,DROME,1.0,,,,,,,,,1,,,,,
Q9NSJ1,Z355P_HUMAN,nan,HUMAN,1.0,,,,,,,,,1,,,,,
Q9NSD4,ZN275_HUMAN,nan,HUMAN,1.0,,,,,,,,,1,,,,,
Q9NR11,ZN302_HUMAN,nan,HUMAN,1.0,,,,,,,,,1,,,,,
Q9H5H4,ZN768_HUMAN,nan,HUMAN,1.0,,,,,,,,,1,,,,,
Q9H9D4,ZN408_HUMAN,nan,HUMAN,1.0,,,,,,,,,1,,,,,
Q9H8G1,ZN430_HUMAN,nan,HUMAN,1.0,,,,,,,,,1,,,,,
Q9H7X3,ZN696_HUMAN,nan,HUMAN,1.0,,,,,,,,,1,,,,,
Q9H7R5,ZN665_HUMAN,nan,HUMAN,1.0,,,,,,,,,1,,,,,
Q9H7R0,ZN442_HUMAN,nan,HUMAN,1.0,,,,,,,,,1,,,,,
Q9H707,ZN552_HUMAN,nan,HUMAN,1.0,,,,,,,,,1,,,,,
Q9H5V7,IKZF5_HUMAN,nan,HUMAN,1.0,,,,,,,,,1,,,,,
Q9H4T2,ZSC16_HUMAN,nan,HUMAN,1.0,,,,,,,,,1,,,,,
Q9HAZ2,PRD16_HUMAN,nan,HUMAN,1.0,,,,,,,,,1,,,,,
Q9H2S9,IKZF4_HUMAN,nan,HUMAN,1.0,,,,,,,,,1,,,,,
Q9H116,GZF1_HUMAN,nan,HUMAN,1.0,,,,,,,,,1,,,,,
Q9H0M5,ZN700_HUMAN,nan,HUMAN,1.0,,,,,,,,,1,,,,,
Q9GZC9,Q9GZC9_CAEEL,nan,CAEEL,1.0,,,,,,,,,1,,,,,
Q9ESP5,FEZF2_MOUSE,nan,MOUSE,1.0,,,,,,,,,1,,,,,
Q9ESF3,Q9ESF3_RAT,nan,RAT,1.0,,,,,,,,,1,,,,,
Q9ERU3,ZNF22_MOUSE,nan,MOUSE,1.0,,,,,,,,,1,,,,,
Q9HAH1,ZN556_HUMAN,nan,HUMAN,1.0,,,,,,,,,1,,,,,
Q9HBE1,PATZ1_HUMAN,nan,HUMAN,1.0,,,,,,,,,1,,,,,
Q9NQZ8,ZNF71_HUMAN,nan,HUMAN,1.0,,,,,,,,,1,,,,,
Q9JLZ6,HIC2_MOUSE,nan,MOUSE,1.0,,,,,,,,,1,,,,,
Q9NQX6,ZN331_HUMAN,nan,HUMAN,1.0,,,,,,,,,1,,,,,
Q9NQX1,PRDM5_HUMAN,nan,HUMAN,1.0,,,,,,,,,1,,,,,
Q9NQV7,PRDM9_HUMAN,nan,HUMAN,1.0,,,,,,,,,1,,,,,
Q9NQ03,SCRT2_HUMAN,nan,HUMAN,1.0,,,,,,,,,1,,,,,
Q9NPC7,MYNN_HUMAN,nan,HUMAN,1.0,,,,,,,,,1,,,,,
Q9NPA5,ZF64A_HUMAN,nan,HUMAN,1.0,,,,,,,,,1,,,,,
Q9JMG9,Q9JMG9_MOUSE,nan,MOUSE,1.0,,,,,,,,,1,,,,,
Q9JKY3,ZBT18_RAT,nan,RAT,1.0,,,,,,,,,1,,,,,
Q9HBT7,ZN287_HUMAN,nan,HUMAN,1.0,,,,,,,,,1,,,,,
Q9JIC0,Q9JIC0_MOUSE,nan,MOUSE,1.0,,,,,,,,,1,,,,,
Q9I7J8,Q9I7J8_DROME,nan,DROME,1.0,,,,,,,,,1,,,,,
Q9HCZ1,ZN334_HUMAN,nan,HUMAN,1.0,,,,,,,,,1,,,,,
Q9HCX3,ZN304_HUMAN,nan,HUMAN,1.0,,,,,,,,,1,,,,,
Q9HCL3,ZFP14_HUMAN,nan,HUMAN,1.0,,,,,,,,,1,,,,,
Q9HCG1,ZN160_HUMAN,nan,HUMAN,1.0,,,,,,,,,1,,,,,
Q9HBT8,Z286A_HUMAN,nan,HUMAN,1.0,,,,,,,,,1,,,,,
Q9UKS7,IKZF2_HUMAN,nan,HUMAN,1.0,,,,,,,,,1,,,,,
Q9UKT9,IKZF3_HUMAN,nan,HUMAN,1.0,,,,,,,,,1,,,,,
Q9UL36,ZN236_HUMAN,nan,HUMAN,1.0,,,,,,,,,,1,,,,
Q9VXT1,Q9VXT1_DROME,nan,DROME,1.0,,,,,,,,,1,,,,,
Q9WTJ2,OVOL1_MOUSE,nan,MOUSE,1.0,,,,,,,,,1,,,,,
Q9W4F9,Q9W4F9_DROME,nan,DROME,1.0,,,,,,,,,1,,,,,
Q9W3T3,Q9W3T3_DROME,nan,DROME,1.0,,,,,,,,,1,,,,,
Q9W3J4,Q9W3J4_DROME,nan,DROME,1.0,,,,,,,,,1,,,,,
Q9W3J2,Q9W3J2_DROME,nan,DROME,1.0,,,,,,,,,1,,,,,
Q9W3J0,Q9W3J0_DROME,nan,DROME,1.0,,,,,,,,,1,,,,,
Q9VZ63,Q9VZ63_DROME,nan,DROME,1.0,,,,,,,,,1,,,,,
Q9VXB4,Q9VXB4_DROME,nan,DROME,1.0,,,,,,,,,1,,,,,
Q9WUK6,ZBT18_MOUSE,nan,MOUSE,1.0,,,,,,,,,1,,,,,
Q9VUB3,Q9VUB3_DROME,nan,DROME,1.0,,,,,,,,,1,,,,,
Q9VTY7,Q9VTY7_DROME,nan,DROME,1.0,,,,,,,,,1,,,,,
Q9VS55,Q9VS55_DROME,nan,DROME,1.0,,,,,,,,,1,,,,,
Q9VRX0,Q9VRX0_DROME,nan,DROME,1.0,,,,,,,,,1,,,,,
Q9VRV5,Q9VRV5_DROME,nan,DROME,1.0,,,,,,,,,1,,,,,
Q9VR05,Q9VR05_DROME,nan,DROME,1.0,,,,,,,,,1,,,,,
Q9VQN0,nan,nan,nan,1.0,,,,,,,,,1,,,,,
Q9WTJ4,FIZ1_MOUSE,nan,MOUSE,1.0,,,,,,,,,1,,,,,
Q9WVG7,OSR1_MOUSE,nan,MOUSE,1.0,,,,,,,,,1,,,,,
Q9VN56,Q9VN56_DROME,nan,DROME,1.0,,,,,,,,,1,,,,,
Q9Y2Q1,ZN257_HUMAN,nan,HUMAN,1.0,,,,,,,,,1,,,,,
Q9Z117,Q9Z117_MOUSE,nan,MOUSE,1.0,,,,,,,,,1,,,,,
Q9Z116,Q9Z116_MOUSE,nan,MOUSE,1.0,,,,,,,,,1,,,,,
Q9Y6R6,Z780B_HUMAN,nan,HUMAN,1.0,,,,,,,,,1,,,,,
Q9Y6Q3,ZFP37_HUMAN,nan,HUMAN,1.0,,,,,,,,,1,,,,,
Q9Y5A6,ZSC21_HUMAN,nan,HUMAN,1.0,,,,,,,,,1,,,,,
Q9Y473,ZN175_HUMAN,nan,HUMAN,1.0,,,,,,,,,1,,,,,
Q9Y3M9,ZN337_HUMAN,nan,HUMAN,1.0,,,,,,,,,1,,,,,
Q9Y2P7,ZN256_HUMAN,nan,HUMAN,1.0,,,,,,,,,1,,,,,
Q9XWL0,Q9XWL0_CAEEL,nan,CAEEL,1.0,,,,,,,,,1,,,,,
Q9Y2P0,ZN835_HUMAN,nan,HUMAN,1.0,,,,,,,,,1,,,,,
Q9Y2L8,ZKSC5_HUMAN,nan,HUMAN,1.0,,,,,,,,,1,,,,,
Q9Y2K1,ZBTB1_HUMAN,nan,HUMAN,1.0,,,,,,,,,1,,,,,
Q9Y2H8,ZN510_HUMAN,nan,HUMAN,1.0,,,,,,,,,1,,,,,
Q9Y2G7,ZFP30_HUMAN,nan,HUMAN,1.0,,,,,,,,,1,,,,,
Q9Y2D9,ZN652_HUMAN,nan,HUMAN,1.0,,,,,,,,,1,,,,,
Q9Y2A4,ZN443_HUMAN,nan,HUMAN,1.0,,,,,,,,,1,,,,,
Q9VNZ4,Q9VNZ4_DROME,nan,DROME,1.0,,,,,,,,,1,,,,,
Q9VN10,Q9VN10_DROME,nan,DROME,1.0,,,,,,,,,1,,,,,
Q9UL59,ZN214_HUMAN,nan,HUMAN,1.0,,,,,,,,,1,,,,,
Q9VDQ3,Q9VDQ3_DROME,nan,DROME,1.0,,,,,,,,,1,,,,,
Q9VEF3,Q9VEF3_DROME,nan,DROME,1.0,,,,,,,,,1,,,,,
Q9VEF1,Q9VEF1_DROME,nan,DROME,1.0,,,,,,,,,1,,,,,
Q9VEF0,Q9VEF0_DROME,nan,DROME,1.0,,,,,,,,,1,,,,,
Q9VE54,Q9VE54_DROME,nan,DROME,1.0,,,,,,,,,1,,,,,
Q9VDZ3,SQZ_DROME,nan,DROME,1.0,,,,,,,,,1,,,,,
Q9VDQ5,Q9VDQ5_DROME,nan,DROME,1.0,,,,,,,,,1,,,,,
Q9VDQ4,Q9VDQ4_DROME,nan,DROME,1.0,,,,,,,,,1,,,,,
Q9VDN4,Q9VDN4_DROME,nan,DROME,1.0,,,,,,,,,1,,,,,
Q9VFB9,Q9VFB9_DROME,nan,DROME,1.0,,,,,,,,,1,,,,,
Q9V9V8,Q9V9V8_DROME,nan,DROME,1.0,,,,,,,,,1,,,,,
Q9V9Q2,Q9V9Q2_DROME,nan,DROME,1.0,,,,,,,,,1,,,,,
Q9V9N4,Q9V9N4_DROME,nan,DROME,1.0,,,,,,,,,1,,,,,
Q9V3X8,Q9V3X8_DROME,nan,DROME,1.0,,,,,,,,,1,,,,,
Q9UNY5,ZN232_HUMAN,nan,HUMAN,1.0,,,,,,,,,1,,,,,
Q9ULM2,ZN490_HUMAN,nan,HUMAN,1.0,,,,,,,,,1,,,,,
Q9ULD5,ZN777_HUMAN,nan,HUMAN,1.0,,,,,,,,,1,,,,,
Q9VEF4,Q9VEF4_DROME,nan,DROME,1.0,,,,,,,,,1,,,,,
Q9VG72,Q9VG72_DROME,nan,DROME,1.0,,,,,,,,,1,,,,,
Q9VLK8,Q9VLK8_DROME,nan,DROME,1.0,,,,,,,,,1,,,,,
Q9VHM3,Q9VHM3_DROME,nan,DROME,1.0,,,,,,,,,1,,,,,
Q9VL91,Q9VL91_DROME,nan,DROME,1.0,,,,,,,,,1,,,,,
Q9VKC4,Q9VKC4_DROME,nan,DROME,1.0,,,,,,,,,1,,,,,
Q9VI93,RN_DROME,nan,DROME,1.0,,,,,,,,,1,,,,,
Q9VI24,Q9VI24_DROME,nan,DROME,1.0,,,,,,,,,1,,,,,
Q9VHR4,Q9VHR4_DROME,nan,DROME,1.0,,,,,,,,,1,,,,,
Q9VHM5,Q9VHM5_DROME,nan,DROME,1.0,,,,,,,,,1,,,,,
Q9VHM4,Q9VHM4_DROME,nan,DROME,1.0,,,,,,,,,1,,,,,
Q9VHA9,Q9VHA9_DROME,nan,DROME,1.0,,,,,,,,,,1,,,,
Q9VGG0,Q9VGG0_DROME,nan,DROME,1.0,,,,,,,,,1,,,,,
Q9VHA4,Q9VHA4_DROME,nan,DROME,1.0,,,,,,,,,1,,,,,
Q9VGR9,nan,nan,nan,1.0,,,,,,,,,1,,,,,
Q9VGR8,Q9VGR8_DROME,nan,DROME,1.0,,,,,,,,,1,,,,,
Q9VGQ6,Q9VGQ6_DROME,nan,DROME,1.0,,,,,,,,,1,,,,,
Q9VGQ5,Q9VGQ5_DROME,nan,DROME,1.0,,,,,,,,,1,,,,,
Q9VGL2,Q9VGL2_DROME,nan,DROME,1.0,,,,,,,,,1,,,,,
Q9VGL1,Q9VGL1_DROME,nan,DROME,1.0,,,,,,,,,1,,,,,
nan,nan,ENSMODP00000007913,MONDO,1.0,,,,,,,,,1,,,,,
nan,nan,ENSMODP00000008219,MONDO,1.0,,,,,,,,,1,,,,,
Q503R9,Q503R9_DANRE,nan,DANRE,1.0,,,,,,,,,1,,,,,
nan,nan,ENSOANP00000010436,ORNAN,1.0,,,,,,,,,1,,,,,
nan,nan,ENSPTRP00000040671,PANTR,1.0,,,,,,,,,1,,,,,
nan,nan,ENSPTRP00000039703,PANTR,1.0,,,,,,,,,1,,,,,
nan,nan,ENSPTRP00000039313,PANTR,1.0,,,,,,,,,1,,,,,
nan,nan,ENSPTRP00000039066,PANTR,1.0,,,,,,,,,1,,,,,
nan,nan,ENSPTRP00000038584,PANTR,1.0,,,,,,,,,1,,,,,
nan,nan,ENSPTRP00000038582,PANTR,1.0,,,,,,,,,1,,,,,
nan,nan,ENSPTRP00000036304,PANTR,1.0,,,,,,,,,1,,,,,
nan,nan,ENSPTRP00000033987,PANTR,1.0,,,,,,,,,1,,,,,
nan,nan,ENSPTRP00000033319,PANTR,1.0,,,,,,,,,1,,,,,
nan,nan,ENSPTRP00000032878,PANTR,1.0,,,,,,,,,1,,,,,
nan,nan,ENSPTRP00000030463,PANTR,1.0,,,,,,,,,1,,,,,
nan,nan,ENSPTRP00000026289,PANTR,1.0,,,,,,,,,1,,,,,
nan,nan,ENSPTRP00000025672,PANTR,1.0,,,,,,,,,1,,,,,
nan,nan,ENSPTRP00000025522,PANTR,1.0,,,,,,,,,1,,,,,
nan,nan,ENSPTRP00000024259,PANTR,1.0,,,,,,,,,1,,,,,
nan,nan,ENSPTRP00000023352,PANTR,1.0,,,,,,,,,1,,,,,
nan,nan,ENSPTRP00000023322,PANTR,1.0,,,,,,,,,1,,,,,
nan,nan,ENSPTRP00000041074,PANTR,1.0,,,,,,,,,1,,,,,
nan,nan,ENSPTRP00000041922,PANTR,1.0,,,,,,,,,1,,,,,
nan,nan,ENSPTRP00000041950,PANTR,1.0,,,,,,,,,1,,,,,
nan,nan,ENSPTRP00000048469,PANTR,1.0,,,,,,,,,1,,,,,
nan,nan,ENSPTRP00000049226,PANTR,1.0,,,,,,,,,1,,,,,
nan,nan,ENSPTRP00000048770,PANTR,1.0,,,,,,,,,1,,,,,
nan,nan,ENSPTRP00000048769,PANTR,1.0,,,,,,,,,1,,,,,
nan,nan,ENSPTRP00000048722,PANTR,1.0,,,,,,,,,1,,,,,
nan,nan,ENSPTRP00000048505,PANTR,1.0,,,,,,,,,1,,,,,
nan,nan,ENSPTRP00000048504,PANTR,1.0,,,,,,,,,1,,,,,
nan,nan,ENSPTRP00000048503,PANTR,1.0,,,,,,,,,1,,,,,
nan,nan,ENSPTRP00000046258,PANTR,1.0,,,,,,,,,1,,,,,
nan,nan,ENSPTRP00000043343,PANTR,1.0,,,,,,,,,1,,,,,
nan,nan,ENSPTRP00000045510,PANTR,1.0,,,,,,,,,1,,,,,
nan,nan,ENSPTRP00000045504,PANTR,1.0,,,,,,,,,1,,,,,
nan,nan,ENSPTRP00000045075,PANTR,1.0,,,,,,,,,1,,,,,
nan,nan,ENSPTRP00000044754,PANTR,1.0,,,,,,,,,1,,,,,
nan,nan,ENSPTRP00000043962,PANTR,1.0,,,,,,,,,1,,,,,
nan,nan,ENSPTRP00000043865,PANTR,1.0,,,,,,,,,1,,,,,
nan,nan,ENSPTRP00000043720,PANTR,1.0,,,,,,,,,1,,,,,
nan,nan,ENSPTRP00000019931,PANTR,1.0,,,,,,,,,1,,,,,
nan,nan,ENSPTRP00000019912,PANTR,1.0,,,,,,,,,1,,,,,
nan,nan,ENSPTRP00000019910,PANTR,1.0,,,,,,,,,1,,,,,
nan,nan,ENSPTRP00000001075,PANTR,1.0,,,,,,,,,1,,,,,
nan,nan,ENSPTRP00000017414,PANTR,1.0,,,,,,,,,1,,,,,
nan,nan,ENSPTRP00000015022,PANTR,1.0,,,,,,,,,1,,,,,
nan,nan,ENSPTRP00000009624,PANTR,1.0,,,,,,,,,1,,,,,
nan,nan,ENSPTRP00000007907,PANTR,1.0,,,,,,,,,1,,,,,
nan,nan,ENSPTRP00000004152,PANTR,1.0,,,,,,,,,1,,,,,
nan,nan,ENSPTRP00000003722,PANTR,1.0,,,,,,,,,1,,,,,
nan,nan,ENSPTRP00000003717,PANTR,1.0,,,,,,,,,1,,,,,
nan,nan,ENSP00000405641,HUMAN,1.0,,,,,,,,,1,,,,,
nan,nan,ENSPTRP00000017976,PANTR,1.0,,,,,,,,,1,,,,,
nan,nan,ENSP00000400386,HUMAN,1.0,,,,,,,,,1,,,,,
nan,nan,ENSP00000384482,HUMAN,1.0,,,,,,,,,1,,,,,
nan,nan,ENSP00000365382,HUMAN,1.0,,,,,,,,,1,,,,,
nan,nan,ENSP00000357356,HUMAN,1.0,,,,,,,,,1,,,,,
nan,nan,ENSOANP00000028473,ORNAN,1.0,,,,,,,,,1,,,,,
nan,nan,ENSOANP00000024886,ORNAN,1.0,,,,,,,,,1,,,,,
nan,nan,ENSOANP00000022765,ORNAN,1.0,,,,,,,,,1,,,,,
nan,nan,ENSPTRP00000017755,PANTR,1.0,,,,,,,,,1,,,,,
nan,nan,ENSPTRP00000018084,PANTR,1.0,,,,,,,,,1,,,,,
nan,nan,ENSPTRP00000019886,PANTR,1.0,,,,,,,,,1,,,,,
nan,nan,ENSPTRP00000018693,PANTR,1.0,,,,,,,,,1,,,,,
nan,nan,ENSPTRP00000019643,PANTR,1.0,,,,,,,,,1,,,,,
nan,nan,ENSPTRP00000019632,PANTR,1.0,,,,,,,,,1,,,,,
nan,nan,ENSPTRP00000019614,PANTR,1.0,,,,,,,,,1,,,,,
nan,nan,ENSPTRP00000019599,PANTR,1.0,,,,,,,,,1,,,,,
nan,nan,ENSPTRP00000019587,PANTR,1.0,,,,,,,,,1,,,,,
nan,nan,ENSPTRP00000019585,PANTR,1.0,,,,,,,,,1,,,,,
nan,nan,ENSPTRP00000019579,PANTR,1.0,,,,,,,,,1,,,,,
nan,nan,ENSPTRP00000018688,PANTR,1.0,,,,,,,,,1,,,,,
nan,nan,ENSPTRP00000018347,PANTR,1.0,,,,,,,,,1,,,,,
nan,nan,ENSPTRP00000018670,PANTR,1.0,,,,,,,,,1,,,,,
nan,nan,ENSPTRP00000018656,PANTR,1.0,,,,,,,,,1,,,,,
nan,nan,ENSPTRP00000018525,PANTR,1.0,,,,,,,,,1,,,,,
nan,nan,ENSPTRP00000018439,PANTR,1.0,,,,,,,,,1,,,,,
nan,nan,ENSPTRP00000018435,PANTR,1.0,,,,,,,,,1,,,,,
nan,nan,ENSPTRP00000018399,PANTR,1.0,,,,,,,,,1,,,,,
nan,nan,ENSPTRP00000018381,PANTR,1.0,,,,,,,,,1,,,,,
nan,nan,ENSPTRP00000050481,PANTR,1.0,,,,,,,,,1,,,,,
nan,nan,ENSPTRP00000054472,PANTR,1.0,,,,,,,,,1,,,,,
nan,nan,ENSPTRP00000054895,PANTR,1.0,,,,,,,,,1,,,,,
nan,nan,ENSXETP00000023622,XENTR,1.0,,,,,,,,,1,,,,,
nan,nan,ENSXETP00000030385,XENTR,1.0,,,,,,,,,1,,,,,
nan,nan,ENSXETP00000030019,XENTR,1.0,,,,,,,,,1,,,,,
nan,nan,ENSXETP00000028555,XENTR,1.0,,,,,,,,,1,,,,,
nan,nan,ENSXETP00000028539,XENTR,1.0,,,,,,,,,1,,,,,
nan,nan,ENSXETP00000026332,XENTR,1.0,,,,,,,,,1,,,,,
nan,nan,ENSXETP00000023965,XENTR,1.0,,,,,,,,,1,,,,,
nan,nan,ENSXETP00000023646,XENTR,1.0,,,,,,,,,1,,,,,
nan,nan,ENSXETP00000021213,XENTR,1.0,,,,,,,,,1,,,,,
nan,nan,ENSXETP00000033067,XENTR,1.0,,,,,,,,,1,,,,,
nan,nan,ENSXETP00000021135,XENTR,1.0,,,,,,,,,1,,,,,
nan,nan,ENSXETP00000019351,XENTR,1.0,,,,,,,,,1,,,,,
nan,nan,ENSXETP00000018621,XENTR,1.0,,,,,,,,,1,,,,,
nan,nan,ENSXETP00000017857,XENTR,1.0,,,,,,,,,1,,,,,
nan,nan,ENSXETP00000016166,XENTR,1.0,,,,,,,,,1,,,,,
nan,nan,ENSXETP00000001443,XENTR,1.0,,,,,,,,,1,,,,,
nan,nan,ENSRNOP00000063525,RAT,1.0,,,,,,,,,1,,,,,
nan,nan,ENSXETP00000033066,XENTR,1.0,,,,,,,,,1,,,,,
nan,nan,ENSXETP00000033091,XENTR,1.0,,,,,,,,,1,,,,,
nan,nan,ENSRNOP00000059685,RAT,1.0,,,,,,,,,1,,,,,
nan,nan,ENSXETP00000048903,XENTR,1.0,,,,,,,,,1,,,,,
nan,nan,ENSXETP00000052703,XENTR,1.0,,,,,,,,,1,,,,,
nan,nan,ENSXETP00000052671,XENTR,1.0,,,,,,,,,1,,,,,
nan,nan,ENSXETP00000052372,XENTR,1.0,,,,,,,,,1,,,,,
nan,nan,ENSXETP00000052353,XENTR,1.0,,,,,,,,,1,,,,,
nan,nan,ENSXETP00000052299,XENTR,1.0,,,,,,,,,1,,,,,
nan,nan,ENSXETP00000051635,XENTR,1.0,,,,,,,,,1,,,,,
nan,nan,ENSXETP00000051612,XENTR,1.0,,,,,,,,,1,,,,,
nan,nan,ENSXETP00000046051,XENTR,1.0,,,,,,,,,1,,,,,
nan,nan,ENSXETP00000034617,XENTR,1.0,,,,,,,,,1,,,,,
nan,nan,ENSXETP00000044954,XENTR,1.0,,,,,,,,,1,,,,,
nan,nan,ENSXETP00000044313,XENTR,1.0,,,,,,,,,1,,,,,
nan,nan,ENSXETP00000043636,XENTR,1.0,,,,,,,,,1,,,,,
nan,nan,ENSXETP00000041497,XENTR,1.0,,,,,,,,,1,,,,,
nan,nan,ENSXETP00000036318,XENTR,1.0,,,,,,,,,1,,,,,
nan,nan,ENSXETP00000035031,XENTR,1.0,,,,,,,,,1,,,,,
nan,nan,ENSXETP00000034729,XENTR,1.0,,,,,,,,,1,,,,,
nan,nan,ENSRNOP00000060745,RAT,1.0,,,,,,,,,1,,,,,
nan,nan,ENSRNOP00000056136,RAT,1.0,,,,,,,,,1,,,,,
nan,nan,ENSPTRP00000054962,PANTR,1.0,,,,,,,,,1,,,,,
nan,nan,ENSPTRP00000057756,PANTR,1.0,,,,,,,,,1,,,,,
nan,nan,ENSRNOP00000014911,RAT,1.0,,,,,,,,,1,,,,,
nan,nan,ENSRNOP00000005697,RAT,1.0,,,,,,,,,1,,,,,
nan,nan,ENSPTRP00000059629,PANTR,1.0,,,,,,,,,1,,,,,
nan,nan,ENSPTRP00000059413,PANTR,1.0,,,,,,,,,1,,,,,
nan,nan,ENSPTRP00000058854,PANTR,1.0,,,,,,,,,1,,,,,
nan,nan,ENSPTRP00000058776,PANTR,1.0,,,,,,,,,1,,,,,
nan,nan,ENSPTRP00000058157,PANTR,1.0,,,,,,,,,1,,,,,
nan,nan,ENSPTRP00000057401,PANTR,1.0,,,,,,,,,1,,,,,
nan,nan,ENSRNOP00000022318,RAT,1.0,,,,,,,,,1,,,,,
nan,nan,ENSPTRP00000057164,PANTR,1.0,,,,,,,,,1,,,,,
nan,nan,ENSPTRP00000056293,PANTR,1.0,,,,,,,,,1,,,,,
nan,nan,ENSPTRP00000056019,PANTR,1.0,,,,,,,,,1,,,,,
nan,nan,ENSPTRP00000055995,PANTR,1.0,,,,,,,,,1,,,,,
nan,nan,ENSPTRP00000055930,PANTR,1.0,,,,,,,,,1,,,,,
nan,nan,ENSPTRP00000055692,PANTR,1.0,,,,,,,,,1,,,,,
nan,nan,ENSPTRP00000055581,PANTR,1.0,,,,,,,,,1,,,,,
nan,nan,ENSRNOP00000021635,RAT,1.0,,,,,,,,,1,,,,,
nan,nan,ENSRNOP00000024189,RAT,1.0,,,,,,,,,1,,,,,
nan,nan,ENSRNOP00000055059,RAT,1.0,,,,,,,,,1,,,,,
nan,nan,ENSRNOP00000042168,RAT,1.0,,,,,,,,,1,,,,,
nan,nan,ENSRNOP00000050550,RAT,1.0,,,,,,,,,1,,,,,
nan,nan,ENSRNOP00000049551,RAT,1.0,,,,,,,,,1,,,,,
nan,nan,ENSRNOP00000049035,RAT,1.0,,,,,,,,,1,,,,,
nan,nan,ENSRNOP00000047496,RAT,1.0,,,,,,,,,1,,,,,
nan,nan,ENSRNOP00000046888,RAT,1.0,,,,,,,,,1,,,,,
nan,nan,ENSRNOP00000042889,RAT,1.0,,,,,,,,,1,,,,,
nan,nan,ENSRNOP00000042471,RAT,1.0,,,,,,,,,1,,,,,
nan,nan,ENSRNOP00000041243,RAT,1.0,,,,,,,,,1,,,,,
nan,nan,ENSRNOP00000024906,RAT,1.0,,,,,,,,,1,,,,,
nan,nan,ENSRNOP00000041082,RAT,1.0,,,,,,,,,1,,,,,
nan,nan,ENSRNOP00000039434,RAT,1.0,,,,,,,,,1,,,,,
nan,nan,ENSRNOP00000035391,RAT,1.0,,,,,,,,,1,,,,,
nan,nan,ENSRNOP00000035189,RAT,1.0,,,,,,,,,1,,,,,
nan,nan,ENSRNOP00000031993,RAT,1.0,,,,,,,,,1,,,,,
nan,nan,ENSRNOP00000031165,RAT,1.0,,,,,,,,,1,,,,,
nan,nan,ENSRNOP00000029883,RAT,1.0,,,,,,,,,1,,,,,
nan,nan,ENSOANP00000019448,ORNAN,1.0,,,,,,,,,1,,,,,
nan,nan,ENSOANP00000003578,ORNAN,1.0,,,,,,,,,1,,,,,
nan,nan,ENSMODP00000008978,MONDO,1.0,,,,,,,,,1,,,,,
nan,nan,ENSOANP00000003426,ORNAN,1.0,,,,,,,,,1,,,,,
nan,nan,ENSMODP00000027689,MONDO,1.0,,,,,,,,,1,,,,,
nan,nan,ENSMODP00000027519,MONDO,1.0,,,,,,,,,1,,,,,
nan,nan,ENSMODP00000027487,MONDO,1.0,,,,,,,,,1,,,,,
nan,nan,ENSMODP00000027439,MONDO,1.0,,,,,,,,,1,,,,,
nan,nan,ENSMODP00000027311,MONDO,1.0,,,,,,,,,1,,,,,
nan,nan,ENSMODP00000027216,MONDO,1.0,,,,,,,,,1,,,,,
nan,nan,ENSMODP00000027188,MONDO,1.0,,,,,,,,,1,,,,,
nan,nan,ENSMODP00000027187,MONDO,1.0,,,,,,,,,1,,,,,
nan,nan,ENSMODP00000027144,MONDO,1.0,,,,,,,,,1,,,,,
nan,nan,ENSMODP00000027041,MONDO,1.0,,,,,,,,,1,,,,,
nan,nan,ENSMODP00000026480,MONDO,1.0,,,,,,,,,1,,,,,
nan,nan,ENSMODP00000026031,MONDO,1.0,,,,,,,,,1,,,,,
nan,nan,ENSMODP00000025977,MONDO,1.0,,,,,,,,,1,,,,,
nan,nan,ENSMODP00000024769,MONDO,1.0,,,,,,,,,1,,,,,
nan,nan,ENSMODP00000024729,MONDO,1.0,,,,,,,,,1,,,,,
nan,nan,ENSMODP00000023209,MONDO,1.0,,,,,,,,,1,,,,,
nan,nan,ENSMODP00000022774,MONDO,1.0,,,,,,,,,1,,,,,
nan,nan,ENSMODP00000027834,MONDO,1.0,,,,,,,,,1,,,,,
nan,nan,ENSMODP00000027842,MONDO,1.0,,,,,,,,,1,,,,,
nan,nan,ENSMODP00000027894,MONDO,1.0,,,,,,,,,1,,,,,
nan,nan,ENSMODP00000028472,MONDO,1.0,,,,,,,,,1,,,,,
nan,nan,ENSMODP00000029332,MONDO,1.0,,,,,,,,,1,,,,,
nan,nan,ENSMODP00000029230,MONDO,1.0,,,,,,,,,1,,,,,
nan,nan,ENSMODP00000028847,MONDO,1.0,,,,,,,,,1,,,,,
nan,nan,ENSMODP00000028641,MONDO,1.0,,,,,,,,,1,,,,,
nan,nan,ENSMODP00000028620,MONDO,1.0,,,,,,,,,1,,,,,
nan,nan,ENSMODP00000028577,MONDO,1.0,,,,,,,,,1,,,,,
nan,nan,ENSMODP00000028522,MONDO,1.0,,,,,,,,,1,,,,,
nan,nan,ENSMODP00000028323,MONDO,1.0,,,,,,,,,1,,,,,
nan,nan,ENSMODP00000028038,MONDO,1.0,,,,,,,,,1,,,,,
nan,nan,ENSMODP00000028104,MONDO,1.0,,,,,,,,,1,,,,,
nan,nan,ENSMODP00000028092,MONDO,1.0,,,,,,,,,1,,,,,
nan,nan,ENSMODP00000028084,MONDO,1.0,,,,,,,,,1,,,,,
nan,nan,ENSMODP00000028080,MONDO,1.0,,,,,,,,,1,,,,,
nan,nan,ENSMODP00000028073,MONDO,1.0,,,,,,,,,1,,,,,
nan,nan,ENSMODP00000028065,MONDO,1.0,,,,,,,,,1,,,,,
nan,nan,ENSMODP00000028057,MONDO,1.0,,,,,,,,,1,,,,,
nan,nan,ENSMODP00000022445,MONDO,1.0,,,,,,,,,1,,,,,
nan,nan,ENSMODP00000022416,MONDO,1.0,,,,,,,,,1,,,,,
nan,nan,ENSMODP00000022398,MONDO,1.0,,,,,,,,,1,,,,,
nan,nan,ENSMODP00000010515,MONDO,1.0,,,,,,,,,1,,,,,
nan,nan,ENSMODP00000012041,MONDO,1.0,,,,,,,,,1,,,,,
nan,nan,ENSMODP00000011997,MONDO,1.0,,,,,,,,,1,,,,,
nan,nan,ENSMODP00000011612,MONDO,1.0,,,,,,,,,1,,,,,
nan,nan,ENSMODP00000010975,MONDO,1.0,,,,,,,,,1,,,,,
nan,nan,ENSMODP00000010647,MONDO,1.0,,,,,,,,,1,,,,,
nan,nan,ENSMODP00000010632,MONDO,1.0,,,,,,,,,1,,,,,
nan,nan,ENSMODP00000010530,MONDO,1.0,,,,,,,,,1,,,,,
nan,nan,ENSMODP00000010467,MONDO,1.0,,,,,,,,,1,,,,,
nan,nan,ENSMODP00000012394,MONDO,1.0,,,,,,,,,1,,,,,
nan,nan,ENSMODP00000009997,MONDO,1.0,,,,,,,,,1,,,,,
nan,nan,ENSMODP00000009894,MONDO,1.0,,,,,,,,,1,,,,,
nan,nan,ENSMODP00000009450,MONDO,1.0,,,,,,,,,1,,,,,
nan,nan,ENSMODP00000009247,MONDO,1.0,,,,,,,,,1,,,,,
nan,nan,ENSMODP00000009203,MONDO,1.0,,,,,,,,,1,,,,,
nan,nan,ENSMODP00000009194,MONDO,1.0,,,,,,,,,1,,,,,
nan,nan,ENSMODP00000009160,MONDO,1.0,,,,,,,,,1,,,,,
nan,nan,ENSMODP00000012091,MONDO,1.0,,,,,,,,,1,,,,,
nan,nan,ENSMODP00000012553,MONDO,1.0,,,,,,,,,1,,,,,
nan,nan,ENSMODP00000022385,MONDO,1.0,,,,,,,,,1,,,,,
nan,nan,ENSMODP00000015445,MONDO,1.0,,,,,,,,,1,,,,,
nan,nan,ENSMODP00000021121,MONDO,1.0,,,,,,,,,1,,,,,
nan,nan,ENSMODP00000020091,MONDO,1.0,,,,,,,,,1,,,,,
nan,nan,ENSMODP00000019013,MONDO,1.0,,,,,,,,,1,,,,,
nan,nan,ENSMODP00000017780,MONDO,1.0,,,,,,,,,1,,,,,
nan,nan,ENSMODP00000017769,MONDO,1.0,,,,,,,,,1,,,,,
nan,nan,ENSMODP00000015789,MONDO,1.0,,,,,,,,,1,,,,,
nan,nan,ENSMODP00000015645,MONDO,1.0,,,,,,,,,1,,,,,
nan,nan,ENSMODP00000015298,MONDO,1.0,,,,,,,,,1,,,,,
nan,nan,ENSMODP00000013271,MONDO,1.0,,,,,,,,,1,,,,,
nan,nan,ENSMODP00000014611,MONDO,1.0,,,,,,,,,1,,,,,
nan,nan,ENSMODP00000014374,MONDO,1.0,,,,,,,,,1,,,,,
nan,nan,ENSMODP00000014277,MONDO,1.0,,,,,,,,,1,,,,,
nan,nan,ENSMODP00000014152,MONDO,1.0,,,,,,,,,1,,,,,
nan,nan,ENSMODP00000013943,MONDO,1.0,,,,,,,,,1,,,,,
nan,nan,ENSMODP00000013801,MONDO,1.0,,,,,,,,,1,,,,,
nan,nan,ENSMODP00000013620,MONDO,1.0,,,,,,,,,1,,,,,
nan,nan,ENSMODP00000029661,MONDO,1.0,,,,,,,,,1,,,,,
nan,nan,ENSMODP00000029738,MONDO,1.0,,,,,,,,,1,,,,,
nan,nan,ENSMODP00000029766,MONDO,1.0,,,,,,,,,1,,,,,
nan,nan,ENSMODP00000032546,MONDO,1.0,,,,,,,,,1,,,,,
nan,nan,ENSMODP00000034394,MONDO,1.0,,,,,,,,,1,,,,,
nan,nan,ENSMODP00000033666,MONDO,1.0,,,,,,,,,1,,,,,
nan,nan,ENSMODP00000033335,MONDO,1.0,,,,,,,,,1,,,,,
nan,nan,ENSMODP00000033283,MONDO,1.0,,,,,,,,,1,,,,,
nan,nan,ENSMODP00000033271,MONDO,1.0,,,,,,,,,1,,,,,
nan,nan,ENSMODP00000032966,MONDO,1.0,,,,,,,,,1,,,,,
nan,nan,ENSMODP00000032763,MONDO,1.0,,,,,,,,,1,,,,,
nan,nan,ENSMODP00000032035,MONDO,1.0,,,,,,,,,1,,,,,
nan,nan,ENSMODP00000034643,MONDO,1.0,,,,,,,,,1,,,,,
nan,nan,ENSMODP00000031999,MONDO,1.0,,,,,,,,,1,,,,,
nan,nan,ENSMODP00000031973,MONDO,1.0,,,,,,,,,1,,,,,
nan,nan,ENSMODP00000031949,MONDO,1.0,,,,,,,,,1,,,,,
nan,nan,ENSMODP00000031904,MONDO,1.0,,,,,,,,,1,,,,,
nan,nan,ENSMODP00000031675,MONDO,1.0,,,,,,,,,1,,,,,
nan,nan,ENSMODP00000031462,MONDO,1.0,,,,,,,,,1,,,,,
nan,nan,ENSMODP00000031126,MONDO,1.0,,,,,,,,,1,,,,,
nan,nan,ENSMODP00000034407,MONDO,1.0,,,,,,,,,1,,,,,
nan,nan,ENSMODP00000034689,MONDO,1.0,,,,,,,,,1,,,,,
nan,nan,ENSMODP00000031049,MONDO,1.0,,,,,,,,,1,,,,,
nan,nan,ENSMUSP00000074319,MOUSE,1.0,,,,,,,,,1,,,,,
nan,nan,ENSOANP00000000634,ORNAN,1.0,,,,,,,,,1,,,,,
nan,nan,ENSMUSP00000110239,MOUSE,1.0,,,,,,,,,1,,,,,
nan,nan,ENSMUSP00000101357,MOUSE,1.0,,,,,,,,,1,,,,,
nan,nan,ENSMUSP00000082944,MOUSE,1.0,,,,,,,,,1,,,,,
nan,nan,ENSMUSP00000081174,MOUSE,1.0,,,,,,,,,1,,,,,
nan,nan,ENSMUSP00000078872,MOUSE,1.0,,,,,,,,,1,,,,,
nan,nan,ENSMUSP00000075388,MOUSE,1.0,,,,,,,,,1,,,,,
nan,nan,ENSMUSP00000070228,MOUSE,1.0,,,,,,,,,1,,,,,
nan,nan,ENSMODP00000035467,MONDO,1.0,,,,,,,,,1,,,,,
nan,nan,ENSMUSP00000004225,MOUSE,1.0,,,,,,,,,1,,,,,
nan,nan,ENSMODP00000038397,MONDO,1.0,,,,,,,,,1,,,,,
nan,nan,ENSMODP00000037325,MONDO,1.0,,,,,,,,,1,,,,,
nan,nan,ENSMODP00000037281,MONDO,1.0,,,,,,,,,1,,,,,
nan,nan,ENSMODP00000036221,MONDO,1.0,,,,,,,,,1,,,,,
nan,nan,ENSMODP00000036202,MONDO,1.0,,,,,,,,,1,,,,,
nan,nan,ENSMODP00000035473,MONDO,1.0,,,,,,,,,1,,,,,
nan,nan,ENSMODP00000031059,MONDO,1.0,,,,,,,,,1,,,,,
nan,nan,ENSMODP00000031027,MONDO,1.0,,,,,,,,,1,,,,,
nan,nan,ENSMODP00000029817,MONDO,1.0,,,,,,,,,1,,,,,
nan,nan,ENSMODP00000029991,MONDO,1.0,,,,,,,,,1,,,,,
nan,nan,ENSMODP00000030324,MONDO,1.0,,,,,,,,,1,,,,,
nan,nan,ENSMODP00000030246,MONDO,1.0,,,,,,,,,1,,,,,
nan,nan,ENSMODP00000030219,MONDO,1.0,,,,,,,,,1,,,,,
nan,nan,ENSMODP00000030200,MONDO,1.0,,,,,,,,,1,,,,,
nan,nan,ENSMODP00000030154,MONDO,1.0,,,,,,,,,1,,,,,
nan,nan,ENSMODP00000030091,MONDO,1.0,,,,,,,,,1,,,,,
nan,nan,ENSMODP00000030039,MONDO,1.0,,,,,,,,,1,,,,,
nan,nan,ENSMODP00000029988,MONDO,1.0,,,,,,,,,1,,,,,
nan,nan,ENSMODP00000030350,MONDO,1.0,,,,,,,,,1,,,,,
nan,nan,ENSMODP00000029974,MONDO,1.0,,,,,,,,,1,,,,,
nan,nan,ENSMODP00000029958,MONDO,1.0,,,,,,,,,1,,,,,
nan,nan,ENSMODP00000029950,MONDO,1.0,,,,,,,,,1,,,,,
nan,nan,ENSMODP00000029938,MONDO,1.0,,,,,,,,,1,,,,,
nan,nan,ENSMODP00000029905,MONDO,1.0,,,,,,,,,1,,,,,
nan,nan,ENSMODP00000029874,MONDO,1.0,,,,,,,,,1,,,,,
nan,nan,ENSMODP00000029834,MONDO,1.0,,,,,,,,,1,,,,,
nan,nan,ENSMODP00000030341,MONDO,1.0,,,,,,,,,1,,,,,
nan,nan,ENSMODP00000030391,MONDO,1.0,,,,,,,,,1,,,,,
nan,nan,ENSMODP00000031009,MONDO,1.0,,,,,,,,,1,,,,,
nan,nan,ENSMODP00000030674,MONDO,1.0,,,,,,,,,1,,,,,
nan,nan,ENSMODP00000030984,MONDO,1.0,,,,,,,,,1,,,,,
nan,nan,ENSMODP00000030974,MONDO,1.0,,,,,,,,,1,,,,,
nan,nan,ENSMODP00000030941,MONDO,1.0,,,,,,,,,1,,,,,
nan,nan,ENSMODP00000030864,MONDO,1.0,,,,,,,,,1,,,,,
nan,nan,ENSMODP00000030862,MONDO,1.0,,,,,,,,,1,,,,,
nan,nan,ENSMODP00000030819,MONDO,1.0,,,,,,,,,1,,,,,
nan,nan,ENSMODP00000030810,MONDO,1.0,,,,,,,,,1,,,,,
nan,nan,ENSMODP00000030649,MONDO,1.0,,,,,,,,,1,,,,,
nan,nan,ENSMODP00000030452,MONDO,1.0,,,,,,,,,1,,,,,
nan,nan,ENSMODP00000030639,MONDO,1.0,,,,,,,,,1,,,,,
nan,nan,ENSMODP00000030623,MONDO,1.0,,,,,,,,,1,,,,,
nan,nan,ENSMODP00000030595,MONDO,1.0,,,,,,,,,1,,,,,
nan,nan,ENSMODP00000030528,MONDO,1.0,,,,,,,,,1,,,,,
nan,nan,ENSMODP00000030524,MONDO,1.0,,,,,,,,,1,,,,,
nan,nan,ENSMODP00000030515,MONDO,1.0,,,,,,,,,1,,,,,
nan,nan,ENSMODP00000030506,MONDO,1.0,,,,,,,,,1,,,,,
Q9ERU2,ZNF22_RAT,nan,RAT,1.0,,,,,,,,,1,,,,,
Q9ERR8,ZN319_MOUSE,nan,MOUSE,1.0,,,,,,,,,1,,,,,
Q9EQJ4,ZN384_RAT,nan,RAT,1.0,,,,,,,,,1,,,,,
Q6IV72,ZN425_HUMAN,nan,HUMAN,1.0,,,,,,,,,1,,,,,
Q6ZNG1,ZN600_HUMAN,nan,HUMAN,1.0,,,,,,,,,1,,,,,
Q6ZNG0,ZN620_HUMAN,nan,HUMAN,1.0,,,,,,,,,1,,,,,
Q6ZNA1,ZN836_HUMAN,nan,HUMAN,1.0,,,,,,,,,1,,,,,
Q6ZN79,Z705A_HUMAN,nan,HUMAN,1.0,,,,,,,,,1,,,,,
Q6ZN57,ZFP2_HUMAN,nan,HUMAN,1.0,,,,,,,,,1,,,,,
Q6ZN55,ZN574_HUMAN,nan,HUMAN,1.0,,,,,,,,,1,,,,,
Q6ZN19,ZN841_HUMAN,nan,HUMAN,1.0,,,,,,,,,1,,,,,
Q6ZN11,ZN793_HUMAN,nan,HUMAN,1.0,,,,,,,,,1,,,,,
Q6ZN08,ZNF66_HUMAN,nan,HUMAN,1.0,,,,,,,,,1,,,,,
Q6ZN06,ZN813_HUMAN,nan,HUMAN,1.0,,,,,,,,,1,,,,,
Q6ZMY9,ZN517_HUMAN,nan,HUMAN,1.0,,,,,,,,,1,,,,,
Q6ZMW2,ZN782_HUMAN,nan,HUMAN,1.0,,,,,,,,,1,,,,,
Q6ZMV8,ZN730_HUMAN,nan,HUMAN,1.0,,,,,,,,,1,,,,,
Q6ZMS7,ZN783_HUMAN,nan,HUMAN,1.0,,,,,,,,,1,,,,,
Q6ZMS4,ZN852_HUMAN,nan,HUMAN,1.0,,,,,,,,,1,,,,,
Q6YI50,Q6YI50_DANRE,nan,DANRE,1.0,,,,,,,,,1,,,,,
Q6V9R5,ZN562_HUMAN,nan,HUMAN,1.0,,,,,,,,,1,,,,,
Q6ZNH5,ZN497_HUMAN,nan,HUMAN,1.0,,,,,,,,,1,,,,,
Q6ZQB8,Q6ZQB8_MOUSE,nan,MOUSE,1.0,,,,,,,,,1,,,,,
Q6ZQV5,ZN788_HUMAN,nan,HUMAN,1.0,,,,,,,,,1,,,,,
Q7KG36,Q7KG36_DROME,nan,DROME,1.0,,,,,,,,,1,,,,,
Q7M6X2,Q7M6X2_MOUSE,nan,MOUSE,1.0,,,,,,,,,1,,,,,
Q7M6W8,Q7M6W8_MOUSE,nan,MOUSE,1.0,,,,,,,,,1,,,,,
Q7L945,ZN627_HUMAN,nan,HUMAN,1.0,,,,,,,,,1,,,,,
Q7L3S4,ZN771_HUMAN,nan,HUMAN,1.0,,,,,,,,,1,,,,,
Q7L2R6,ZN765_HUMAN,nan,HUMAN,1.0,,,,,,,,,1,,,,,
Q7KT79,Q7KT79_DROME,nan,DROME,1.0,,,,,,,,,1,,,,,
Q7KQK4,Q7KQK4_PLAF7,nan,PLAF7,1.0,,,,,,,1,,,,,,,
Q78FW7,Q78FW7_MOUSE,nan,MOUSE,1.0,,,,,,,,,1,,,,,
Q6ZR52,ZN493_HUMAN,nan,HUMAN,1.0,,,,,,,,,1,,,,,
Q78F42,Q78F42_MOUSE,nan,MOUSE,1.0,,,,,,,,,1,,,,,
Q76KX8,ZN534_HUMAN,nan,HUMAN,1.0,,,,,,,,,1,,,,,
Q70ZY9,Q70ZY9_DANRE,nan,DANRE,1.0,,,,,,,,,1,,,,,
Q6ZTB9,ZN833_HUMAN,nan,HUMAN,1.0,,,,,,,,,1,,,,,
Q6ZSS3,ZN621_HUMAN,nan,HUMAN,1.0,,,,,,,,,1,,,,,
Q6ZSB9,ZBT49_HUMAN,nan,HUMAN,1.0,,,,,,,,,1,,,,,
Q6ZS27,ZN662_HUMAN,nan,HUMAN,1.0,,,,,,,,,1,,,,,
Q6U7Q0,ZN322_HUMAN,nan,HUMAN,1.0,,,,,,,,,1,,,,,
Q6PY44,Q6PY44_DANRE,nan,DANRE,1.0,,,,,,,,,1,,,,,
Q6PUQ9,Q6PUQ9_DANRE,nan,DANRE,1.0,,,,,,,,,1,,,,,
Q6NZJ3,Q6NZJ3_MOUSE,nan,MOUSE,1.0,,,,,,,,,1,,,,,
Q6P560,ZN182_MOUSE,nan,MOUSE,1.0,,,,,,,,,1,,,,,
Q6P3V2,Z585A_HUMAN,nan,HUMAN,1.0,,,,,,,,,1,,,,,
Q6P2D0,ZFP1_HUMAN,nan,HUMAN,1.0,,,,,,,,,1,,,,,
Q6P2A1,PRDM9_DANRE,nan,DANRE,1.0,,,,,,,,,1,,,,,
Q6P280,ZN529_HUMAN,nan,HUMAN,1.0,,,,,,,,,1,,,,,
Q6P1L6,ZN343_HUMAN,nan,HUMAN,1.0,,,,,,,,,1,,,,,
Q6NZQ6,ZN740_MOUSE,nan,MOUSE,1.0,,,,,,,,,1,,,,,
Q6NZI9,Q6NZI9_MOUSE,nan,MOUSE,1.0,,,,,,,,,1,,,,,
Q6P6Q8,Q6P6Q8_RAT,nan,RAT,1.0,,,,,,,,,1,,,,,
Q6NXM6,Q6NXM6_MOUSE,nan,MOUSE,1.0,,,,,,,,,1,,,,,
Q6NX49,ZN544_HUMAN,nan,HUMAN,1.0,,,,,,,,,1,,,,,
Q6NX45,ZN774_HUMAN,nan,HUMAN,1.0,,,,,,,,,1,,,,,
Q6NWW4,Q6NWW4_MOUSE,nan,MOUSE,1.0,,,,,,,,,1,,,,,
Q6NVD6,Q6NVD6_MOUSE,nan,MOUSE,1.0,,,,,,,,,1,,,,,
Q6NV92,Q6NV92_MOUSE,nan,MOUSE,1.0,,,,,,,,,1,,,,,
Q6NUN9,ZN746_HUMAN,nan,HUMAN,1.0,,,,,,,,,1,,,,,
Q6P5C7,ZN728_MOUSE,nan,MOUSE,1.0,,,,,,,,,1,,,,,
Q6P7P7,Q6P7P7_RAT,nan,RAT,1.0,,,,,,,,,1,,,,,
Q6PK81,ZN773_HUMAN,nan,HUMAN,1.0,,,,,,,,,1,,,,,
Q6PDK0,Q6PDK0_MOUSE,nan,MOUSE,1.0,,,,,,,,,1,,,,,
Q6PGD2,Q6PGD2_MOUSE,nan,MOUSE,1.0,,,,,,,,,1,,,,,
Q6PGC9,Q6PGC9_MOUSE,nan,MOUSE,1.0,,,,,,,,,1,,,,,
Q6PG37,ZN790_HUMAN,nan,HUMAN,1.0,,,,,,,,,1,,,,,
Q6PG13,Q6PG13_MOUSE,nan,MOUSE,1.0,,,,,,,,,1,,,,,
Q6PFY2,Q6PFY2_MOUSE,nan,MOUSE,1.0,,,,,,,,,1,,,,,
Q6PF04,ZN613_HUMAN,nan,HUMAN,1.0,,,,,,,,,1,,,,,
Q6PEP4,Q6PEP4_MOUSE,nan,MOUSE,1.0,,,,,,,,,1,,,,,
Q6PDB4,ZN880_HUMAN,nan,HUMAN,1.0,,,,,,,,,1,,,,,
Q6P9A1,ZN530_HUMAN,nan,HUMAN,1.0,,,,,,,,,1,,,,,
Q6PCX8,Q6PCX8_MOUSE,nan,MOUSE,1.0,,,,,,,,,1,,,,,
Q6PCS8,Q6PCS8_MOUSE,nan,MOUSE,1.0,,,,,,,,,1,,,,,
Q6PCM4,Q6PCM4_MOUSE,nan,MOUSE,1.0,,,,,,,,,1,,,,,
Q6PAM4,Q6PAM4_MOUSE,nan,MOUSE,1.0,,,,,,,,,1,,,,,
Q6P9Y7,ZFP82_MOUSE,nan,MOUSE,1.0,,,,,,,,,1,,,,,
Q6P9G9,ZN449_HUMAN,nan,HUMAN,1.0,,,,,,,,,1,,,,,
Q6P9A3,ZN549_HUMAN,nan,HUMAN,1.0,,,,,,,,,1,,,,,
Q7M6X3,Q7M6X3_MOUSE,nan,MOUSE,1.0,,,,,,,,,1,,,,,
Q7M6X5,Q7M6X5_MOUSE,nan,MOUSE,1.0,,,,,,,,,1,,,,,
Q7M6X7,Q7M6X7_MOUSE,nan,MOUSE,1.0,,,,,,,,,1,,,,,
Q7Q5A9,Q7Q5A9_ANOGA,nan,ANOGA,1.0,,,,,,,,,1,,,,,
Q7QBL8,Q7QBL8_ANOGA,nan,ANOGA,1.0,,,,,,,,,1,,,,,
Q7Q9Z1,Q7Q9Z1_ANOGA,nan,ANOGA,1.0,,,,,,,,,1,,,,,
Q7Q8I3,Q7Q8I3_ANOGA,nan,ANOGA,1.0,,,,,,,,,1,,,,,
Q7Q8C8,Q7Q8C8_ANOGA,nan,ANOGA,1.0,,,,,,,,,1,,,,,
Q7Q7E8,Q7Q7E8_ANOGA,nan,ANOGA,1.0,,,,,,,,,1,,,,,
Q7Q718,Q7Q718_ANOGA,nan,ANOGA,1.0,,,,,,,,,1,,,,,
Q7Q6U7,Q7Q6U7_ANOGA,nan,ANOGA,1.0,,,,,,,,,1,,,,,
Q7Q500,nan,nan,nan,1.0,,,,,,,,,1,,,,,
Q7QC38,Q7QC38_ANOGA,nan,ANOGA,1.0,,,,,,,,,1,,,,,
Q7Q4J8,Q7Q4J8_ANOGA,nan,ANOGA,1.0,,,,,,,,,1,,,,,
Q7Q4J6,Q7Q4J6_ANOGA,nan,ANOGA,1.0,,,,,,,,,1,,,,,
Q7Q4D1,Q7Q4D1_ANOGA,nan,ANOGA,1.0,,,,,,,,,1,,,,,
Q7Q481,Q7Q481_ANOGA,nan,ANOGA,1.0,,,,,,,,,1,,,,,
Q7Q3C1,Q7Q3C1_ANOGA,nan,ANOGA,1.0,,,,,,,,,1,,,,,
Q7Q349,Q7Q349_ANOGA,nan,ANOGA,1.0,,,,,,,,,1,,,,,
Q7Q2C0,Q7Q2C0_ANOGA,nan,ANOGA,1.0,,,,,,,,,1,,,,,
Q7QBP5,Q7QBP5_ANOGA,nan,ANOGA,1.0,,,,,,,,,1,,,,,
Q7QC82,Q7QC82_ANOGA,nan,ANOGA,1.0,,,,,,,,,1,,,,,
Q7Q219,Q7Q219_ANOGA,nan,ANOGA,1.0,,,,,,,,,1,,,,,
Q7QJB0,Q7QJB0_ANOGA,nan,ANOGA,1.0,,,,,,,,,1,,,,,
Q7TNK3,ZNF24_RAT,nan,RAT,1.0,,,,,,,,,1,,,,,
Q7TMC9,Q7TMC9_MOUSE,nan,MOUSE,1.0,,,,,,,,,1,,,,,
Q7T2W0,Q7T2W0_DANRE,nan,DANRE,1.0,,,,,,,,,1,,,,,
Q7T177,Q7T177_DANRE,nan,DANRE,1.0,,,,,,,,,1,,,,,
Q7SYJ4,Q7SYJ4_DANRE,nan,DANRE,1.0,,,,,,,,,1,,,,,
Q7SYJ3,Q7SYJ3_DANRE,nan,DANRE,1.0,,,,,,,,,1,,,,,
Q7SYI6,Q7SYI6_DANRE,nan,DANRE,1.0,,,,,,,,,1,,,,,
Q7QIS2,Q7QIS2_ANOGA,nan,ANOGA,1.0,,,,,,,,,1,,,,,
Q7QCM1,Q7QCM1_ANOGA,nan,ANOGA,1.0,,,,,,,,,1,,,,,
Q7QID3,Q7QID3_ANOGA,nan,ANOGA,1.0,,,,,,,,,1,,,,,
Q7QGB5,Q7QGB5_ANOGA,nan,ANOGA,1.0,,,,,,,,,1,,,,,
Q7QG38,Q7QG38_ANOGA,nan,ANOGA,1.0,,,,,,,,,1,,,,,
Q7QG37,Q7QG37_ANOGA,nan,ANOGA,1.0,,,,,,,,,1,,,,,
Q7QEV2,Q7QEV2_ANOGA,nan,ANOGA,1.0,,,,,,,,,1,,,,,
Q7QET6,Q7QET6_ANOGA,nan,ANOGA,1.0,,,,,,,1,,,,,,,
Q7QDZ5,Q7QDZ5_ANOGA,nan,ANOGA,1.0,,,,,,,,,1,,,,,
Q7Q2B8,Q7Q2B8_ANOGA,nan,ANOGA,1.0,,,,,,,,,1,,,,,
Q7Q1R4,Q7Q1R4_ANOGA,nan,ANOGA,1.0,,,,,,,,,1,,,,,
Q7M6X9,Q7M6X9_MOUSE,nan,MOUSE,1.0,,,,,,,,,1,,,,,
Q7PN31,Q7PN31_ANOGA,nan,ANOGA,1.0,,,,,,,,,1,,,,,
Q7PSS4,Q7PSS4_ANOGA,nan,ANOGA,1.0,,,,,,,,,1,,,,,
Q7PSL7,Q7PSL7_ANOGA,nan,ANOGA,1.0,,,,,,,,,1,,,,,
Q7PSI7,Q7PSI7_ANOGA,nan,ANOGA,1.0,,,,,,,,,1,,,,,
Q7PRW6,Q7PRW6_ANOGA,nan,ANOGA,1.0,,,,,,,,,1,,,,,
Q7PQ71,Q7PQ71_ANOGA,nan,ANOGA,1.0,,,,,,,,,1,,,,,
Q7PP82,Q7PP82_ANOGA,nan,ANOGA,1.0,,,,,,,,,1,,,,,
Q7PN89,Q7PN89_ANOGA,nan,ANOGA,1.0,,,,,,,,,1,,,,,
Q7PMJ1,Q7PMJ1_ANOGA,nan,ANOGA,1.0,,,,,,,,,1,,,,,
Q7PW43,Q7PW43_ANOGA,nan,ANOGA,1.0,,,,,,,,,1,,,,,
Q7PMA6,Q7PMA6_ANOGA,nan,ANOGA,1.0,1,,,,,,,,,,,,,
Q7PJP7,Q7PJP7_ANOGA,nan,ANOGA,1.0,,,,,,,,,1,,,,,
Q7PJD4,Q7PJD4_ANOGA,nan,ANOGA,1.0,,,,,,,,,1,,,,,
Q7PJ69,Q7PJ69_ANOGA,nan,ANOGA,1.0,,,,,,,,,1,,,,,
Q7PG92,Q7PG92_ANOGA,nan,ANOGA,1.0,,,,,,,,,1,,,,,
Q7M6Y1,Q7M6Y1_MOUSE,nan,MOUSE,1.0,,,,,,,,,1,,,,,
Q7M6Y0,Q7M6Y0_MOUSE,nan,MOUSE,1.0,,,,,,,,,1,,,,,
Q7PW18,Q7PW18_ANOGA,nan,ANOGA,1.0,,,,,,,,,1,,,,,
Q7PW72,Q7PW72_ANOGA,nan,ANOGA,1.0,,,,,,,,,1,,,,,
Q7Q1P0,Q7Q1P0_ANOGA,nan,ANOGA,1.0,,,,,,,,,1,,,,,
Q7PXT7,Q7PXT7_ANOGA,nan,ANOGA,1.0,,,,,,,,,1,,,,,
Q7Q134,Q7Q134_ANOGA,nan,ANOGA,1.0,,,,,,,,,1,,,,,
Q7Q0E6,Q7Q0E6_ANOGA,nan,ANOGA,1.0,,,,,,,,,1,,,,,
Q7PZN5,Q7PZN5_ANOGA,nan,ANOGA,1.0,,,,,,,,,1,,,,,
Q7PZ73,Q7PZ73_ANOGA,nan,ANOGA,1.0,,,,,,,,,1,,,,,
Q7PZ69,Q7PZ69_ANOGA,nan,ANOGA,1.0,,,,,,,,,,1,,,,
Q7PYS1,Q7PYS1_ANOGA,nan,ANOGA,1.0,,,,,,,,,1,,,,,
Q7PY75,Q7PY75_ANOGA,nan,ANOGA,1.0,,,,,,,,,1,,,,,
Q7PXQ5,Q7PXQ5_ANOGA,nan,ANOGA,1.0,,,,,,,,,1,,,,,
Q7PW73,Q7PW73_ANOGA,nan,ANOGA,1.0,,,,,,,,,1,,,,,
Q7PX98,Q7PX98_ANOGA,nan,ANOGA,1.0,,,,,,,,,1,,,,,
Q7PWZ3,Q7PWZ3_ANOGA,nan,ANOGA,1.0,,,,,,,,,1,,,,,
Q7PWW4,Q7PWW4_ANOGA,nan,ANOGA,1.0,,,,,,,,,1,,,,,
Q7PWU8,Q7PWU8_ANOGA,nan,ANOGA,1.0,,,,,,,,,1,,,,,
Q7PWT8,Q7PWT8_ANOGA,nan,ANOGA,1.0,,,,,,,,,1,,,,,
Q7PWF6,Q7PWF6_ANOGA,nan,ANOGA,1.0,,,,,,,,,,1,,,,
Q7PWB5,Q7PWB5_ANOGA,nan,ANOGA,1.0,,,,,,,,,1,,,,,
Q6NSZ9,ZSC25_HUMAN,nan,HUMAN,1.0,,,,,,,,,1,,,,,
Q6IQX8,Q6IQX8_MOUSE,nan,MOUSE,1.0,,,,,,,,,1,,,,,
Q9EPU7,Z354C_RAT,nan,RAT,1.0,,,,,,,,,1,,,,,
Q6GQR8,ZN329_MOUSE,nan,MOUSE,1.0,,,,,,,,,1,,,,,
Q5KE07,Q5KE07_CRYNJ,nan,CRYNJ,1.0,,,,,,,1,,,,,,,
Q5KCD1,Q5KCD1_CRYNJ,nan,CRYNJ,1.0,,,,,,1,,,,,,,,
Q5JVG8,ZN506_HUMAN,nan,HUMAN,1.0,,,,,,,,,1,,,,,
Q5JVG2,ZN484_HUMAN,nan,HUMAN,1.0,,,,,,,,,1,,,,,
Q5JNZ3,ZN311_HUMAN,nan,HUMAN,1.0,,,,,,,,,1,,,,,
Q5J2I5,Q5J2I5_DANRE,nan,DANRE,1.0,,,,,,,,,1,,,,,
Q5HYK9,ZN667_HUMAN,nan,HUMAN,1.0,,,,,,,,,1,,,,,
Q5HY98,ZN766_HUMAN,nan,HUMAN,1.0,,,,,,,,,1,,,,,
Q5FWQ9,Q5FWQ9_XENTR,ENSXETP00000034226,XENTR,1.0,,,,,,,,,1,,,,,
Q5FWF6,ZN789_HUMAN,nan,HUMAN,1.0,,,,,,,,,1,,,,,
Q5FVP7,Q5FVP7_RAT,nan,RAT,1.0,,,,,,,,,1,,,,,
Q5FVP4,Q5FVP4_RAT,nan,RAT,1.0,,,,,,,,,1,,,,,
Q5FVJ1,Q5FVJ1_RAT,nan,RAT,1.0,,,,,,,,,1,,,,,
Q5F437,Q5F437_CHICK,nan,CHICK,1.0,,,,,,,,,1,,,,,
Q5F3E3,Q5F3E3_CHICK,nan,CHICK,1.0,,,,,,,,,1,,,,,
Q5EBL2,ZN628_HUMAN,nan,HUMAN,1.0,,,,,,,,,1,,,,,
Q5EAQ6,Q5EAQ6_DANRE,nan,DANRE,1.0,,,,,,,,,1,,,,,
Q5M7S6,Q5M7S6_XENTR,ENSXETP00000036598,XENTR,1.0,,,,,,,,,1,,,,,
Q5M881,Q5M881_RAT,nan,RAT,1.0,,,,,,,,,1,,,,,
Q5M9F4,Q5M9F4_RAT,nan,RAT,1.0,,,,,,,,,1,,,,,
Q5SXJ1,nan,nan,nan,1.0,,,,,,,,,1,,,,,
Q5T619,ZN648_HUMAN,nan,HUMAN,1.0,,,,,,,,,1,,,,,
Q5T5D7,ZN684_HUMAN,nan,HUMAN,1.0,,,,,,,,,1,,,,,
Q5T2V5,nan,nan,nan,1.0,,,,,,,,,1,,,,,
Q5T0B9,ZN362_HUMAN,nan,HUMAN,1.0,,,,,,,,,1,,,,,
Q5SZT6,Q5SZT6_MOUSE,nan,MOUSE,1.0,,,,,,,,,1,,,,,
Q5SYY0,nan,nan,nan,1.0,,,,,,,,,1,,,,,
Q5SXM1,ZN678_HUMAN,nan,HUMAN,1.0,,,,,,,,,1,,,,,
Q5SXI5,ZN496_MOUSE,nan,MOUSE,1.0,,,,,,,,,1,,,,,
Q5MCW4,ZN569_HUMAN,nan,HUMAN,1.0,,,,,,,,,1,,,,,
Q5SVQ8,ZBT41_HUMAN,nan,HUMAN,1.0,,,,,,,,,1,,,,,
Q5RKG8,Q5RKG8_RAT,nan,RAT,1.0,,,,,,,,,1,,,,,
Q5RK20,Q5RK20_RAT,nan,RAT,1.0,,,,,,,,,1,,,,,
Q5RJR4,ZN467_RAT,nan,RAT,1.0,,,,,,,,,1,,,,,
Q5RJ54,ZSC26_MOUSE,nan,MOUSE,1.0,,,,,,,,,1,,,,,
Q5PQR1,Q5PQR1_RAT,nan,RAT,1.0,,,,,,,,,1,,,,,
F7EM83,F7EM83_MACMU,ENSMMUP00000035561,MACMU,1.0,,,,,,,,,1,,,,,
Q5EAQ0,Q5EAQ0_DANRE,nan,DANRE,1.0,,,,,,,,,1,,,,,
Q5EAM4,Q5EAM4_XENTR,ENSXETP00000035090,XENTR,1.0,,,,,,,,,1,,,,,
Q5DU09,ZN652_MOUSE,nan,MOUSE,1.0,,,,,,,,,1,,,,,
Q569M0,Q569M0_MOUSE,nan,MOUSE,1.0,,,,,,,,,1,,,,,
Q58EN9,Q58EN9_DANRE,nan,DANRE,1.0,,,,,,,,,1,,,,,
Q58EI7,Q58EI7_DANRE,nan,DANRE,1.0,,,,,,,,,1,,,,,
Q58EF6,Q58EF6_DANRE,nan,DANRE,1.0,,,,,,,,,1,,,,,
Q58EA9,Q58EA9_DANRE,nan,DANRE,1.0,,,,,,,,,1,,,,,
Q571J5,Z354C_MOUSE,nan,MOUSE,1.0,,,,,,,,,1,,,,,
Q571F4,Q571F4_MOUSE,nan,MOUSE,1.0,,,,,,,,,1,,,,,
Q56A57,Q56A57_DANRE,nan,DANRE,1.0,,,,,,,,,1,,,,,
Q569E7,ZN697_MOUSE,nan,MOUSE,1.0,,,,,,,,,1,,,,,
Q58ER6,Q58ER6_DANRE,nan,DANRE,1.0,,,,,,,,,1,,,,,
Q567X4,Q567X4_DANRE,nan,DANRE,1.0,,,,,,,,,1,,,,,
Q567J8,OSR2_DANRE,nan,DANRE,1.0,,,,,,,,,1,,,,,
Q53GI3,ZN394_HUMAN,nan,HUMAN,1.0,,,,,,,,,1,,,,,
Q52M93,Z585B_HUMAN,nan,HUMAN,1.0,,,,,,,,,1,,,,,
Q52KK5,Q52KK5_RAT,nan,RAT,1.0,,,,,,,,,1,,,,,
Q52KB5,ZBT24_DANRE,nan,DANRE,1.0,,,,,,,,,1,,,,,
Q504L7,ZN574_RAT,nan,RAT,1.0,,,,,,,,,1,,,,,
Q58ER1,Q58ER1_DANRE,nan,DANRE,1.0,,,,,,,,,1,,,,,
Q5A4H5,CRZ1_CANAL,nan,CANAL,1.0,,,,,,,,,1,,,,,
Q5DTG8,Q5DTG8_MOUSE,nan,MOUSE,1.0,,,,,,,,,1,,,,,
Q5BLH0,Q5BLH0_DANRE,nan,DANRE,1.0,,,,,,,,,1,,,,,
Q5CZU2,Q5CZU2_DANRE,nan,DANRE,1.0,,,,,,,,,1,,,,,
Q5CZS4,Q5CZS4_DANRE,nan,DANRE,1.0,,,,,,,,,1,,,,,
Q5CZR8,Q5CZR8_DANRE,nan,DANRE,1.0,,,,,,,,,1,,,,,
Q5CZR2,Q5CZR2_DANRE,nan,DANRE,1.0,,,,,,,,,1,,,,,
Q5CZM2,Q5CZM2_DANRE,nan,DANRE,1.0,,,,,,,,,1,,,,,
Q5CZA5,ZN805_HUMAN,nan,HUMAN,1.0,,,,,,,,,1,,,,,
Q5BLH1,Q5BLH1_DANRE,nan,DANRE,1.0,,,,,,,,,1,,,,,
Q5BLB9,Q5BLB9_DANRE,nan,DANRE,1.0,,,,,,,,,1,,,,,
Q5A696,Q5A696_CANAL,nan,CANAL,1.0,,,,,,,1,,,,,,,
Q5BL04,Q5BL04_MOUSE,nan,MOUSE,1.0,,,,,,,,,1,,,,,
Q5BK41,Q5BK41_RAT,nan,RAT,1.0,,,,,,,,,1,,,,,
Q5BJB1,Q5BJB1_DANRE,nan,DANRE,1.0,,,,,,,,,1,,,,,
Q5BJB0,Q5BJB0_DANRE,nan,DANRE,1.0,,,,,,,,,1,,,,,
Q5BJ00,Q5BJ00_DANRE,nan,DANRE,1.0,,,,,,,,,1,,,,,
Q5ANI6,STP3_CANAL,nan,CANAL,1.0,,,,,,,,,1,,,,,
Q5AK93,Q5AK93_CANAL,nan,CANAL,1.0,,,,,,,,,1,,,,,
Q5TEC3,ZN697_HUMAN,nan,HUMAN,1.0,,,,,,,,,1,,,,,
Q5TMJ3,Q5TMJ3_ANOGA,nan,ANOGA,1.0,,,,,,,,,1,,,,,
Q5TQE7,Q5TQE7_ANOGA,nan,ANOGA,1.0,,,,,,,,,1,,,,,
Q66L36,Q66L36_MOUSE,nan,MOUSE,1.0,,,,,,,,,1,,,,,
Q69ZJ8,Q69ZJ8_MOUSE,nan,MOUSE,1.0,,,,,,,,,1,,,,,
Q68H95,REPI1_RAT,nan,RAT,1.0,,,,,,,,,1,,,,,
Q68EA5,ZNF57_HUMAN,nan,HUMAN,1.0,,,,,,,,,1,,,,,
Q68DY9,ZN772_HUMAN,nan,HUMAN,1.0,,,,,,,,,1,,,,,
Q68DY1,ZN626_HUMAN,nan,HUMAN,1.0,,,,,,,,,1,,,,,
Q68DI1,ZN776_HUMAN,nan,HUMAN,1.0,,,,,,,,,1,,,,,
Q672J3,Q672J3_RAT,nan,RAT,1.0,,,,,,,,,1,,,,,
Q66K89,E4F1_HUMAN,nan,HUMAN,1.0,,,,,,,,,1,,,,,
Q6A085,ZN629_MOUSE,nan,MOUSE,1.0,,,,,,,,,1,,,,,
Q66JF8,OSR1_XENTR,ENSXETP00000017518,XENTR,1.0,,,,,,,,,1,,,,,
Q66H48,Q66H48_RAT,nan,RAT,1.0,,,,,,,,,1,,,,,
Q65ZG6,Q65ZG6_CAEEL,nan,CAEEL,1.0,,,,,,,,,1,,,,,
Q65XX7,Q65XX7_CAEEL,nan,CAEEL,1.0,,,,,,,,,1,,,,,
Q64321,ZBT7B_MOUSE,nan,MOUSE,1.0,,,,,,,,,1,,,,,
Q642B9,ZNF18_RAT,nan,RAT,1.0,,,,,,,,,1,,,,,
Q642B2,ZN672_RAT,nan,RAT,1.0,,,,,,,,,1,,,,,
Q6A033,Q6A033_MOUSE,nan,MOUSE,1.0,,,,,,,,,1,,,,,
Q6AW86,Z324B_HUMAN,nan,HUMAN,1.0,,,,,,,,,1,,,,,
Q640N4,Q640N4_MOUSE,nan,MOUSE,1.0,,,,,,,,,1,,,,,
Q6DC13,Q6DC13_DANRE,nan,DANRE,1.0,,,,,,,,,1,,,,,
Q6GL52,ZN574_XENTR,ENSXETP00000057402,XENTR,1.0,,,,,,,,,1,,,,,
Q6ECI4,ZN470_HUMAN,nan,HUMAN,1.0,,,,,,,,,1,,,,,
Q6DRP9,Q6DRP9_DANRE,nan,DANRE,1.0,,,,,,,,,1,,,,,
Q6DIE9,Q6DIE9_XENTR,ENSXETP00000053523,XENTR,1.0,,,,,,,,,1,,,,,
Q6DFU8,Q6DFU8_MOUSE,nan,MOUSE,1.0,,,,,,,,,1,,,,,
Q6DEZ1,Q6DEZ1_XENTR,ENSXETP00000053907,XENTR,1.0,,,,,,,,,1,,,,,
Q6DD87,ZN787_HUMAN,nan,HUMAN,1.0,,,,,,,,,1,,,,,
Q6DBW0,IKZF5_DANRE,nan,DANRE,1.0,,,,,,,,,1,,,,,
Q6AXN8,Q6AXN8_RAT,nan,RAT,1.0,,,,,,,,,1,,,,,
Q6CG59,Q6CG59_YARLI,nan,YARLI,1.0,1,,,,,,,,,,,,,
Q6AZW8,ZN660_HUMAN,nan,HUMAN,1.0,,,,,,,,,1,,,,,
Q6AYY1,Q6AYY1_RAT,nan,RAT,1.0,,,,,,,,,1,,,,,
Q6AYK0,Q6AYK0_RAT,nan,RAT,1.0,,,,,,,,,1,,,,,
Q6AYF3,Q6AYF3_RAT,nan,RAT,1.0,,,,,,,,,1,,,,,
Q6AY35,Q6AY35_RAT,ENSRNOP00000012939,RAT,1.0,,,,,,,,,1,,,,,
Q6AY34,OSR2_RAT,nan,RAT,1.0,,,,,,,,,1,,,,,
Q641M0,Q641M0_MOUSE,nan,MOUSE,1.0,,,,,,,,,1,,,,,
Q63HK3,ZKSC2_HUMAN,nan,HUMAN,1.0,,,,,,,,,1,,,,,
Q5TQF1,Q5TQF1_ANOGA,nan,ANOGA,1.0,,,,,,,,,1,,,,,
Q5TUH3,Q5TUH3_ANOGA,nan,ANOGA,1.0,,,,,,,,,1,,,,,
Q5U406,Q5U406_MOUSE,nan,MOUSE,1.0,,,,,,,,,1,,,,,
Q5U307,Q5U307_RAT,nan,RAT,1.0,,,,,,,,,1,,,,,
Q5U2X9,Q5U2X9_RAT,nan,RAT,1.0,,,,,,,,,1,,,,,
Q5U2X3,Q5U2X3_RAT,nan,RAT,1.0,,,,,,,,,1,,,,,
Q5TYY4,Q5TYY4_DANRE,nan,DANRE,1.0,,,,,,,,,1,,,,,
Q5TYW1,ZN658_HUMAN,nan,HUMAN,1.0,,,,,,,,,1,,,,,
Q5TYN4,Q5TYN4_DANRE,nan,DANRE,1.0,,,,,,,,,1,,,,,
Q5TU43,Q5TU43_ANOGA,nan,ANOGA,1.0,,,,,,,,,1,,,,,
Q5VIY5,ZN468_HUMAN,nan,HUMAN,1.0,,,,,,,,,1,,,,,
Q5TTA9,Q5TTA9_ANOGA,nan,ANOGA,1.0,,,,,,,,,1,,,,,
Q5TTA7,Q5TTA7_ANOGA,nan,ANOGA,1.0,,,,,,,,,1,,,,,
Q5TT52,Q5TT52_ANOGA,nan,ANOGA,1.0,,,,,,,,,1,,,,,
Q5TSP8,Q5TSP8_ANOGA,nan,ANOGA,1.0,,,,,,,,,1,,,,,
Q5TSD1,Q5TSD1_ANOGA,nan,ANOGA,1.0,,,,,,,,,1,,,,,
Q5TR94,Q5TR94_ANOGA,nan,ANOGA,1.0,,,,,,,,,1,,,,,
Q5TQJ7,Q5TQJ7_ANOGA,nan,ANOGA,1.0,,,,,,,,,1,,,,,
Q5U4E2,REPI1_MOUSE,nan,MOUSE,1.0,,,,,,,,,1,,,,,
Q5VV52,ZN691_HUMAN,nan,HUMAN,1.0,,,,,,,,,1,,,,,
Q62981,ZN260_RAT,nan,RAT,1.0,,,,,,,,,1,,,,,
Q5ZM27,Q5ZM27_CHICK,nan,CHICK,1.0,,,,,,,,,1,,,,,
Q62886,Q62886_RAT,nan,RAT,1.0,,,,,,,,,1,,,,,
Q62788,Q62788_RAT,nan,RAT,1.0,,,,,,,,,1,,,,,
Q62513,ZN260_MOUSE,nan,MOUSE,1.0,,,,,,,,,1,,,,,
Q61967,ZFP90_MOUSE,nan,MOUSE,1.0,,,,,,,,,1,,,,,
Q61117,Q61117_MOUSE,nan,MOUSE,1.0,,,,,,,,,1,,,,,
Q61116,ZN235_MOUSE,nan,MOUSE,1.0,,,,,,,,,1,,,,,
Q60821,ZBT17_MOUSE,nan,MOUSE,1.0,,,,,,,,,1,,,,,
Q5ZLR2,IKZF5_CHICK,nan,CHICK,1.0,,,,,,,,,1,,,,,
Q5WRS2,nan,nan,nan,1.0,,,,,,,,,1,,,,,
Q5ZK52,Q5ZK52_CHICK,nan,CHICK,1.0,,,,,,,,,1,,,,,
Q5ZJU6,Q5ZJU6_CHICK,nan,CHICK,1.0,,,,,,,,,1,,,,,
Q5ZJE7,Q5ZJE7_CHICK,nan,CHICK,1.0,,,,,,,,,1,,,,,
Q5ZIB4,Q5ZIB4_CHICK,nan,CHICK,1.0,,,,,,,,,1,,,,,
Q5ZI79,Q5ZI79_CHICK,nan,CHICK,1.0,,,,,,,,,1,,,,,
Q5XJQ7,OSR1_DANRE,nan,DANRE,1.0,,,,,,,,,1,,,,,
Q5XIU3,Q5XIU3_RAT,nan,RAT,1.0,,,,,,,,,1,,,,,
Q7TNK4,Q7TNK4_MOUSE,nan,MOUSE,1.0,,,,,,,,,1,,,,,
Q7TNU5,Q7TNU5_MOUSE,nan,MOUSE,1.0,,,,,,,,,1,,,,,
Q7TNU6,ZN250_MOUSE,nan,MOUSE,1.0,,,,,,,,,1,,,,,
Q7TPB3,Q7TPB3_RAT,nan,RAT,1.0,,,,,,,,,1,,,,,
Q91VM8,Q91VM8_MOUSE,nan,MOUSE,1.0,,,,,,,,,1,,,,,
Q91VL9,ZBTB1_MOUSE,nan,MOUSE,1.0,,,,,,,,,1,,,,,
Q91VL6,Q91VL6_MOUSE,nan,MOUSE,1.0,,,,,,,,,1,,,,,
Q91367,Q91367_DANRE,nan,DANRE,1.0,,,,,,,,,1,,,,,
Q90W82,Q90W82_CHICK,nan,CHICK,1.0,,,,,,,,,1,,,,,
Q90W33,HIC2_DANRE,nan,DANRE,1.0,,,,,,,,,1,,,,,
Q90850,HIC1_CHICK,nan,CHICK,1.0,,,,,,,,,1,,,,,
Q90783,Q90783_CHICK,nan,CHICK,1.0,,,,,,,,,1,,,,,
Q90625,ZBT17_CHICK,nan,CHICK,1.0,,,,,,,,,1,,,,,
Q90414,Q90414_DANRE,nan,DANRE,1.0,,,,,,,,,1,,,,,
Q8WXB4,ZN606_HUMAN,nan,HUMAN,1.0,,,,,,,,,1,,,,,
Q8WV37,ZN480_HUMAN,nan,HUMAN,1.0,,,,,,,,,1,,,,,
Q8WUN3,nan,nan,nan,1.0,,,,,,,,,1,,,,,
Q8WTR7,ZN473_HUMAN,nan,HUMAN,1.0,,,,,,,,,1,,,,,
Q8VCZ7,ZBT7C_MOUSE,nan,MOUSE,1.0,,,,,,,,,1,,,,,
Q8VCI1,Q8VCI1_MOUSE,nan,MOUSE,1.0,,,,,,,,,1,,,,,
Q8VC29,Q8VC29_MOUSE,nan,MOUSE,1.0,,,,,,,,,1,,,,,
Q91VN1,ZNF24_MOUSE,nan,MOUSE,1.0,,,,,,,,,1,,,,,
Q91VW9,ZKSC3_MOUSE,nan,MOUSE,1.0,,,,,,,,,1,,,,,
Q91WM0,Q91WM0_MOUSE,nan,MOUSE,1.0,,,,,,,,,1,,,,,
Q95RA7,Q95RA7_DROME,nan,DROME,1.0,,,,,,,,,1,,,,,
Q96CX3,ZN501_HUMAN,nan,HUMAN,1.0,,,,,,,,,1,,,,,
Q96CS4,ZN689_HUMAN,nan,HUMAN,1.0,,,,,,,,,1,,,,,
Q96C28,ZN707_HUMAN,nan,HUMAN,1.0,,,,,,,,,1,,,,,
Q96BV0,ZN775_HUMAN,nan,HUMAN,1.0,,,,,,,,,1,,,,,
Q96BR6,ZN669_HUMAN,nan,HUMAN,1.0,,,,,,,,,1,,,,,
Q969W8,ZN566_HUMAN,nan,HUMAN,1.0,,,,,,,,,1,,,,,
Q969J2,ZKSC4_HUMAN,nan,HUMAN,1.0,,,,,,,,,1,,,,,
Q940P2,Q940P2_ARATH,nan,ARATH,1.0,,,,,,,,,1,,,,,
Q91XV1,Q91XV1_RAT,nan,RAT,1.0,,,,,,,,,1,,,,,
Q93721,nan,nan,nan,1.0,,,,,,,,,1,,,,,
Q923D1,Q923D1_MOUSE,nan,MOUSE,1.0,,,,,,,,,1,,,,,
Q923B3,NRIF1_MOUSE,nan,MOUSE,1.0,,,,,,,,,1,,,,,
Q921B4,NRIF2_MOUSE,nan,MOUSE,1.0,,,,,,,,,1,,,,,
Q92010,ZBT14_CHICK,nan,CHICK,1.0,,,,,,,,,1,,,,,
Q91ZD1,OSR2_MOUSE,nan,MOUSE,1.0,,,,,,,,,1,,,,,
Q91XV2,Q91XV2_RAT,nan,RAT,1.0,,,,,,,,,1,,,,,
Q8TF68,ZN384_HUMAN,nan,HUMAN,1.0,,,,,,,,,1,,,,,
Q8TF50,ZN526_HUMAN,nan,HUMAN,1.0,,,,,,,,,1,,,,,
Q8TF47,ZFP90_HUMAN,nan,HUMAN,1.0,,,,,,,,,1,,,,,
Q8NHY6,ZFP28_HUMAN,nan,HUMAN,1.0,,,,,,,,,1,,,,,
Q8R2V3,ZN445_MOUSE,nan,MOUSE,1.0,,,,,,,,,1,,,,,
Q8R2Q3,Q8R2Q3_MOUSE,nan,MOUSE,1.0,,,,,,,,,1,,,,,
Q8R1N3,Q8R1N3_MOUSE,nan,MOUSE,1.0,,,,,,,,,1,,,,,
Q8R1D1,ZN426_MOUSE,nan,MOUSE,1.0,,,,,,,,,1,,,,,
Q8R0V2,Q8R0V2_MOUSE,nan,MOUSE,1.0,,,,,,,,,1,,,,,
Q8R0U9,Q8R0U9_MOUSE,nan,MOUSE,1.0,,,,,,,,,1,,,,,
Q8R0T2,ZN768_MOUSE,nan,MOUSE,1.0,,,,,,,,,1,,,,,
Q8NF99,ZN397_HUMAN,nan,HUMAN,1.0,,,,,,,,,1,,,,,
Q8T026,Q8T026_DROME,nan,DROME,1.0,,,,,,,,,1,,,,,
Q8NEP9,ZN555_HUMAN,nan,HUMAN,1.0,,,,,,,,,1,,,,,
Q8NEM1,ZN680_HUMAN,nan,HUMAN,1.0,,,,,,,,,1,,,,,
Q8NEK5,ZN548_HUMAN,nan,HUMAN,1.0,,,,,,,,,1,,,,,
Q8NDX6,ZN740_HUMAN,nan,HUMAN,1.0,,,,,,,,,1,,,,,
Q8NDW4,ZN248_HUMAN,nan,HUMAN,1.0,,,,,,,,,1,,,,,
Q8NDQ6,ZN540_HUMAN,nan,HUMAN,1.0,,,,,,,,,1,,,,,
Q8NDP4,ZN439_HUMAN,nan,HUMAN,1.0,,,,,,,,,1,,,,,
Q8SX40,Q8SX40_DROME,nan,DROME,1.0,,,,,,,,,1,,,,,
Q8T053,Y678_DROME,nan,DROME,1.0,,,,,,,,,1,,,,,
Q8TF45,ZN418_HUMAN,nan,HUMAN,1.0,,,,,,,,,1,,,,,
Q8TBZ5,ZN502_HUMAN,nan,HUMAN,1.0,,,,,,,,,1,,,,,
Q8TF39,ZN483_HUMAN,nan,HUMAN,1.0,,,,,,,,,1,,,,,
Q8TF32,ZN431_HUMAN,nan,HUMAN,1.0,,,,,,,,,1,,,,,
Q8TF20,ZN721_HUMAN,nan,HUMAN,1.0,,,,,,,,,1,,,,,
Q8TD23,ZN675_HUMAN,nan,HUMAN,1.0,,,,,,,,,1,,,,,
Q8TD17,ZN398_HUMAN,nan,HUMAN,1.0,,,,,,,,,1,,,,,
Q8TC21,ZN596_HUMAN,nan,HUMAN,1.0,,,,,,,,,1,,,,,
Q8TBZ8,ZN564_HUMAN,nan,HUMAN,1.0,,,,,,,,,1,,,,,
Q8TBJ5,FEZF2_HUMAN,nan,HUMAN,1.0,,,,,,,,,1,,,,,
Q8TA94,ZN563_HUMAN,nan,HUMAN,1.0,,,,,,,,,1,,,,,
Q8TBC5,ZSC18_HUMAN,nan,HUMAN,1.0,,,,,,,,,1,,,,,
Q8TB69,ZN519_HUMAN,nan,HUMAN,1.0,,,,,,,,,1,,,,,
Q8TAX0,OSR1_HUMAN,nan,HUMAN,1.0,,,,,,,,,1,,,,,
Q8TAW3,ZN671_HUMAN,nan,HUMAN,1.0,,,,,,,,,1,,,,,
Q8TAU3,ZN417_HUMAN,nan,HUMAN,1.0,,,,,,,,,1,,,,,
Q8TAQ5,ZN420_HUMAN,nan,HUMAN,1.0,,,,,,,,,1,,,,,
Q8TAF7,ZN461_HUMAN,nan,HUMAN,1.0,,,,,,,,,1,,,,,
Q96EG3,ZN837_HUMAN,nan,HUMAN,1.0,,,,,,,,,1,,,,,
Q96EQ9,PRDM9_MOUSE,nan,MOUSE,1.0,,,,,,,,,1,,,,,
Q96GC6,ZN274_HUMAN,nan,HUMAN,1.0,,,,,,,,,1,,,,,
Q99PJ7,ZN689_RAT,nan,RAT,1.0,,,,,,,,,1,,,,,
Q9BRR0,ZKSC3_HUMAN,nan,HUMAN,1.0,,,,,,,,,1,,,,,
Q9BRP0,OVOL2_HUMAN,nan,HUMAN,1.0,,,,,,,,,1,,,,,
Q9BRH9,ZN251_HUMAN,nan,HUMAN,1.0,,,,,,,,,1,,,,,
Q9BR84,ZN559_HUMAN,nan,HUMAN,1.0,,,,,,,,,1,,,,,
Q9BLC4,Q9BLC4_CAEEL,nan,CAEEL,1.0,,,,,,,,,1,,,,,
Q99PJ9,Q99PJ9_RAT,nan,RAT,1.0,,,,,,,,,1,,,,,
Q99PJ8,Q99PJ8_RAT,nan,RAT,1.0,,,,,,,,,1,,,,,
Q99PJ6,Q99PJ6_RAT,nan,RAT,1.0,,,,,,,,,1,,,,,
Q9BS34,ZN670_HUMAN,nan,HUMAN,1.0,,,,,,,,,1,,,,,
Q99MD8,MYNN_MOUSE,nan,MOUSE,1.0,,,,,,,,,1,,,,,
Q99M85,SCRT1_MOUSE,nan,MOUSE,1.0,,,,,,,,,1,,,,,
Q99LH4,ZN672_MOUSE,nan,MOUSE,1.0,,,,,,,,,1,,,,,
Q99LG7,Q99LG7_MOUSE,nan,MOUSE,1.0,,,,,,,,,1,,,,,
Q99KE8,ZFP64_MOUSE,nan,MOUSE,1.0,,,,,,,,,1,,,,,
Q99K53,Q99K53_MOUSE,nan,MOUSE,1.0,,,,,,,,,1,,,,,
Q99K45,Q99K45_MOUSE,nan,MOUSE,1.0,,,,,,,,,1,,,,,
Q9BS31,ZN649_HUMAN,nan,HUMAN,1.0,,,,,,,,,1,,,,,
Q9BSG1,ZNF2_HUMAN,nan,HUMAN,1.0,,,,,,,,,1,,,,,
Q99676,ZN184_HUMAN,nan,HUMAN,1.0,,,,,,,,,1,,,,,
Q9CS13,Q9CS13_MOUSE,nan,MOUSE,1.0,,,,,,,,,1,,,,,
Q9DC47,Q9DC47_MOUSE,nan,MOUSE,1.0,,,,,,,,,1,,,,,
Q9DAN2,Q9DAN2_MOUSE,nan,MOUSE,1.0,,,,,,,,,1,,,,,
Q9D654,Q9D654_MOUSE,nan,MOUSE,1.0,,,,,,,,,1,,,,,
Q9D278,Q9D278_MOUSE,nan,MOUSE,1.0,,,,,,,,,1,,,,,
Q9CZ29,Q9CZ29_MOUSE,nan,MOUSE,1.0,,,,,,,,,1,,,,,
Q9CXE0,PRDM5_MOUSE,nan,MOUSE,1.0,,,,,,,,,1,,,,,
Q9CSL2,Q9CSL2_MOUSE,nan,MOUSE,1.0,,,,,,,,,1,,,,,
Q9C0F3,ZN436_HUMAN,nan,HUMAN,1.0,,,,,,,,,1,,,,,
Q9BSK1,ZN577_HUMAN,nan,HUMAN,1.0,,,,,,,,,1,,,,,
Q9BYN7,ZN341_HUMAN,nan,HUMAN,1.0,,,,,,,,,1,,,,,
Q9BY31,ZN717_HUMAN,nan,HUMAN,1.0,,,,,,,,,1,,,,,
Q9BX82,ZN471_HUMAN,nan,HUMAN,1.0,,,,,,,,,1,,,,,
Q9BWW7,SCRT1_HUMAN,nan,HUMAN,1.0,,,,,,,,,1,,,,,
Q9BWM5,ZN416_HUMAN,nan,HUMAN,1.0,,,,,,,,,1,,,,,
Q9BWE0,REPI1_HUMAN,nan,HUMAN,1.0,,,,,,,,,1,,,,,
Q9BUY5,ZN426_HUMAN,nan,HUMAN,1.0,,,,,,,,,1,,,,,
Q99JB0,KLF7_MOUSE,nan,MOUSE,1.0,,,,,,,,,1,,,,,
Q99612,KLF6_HUMAN,nan,HUMAN,1.0,,,,,,,,,1,,,,,
Q96GE5,ZN799_HUMAN,nan,HUMAN,1.0,,,,,,,,,1,,,,,
Q96K58,ZN668_HUMAN,nan,HUMAN,1.0,,,,,,,,,1,,,,,
Q96MX3,ZNF48_HUMAN,nan,HUMAN,1.0,,,,,,,,,1,,,,,
Q96MU6,ZN778_HUMAN,nan,HUMAN,1.0,,,,,,,,,1,,,,,
Q96MR9,ZN560_HUMAN,nan,HUMAN,1.0,,,,,,,,,1,,,,,
Q96LX8,ZN597_HUMAN,nan,HUMAN,1.0,,,,,,,,,1,,,,,
Q96LW9,ZSC31_HUMAN,nan,HUMAN,1.0,,,,,,,,,1,,,,,
Q96LW1,Z354B_HUMAN,nan,HUMAN,1.0,,,,,,,,,1,,,,,
Q96K75,ZN514_HUMAN,nan,HUMAN,1.0,,,,,,,,,1,,,,,
Q96JL9,ZN333_HUMAN,nan,HUMAN,1.0,,,,,,,,,1,,,,,
Q96N22,ZN681_HUMAN,nan,HUMAN,1.0,,,,,,,,,1,,,,,
Q96JF6,ZN594_HUMAN,nan,HUMAN,1.0,,,,,,,,,1,,,,,
Q96JB3,HIC2_HUMAN,nan,HUMAN,1.0,,,,,,,,,1,,,,,
Q96IT1,ZN496_HUMAN,nan,HUMAN,1.0,,,,,,,,,1,,,,,
Q96IR2,ZN845_HUMAN,nan,HUMAN,1.0,,,,,,,,,1,,,,,
Q96I27,ZN625_HUMAN,nan,HUMAN,1.0,,,,,,,,,1,,,,,
Q96HQ0,ZN419_HUMAN,nan,HUMAN,1.0,,,,,,,,,1,,,,,
Q96H86,ZN764_HUMAN,nan,HUMAN,1.0,,,,,,,,,1,,,,,
Q96N20,ZN75A_HUMAN,nan,HUMAN,1.0,,,,,,,,,1,,,,,
Q96N58,ZN578_HUMAN,nan,HUMAN,1.0,,,,,,,,,1,,,,,
Q99592,ZBT18_HUMAN,nan,HUMAN,1.0,,,,,,,,,1,,,,,
Q96RE9,ZN300_HUMAN,nan,HUMAN,1.0,,,,,,,,,1,,,,,
Q96U34,Q96U34_NEUCS,nan,NEUCR,1.0,1,,,,,,,,,,,,,
Q96SZ4,ZSC10_HUMAN,nan,HUMAN,1.0,,,,,,,,,1,,,,,
Q96SR6,ZN382_HUMAN,nan,HUMAN,1.0,,,,,,,,,1,,,,,
Q96SQ5,ZN587_HUMAN,nan,HUMAN,1.0,,,,,,,,,1,,,,,
Q96SL8,FIZ1_HUMAN,nan,HUMAN,1.0,,,,,,,,,1,,,,,
Q96SK3,ZN607_HUMAN,nan,HUMAN,1.0,,,,,,,,,1,,,,,
Q96SE7,ZN347_HUMAN,nan,HUMAN,1.0,,,,,,,,,1,,,,,
Q96PQ6,ZN317_HUMAN,nan,HUMAN,1.0,,,,,,,,,1,,,,,
Q96ND8,ZN583_HUMAN,nan,HUMAN,1.0,,,,,,,,,1,,,,,
Q96PE6,ZIM3_HUMAN,nan,HUMAN,1.0,,,,,,,,,1,,,,,
Q96NL3,ZN599_HUMAN,nan,HUMAN,1.0,,,,,,,,,1,,,,,
Q96NJ6,ZFP3_HUMAN,nan,HUMAN,1.0,,,,,,,,,1,,,,,
Q96NJ3,ZN285_HUMAN,nan,HUMAN,1.0,,,,,,,,,1,,,,,
Q96NI8,ZN570_HUMAN,nan,HUMAN,1.0,,,,,,,,,1,,,,,
Q96NG8,ZN582_HUMAN,nan,HUMAN,1.0,,,,,,,,,1,,,,,
Q96NG5,ZN558_HUMAN,nan,HUMAN,1.0,,,,,,,,,1,,,,,
Q8NCK3,ZN485_HUMAN,nan,HUMAN,1.0,,,,,,,,,1,,,,,
Q8NCA9,ZN784_HUMAN,nan,HUMAN,1.0,,,,,,,,,1,,,,,
Q8NBB4,ZSCA1_HUMAN,nan,HUMAN,1.0,,,,,,,,,1,,,,,
Q8BGS3,ZKSC1_MOUSE,nan,MOUSE,1.0,,,,,,,,,1,,,,,
Q8BI67,ZN473_MOUSE,nan,MOUSE,1.0,,,,,,,,,1,,,,,
Q8BI66,ZN526_MOUSE,nan,MOUSE,1.0,,,,,,,,,1,,,,,
Q8BHM7,Q8BHM7_MOUSE,nan,MOUSE,1.0,,,,,,,,,1,,,,,
Q8BHK4,Q8BHK4_MOUSE,nan,MOUSE,1.0,,,,,,,,,1,,,,,
Q8BGY0,nan,nan,nan,1.0,,,,,,,,,1,,,,,
Q8BGV5,Q8BGV5_MOUSE,nan,MOUSE,1.0,,,,,,,,,1,,,,,
Q8BGS5,Q8BGS5_MOUSE,nan,MOUSE,1.0,,,,,,,,,1,,,,,
Q8BG98,Q8BG98_MOUSE,nan,MOUSE,1.0,,,,,,,,,1,,,,,
Q8BI73,ZN775_MOUSE,nan,MOUSE,1.0,,,,,,,,,1,,,,,
Q8BFS8,Q8BFS8_MOUSE,nan,MOUSE,1.0,,,,,,,,,1,,,,,
Q86YE8,ZN573_HUMAN,nan,HUMAN,1.0,,,,,,,,,1,,,,,
Q86Y25,Z354C_HUMAN,nan,HUMAN,1.0,,,,,,,,,1,,,,,
Q86XU0,ZN677_HUMAN,nan,HUMAN,1.0,,,,,,,,,1,,,,,
Q86XN6,ZN761_HUMAN,nan,HUMAN,1.0,,,,,,,,,1,,,,,
Q86XF7,ZN575_HUMAN,nan,HUMAN,1.0,,,,,,,,,1,,,,,
Q86WZ6,ZN227_HUMAN,nan,HUMAN,1.0,,,,,,,,,1,,,,,
Q8BI69,ZN784_MOUSE,nan,MOUSE,1.0,,,,,,,,,1,,,,,
Q8BI99,ZN879_MOUSE,nan,MOUSE,1.0,,,,,,,,,1,,,,,
Q86V71,ZN429_HUMAN,nan,HUMAN,1.0,,,,,,,,,1,,,,,
Q8BJ90,ZN771_MOUSE,nan,MOUSE,1.0,,,,,,,,,1,,,,,
Q8BQN6,OZF_MOUSE,nan,MOUSE,1.0,,,,,,,,,1,,,,,
Q8BQC8,RBAK_MOUSE,ENSMUSP00000128731,MOUSE,1.0,,,,,,,,,1,,,,,
Q8BPP0,ZN436_MOUSE,nan,MOUSE,1.0,,,,,,,,,1,,,,,
Q8BP18,Q8BP18_MOUSE,nan,MOUSE,1.0,,,,,,,,,1,,,,,
Q8BLB0,ZFP3_MOUSE,nan,MOUSE,1.0,,,,,,,,,1,,,,,
Q8BKP2,Q8BKP2_MOUSE,nan,MOUSE,1.0,,,,,,,,,1,,,,,
Q8BKK5,ZN689_MOUSE,nan,MOUSE,1.0,,,,,,,,,1,,,,,
Q8BJ45,Q8BJ45_MOUSE,nan,MOUSE,1.0,,,,,,,,,1,,,,,
Q8BIB6,Q8BIB6_MOUSE,nan,MOUSE,1.0,,,,,,,,,1,,,,,
Q8BIV1,Q8BIV1_MOUSE,nan,MOUSE,1.0,,,,,,,,,1,,,,,
Q8BIS1,Q8BIS1_MOUSE,nan,MOUSE,1.0,,,,,,,,,1,,,,,
Q8BIQ6,Q8BIQ6_MOUSE,nan,MOUSE,1.0,,,,,,,,,1,,,,,
Q8BIQ3,ZNF2_MOUSE,nan,MOUSE,1.0,,,,,,,,,1,,,,,
Q8BIN6,Q8BIN6_MOUSE,nan,MOUSE,1.0,,,,,,,,,1,,,,,
Q8BIF9,ZN787_MOUSE,nan,MOUSE,1.0,,,,,,,,,1,,,,,
Q8BIC7,Q8BIC7_MOUSE,nan,MOUSE,1.0,,,,,,,,,1,,,,,
Q86W11,ZSC30_HUMAN,nan,HUMAN,1.0,,,,,,,,,1,,,,,
Q86UQ0,ZN589_HUMAN,nan,HUMAN,1.0,,,,,,,,,1,,,,,
Q8BTH6,SCRT2_MOUSE,nan,MOUSE,1.0,,,,,,,,,1,,,,,
Q7Z340,ZN551_HUMAN,nan,HUMAN,1.0,,,,,,,,,1,,,,,
Q7ZVR6,MYNN_DANRE,nan,DANRE,1.0,,,,,,,,,1,,,,,
Q7ZUK3,Q7ZUK3_DANRE,nan,DANRE,1.0,,,,,,,,,1,,,,,
Q7Z7L9,ZSCA2_HUMAN,nan,HUMAN,1.0,,,,,,,,,1,,,,,
Q7Z7K2,ZN467_HUMAN,nan,HUMAN,1.0,,,,,,,,,1,,,,,
Q7Z3V5,ZN571_HUMAN,nan,HUMAN,1.0,,,,,,,,,1,,,,,
Q7Z3I7,ZN572_HUMAN,nan,HUMAN,1.0,,,,,,,,,1,,,,,
Q7Z398,ZN550_HUMAN,nan,HUMAN,1.0,,,,,,,,,1,,,,,
Q7YU81,CHN_DROME,nan,DROME,1.0,,,,,,,,,1,,,,,
Q804Q5,FEZF2_DANRE,nan,DANRE,1.0,,,,,,,,,1,,,,,
Q7TSV0,Q7TSV0_MOUSE,nan,MOUSE,1.0,,,,,,,,,1,,,,,
Q7TSI0,ZNF12_MOUSE,nan,MOUSE,1.0,,,,,,,,,1,,,,,
Q7TSH9,ZN184_MOUSE,nan,MOUSE,1.0,,,,,,,,,1,,,,,
Q7TS63,ZFAT_MOUSE,ENSMUSP00000125257,MOUSE,1.0,,,,,,,,,1,,,,,
Q7TPX5,Q7TPX5_MOUSE,nan,MOUSE,1.0,,,,,,,,,1,,,,,
Q7TPL8,Q7TPL8_MOUSE,nan,MOUSE,1.0,,,,,,,,,1,,,,,
Q7TPL6,Q7TPL6_MOUSE,nan,MOUSE,1.0,,,,,,,,,1,,,,,
Q7ZZ75,Q7ZZ75_DANRE,nan,DANRE,1.0,,,,,,,,,1,,,,,
Q80T67,Q80T67_MOUSE,nan,MOUSE,1.0,,,,,,,,,1,,,,,
Q86UE3,ZN546_HUMAN,nan,HUMAN,1.0,,,,,,,,,1,,,,,
Q80ZX2,Q80ZX2_MOUSE,nan,MOUSE,1.0,,,,,,,,,1,,,,,
Q86UD4,ZN329_HUMAN,nan,HUMAN,1.0,,,,,,,,,1,,,,,
Q86TJ5,ZN554_HUMAN,nan,HUMAN,1.0,,,,,,,,,1,,,,,
Q86T29,ZN605_HUMAN,nan,HUMAN,1.0,,,,,,,,,1,,,,,
Q811H0,ZBT42_MOUSE,nan,MOUSE,1.0,,,,,,,,,1,,,,,
Q811F1,ZBT41_MOUSE,nan,MOUSE,1.0,,,,,,,,,1,,,,,
Q810A1,ZNF18_MOUSE,nan,MOUSE,1.0,,,,,,,,,1,,,,,
Q80ZY7,Q80ZY7_MOUSE,nan,MOUSE,1.0,,,,,,,,,1,,,,,
Q80YP6,ZIK1_MOUSE,nan,MOUSE,1.0,,,,,,,,,1,,,,,
Q80V23,ZNF32_MOUSE,nan,MOUSE,1.0,,,,,,,,,1,,,,,
Q80Y34,Q80Y34_MOUSE,nan,MOUSE,1.0,,,,,,,,,1,,,,,
Q80XR7,Q80XR7_MOUSE,nan,MOUSE,1.0,,,,,,,,,1,,,,,
Q80X44,ZBT24_MOUSE,nan,MOUSE,1.0,,,,,,,,,1,,,,,
Q80W53,Q80W53_MOUSE,nan,MOUSE,1.0,,,,,,,,,1,,,,,
Q80W31,ZN569_MOUSE,nan,MOUSE,1.0,,,,,,,,,1,,,,,
Q80VM4,ZN579_MOUSE,nan,MOUSE,1.0,,,,,,,,,1,,,,,
Q80V81,Q80V81_MOUSE,nan,MOUSE,1.0,,,,,,,,,1,,,,,
Q8BSL0,Q8BSL0_MOUSE,nan,MOUSE,1.0,,,,,,,,,1,,,,,
Q8BU00,IKZF5_MOUSE,nan,MOUSE,1.0,,,,,,,,,1,,,,,
Q8NB50,ZFP62_HUMAN,nan,HUMAN,1.0,,,,,,,,,1,,,,,
Q8N141,ZFP82_HUMAN,nan,HUMAN,1.0,,,,,,,,,1,,,,,
Q8N4W9,ZN808_HUMAN,nan,HUMAN,1.0,,,,,,,,,1,,,,,
Q8N3J9,ZN664_HUMAN,nan,HUMAN,1.0,,,,,,,,,1,,,,,
Q8N393,ZN786_HUMAN,nan,HUMAN,1.0,,,,,,,,,1,,,,,
Q8N2R0,OSR2_HUMAN,nan,HUMAN,1.0,,,,,,,,,1,,,,,
Q8N2I2,ZN619_HUMAN,nan,HUMAN,1.0,,,,,,,,,1,,,,,
Q8N1W2,ZN710_HUMAN,nan,HUMAN,1.0,,,,,,,,,1,,,,,
Q8N184,ZN567_HUMAN,nan,HUMAN,1.0,,,,,,,,,1,,,,,
Q8N0Y2,ZN444_HUMAN,nan,HUMAN,1.0,,,,,,,,,1,,,,,
Q8N720,ZN655_HUMAN,nan,HUMAN,1.0,,,,,,,,,1,,,,,
Q8MRF5,Q8MRF5_DROME,nan,DROME,1.0,,,,,,,,,1,,,,,
Q8MR37,Q8MR37_DROME,nan,DROME,1.0,,,,,,,,,1,,,,,
Q8K3B4,Q8K3B4_MOUSE,nan,MOUSE,1.0,,,,,,,,,1,,,,,
Q8K2R5,ZN668_MOUSE,nan,MOUSE,1.0,,,,,,,,,1,,,,,
Q8K0G9,Q8K0G9_MOUSE,nan,MOUSE,1.0,,,,,,,,,1,,,,,
Q8JZL0,ZN467_MOUSE,nan,MOUSE,1.0,,,,,,,,,1,,,,,
Q8IZC7,ZN101_HUMAN,nan,HUMAN,1.0,,,,,,,,,1,,,,,
Q8N587,ZN561_HUMAN,nan,HUMAN,1.0,,,,,,,,,1,,,,,
Q8N782,ZN525_HUMAN,nan,HUMAN,1.0,,,,,,,,,1,,,,,
Q8IYX0,ZN679_HUMAN,nan,HUMAN,1.0,,,,,,,,,1,,,,,
Q8N972,ZN709_HUMAN,nan,HUMAN,1.0,,,,,,,,,1,,,,,
Q8NB42,ZN527_HUMAN,nan,HUMAN,1.0,,,,,,,,,1,,,,,
Q8NAF0,ZN579_HUMAN,nan,HUMAN,1.0,,,,,,,,,1,,,,,
Q8NA42,ZN383_HUMAN,nan,HUMAN,1.0,,,,,,,,,1,,,,,
Q8N9Z0,ZN610_HUMAN,nan,HUMAN,1.0,,,,,,,,,1,,,,,
Q8N9K5,ZN565_HUMAN,nan,HUMAN,1.0,,,,,,,,,1,,,,,
Q8N9F8,ZN454_HUMAN,nan,HUMAN,1.0,,,,,,,,,1,,,,,
Q8N988,ZN557_HUMAN,nan,HUMAN,1.0,,,,,,,,,1,,,,,
Q8N8Z8,ZN441_HUMAN,nan,HUMAN,1.0,,,,,,,,,1,,,,,
Q8N7K0,ZN433_HUMAN,nan,HUMAN,1.0,,,,,,,,,1,,,,,
Q8N8Y5,ZFP41_HUMAN,nan,HUMAN,1.0,,,,,,,,,1,,,,,
Q8N8L2,ZN491_HUMAN,nan,HUMAN,1.0,,,,,,,,,1,,,,,
Q8N8J6,ZN615_HUMAN,nan,HUMAN,1.0,,,,,,,,,1,,,,,
Q8N883,ZN614_HUMAN,nan,HUMAN,1.0,,,,,,,,,1,,,,,
Q8N859,ZN713_HUMAN,nan,HUMAN,1.0,,,,,,,,,1,,,,,
Q8N823,ZN611_HUMAN,nan,HUMAN,1.0,,,,,,,,,1,,,,,
Q8N7Q3,ZN676_HUMAN,nan,HUMAN,1.0,,,,,,,,,1,,,,,
Q8IZ26,ZNF34_HUMAN,nan,HUMAN,1.0,,,,,,,,,1,,,,,
Q8IYN0,ZN100_HUMAN,nan,HUMAN,1.0,,,,,,,,,1,,,,,
Q8BUQ3,Q8BUQ3_MOUSE,nan,MOUSE,1.0,,,,,,,,,1,,,,,
Q8C0E6,Q8C0E6_MOUSE,nan,MOUSE,1.0,,,,,,,,,1,,,,,
Q8C879,Q8C879_MOUSE,nan,MOUSE,1.0,,,,,,,,,1,,,,,
Q8C827,ZFP62_MOUSE,nan,MOUSE,1.0,,,,,,,,,1,,,,,
Q8C6P8,ZFP57_MOUSE,nan,MOUSE,1.0,,,,,,,,,1,,,,,
Q8C689,Q8C689_MOUSE,nan,MOUSE,1.0,,,,,,,,,1,,,,,
Q8C393,Q8C393_MOUSE,nan,MOUSE,1.0,,,,,,,,,1,,,,,
Q8C208,IKZF4_MOUSE,nan,MOUSE,1.0,,,,,,,,,1,,,,,
Q8C0Q5,Q8C0Q5_MOUSE,nan,MOUSE,1.0,,,,,,,,,1,,,,,
Q8BZW4,ZN120_MOUSE,nan,MOUSE,1.0,,,,,,,,,1,,,,,
Q8C9U5,Q8C9U5_MOUSE,nan,MOUSE,1.0,,,,,,,,,1,,,,,
Q8BZQ5,Q8BZQ5_MOUSE,nan,MOUSE,1.0,,,,,,,,,1,,,,,
Q8BZ89,ZN322_MOUSE,nan,MOUSE,1.0,,,,,,,,,1,,,,,
Q8BZ17,Q8BZ17_MOUSE,nan,MOUSE,1.0,,,,,,,,,1,,,,,
Q8BY46,ZN574_MOUSE,nan,MOUSE,1.0,,,,,,,,,1,,,,,
Q8BXX2,ZBT49_MOUSE,nan,MOUSE,1.0,,,,,,,,,1,,,,,
Q8BX23,Q8BX23_MOUSE,nan,MOUSE,1.0,,,,,,,,,1,,,,,
Q8BV42,ZN786_MOUSE,nan,MOUSE,1.0,,,,,,,,,1,,,,,
Q8C9M8,Q8C9M8_MOUSE,nan,MOUSE,1.0,,,,,,,,,1,,,,,
Q8CB76,Q8CB76_MOUSE,nan,MOUSE,1.0,,,,,,,,,1,,,,,
Q8IYI8,ZN440_HUMAN,nan,HUMAN,1.0,,,,,,,,,1,,,,,
Q8I7Z8,HAM_DROME,nan,DROME,1.0,,,,,,,,,1,,,,,
Q8IYB9,ZN595_HUMAN,nan,HUMAN,1.0,,,,,,,,,1,,,,,
Q8IWY8,ZSC29_HUMAN,nan,HUMAN,1.0,,,,,,,,,1,,,,,
Q8IW36,ZN695_HUMAN,nan,HUMAN,1.0,,,,,,,,,1,,,,,
Q8IVP9,ZN547_HUMAN,nan,HUMAN,1.0,,,,,,,,,1,,,,,
Q8IVC4,ZN584_HUMAN,nan,HUMAN,1.0,,,,,,,,,1,,,,,
Q8IGP5,Q8IGP5_DROME,nan,DROME,1.0,,,,,,,,,1,,,,,
Q8IG38,Q8IG38_CAEEL,nan,CAEEL,1.0,,,,,,,,,1,,,,,
Q8CJ78,ZN628_MOUSE,nan,MOUSE,1.0,,,,,,,,,1,,,,,
Q8CCE9,E4F1_MOUSE,nan,MOUSE,1.0,,,,,,,,,1,,,,,
Q8CIV7,OVOL2_MOUSE,nan,MOUSE,1.0,,,,,,,,,1,,,,,
Q8CIS8,Q8CIS8_RAT,nan,RAT,1.0,,,,,,,,,1,,,,,
Q8CGQ6,Q8CGQ6_RAT,nan,RAT,1.0,,,,,,,,,1,,,,,
Q8CG25,Q8CG25_MOUSE,nan,MOUSE,1.0,,,,,,,,,1,,,,,
Q8CFF3,Q8CFF3_MOUSE,nan,MOUSE,1.0,,,,,,,,,1,,,,,
Q8CF60,Q8CF60_MOUSE,nan,MOUSE,1.0,,,,,,,,,1,,,,,
Q8CDU3,nan,nan,nan,1.0,,,,,,,,,1,,,,,
F7EMR1,F7EMR1_MONDO,ENSMODP00000025814,MONDO,1.0,,,,,,,,,1,,,,,
F7DV63,F7DV63_XENTR,ENSXETP00000020250,XENTR,1.0,,,,,,,,,1,,,,,
F7EL90,F7EL90_XENTR,ENSXETP00000051773,XENTR,1.0,,,,,,,,,1,,,,,
C3Z092,C3Z092_BRAFL,nan,BRAFL,1.0,,,,,,,,,1,,,,,
C3YZZ2,C3YZZ2_BRAFL,nan,BRAFL,1.0,,,,,,,,,1,,,,,
C3YZP0,C3YZP0_BRAFL,nan,BRAFL,1.0,,,,,,,,,1,,,,,
C3YZ46,C3YZ46_BRAFL,nan,BRAFL,1.0,,,,,,,,,1,,,,,
C3YYS7,C3YYS7_BRAFL,nan,BRAFL,1.0,,,,,,,,,1,,,,,
C3YYS5,C3YYS5_BRAFL,nan,BRAFL,1.0,,,,,,,,,1,,,,,
C3YYJ4,C3YYJ4_BRAFL,nan,BRAFL,1.0,,,,,,,,,1,,,,,
C3YYA9,C3YYA9_BRAFL,nan,BRAFL,1.0,,,,,,,,,1,,,,,
C3YY95,C3YY95_BRAFL,nan,BRAFL,1.0,,,,,,,,,1,,,,,
C3YY78,C3YY78_BRAFL,nan,BRAFL,1.0,,,,,,,,,1,,,,,
C3YXW4,C3YXW4_BRAFL,nan,BRAFL,1.0,,,,,,,,,1,,,,,
C3YXW2,C3YXW2_BRAFL,nan,BRAFL,1.0,,,,,,,,,1,,,,,
C3YXW0,C3YXW0_BRAFL,nan,BRAFL,1.0,,,,,,,,,1,,,,,
C3YXV9,C3YXV9_BRAFL,nan,BRAFL,1.0,,,,,,,,,1,,,,,
C3YXV5,C3YXV5_BRAFL,nan,BRAFL,1.0,,,,,,,,,1,,,,,
C3YX65,C3YX65_BRAFL,nan,BRAFL,1.0,,,,,,,,,1,,,,,
C3YX56,C3YX56_BRAFL,nan,BRAFL,1.0,,,,,,,,,1,,,,,
C3YWX4,C3YWX4_BRAFL,nan,BRAFL,1.0,,,,,,,,,1,,,,,
C3YZZ8,C3YZZ8_BRAFL,nan,BRAFL,1.0,,,,,,,,,1,,,,,
C3Z000,C3Z000_BRAFL,nan,BRAFL,1.0,,,,,,,,,1,,,,,
C3Z001,C3Z001_BRAFL,nan,BRAFL,1.0,,,,,,,,,1,,,,,
C3Z014,C3Z014_BRAFL,nan,BRAFL,1.0,,,,,,,,,1,,,,,
C3Z023,C3Z023_BRAFL,nan,BRAFL,1.0,,,,,,,,,1,,,,,
C3Z021,C3Z021_BRAFL,nan,BRAFL,1.0,,,,,,,,,1,,,,,
C3Z020,C3Z020_BRAFL,nan,BRAFL,1.0,,,,,,,,,1,,,,,
C3Z019,C3Z019_BRAFL,nan,BRAFL,1.0,,,,,,,,,1,,,,,
C3Z018,C3Z018_BRAFL,nan,BRAFL,1.0,,,,,,,,,1,,,,,
C3Z017,C3Z017_BRAFL,nan,BRAFL,1.0,,,,,,,,,1,,,,,
C3Z015,C3Z015_BRAFL,nan,BRAFL,1.0,,,,,,,,,1,,,,,
C3Z012,C3Z012_BRAFL,nan,BRAFL,1.0,,,,,,,,,1,,,,,
C3Z002,C3Z002_BRAFL,nan,BRAFL,1.0,,,,,,,,,1,,,,,
C3Z011,C3Z011_BRAFL,nan,BRAFL,1.0,,,,,,,,,1,,,,,
C3Z009,C3Z009_BRAFL,nan,BRAFL,1.0,,,,,,,,,1,,,,,
C3Z008,C3Z008_BRAFL,nan,BRAFL,1.0,,,,,,,,,1,,,,,
C3Z007,C3Z007_BRAFL,nan,BRAFL,1.0,,,,,,,,,1,,,,,
C3Z006,C3Z006_BRAFL,nan,BRAFL,1.0,,,,,,,,,1,,,,,
C3Z005,C3Z005_BRAFL,nan,BRAFL,1.0,,,,,,,,,1,,,,,
C3Z003,C3Z003_BRAFL,nan,BRAFL,1.0,,,,,,,,,1,,,,,
C3YWR8,C3YWR8_BRAFL,nan,BRAFL,1.0,,,,,,,,,1,,,,,
C3YWR7,C3YWR7_BRAFL,nan,BRAFL,1.0,,,,,,,,,1,,,,,
C3YWR5,C3YWR5_BRAFL,nan,BRAFL,1.0,,,,,,,,,1,,,,,
C3YU31,C3YU31_BRAFL,nan,BRAFL,1.0,,,,,,,,,1,,,,,
C3YU39,C3YU39_BRAFL,nan,BRAFL,1.0,,,,,,,,,1,,,,,
C3YU38,C3YU38_BRAFL,nan,BRAFL,1.0,,,,,,,,,1,,,,,
C3YU37,C3YU37_BRAFL,nan,BRAFL,1.0,,,,,,,,,1,,,,,
C3YU36,C3YU36_BRAFL,nan,BRAFL,1.0,,,,,,,,,1,,,,,
C3YU35,C3YU35_BRAFL,nan,BRAFL,1.0,,,,,,,,,1,,,,,
C3YU34,C3YU34_BRAFL,nan,BRAFL,1.0,,,,,,,,,1,,,,,
C3YU32,C3YU32_BRAFL,nan,BRAFL,1.0,,,,,,,,,1,,,,,
C3YTY4,C3YTY4_BRAFL,nan,BRAFL,1.0,,,,,,,,,1,,,,,
C3YU42,C3YU42_BRAFL,nan,BRAFL,1.0,,,,,,,,,1,,,,,
C3YTY3,C3YTY3_BRAFL,nan,BRAFL,1.0,,,,,,,,,1,,,,,
C3YTY2,C3YTY2_BRAFL,nan,BRAFL,1.0,,,,,,,,,1,,,,,
C3YTY0,C3YTY0_BRAFL,nan,BRAFL,1.0,,,,,,,,,1,,,,,
C3YTX9,C3YTX9_BRAFL,nan,BRAFL,1.0,,,,,,,,,1,,,,,
C3YTX8,C3YTX8_BRAFL,nan,BRAFL,1.0,,,,,,,,,1,,,,,
C3YTX7,C3YTX7_BRAFL,nan,BRAFL,1.0,,,,,,,,,1,,,,,
C3YTX4,C3YTX4_BRAFL,nan,BRAFL,1.0,,,,,,,,,1,,,,,
C3YU40,C3YU40_BRAFL,nan,BRAFL,1.0,,,,,,,,,1,,,,,
C3YU97,C3YU97_BRAFL,nan,BRAFL,1.0,,,,,,,,,1,,,,,
C3YWR4,C3YWR4_BRAFL,nan,BRAFL,1.0,,,,,,,,,1,,,,,
C3YUM7,C3YUM7_BRAFL,nan,BRAFL,1.0,,,,,,,,,1,,,,,
C3YWR2,C3YWR2_BRAFL,nan,BRAFL,1.0,,,,,,,,,1,,,,,
C3YWR1,C3YWR1_BRAFL,nan,BRAFL,1.0,,,,,,,,,1,,,,,
C3YWR0,C3YWR0_BRAFL,nan,BRAFL,1.0,,,,,,,,,1,,,,,
C3YW25,C3YW25_BRAFL,nan,BRAFL,1.0,,,,,,,,,1,,,,,
C3YVP8,C3YVP8_BRAFL,nan,BRAFL,1.0,,,,,,,,,1,,,,,
C3YUR1,C3YUR1_BRAFL,nan,BRAFL,1.0,,,,,,,,,1,,,,,
C3YUM8,C3YUM8_BRAFL,nan,BRAFL,1.0,,,,,,,,,1,,,,,
C3YUM6,C3YUM6_BRAFL,nan,BRAFL,1.0,,,,,,,,,1,,,,,
C3YUL5,C3YUL5_BRAFL,nan,BRAFL,1.0,,,,,,,,,1,,,,,
C3YUM4,C3YUM4_BRAFL,nan,BRAFL,1.0,,,,,,,,,1,,,,,
C3YUM2,C3YUM2_BRAFL,nan,BRAFL,1.0,,,,,,,,,1,,,,,
C3YUM1,C3YUM1_BRAFL,nan,BRAFL,1.0,,,,,,,,,1,,,,,
C3YUM0,C3YUM0_BRAFL,nan,BRAFL,1.0,,,,,,,,,1,,,,,
C3YUL9,C3YUL9_BRAFL,nan,BRAFL,1.0,,,,,,,,,1,,,,,
C3YUL7,C3YUL7_BRAFL,nan,BRAFL,1.0,,,,,,,,,1,,,,,
C3YUL6,C3YUL6_BRAFL,nan,BRAFL,1.0,,,,,,,,,1,,,,,
C3Z024,C3Z024_BRAFL,nan,BRAFL,1.0,,,,,,,,,1,,,,,
C3Z094,C3Z094_BRAFL,nan,BRAFL,1.0,,,,,,,,,1,,,,,
C3YTX0,C3YTX0_BRAFL,nan,BRAFL,1.0,,,,,,,,,1,,,,,
C3Z0B4,C3Z0B4_BRAFL,nan,BRAFL,1.0,,,,,,,,,1,,,,,
C3Z824,C3Z824_BRAFL,nan,BRAFL,1.0,,,,,,,,,1,,,,,
C3Z816,C3Z816_BRAFL,nan,BRAFL,1.0,,,,,,,,,1,,,,,
C3Z815,C3Z815_BRAFL,nan,BRAFL,1.0,,,,,,,,,1,,,,,
C3Z6L9,C3Z6L9_BRAFL,nan,BRAFL,1.0,,,,,,,,,1,,,,,
C3Z6L8,C3Z6L8_BRAFL,nan,BRAFL,1.0,,,,,,,,,1,,,,,
C3Z6L7,C3Z6L7_BRAFL,nan,BRAFL,1.0,,,,,,,,,1,,,,,
C3Z6K3,C3Z6K3_BRAFL,nan,BRAFL,1.0,,,,,,,,,1,,,,,
C3Z6K2,C3Z6K2_BRAFL,nan,BRAFL,1.0,,,,,,,,,1,,,,,
C3Z6K1,C3Z6K1_BRAFL,nan,BRAFL,1.0,,,,,,,,,1,,,,,
C3Z6C9,C3Z6C9_BRAFL,nan,BRAFL,1.0,,,,,,,,,1,,,,,
C3Z658,C3Z658_BRAFL,nan,BRAFL,1.0,,,,,,,,,1,,,,,
C3Z5T2,C3Z5T2_BRAFL,nan,BRAFL,1.0,,,,,,,,,1,,,,,
C3Z579,C3Z579_BRAFL,nan,BRAFL,1.0,,,,,,,,,1,,,,,
C3Z4Y5,C3Z4Y5_BRAFL,nan,BRAFL,1.0,,,,,,,,,1,,,,,
C3Z4R6,C3Z4R6_BRAFL,nan,BRAFL,1.0,,,,,,,,,1,,,,,
C3Z439,C3Z439_BRAFL,nan,BRAFL,1.0,,,,,,,,,1,,,,,
C3Z3I9,C3Z3I9_BRAFL,nan,BRAFL,1.0,,,,,,,,,1,,,,,
C3Z848,C3Z848_BRAFL,nan,BRAFL,1.0,,,,,,,,,1,,,,,
C3Z8T8,C3Z8T8_BRAFL,nan,BRAFL,1.0,,,,,,,,,1,,,,,
C3Z922,C3Z922_BRAFL,nan,BRAFL,1.0,,,,,,,,,1,,,,,
C3ZAT9,C3ZAT9_BRAFL,nan,BRAFL,1.0,,,,,,,,,1,,,,,
C3ZDJ6,C3ZDJ6_BRAFL,nan,BRAFL,1.0,,,,,,,,,1,,,,,
C3ZDJ5,C3ZDJ5_BRAFL,nan,BRAFL,1.0,,,,,,,,,1,,,,,
C3ZC85,C3ZC85_BRAFL,nan,BRAFL,1.0,,,,,,,,,1,,,,,
C3ZC70,C3ZC70_BRAFL,nan,BRAFL,1.0,,,,,,,,,1,,,,,
C3ZBV0,C3ZBV0_BRAFL,nan,BRAFL,1.0,,,,,,,,,1,,,,,
C3ZB89,C3ZB89_BRAFL,nan,BRAFL,1.0,,,,,,,,,1,,,,,
C3ZAV9,C3ZAV9_BRAFL,nan,BRAFL,1.0,,,,,,,,,1,,,,,
C3ZAF7,C3ZAF7_BRAFL,nan,BRAFL,1.0,,,,,,,,,1,,,,,
C3Z930,C3Z930_BRAFL,nan,BRAFL,1.0,,,,,,,,,1,,,,,
C3ZA84,C3ZA84_BRAFL,nan,BRAFL,1.0,,,,,,,,,1,,,,,
C3Z9X7,C3Z9X7_BRAFL,nan,BRAFL,1.0,,,,,,,,,1,,,,,
C3Z9Q3,C3Z9Q3_BRAFL,nan,BRAFL,1.0,,,,,,,,,1,,,,,
C3Z9M4,C3Z9M4_BRAFL,nan,BRAFL,1.0,,,,,,,,,1,,,,,
C3Z9G9,C3Z9G9_BRAFL,nan,BRAFL,1.0,,,,,,,,,1,,,,,
C3Z9F9,C3Z9F9_BRAFL,nan,BRAFL,1.0,,,,,,,,,1,,,,,
C3Z962,C3Z962_BRAFL,nan,BRAFL,1.0,,,,,,,,,1,,,,,
C3Z3I8,C3Z3I8_BRAFL,nan,BRAFL,1.0,,,,,,,,,1,,,,,
C3Z3I0,C3Z3I0_BRAFL,nan,BRAFL,1.0,,,,,,,,,1,,,,,
C3Z3H3,C3Z3H3_BRAFL,nan,BRAFL,1.0,,,,,,,,,1,,,,,
C3Z1W5,C3Z1W5_BRAFL,nan,BRAFL,1.0,,,,,,,,,1,,,,,
C3Z1X3,C3Z1X3_BRAFL,nan,BRAFL,1.0,,,,,,,,,1,,,,,
C3Z1X2,C3Z1X2_BRAFL,nan,BRAFL,1.0,,,,,,,,,1,,,,,
C3Z1X1,C3Z1X1_BRAFL,nan,BRAFL,1.0,,,,,,,,,1,,,,,
C3Z1X0,C3Z1X0_BRAFL,nan,BRAFL,1.0,,,,,,,,,1,,,,,
C3Z1W8,C3Z1W8_BRAFL,nan,BRAFL,1.0,,,,,,,,,1,,,,,
C3Z1W7,C3Z1W7_BRAFL,nan,BRAFL,1.0,,,,,,,,,1,,,,,
C3Z1W6,C3Z1W6_BRAFL,nan,BRAFL,1.0,,,,,,,,,1,,,,,
C3Z1W3,C3Z1W3_BRAFL,nan,BRAFL,1.0,,,,,,,,,1,,,,,
C3Z1X5,C3Z1X5_BRAFL,nan,BRAFL,1.0,,,,,,,,,1,,,,,
C3Z1W2,C3Z1W2_BRAFL,nan,BRAFL,1.0,,,,,,,,,1,,,,,
C3Z1W1,C3Z1W1_BRAFL,nan,BRAFL,1.0,,,,,,,,,1,,,,,
C3Z1F7,C3Z1F7_BRAFL,nan,BRAFL,1.0,,,,,,,,,1,,,,,
C3Z0K5,C3Z0K5_BRAFL,nan,BRAFL,1.0,,,,,,,,,1,,,,,
C3Z0F7,C3Z0F7_BRAFL,nan,BRAFL,1.0,,,,,,,,,1,,,,,
C3Z0E9,C3Z0E9_BRAFL,nan,BRAFL,1.0,,,,,,,,,1,,,,,
C3Z0C0,C3Z0C0_BRAFL,nan,BRAFL,1.0,,,,,,,,,1,,,,,
C3Z1X4,C3Z1X4_BRAFL,nan,BRAFL,1.0,,,,,,,,,1,,,,,
C3Z1X6,C3Z1X6_BRAFL,nan,BRAFL,1.0,,,,,,,,,1,,,,,
C3Z3G0,C3Z3G0_BRAFL,nan,BRAFL,1.0,,,,,,,,,1,,,,,
C3Z2A1,C3Z2A1_BRAFL,nan,BRAFL,1.0,,,,,,,,,1,,,,,
C3Z3E5,C3Z3E5_BRAFL,nan,BRAFL,1.0,,,,,,,,,1,,,,,
C3Z326,C3Z326_BRAFL,nan,BRAFL,1.0,,,,,,,,,1,,,,,
C3Z312,C3Z312_BRAFL,nan,BRAFL,1.0,,,,,,,,,1,,,,,
C3Z310,C3Z310_BRAFL,nan,BRAFL,1.0,,,,,,,,,1,,,,,
C3Z309,C3Z309_BRAFL,nan,BRAFL,1.0,,,,,,,,,1,,,,,
C3Z2L3,C3Z2L3_BRAFL,nan,BRAFL,1.0,,,,,,,,,1,,,,,
C3Z2A4,C3Z2A4_BRAFL,nan,BRAFL,1.0,,,,,,,,,1,,,,,
C3Z264,C3Z264_BRAFL,nan,BRAFL,1.0,,,,,,,,,1,,,,,
C3Z1X9,C3Z1X9_BRAFL,nan,BRAFL,1.0,,,,,,,,,1,,,,,
C3Z240,C3Z240_BRAFL,nan,BRAFL,1.0,,,,,,,,,1,,,,,
C3Z214,C3Z214_BRAFL,nan,BRAFL,1.0,,,,,,,,,1,,,,,
C3Z209,C3Z209_BRAFL,nan,BRAFL,1.0,,,,,,,,,1,,,,,
C3Z204,C3Z204_BRAFL,nan,BRAFL,1.0,,,,,,,,,1,,,,,
C3Z201,C3Z201_BRAFL,nan,BRAFL,1.0,,,,,,,,,1,,,,,
C3Z1Z5,C3Z1Z5_BRAFL,nan,BRAFL,1.0,,,,,,,,,1,,,,,
C3Z1Y0,C3Z1Y0_BRAFL,nan,BRAFL,1.0,,,,,,,,,1,,,,,
C3YTX1,C3YTX1_BRAFL,nan,BRAFL,1.0,,,,,,,,,1,,,,,
C3YTW9,C3YTW9_BRAFL,nan,BRAFL,1.0,,,,,,,,,1,,,,,
C3ZDK0,C3ZDK0_BRAFL,nan,BRAFL,1.0,,,,,,,,,1,,,,,
C3YKY6,C3YKY6_BRAFL,nan,BRAFL,1.0,,,,,,,,,1,,,,,
C3YHS5,C3YHS5_BRAFL,nan,BRAFL,1.0,,,,,,,,,1,,,,,
C3YHS4,C3YHS4_BRAFL,nan,BRAFL,1.0,,,,,,,,,1,,,,,
C3YHR5,C3YHR5_BRAFL,nan,BRAFL,1.0,,,,,,,,,1,,,,,
C3YHR4,C3YHR4_BRAFL,nan,BRAFL,1.0,,,,,,,,,1,,,,,
C3YHR3,C3YHR3_BRAFL,nan,BRAFL,1.0,,,,,,,,,1,,,,,
C3YHR2,C3YHR2_BRAFL,nan,BRAFL,1.0,,,,,,,,,1,,,,,
C3YHR1,C3YHR1_BRAFL,nan,BRAFL,1.0,,,,,,,,,1,,,,,
C3YHQ9,C3YHQ9_BRAFL,nan,BRAFL,1.0,,,,,,,,,1,,,,,
C3YHQ8,C3YHQ8_BRAFL,nan,BRAFL,1.0,,,,,,,,,1,,,,,
C3YHQ7,C3YHQ7_BRAFL,nan,BRAFL,1.0,,,,,,,,,1,,,,,
C3YHQ6,C3YHQ6_BRAFL,nan,BRAFL,1.0,,,,,,,,,1,,,,,
C3YHQ5,C3YHQ5_BRAFL,nan,BRAFL,1.0,,,,,,,,,1,,,,,
C3YHQ4,C3YHQ4_BRAFL,nan,BRAFL,1.0,,,,,,,,,1,,,,,
C3YHQ3,C3YHQ3_BRAFL,nan,BRAFL,1.0,,,,,,,,,1,,,,,
C3YHQ2,C3YHQ2_BRAFL,nan,BRAFL,1.0,,,,,,,,,1,,,,,
C3YHQ1,C3YHQ1_BRAFL,nan,BRAFL,1.0,,,,,,,,,1,,,,,
C3YHQ0,C3YHQ0_BRAFL,nan,BRAFL,1.0,,,,,,,,,1,,,,,
C3YHS6,C3YHS6_BRAFL,nan,BRAFL,1.0,,,,,,,,,1,,,,,
C3YHY0,C3YHY0_BRAFL,nan,BRAFL,1.0,,,,,,,,,1,,,,,
C3YI93,C3YI93_BRAFL,nan,BRAFL,1.0,,,,,,,,,1,,,,,
C3YKB0,C3YKB0_BRAFL,nan,BRAFL,1.0,,,,,,,,,1,,,,,
C3YKT3,C3YKT3_BRAFL,nan,BRAFL,1.0,,,,,,,,,1,,,,,
C3YKM0,C3YKM0_BRAFL,nan,BRAFL,1.0,,,,,,,,,1,,,,,
C3YKL9,C3YKL9_BRAFL,nan,BRAFL,1.0,,,,,,,,,1,,,,,
C3YKL8,C3YKL8_BRAFL,nan,BRAFL,1.0,,,,,,,,,1,,,,,
C3YKL7,C3YKL7_BRAFL,nan,BRAFL,1.0,,,,,,,,,1,,,,,
C3YKL5,C3YKL5_BRAFL,nan,BRAFL,1.0,,,,,,,,,1,,,,,
C3YKL4,C3YKL4_BRAFL,nan,BRAFL,1.0,,,,,,,,,1,,,,,
C3YKA8,C3YKA8_BRAFL,nan,BRAFL,1.0,,,,,,,,,1,,,,,
C3YIF9,C3YIF9_BRAFL,nan,BRAFL,1.0,,,,,,,,,1,,,,,
C3YK81,C3YK81_BRAFL,nan,BRAFL,1.0,,,,,,,,,1,,,,,
C3YK73,C3YK73_BRAFL,nan,BRAFL,1.0,,,,,,,,,1,,,,,
C3YJT3,C3YJT3_BRAFL,nan,BRAFL,1.0,,,,,,,,,1,,,,,
C3YJE3,C3YJE3_BRAFL,nan,BRAFL,1.0,,,,,,,,,1,,,,,
C3YJ85,C3YJ85_BRAFL,nan,BRAFL,1.0,,,,,,,,,1,,,,,
C3YJ53,C3YJ53_BRAFL,nan,BRAFL,1.0,,,,,,,,,1,,,,,
C3YIU5,C3YIU5_BRAFL,nan,BRAFL,1.0,,,,,,,,,1,,,,,
C3YHP9,C3YHP9_BRAFL,nan,BRAFL,1.0,,,,,,,,,1,,,,,
C3YHP8,C3YHP8_BRAFL,nan,BRAFL,1.0,,,,,,,,,1,,,,,
C3YHP6,C3YHP6_BRAFL,nan,BRAFL,1.0,,,,,,,,,1,,,,,
C3YHL2,C3YHL2_BRAFL,nan,BRAFL,1.0,,,,,,,,,1,,,,,
C3YHL9,C3YHL9_BRAFL,nan,BRAFL,1.0,,,,,,,,,1,,,,,
C3YHL8,C3YHL8_BRAFL,nan,BRAFL,1.0,,,,,,,,,1,,,,,
C3YHL7,C3YHL7_BRAFL,nan,BRAFL,1.0,,,,,,,,,1,,,,,
C3YHL6,C3YHL6_BRAFL,nan,BRAFL,1.0,,,,,,,,,1,,,,,
C3YHL5,C3YHL5_BRAFL,nan,BRAFL,1.0,,,,,,,,,1,,,,,
C3YHL4,C3YHL4_BRAFL,nan,BRAFL,1.0,,,,,,,,,1,,,,,
C3YHL3,C3YHL3_BRAFL,nan,BRAFL,1.0,,,,,,,,,1,,,,,
C3YHL1,C3YHL1_BRAFL,nan,BRAFL,1.0,,,,,,,,,1,,,,,
C3YHM1,C3YHM1_BRAFL,nan,BRAFL,1.0,,,,,,,,,1,,,,,
C3YHL0,C3YHL0_BRAFL,nan,BRAFL,1.0,,,,,,,,,1,,,,,
C3YHK9,C3YHK9_BRAFL,nan,BRAFL,1.0,,,,,,,,,1,,,,,
C3YHK8,C3YHK8_BRAFL,nan,BRAFL,1.0,,,,,,,,,1,,,,,
C3YHK7,C3YHK7_BRAFL,nan,BRAFL,1.0,,,,,,,,,1,,,,,
C3YHK6,C3YHK6_BRAFL,nan,BRAFL,1.0,,,,,,,,,1,,,,,
C3YHK5,C3YHK5_BRAFL,nan,BRAFL,1.0,,,,,,,,,1,,,,,
C3YHK4,C3YHK4_BRAFL,nan,BRAFL,1.0,,,,,,,,,1,,,,,
C3YHM0,C3YHM0_BRAFL,nan,BRAFL,1.0,,,,,,,,,1,,,,,
C3YHM2,C3YHM2_BRAFL,nan,BRAFL,1.0,,,,,,,,,1,,,,,
C3YHP5,C3YHP5_BRAFL,nan,BRAFL,1.0,,,,,,,,,1,,,,,
C3YHN3,C3YHN3_BRAFL,nan,BRAFL,1.0,,,,,,,,,1,,,,,
C3YHP4,C3YHP4_BRAFL,nan,BRAFL,1.0,,,,,,,,,1,,,,,
C3YHP3,C3YHP3_BRAFL,nan,BRAFL,1.0,,,,,,,,,1,,,,,
C3YHP1,C3YHP1_BRAFL,nan,BRAFL,1.0,,,,,,,,,1,,,,,
C3YHN7,C3YHN7_BRAFL,nan,BRAFL,1.0,,,,,,,,,1,,,,,
C3YHN6,C3YHN6_BRAFL,nan,BRAFL,1.0,,,,,,,,,1,,,,,
C3YHN5,C3YHN5_BRAFL,nan,BRAFL,1.0,,,,,,,,,1,,,,,
C3YHN4,C3YHN4_BRAFL,nan,BRAFL,1.0,,,,,,,,,1,,,,,
C3YHN2,C3YHN2_BRAFL,nan,BRAFL,1.0,,,,,,,,,1,,,,,
C3YHM3,C3YHM3_BRAFL,nan,BRAFL,1.0,,,,,,,,,1,,,,,
C3YHN1,C3YHN1_BRAFL,nan,BRAFL,1.0,,,,,,,,,1,,,,,
C3YHN0,C3YHN0_BRAFL,nan,BRAFL,1.0,,,,,,,,,1,,,,,
C3YHM9,C3YHM9_BRAFL,nan,BRAFL,1.0,,,,,,,,,1,,,,,
C3YHM8,C3YHM8_BRAFL,nan,BRAFL,1.0,,,,,,,,,1,,,,,
C3YHM7,C3YHM7_BRAFL,nan,BRAFL,1.0,,,,,,,,,1,,,,,
C3YHM6,C3YHM6_BRAFL,nan,BRAFL,1.0,,,,,,,,,1,,,,,
C3YHM4,C3YHM4_BRAFL,nan,BRAFL,1.0,,,,,,,,,1,,,,,
C3YKY3,C3YKY3_BRAFL,nan,BRAFL,1.0,,,,,,,,,1,,,,,
C3YL68,C3YL68_BRAFL,nan,BRAFL,1.0,,,,,,,,,1,,,,,
C3YTW8,C3YTW8_BRAFL,nan,BRAFL,1.0,,,,,,,,,1,,,,,
C3YLD9,C3YLD9_BRAFL,nan,BRAFL,1.0,,,,,,,,,1,,,,,
C3YSE2,C3YSE2_BRAFL,nan,BRAFL,1.0,,,,,,,,,1,,,,,
C3YS57,C3YS57_BRAFL,nan,BRAFL,1.0,,,,,,,,,1,,,,,
C3YRV9,C3YRV9_BRAFL,nan,BRAFL,1.0,,,,,,,,,1,,,,,
C3YQQ9,C3YQQ9_BRAFL,nan,BRAFL,1.0,,,,,,,,,1,,,,,
C3YQQ7,C3YQQ7_BRAFL,nan,BRAFL,1.0,,,,,,,,,1,,,,,
C3YQQ5,C3YQQ5_BRAFL,nan,BRAFL,1.0,,,,,,,,,1,,,,,
C3YQQ4,C3YQQ4_BRAFL,nan,BRAFL,1.0,,,,,,,,,1,,,,,
C3YQQ3,C3YQQ3_BRAFL,nan,BRAFL,1.0,,,,,,,,,1,,,,,
C3YQJ7,C3YQJ7_BRAFL,nan,BRAFL,1.0,,,,,,,,,1,,,,,
C3YQJ3,C3YQJ3_BRAFL,nan,BRAFL,1.0,,,,,,,,,1,,,,,
C3YQG4,C3YQG4_BRAFL,nan,BRAFL,1.0,,,,,,,,,1,,,,,
C3YPH0,C3YPH0_BRAFL,nan,BRAFL,1.0,,,,,,,,,1,,,,,
C3YP90,C3YP90_BRAFL,nan,BRAFL,1.0,,,,,,,,,1,,,,,
C3YP88,C3YP88_BRAFL,nan,BRAFL,1.0,,,,,,,,,1,,,,,
C3YP87,C3YP87_BRAFL,nan,BRAFL,1.0,,,,,,,,,1,,,,,
C3YP81,C3YP81_BRAFL,nan,BRAFL,1.0,,,,,,,,,1,,,,,
C3YP73,C3YP73_BRAFL,nan,BRAFL,1.0,,,,,,,,,1,,,,,
C3YT96,C3YT96_BRAFL,nan,BRAFL,1.0,,,,,,,,,1,,,,,
C3YTJ0,C3YTJ0_BRAFL,nan,BRAFL,1.0,,,,,,,,,1,,,,,
C3YTL4,C3YTL4_BRAFL,nan,BRAFL,1.0,,,,,,,,,1,,,,,
C3YTR9,C3YTR9_BRAFL,nan,BRAFL,1.0,,,,,,,,,1,,,,,
C3YTW7,C3YTW7_BRAFL,nan,BRAFL,1.0,,,,,,,,,1,,,,,
C3YTW3,C3YTW3_BRAFL,nan,BRAFL,1.0,,,,,,,,,1,,,,,
C3YTW2,C3YTW2_BRAFL,nan,BRAFL,1.0,,,,,,,,,1,,,,,
C3YTU6,C3YTU6_BRAFL,nan,BRAFL,1.0,,,,,,,,,1,,,,,
C3YTU5,C3YTU5_BRAFL,nan,BRAFL,1.0,,,,,,,,,1,,,,,
C3YTU0,C3YTU0_BRAFL,nan,BRAFL,1.0,,,,,,,,,1,,,,,
C3YTS0,C3YTS0_BRAFL,nan,BRAFL,1.0,,,,,,,,,1,,,,,
C3YTR7,C3YTR7_BRAFL,nan,BRAFL,1.0,,,,,,,,,1,,,,,
C3YTL5,C3YTL5_BRAFL,nan,BRAFL,1.0,,,,,,,,,1,,,,,
C3YTR6,C3YTR6_BRAFL,nan,BRAFL,1.0,,,,,,,,,1,,,,,
C3YTR4,C3YTR4_BRAFL,nan,BRAFL,1.0,,,,,,,,,1,,,,,
C3YTR3,C3YTR3_BRAFL,nan,BRAFL,1.0,,,,,,,,,1,,,,,
C3YTR2,C3YTR2_BRAFL,nan,BRAFL,1.0,,,,,,,,,1,,,,,
C3YTQ1,C3YTQ1_BRAFL,nan,BRAFL,1.0,,,,,,,,,1,,,,,
C3YTQ0,C3YTQ0_BRAFL,nan,BRAFL,1.0,,,,,,,,,1,,,,,
C3YTP6,C3YTP6_BRAFL,nan,BRAFL,1.0,,,,,,,,,1,,,,,
C3YP72,C3YP72_BRAFL,nan,BRAFL,1.0,,,,,,,,,1,,,,,
C3YP71,C3YP71_BRAFL,nan,BRAFL,1.0,,,,,,,,,1,,,,,
C3YP69,C3YP69_BRAFL,nan,BRAFL,1.0,,,,,,,,,1,,,,,
C3YME8,C3YME8_BRAFL,nan,BRAFL,1.0,,,,,,,,,1,,,,,
C3YMG5,C3YMG5_BRAFL,nan,BRAFL,1.0,,,,,,,,,1,,,,,
C3YMG4,C3YMG4_BRAFL,nan,BRAFL,1.0,,,,,,,,,1,,,,,
C3YMG2,C3YMG2_BRAFL,nan,BRAFL,1.0,,,,,,,,,1,,,,,
C3YMG1,C3YMG1_BRAFL,nan,BRAFL,1.0,,,,,,,,,1,,,,,
C3YMF9,C3YMF9_BRAFL,nan,BRAFL,1.0,,,,,,,,,1,,,,,
C3YMF5,C3YMF5_BRAFL,nan,BRAFL,1.0,,,,,,,,,1,,,,,
C3YMF4,C3YMF4_BRAFL,nan,BRAFL,1.0,,,,,,,,,1,,,,,
C3YM87,C3YM87_BRAFL,nan,BRAFL,1.0,,,,,,,,,1,,,,,
C3YMP5,C3YMP5_BRAFL,nan,BRAFL,1.0,,,,,,,,,1,,,,,
C3YM69,C3YM69_BRAFL,nan,BRAFL,1.0,,,,,,,,,1,,,,,
C3YM67,C3YM67_BRAFL,nan,BRAFL,1.0,,,,,,,,,1,,,,,
C3YM65,C3YM65_BRAFL,nan,BRAFL,1.0,,,,,,,,,1,,,,,
C3YM63,C3YM63_BRAFL,nan,BRAFL,1.0,,,,,,,,,1,,,,,
C3YM59,C3YM59_BRAFL,nan,BRAFL,1.0,,,,,,,,,1,,,,,
C3YLP7,C3YLP7_BRAFL,nan,BRAFL,1.0,,,,,,,,,1,,,,,
C3YLG0,C3YLG0_BRAFL,nan,BRAFL,1.0,,,,,,,,,,1,,,,
C3YMM6,C3YMM6_BRAFL,nan,BRAFL,1.0,,,,,,,,,1,,,,,
C3YMP8,C3YMP8_BRAFL,nan,BRAFL,1.0,,,,,,,,,1,,,,,
C3YP61,C3YP61_BRAFL,nan,BRAFL,1.0,,,,,,,,,1,,,,,
C3YND9,C3YND9_BRAFL,nan,BRAFL,1.0,,,,,,,,,1,,,,,
C3YP60,C3YP60_BRAFL,nan,BRAFL,1.0,,,,,,,,,1,,,,,
C3YP36,C3YP36_BRAFL,nan,BRAFL,1.0,,,,,,,,,1,,,,,
C3YP18,C3YP18_BRAFL,nan,BRAFL,1.0,,,,,,,,,1,,,,,
C3YNJ0,C3YNJ0_BRAFL,nan,BRAFL,1.0,,,,,,,,,1,,,,,
C3YNE2,C3YNE2_BRAFL,nan,BRAFL,1.0,,,,,,,,,1,,,,,
C3YNE1,C3YNE1_BRAFL,nan,BRAFL,1.0,,,,,,,,,1,,,,,
C3YNE0,C3YNE0_BRAFL,nan,BRAFL,1.0,,,,,,,,,1,,,,,
C3YND7,C3YND7_BRAFL,nan,BRAFL,1.0,,,,,,,,,1,,,,,
C3YMV3,C3YMV3_BRAFL,nan,BRAFL,1.0,,,,,,,,,1,,,,,
C3YND6,C3YND6_BRAFL,nan,BRAFL,1.0,,,,,,,,,1,,,,,
C3YND4,C3YND4_BRAFL,nan,BRAFL,1.0,,,,,,,,,1,,,,,
C3YNC2,C3YNC2_BRAFL,nan,BRAFL,1.0,,,,,,,,,1,,,,,
C3YNB3,C3YNB3_BRAFL,nan,BRAFL,1.0,,,,,,,,,1,,,,,
C3YNB2,C3YNB2_BRAFL,nan,BRAFL,1.0,,,,,,,,,1,,,,,
C3YNB1,C3YNB1_BRAFL,nan,BRAFL,1.0,,,,,,,,,1,,,,,
C3YNB0,C3YNB0_BRAFL,nan,BRAFL,1.0,,,,,,,,,1,,,,,
C3ZDJ8,C3ZDJ8_BRAFL,nan,BRAFL,1.0,,,,,,,,,1,,,,,
C3ZDK1,C3ZDK1_BRAFL,nan,BRAFL,1.0,,,,,,,,,1,,,,,
F7EJX8,F7EJX8_MACMU,ENSMMUP00000009479,MACMU,1.0,,,,,,,,,1,,,,,
D3YV88,nan,nan,nan,1.0,,,,,,,,,1,,,,,
C4Q0B9,nan,nan,nan,1.0,,,,,,,,,1,,,,,
C4Q0B8,nan,nan,nan,1.0,,,,,,,,,1,,,,,
C4PYY3,nan,nan,nan,1.0,,,,,,,,,1,,,,,
C4PYU5,nan,nan,nan,1.0,,,,,,,,,1,,,,,
C4A0Z6,C4A0Z6_BRAFL,nan,BRAFL,1.0,,,,,,,,,1,,,,,
C4A0V9,C4A0V9_BRAFL,nan,BRAFL,1.0,,,,,,,,,1,,,,,
C4A0S1,C4A0S1_BRAFL,nan,BRAFL,1.0,,,,,,,,,1,,,,,
C4A0Q2,C4A0Q2_BRAFL,nan,BRAFL,1.0,,,,,,,,,1,,,,,
C4A0Q1,C4A0Q1_BRAFL,nan,BRAFL,1.0,,,,,,,,,1,,,,,
C4A0Q0,C4A0Q0_BRAFL,nan,BRAFL,1.0,,,,,,,,,1,,,,,
C4A0P9,C4A0P9_BRAFL,nan,BRAFL,1.0,,,,,,,,,1,,,,,
C4A0P8,C4A0P8_BRAFL,nan,BRAFL,1.0,,,,,,,,,1,,,,,
C4A0P7,C4A0P7_BRAFL,nan,BRAFL,1.0,,,,,,,,,1,,,,,
C4A0P6,C4A0P6_BRAFL,nan,BRAFL,1.0,,,,,,,,,1,,,,,
C4A0P5,C4A0P5_BRAFL,nan,BRAFL,1.0,,,,,,,,,1,,,,,
C4A0L9,C4A0L9_BRAFL,nan,BRAFL,1.0,,,,,,,,,1,,,,,
C4A0J8,C4A0J8_BRAFL,nan,BRAFL,1.0,,,,,,,,,1,,,,,
C4Q0D4,nan,nan,nan,1.0,,,,,,,,,1,,,,,
C4Q0G7,nan,nan,nan,1.0,,,,,,,,,1,,,,,
C4Q3Q7,nan,nan,nan,1.0,,,,,,,,,1,,,,,
C4QIF4,nan,nan,nan,1.0,,,,,,,,,1,,,,,
C9JSV9,nan,nan,nan,1.0,,,,,,,,,1,,,,,
C9JN71,ZN878_HUMAN,nan,HUMAN,1.0,,,,,,,,,1,,,,,
C4XVB5,C4XVB5_DANRE,nan,DANRE,1.0,,,,,,,,,1,,,,,
C4XVB4,C4XVB4_DANRE,nan,DANRE,1.0,,,,,,,,,1,,,,,
C4QRH8,nan,nan,nan,1.0,,,,,,,,,1,,,,,
C4QMI0,C4QMI0_SCHMA,nan,SCHMA,1.0,,,,,,,,,1,,,,,
C4QM39,nan,nan,nan,1.0,,,,,,,,,1,,,,,
C4QIF3,nan,nan,nan,1.0,,,,,,,,,1,,,,,
C4Q3R4,nan,nan,nan,1.0,,,,,,,,,1,,,,,
C4QDW1,nan,nan,nan,1.0,,,,,,,,,1,,,,,
C4QBZ1,nan,nan,nan,1.0,,,,,,,,,1,,,,,
C4Q8Y7,nan,nan,nan,1.0,,,,,,,,,1,,,,,
C4Q885,nan,nan,nan,1.0,,,,,,,,,1,,,,,
C4Q6T5,nan,nan,nan,1.0,,,,,,,,,1,,,,,
C4Q6D2,nan,nan,nan,1.0,,,,,,,,,1,,,,,
C4Q611,nan,nan,nan,1.0,,,,,,,,,1,,,,,
C4A0I7,C4A0I7_BRAFL,nan,BRAFL,1.0,,,,,,,,,1,,,,,
C4A0F8,C4A0F8_BRAFL,nan,BRAFL,1.0,,,,,,,,,1,,,,,
C4A0C2,C4A0C2_BRAFL,nan,BRAFL,1.0,,,,,,,,,1,,,,,
C3ZY42,C3ZY42_BRAFL,nan,BRAFL,1.0,,,,,,,,,1,,,,,
C3ZY74,C3ZY74_BRAFL,nan,BRAFL,1.0,,,,,,,,,1,,,,,
C3ZY73,C3ZY73_BRAFL,nan,BRAFL,1.0,,,,,,,,,1,,,,,
C3ZY71,C3ZY71_BRAFL,nan,BRAFL,1.0,,,,,,,,,1,,,,,
C3ZY70,C3ZY70_BRAFL,nan,BRAFL,1.0,,,,,,,,,1,,,,,
C3ZY55,C3ZY55_BRAFL,nan,BRAFL,1.0,,,,,,,,,1,,,,,
C3ZY49,C3ZY49_BRAFL,nan,BRAFL,1.0,,,,,,,,,1,,,,,
C3ZY45,C3ZY45_BRAFL,nan,BRAFL,1.0,,,,,,,,,1,,,,,
C3ZY39,C3ZY39_BRAFL,nan,BRAFL,1.0,,,,,,,,,1,,,,,
C3ZYK8,C3ZYK8_BRAFL,nan,BRAFL,1.0,,,,,,,,,1,,,,,
C3ZY36,C3ZY36_BRAFL,nan,BRAFL,1.0,,,,,,,,,1,,,,,
C3ZY17,C3ZY17_BRAFL,nan,BRAFL,1.0,,,,,,,,,1,,,,,
C3ZY14,C3ZY14_BRAFL,nan,BRAFL,1.0,,,,,,,,,1,,,,,
C3ZY13,C3ZY13_BRAFL,nan,BRAFL,1.0,,,,,,,,,1,,,,,
C3ZXQ8,C3ZXQ8_BRAFL,nan,BRAFL,1.0,,,,,,,,,1,,,,,
C3ZXN9,C3ZXN9_BRAFL,nan,BRAFL,1.0,,,,,,,,,1,,,,,
C3ZXB0,C3ZXB0_BRAFL,nan,BRAFL,1.0,,,,,,,,,1,,,,,
C3ZY82,C3ZY82_BRAFL,nan,BRAFL,1.0,,,,,,,,,1,,,,,
C3ZYK9,C3ZYK9_BRAFL,nan,BRAFL,1.0,,,,,,,,,1,,,,,
C4A0C1,C4A0C1_BRAFL,nan,BRAFL,1.0,,,,,,,,,1,,,,,
C3ZZW5,C3ZZW5_BRAFL,nan,BRAFL,1.0,,,,,,,,,1,,,,,
C4A0C0,C4A0C0_BRAFL,nan,BRAFL,1.0,,,,,,,,,1,,,,,
C4A0B9,C4A0B9_BRAFL,nan,BRAFL,1.0,,,,,,,,,1,,,,,
C4A0A4,C4A0A4_BRAFL,nan,BRAFL,1.0,,,,,,,,,1,,,,,
C4A0A2,C4A0A2_BRAFL,nan,BRAFL,1.0,,,,,,,,,1,,,,,
C4A0A1,C4A0A1_BRAFL,nan,BRAFL,1.0,,,,,,,,,1,,,,,
C4A003,C4A003_BRAFL,nan,BRAFL,1.0,,,,,,,,,1,,,,,
C3ZZW7,C3ZZW7_BRAFL,nan,BRAFL,1.0,,,,,,,,,1,,,,,
C3ZZ16,C3ZZ16_BRAFL,nan,BRAFL,1.0,,,,,,,,,1,,,,,
C3ZYL0,C3ZYL0_BRAFL,nan,BRAFL,1.0,,,,,,,,,1,,,,,
C3ZYZ3,C3ZYZ3_BRAFL,nan,BRAFL,1.0,,,,,,,,,1,,,,,
C3ZYU5,C3ZYU5_BRAFL,nan,BRAFL,1.0,,,,,,,,,1,,,,,
C3ZYU4,C3ZYU4_BRAFL,nan,BRAFL,1.0,,,,,,,,,1,,,,,
C3ZYT9,C3ZYT9_BRAFL,nan,BRAFL,1.0,,,,,,,,,1,,,,,
C3ZYL3,C3ZYL3_BRAFL,nan,BRAFL,1.0,,,,,,,,,1,,,,,
C3ZYL2,C3ZYL2_BRAFL,nan,BRAFL,1.0,,,,,,,,,1,,,,,
C3ZYL1,C3ZYL1_BRAFL,nan,BRAFL,1.0,,,,,,,,,1,,,,,
D2DPB0,D2DPB0_CHICK,nan,CHICK,1.0,,,,,,,,,1,,,,,
D3YYM0,OVOL3_MOUSE,nan,MOUSE,1.0,,,,,,,,,1,,,,,
C3ZXA8,C3ZXA8_BRAFL,nan,BRAFL,1.0,,,,,,,,,1,,,,,
D3Z0W3,D3Z0W3_MOUSE,nan,MOUSE,1.0,,,,,,,,,1,,,,,
D3ZSW3,D3ZSW3_RAT,nan,RAT,1.0,,,,,,,,,1,,,,,
D3ZRX1,D3ZRX1_RAT,nan,RAT,1.0,,,,,,,,,1,,,,,
D3ZRH5,D3ZRH5_RAT,nan,RAT,1.0,,,,,,,,,1,,,,,
D3ZRG3,D3ZRG3_RAT,nan,RAT,1.0,,,,,,,,,1,,,,,
D3ZR88,D3ZR88_RAT,nan,RAT,1.0,,,,,,,,,1,,,,,
D3ZQW0,D3ZQW0_RAT,nan,RAT,1.0,,,,,,,,,1,,,,,
D3ZQI7,D3ZQI7_RAT,nan,RAT,1.0,,,,,,,,,1,,,,,
D3ZQ68,D3ZQ68_RAT,nan,RAT,1.0,,,,,,,,,1,,,,,
D3ZPP0,D3ZPP0_RAT,nan,RAT,1.0,,,,,,,,,1,,,,,
D3ZPM6,D3ZPM6_RAT,nan,RAT,1.0,,,,,,,,,1,,,,,
D3ZP93,D3ZP93_RAT,nan,RAT,1.0,,,,,,,,,1,,,,,
D3ZNW1,D3ZNW1_RAT,nan,RAT,1.0,,,,,,,,,1,,,,,
D3ZNS5,D3ZNS5_RAT,nan,RAT,1.0,,,,,,,,,1,,,,,
D3ZNQ5,D3ZNQ5_RAT,nan,RAT,1.0,,,,,,,,,1,,,,,
D3ZN28,D3ZN28_RAT,nan,RAT,1.0,,,,,,,,,1,,,,,
D3ZMX0,D3ZMX0_RAT,nan,RAT,1.0,,,,,,,,,1,,,,,
D3ZM47,D3ZM47_RAT,nan,RAT,1.0,,,,,,,,,1,,,,,
D3ZT76,D3ZT76_RAT,nan,RAT,1.0,,,,,,,,,1,,,,,
D3ZTH5,nan,nan,nan,1.0,,,,,,,,,1,,,,,
D3ZTQ4,nan,nan,nan,1.0,,,,,,,,,1,,,,,
D3ZWE2,nan,nan,nan,1.0,,,,,,,,,1,,,,,
D3ZYA2,D3ZYA2_RAT,nan,RAT,1.0,,,,,,,,,1,,,,,
D3ZY01,D3ZY01_RAT,nan,RAT,1.0,,,,,,,,,1,,,,,
D3ZXZ7,nan,nan,nan,1.0,,,,,,,,,1,,,,,
D3ZXU0,D3ZXU0_RAT,nan,RAT,1.0,,,,,,,,,1,,,,,
D3ZXN6,D3ZXN6_RAT,nan,RAT,1.0,,,,,,,,,1,,,,,
D3ZXJ3,D3ZXJ3_RAT,nan,RAT,1.0,,,,,,,,,1,,,,,
D3ZXI4,nan,nan,nan,1.0,,,,,,,,,1,,,,,
D3ZWB8,nan,nan,nan,1.0,,,,,,,,,1,,,,,
D3ZUD1,D3ZUD1_RAT,nan,RAT,1.0,,,,,,,,,1,,,,,
D3ZVT0,D3ZVT0_RAT,nan,RAT,1.0,,,,,,,,,1,,,,,
D3ZVD4,D3ZVD4_RAT,nan,RAT,1.0,,,,,,,,,1,,,,,
D3ZV88,D3ZV88_RAT,nan,RAT,1.0,,,,,,,,,1,,,,,
D3ZV58,nan,nan,nan,1.0,,,,,,,,,1,,,,,
D3ZUX9,nan,nan,nan,1.0,,,,,,,,,1,,,,,
D3ZUU2,GZF1_RAT,nan,RAT,1.0,,,,,,,,,1,,,,,
D3ZUE7,D3ZUE7_RAT,nan,RAT,1.0,,,,,,,,,1,,,,,
D3ZLR3,D3ZLR3_RAT,nan,RAT,1.0,,,,,,,,,1,,,,,
D3ZLM0,nan,nan,nan,1.0,,,,,,,,,1,,,,,
D3ZKP7,D3ZKP7_RAT,nan,RAT,1.0,,,,,,,,,1,,,,,
D3ZBN5,D3ZBN5_RAT,nan,RAT,1.0,,,,,,,,,1,,,,,
D3ZDM8,D3ZDM8_RAT,nan,RAT,1.0,,,,,,,,,1,,,,,
D3ZDA9,nan,nan,nan,1.0,,,,,,,,,1,,,,,
D3ZCL4,D3ZCL4_RAT,nan,RAT,1.0,,,,,,,,,1,,,,,
D3ZCK0,D3ZCK0_RAT,nan,RAT,1.0,,,,,,,,,1,,,,,
D3ZCJ8,D3ZCJ8_RAT,nan,RAT,1.0,,,,,,,,,1,,,,,
D3ZCC2,D3ZCC2_RAT,nan,RAT,1.0,,,,,,,,,1,,,,,
D3ZC02,D3ZC02_RAT,nan,RAT,1.0,,,,,,,,,1,,,,,
D3ZBM1,nan,nan,nan,1.0,,,,,,,,,1,,,,,
D3ZDY7,nan,nan,nan,1.0,,,,,,,,,1,,,,,
D3ZBK4,D3ZBK4_RAT,nan,RAT,1.0,,,,,,,,,1,,,,,
D3ZBF9,nan,nan,nan,1.0,,,,,,,,,1,,,,,
D3ZAK3,D3ZAK3_RAT,nan,RAT,1.0,,,,,,,,,1,,,,,
D3ZAJ8,D3ZAJ8_RAT,nan,RAT,1.0,,,,,,,,,1,,,,,
D3Z9A8,D3Z9A8_RAT,nan,RAT,1.0,,,,,,,,,1,,,,,
D3Z901,D3Z901_RAT,nan,RAT,1.0,,,,,,,,,1,,,,,
D3Z4G8,nan,nan,nan,1.0,,,,,,,,,1,,,,,
D3ZDN6,D3ZDN6_RAT,nan,RAT,1.0,,,,,,,,,1,,,,,
D3ZE74,D3ZE74_RAT,nan,RAT,1.0,,,,,,,,,1,,,,,
D3ZKK4,D3ZKK4_RAT,nan,RAT,1.0,,,,,,,,,1,,,,,
D3ZHM3,nan,nan,nan,1.0,,,,,,,,,1,,,,,
D3ZKH1,D3ZKH1_RAT,nan,RAT,1.0,,,,,,,,,1,,,,,
D3ZJW5,D3ZJW5_RAT,nan,RAT,1.0,,,,,,,,,1,,,,,
D3ZJ04,D3ZJ04_RAT,nan,RAT,1.0,,,,,,,,,1,,,,,
D3ZIP9,D3ZIP9_RAT,nan,RAT,1.0,,,,,,,,,1,,,,,
D3ZIN6,D3ZIN6_RAT,nan,RAT,1.0,,,,,,,,,1,,,,,
D3ZIG3,D3ZIG3_RAT,nan,RAT,1.0,,,,,,,,,1,,,,,
D3ZI20,D3ZI20_RAT,nan,RAT,1.0,,,,,,,,,1,,,,,
D3ZGK0,D3ZGK0_RAT,nan,RAT,1.0,,,,,,,,,1,,,,,
D3ZF90,nan,nan,nan,1.0,,,,,,,,,1,,,,,
D3ZGH2,D3ZGH2_RAT,nan,RAT,1.0,,,,,,,,,1,,,,,
D3ZGA9,D3ZGA9_RAT,nan,RAT,1.0,,,,,,,,,1,,,,,
D3ZFZ1,D3ZFZ1_RAT,nan,RAT,1.0,,,,,,,,,1,,,,,
D3ZFY5,nan,nan,nan,1.0,,,,,,,,,1,,,,,
D3ZFY2,D3ZFY2_RAT,nan,RAT,1.0,,,,,,,,,1,,,,,
D3ZFN4,D3ZFN4_RAT,nan,RAT,1.0,,,,,,,,,1,,,,,
D3ZFK2,nan,nan,nan,1.0,,,,,,,,,1,,,,,
C3ZXA9,C3ZXA9_BRAFL,nan,BRAFL,1.0,,,,,,,,,1,,,,,
C3ZX61,C3ZX61_BRAFL,nan,BRAFL,1.0,,,,,,,,,1,,,,,
C3ZDK2,C3ZDK2_BRAFL,nan,BRAFL,1.0,,,,,,,,,1,,,,,
C3ZQ92,C3ZQ92_BRAFL,nan,BRAFL,1.0,,,,,,,,,1,,,,,
C3ZL46,C3ZL46_BRAFL,nan,BRAFL,1.0,,,,,,,,,1,,,,,
C3ZL45,C3ZL45_BRAFL,nan,BRAFL,1.0,,,,,,,,,1,,,,,
C3ZL42,C3ZL42_BRAFL,nan,BRAFL,1.0,,,,,,,,,1,,,,,
C3ZL38,C3ZL38_BRAFL,nan,BRAFL,1.0,,,,,,,,,1,,,,,
C3ZL31,C3ZL31_BRAFL,nan,BRAFL,1.0,,,,,,,,,1,,,,,
C3ZL30,C3ZL30_BRAFL,nan,BRAFL,1.0,,,,,,,,,1,,,,,
C3ZL15,C3ZL15_BRAFL,nan,BRAFL,1.0,,,,,,,,,1,,,,,
C3ZL14,C3ZL14_BRAFL,nan,BRAFL,1.0,,,,,,,,,1,,,,,
C3ZKT8,C3ZKT8_BRAFL,nan,BRAFL,1.0,,,,,,,,,1,,,,,
C3ZKT6,C3ZKT6_BRAFL,nan,BRAFL,1.0,,,,,,,,,1,,,,,
C3ZKI3,C3ZKI3_BRAFL,nan,BRAFL,1.0,,,,,,,,,1,,,,,
C3ZKI1,C3ZKI1_BRAFL,nan,BRAFL,1.0,,,,,,,,,1,,,,,
C3ZKI0,C3ZKI0_BRAFL,nan,BRAFL,1.0,,,,,,,,,1,,,,,
C3ZKH9,C3ZKH9_BRAFL,nan,BRAFL,1.0,,,,,,,,,1,,,,,
C3ZKH8,C3ZKH8_BRAFL,nan,BRAFL,1.0,,,,,,,,,1,,,,,
C3ZKH7,C3ZKH7_BRAFL,nan,BRAFL,1.0,,,,,,,,,1,,,,,
C3ZK74,C3ZK74_BRAFL,nan,BRAFL,1.0,,,,,,,,,1,,,,,
C3ZL55,C3ZL55_BRAFL,nan,BRAFL,1.0,,,,,,,,,1,,,,,
C3ZL57,C3ZL57_BRAFL,nan,BRAFL,1.0,,,,,,,,,1,,,,,
C3ZLR7,C3ZLR7_BRAFL,nan,BRAFL,1.0,,,,,,,,,1,,,,,
C3ZP62,C3ZP62_BRAFL,nan,BRAFL,1.0,,,,,,,,,1,,,,,
C3ZQ70,C3ZQ70_BRAFL,nan,BRAFL,1.0,,,,,,,,,1,,,,,
C3ZPU5,C3ZPU5_BRAFL,nan,BRAFL,1.0,,,,,,,,,1,,,,,
C3ZPU0,C3ZPU0_BRAFL,nan,BRAFL,1.0,,,,,,,,,1,,,,,
C3ZPS7,C3ZPS7_BRAFL,nan,BRAFL,1.0,,,,,,,,,1,,,,,
C3ZPQ0,C3ZPQ0_BRAFL,nan,BRAFL,1.0,,,,,,,,,1,,,,,
C3ZPP2,C3ZPP2_BRAFL,nan,BRAFL,1.0,,,,,,,,,1,,,,,
C3ZPL8,C3ZPL8_BRAFL,nan,BRAFL,1.0,,,,,,,,,1,,,,,
C3ZP01,C3ZP01_BRAFL,nan,BRAFL,1.0,,,,,,,,,1,,,,,
C3ZLV3,C3ZLV3_BRAFL,nan,BRAFL,1.0,,,,,,,,,1,,,,,
C3ZNV9,C3ZNV9_BRAFL,nan,BRAFL,1.0,,,,,,,,,1,,,,,
C3ZNV8,C3ZNV8_BRAFL,nan,BRAFL,1.0,,,,,,,,,1,,,,,
C3ZNL8,C3ZNL8_BRAFL,nan,BRAFL,1.0,,,,,,,,,1,,,,,
C3ZNL7,C3ZNL7_BRAFL,nan,BRAFL,1.0,,,,,,,,,1,,,,,
C3ZN43,C3ZN43_BRAFL,nan,BRAFL,1.0,,,,,,,,,1,,,,,
C3ZMM9,C3ZMM9_BRAFL,nan,BRAFL,1.0,,,,,,,,,1,,,,,
C3ZM05,C3ZM05_BRAFL,nan,BRAFL,1.0,,,,,,,,,1,,,,,
C3ZK43,C3ZK43_BRAFL,nan,BRAFL,1.0,,,,,,,,,1,,,,,
C3ZHZ2,C3ZHZ2_BRAFL,nan,BRAFL,1.0,,,,,,,,,1,,,,,
C3ZHI4,C3ZHI4_BRAFL,nan,BRAFL,1.0,,,,,,,,,1,,,,,
C3ZDL2,C3ZDL2_BRAFL,nan,BRAFL,1.0,,,,,,,,,1,,,,,
C3ZDN6,C3ZDN6_BRAFL,nan,BRAFL,1.0,,,,,,,,,1,,,,,
C3ZDN0,C3ZDN0_BRAFL,nan,BRAFL,1.0,,,,,,,,,1,,,,,
C3ZDM5,C3ZDM5_BRAFL,nan,BRAFL,1.0,,,,,,,,,1,,,,,
C3ZDM3,C3ZDM3_BRAFL,nan,BRAFL,1.0,,,,,,,,,1,,,,,
C3ZDL7,C3ZDL7_BRAFL,nan,BRAFL,1.0,,,,,,,,,1,,,,,
C3ZDL5,C3ZDL5_BRAFL,nan,BRAFL,1.0,,,,,,,,,1,,,,,
C3ZDL3,C3ZDL3_BRAFL,nan,BRAFL,1.0,,,,,,,,,1,,,,,
C3ZDL0,C3ZDL0_BRAFL,nan,BRAFL,1.0,,,,,,,,,1,,,,,
C3ZDN9,C3ZDN9_BRAFL,nan,BRAFL,1.0,,,,,,,,,1,,,,,
C3ZDK9,C3ZDK9_BRAFL,nan,BRAFL,1.0,,,,,,,,,1,,,,,
C3ZDK8,C3ZDK8_BRAFL,nan,BRAFL,1.0,,,,,,,,,1,,,,,
C3ZDK7,C3ZDK7_BRAFL,nan,BRAFL,1.0,,,,,,,,,1,,,,,
C3ZDK6,C3ZDK6_BRAFL,nan,BRAFL,1.0,,,,,,,,,1,,,,,
C3ZDK5,C3ZDK5_BRAFL,nan,BRAFL,1.0,,,,,,,,,1,,,,,
C3ZDK4,C3ZDK4_BRAFL,nan,BRAFL,1.0,,,,,,,,,1,,,,,
C3ZDK3,C3ZDK3_BRAFL,nan,BRAFL,1.0,,,,,,,,,1,,,,,
C3ZDN8,C3ZDN8_BRAFL,nan,BRAFL,1.0,,,,,,,,,1,,,,,
C3ZDP0,C3ZDP0_BRAFL,nan,BRAFL,1.0,,,,,,,,,1,,,,,
C3ZH83,C3ZH83_BRAFL,nan,BRAFL,1.0,,,,,,,,,1,,,,,
C3ZFW3,C3ZFW3_BRAFL,nan,BRAFL,1.0,,,,,,,,,1,,,,,
C3ZGY2,C3ZGY2_BRAFL,nan,BRAFL,1.0,,,,,,,,,1,,,,,
C3ZGS0,C3ZGS0_BRAFL,nan,BRAFL,1.0,,,,,,,,,1,,,,,
C3ZGR7,C3ZGR7_BRAFL,nan,BRAFL,1.0,,,,,,,,,1,,,,,
C3ZGR5,C3ZGR5_BRAFL,nan,BRAFL,1.0,,,,,,,,,1,,,,,
C3ZGQ8,C3ZGQ8_BRAFL,nan,BRAFL,1.0,,,,,,,,,1,,,,,
C3ZG09,C3ZG09_BRAFL,nan,BRAFL,1.0,,,,,,,,,1,,,,,
C3ZG04,C3ZG04_BRAFL,nan,BRAFL,1.0,,,,,,,,,1,,,,,
C3ZFV8,C3ZFV8_BRAFL,nan,BRAFL,1.0,,,,,,,,,1,,,,,
C3ZE44,C3ZE44_BRAFL,nan,BRAFL,1.0,,,,,,,,,1,,,,,
C3ZFM3,C3ZFM3_BRAFL,nan,BRAFL,1.0,,,,,,,,,1,,,,,
C3ZFF3,C3ZFF3_BRAFL,nan,BRAFL,1.0,,,,,,,,,1,,,,,
C3ZFF1,C3ZFF1_BRAFL,nan,BRAFL,1.0,,,,,,,,,1,,,,,
C3ZFF0,C3ZFF0_BRAFL,nan,BRAFL,1.0,,,,,,,,,1,,,,,
C3ZFE9,C3ZFE9_BRAFL,nan,BRAFL,1.0,,,,,,,,,1,,,,,
C3ZES9,C3ZES9_BRAFL,nan,BRAFL,1.0,,,,,,,,,1,,,,,
C3ZES7,C3ZES7_BRAFL,nan,BRAFL,1.0,,,,,,,,,1,,,,,
C3ZQ86,C3ZQ86_BRAFL,nan,BRAFL,1.0,,,,,,,,,1,,,,,
C3ZQL8,C3ZQL8_BRAFL,nan,BRAFL,1.0,,,,,,,,,1,,,,,
C3ZWS5,C3ZWS5_BRAFL,nan,BRAFL,1.0,,,,,,,,,1,,,,,
C3ZQM3,C3ZQM3_BRAFL,nan,BRAFL,1.0,,,,,,,,,1,,,,,
C3ZU97,C3ZU97_BRAFL,nan,BRAFL,1.0,,,,,,,,,,1,,,,
C3ZU94,C3ZU94_BRAFL,nan,BRAFL,1.0,,,,,,,,,1,,,,,
C3ZU87,C3ZU87_BRAFL,nan,BRAFL,1.0,,,,,,,,,1,,,,,
C3ZU85,C3ZU85_BRAFL,nan,BRAFL,1.0,,,,,,,,,1,,,,,
C3ZTK1,C3ZTK1_BRAFL,nan,BRAFL,1.0,,,,,,,,,1,,,,,
C3ZT77,C3ZT77_BRAFL,nan,BRAFL,1.0,,,,,,,,,1,,,,,
C3ZT30,C3ZT30_BRAFL,nan,BRAFL,1.0,,,,,,,,,1,,,,,
C3ZSW2,C3ZSW2_BRAFL,nan,BRAFL,1.0,,,,,,,,,1,,,,,
C3ZSV5,C3ZSV5_BRAFL,nan,BRAFL,1.0,,,,,,,,,1,,,,,
C3ZSQ1,C3ZSQ1_BRAFL,nan,BRAFL,1.0,,,,,,,,,1,,,,,
C3ZSN9,C3ZSN9_BRAFL,nan,BRAFL,1.0,,,,,,,,,1,,,,,
C3ZSM4,C3ZSM4_BRAFL,nan,BRAFL,1.0,,,,,,,,,1,,,,,
C3ZSD7,C3ZSD7_BRAFL,nan,BRAFL,1.0,,,,,,,,,1,,,,,
C3ZS41,C3ZS41_BRAFL,nan,BRAFL,1.0,,,,,,,,,1,,,,,
C3ZS35,C3ZS35_BRAFL,nan,BRAFL,1.0,,,,,,,,,1,,,,,
C3ZS34,C3ZS34_BRAFL,nan,BRAFL,1.0,,,,,,,,,1,,,,,
C3ZS27,C3ZS27_BRAFL,nan,BRAFL,1.0,,,,,,,,,1,,,,,
C3ZUC9,C3ZUC9_BRAFL,nan,BRAFL,1.0,,,,,,,,,1,,,,,
C3ZUY1,C3ZUY1_BRAFL,nan,BRAFL,1.0,,,,,,,,,1,,,,,
C3ZUY7,C3ZUY7_BRAFL,nan,BRAFL,1.0,,,,,,,,,1,,,,,
C3ZVF7,C3ZVF7_BRAFL,nan,BRAFL,1.0,,,,,,,,,1,,,,,
C3ZWC1,C3ZWC1_BRAFL,nan,BRAFL,1.0,,,,,,,,,1,,,,,
C3ZVH2,C3ZVH2_BRAFL,nan,BRAFL,1.0,,,,,,,,,1,,,,,
C3ZVH1,C3ZVH1_BRAFL,nan,BRAFL,1.0,,,,,,,,,1,,,,,
C3ZVG8,C3ZVG8_BRAFL,nan,BRAFL,1.0,,,,,,,,,1,,,,,
C3ZVG7,C3ZVG7_BRAFL,nan,BRAFL,1.0,,,,,,,,,1,,,,,
C3ZVG6,C3ZVG6_BRAFL,nan,BRAFL,1.0,,,,,,,,,1,,,,,
C3ZVG0,C3ZVG0_BRAFL,nan,BRAFL,1.0,,,,,,,,,1,,,,,
C3ZVF4,C3ZVF4_BRAFL,nan,BRAFL,1.0,,,,,,,,,1,,,,,
C3ZUZ1,C3ZUZ1_BRAFL,nan,BRAFL,1.0,,,,,,,,,1,,,,,
C3ZVF0,C3ZVF0_BRAFL,nan,BRAFL,1.0,,,,,,,,,1,,,,,
C3ZVE4,C3ZVE4_BRAFL,nan,BRAFL,1.0,,,,,,,,,1,,,,,
C3ZVE3,C3ZVE3_BRAFL,nan,BRAFL,1.0,,,,,,,,,1,,,,,
C3ZVD5,C3ZVD5_BRAFL,nan,BRAFL,1.0,,,,,,,,,1,,,,,
C3ZV15,C3ZV15_BRAFL,nan,BRAFL,1.0,,,,,,,,,1,,,,,
C3ZV07,C3ZV07_BRAFL,nan,BRAFL,1.0,,,,,,,,,1,,,,,
C3ZUZ6,C3ZUZ6_BRAFL,nan,BRAFL,1.0,,,,,,,,,1,,,,,
C3ZRG2,C3ZRG2_BRAFL,nan,BRAFL,1.0,,,,,,,,,1,,,,,
C3ZRD0,C3ZRD0_BRAFL,nan,BRAFL,1.0,,,,,,,,,1,,,,,
C3ZRC8,C3ZRC8_BRAFL,nan,BRAFL,1.0,,,,,,,,,1,,,,,
C3ZR78,C3ZR78_BRAFL,nan,BRAFL,1.0,,,,,,,,,1,,,,,
C3ZR89,C3ZR89_BRAFL,nan,BRAFL,1.0,,,,,,,,,1,,,,,
C3ZR88,C3ZR88_BRAFL,nan,BRAFL,1.0,,,,,,,,,1,,,,,
C3ZR86,C3ZR86_BRAFL,nan,BRAFL,1.0,,,,,,,,,1,,,,,
C3ZR85,C3ZR85_BRAFL,nan,BRAFL,1.0,,,,,,,,,1,,,,,
C3ZR84,C3ZR84_BRAFL,nan,BRAFL,1.0,,,,,,,,,1,,,,,
C3ZR80,C3ZR80_BRAFL,nan,BRAFL,1.0,,,,,,,,,1,,,,,
C3ZR79,C3ZR79_BRAFL,nan,BRAFL,1.0,,,,,,,,,1,,,,,
C3ZR77,C3ZR77_BRAFL,nan,BRAFL,1.0,,,,,,,,,1,,,,,
C3ZR93,C3ZR93_BRAFL,nan,BRAFL,1.0,,,,,,,,,1,,,,,
C3ZR76,C3ZR76_BRAFL,nan,BRAFL,1.0,,,,,,,,,1,,,,,
C3ZR54,C3ZR54_BRAFL,nan,BRAFL,1.0,,,,,,,,,1,,,,,
C3ZR53,C3ZR53_BRAFL,nan,BRAFL,1.0,,,,,,,,,1,,,,,
C3ZQW5,C3ZQW5_BRAFL,nan,BRAFL,1.0,,,,,,,,,1,,,,,
C3ZQS6,C3ZQS6_BRAFL,nan,BRAFL,1.0,,,,,,,,,1,,,,,
C3ZQN7,C3ZQN7_BRAFL,nan,BRAFL,1.0,,,,,,,,,1,,,,,
C3ZQM6,C3ZQM6_BRAFL,nan,BRAFL,1.0,,,,,,,,,1,,,,,
C3ZR90,C3ZR90_BRAFL,nan,BRAFL,1.0,,,,,,,,,1,,,,,
C3ZR95,C3ZR95_BRAFL,nan,BRAFL,1.0,,,,,,,,,1,,,,,
C3ZRC6,C3ZRC6_BRAFL,nan,BRAFL,1.0,,,,,,,,,1,,,,,
C3ZRB6,C3ZRB6_BRAFL,nan,BRAFL,1.0,,,,,,,,,1,,,,,
C3ZRC5,C3ZRC5_BRAFL,nan,BRAFL,1.0,,,,,,,,,1,,,,,
C3ZRC4,C3ZRC4_BRAFL,nan,BRAFL,1.0,,,,,,,,,1,,,,,
C3ZRC3,C3ZRC3_BRAFL,nan,BRAFL,1.0,,,,,,,,,1,,,,,
C3ZRC2,C3ZRC2_BRAFL,nan,BRAFL,1.0,,,,,,,,,1,,,,,
C3ZRC0,C3ZRC0_BRAFL,nan,BRAFL,1.0,,,,,,,,,1,,,,,
C3ZRB9,C3ZRB9_BRAFL,nan,BRAFL,1.0,,,,,,,,,1,,,,,
C3ZRB8,C3ZRB8_BRAFL,nan,BRAFL,1.0,,,,,,,,,1,,,,,
C3ZRB5,C3ZRB5_BRAFL,nan,BRAFL,1.0,,,,,,,,,1,,,,,
C3ZR96,C3ZR96_BRAFL,nan,BRAFL,1.0,,,,,,,,,1,,,,,
C3ZRB3,C3ZRB3_BRAFL,nan,BRAFL,1.0,,,,,,,,,1,,,,,
C3ZRA7,C3ZRA7_BRAFL,nan,BRAFL,1.0,,,,,,,,,1,,,,,
C3ZRA5,C3ZRA5_BRAFL,nan,BRAFL,1.0,,,,,,,,,1,,,,,
C3ZRA3,C3ZRA3_BRAFL,nan,BRAFL,1.0,,,,,,,,,1,,,,,
C3ZRA1,C3ZRA1_BRAFL,nan,BRAFL,1.0,,,,,,,,,1,,,,,
C3ZR99,C3ZR99_BRAFL,nan,BRAFL,1.0,,,,,,,,,1,,,,,
C3ZR97,C3ZR97_BRAFL,nan,BRAFL,1.0,,,,,,,,,1,,,,,
C3YHK3,C3YHK3_BRAFL,nan,BRAFL,1.0,,,,,,,,,1,,,,,
C3YHK2,C3YHK2_BRAFL,nan,BRAFL,1.0,,,,,,,,,1,,,,,
C3YHK1,C3YHK1_BRAFL,nan,BRAFL,1.0,,,,,,,,,1,,,,,
A8MTY0,ZN724_HUMAN,nan,HUMAN,1.0,,,,,,,,,1,,,,,
A8E519,A8E519_DANRE,nan,DANRE,1.0,,,,,,,,,1,,,,,
A8E501,A8E501_DANRE,nan,DANRE,1.0,,,,,,,,,1,,,,,
A8E4S4,A8E4S4_DANRE,nan,DANRE,1.0,,,,,,,,,1,,,,,
A8E4M3,A8E4M3_BOVIN,ENSBTAP00000049954,BOVIN,1.0,,,,,,,,,1,,,,,
A8DZG6,A8DZG6_DANRE,nan,DANRE,1.0,,,,,,,,,1,,,,,
A8DZC7,A8DZC7_DANRE,nan,DANRE,1.0,,,,,,,,,1,,,,,
A8DZC6,A8DZC6_DANRE,nan,DANRE,1.0,,,,,,,,,1,,,,,
A8DZC3,A8DZC3_DANRE,nan,DANRE,1.0,,,,,,,,,1,,,,,
A8DZC2,A8DZC2_DANRE,nan,DANRE,1.0,,,,,,,,,1,,,,,
A8DZB7,A8DZB7_DANRE,nan,DANRE,1.0,,,,,,,,,1,,,,,
A8DZA8,nan,nan,nan,1.0,,,,,,,,,1,,,,,
A8DWF0,A8DWF0_NEMVE,nan,NEMVE,1.0,,,,,,,,,1,,,,,
A7YYC7,A7YYC7_DANRE,nan,DANRE,1.0,,,,,,,,,1,,,,,
A7YYC6,A7YYC6_DANRE,nan,DANRE,1.0,,,,,,,,,1,,,,,
A7YYC5,A7YYC5_DANRE,nan,DANRE,1.0,,,,,,,,,1,,,,,
A7YYC4,A7YYC4_DANRE,nan,DANRE,1.0,,,,,,,,,1,,,,,
A7YYB7,A7YYB7_DANRE,nan,DANRE,1.0,,,,,,,,,1,,,,,
A8E5B1,A8E5B1_DANRE,nan,DANRE,1.0,,,,,,,,,1,,,,,
A8E5E0,A8E5E0_DANRE,nan,DANRE,1.0,,,,,,,,,1,,,,,
A8K1G6,A8K1G6_HUMAN,nan,HUMAN,1.0,,,,,,,,,1,,,,,
A8KBV5,A8KBV5_DANRE,nan,DANRE,1.0,,,,,,,,,1,,,,,
A8MQ14,ZN850_HUMAN,nan,HUMAN,1.0,,,,,,,,,1,,,,,
A8KC56,A8KC56_DANRE,nan,DANRE,1.0,,,,,,,,,1,,,,,
A8KC55,A8KC55_DANRE,nan,DANRE,1.0,,,,,,,,,1,,,,,
A8KC53,A8KC53_DANRE,nan,DANRE,1.0,,,,,,,,,1,,,,,
A8KC44,A8KC44_DANRE,nan,DANRE,1.0,,,,,,,,,1,,,,,
A8KC33,A8KC33_DANRE,nan,DANRE,1.0,,,,,,,,,1,,,,,
A8KBW9,A8KBW9_DANRE,nan,DANRE,1.0,,,,,,,,,1,,,,,
A8KBM5,A8KBM5_DANRE,nan,DANRE,1.0,,,,,,,,,1,,,,,
A8K8V0,ZN785_HUMAN,nan,HUMAN,1.0,,,,,,,,,1,,,,,
A8KBM4,A8KBM4_DANRE,nan,DANRE,1.0,,,,,,,,,1,,,,,
A8KBM2,A8KBM2_DANRE,nan,DANRE,1.0,,,,,,,,,1,,,,,
A8KBM1,A8KBM1_DANRE,nan,DANRE,1.0,,,,,,,,,1,,,,,
A8KBK0,A8KBK0_DANRE,nan,DANRE,1.0,,,,,,,,,1,,,,,
A8KB72,A8KB72_DANRE,nan,DANRE,1.0,,,,,,,,,1,,,,,
A8KB69,A8KB69_DANRE,nan,DANRE,1.0,,,,,,,,,1,,,,,
A8KB37,A8KB37_DANRE,nan,DANRE,1.0,,,,,,,,,1,,,,,
A7YYA6,A7YYA6_DANRE,nan,DANRE,1.0,,,,,,,,,1,,,,,
A7YY94,A7YY94_DANRE,nan,DANRE,1.0,,,,,,,,,1,,,,,
A7UVG5,A7UVG5_ANOGA,nan,ANOGA,1.0,,,,,,,,,1,,,,,
A7SHY6,A7SHY6_NEMVE,nan,NEMVE,1.0,,,,,,,,,1,,,,,
A7SLD9,A7SLD9_NEMVE,nan,NEMVE,1.0,,,,,,,,,1,,,,,
A7SLC1,A7SLC1_NEMVE,nan,NEMVE,1.0,,,,,,,,,1,,,,,
A7SKS6,A7SKS6_NEMVE,nan,NEMVE,1.0,,,,,,,,,1,,,,,
A7SKH8,A7SKH8_NEMVE,nan,NEMVE,1.0,,,,,,,,,1,,,,,
A7SJQ8,A7SJQ8_NEMVE,nan,NEMVE,1.0,,,,,,,,,1,,,,,
A7SIW9,A7SIW9_NEMVE,nan,NEMVE,1.0,,,,,,,,,1,,,,,
A7SI98,A7SI98_NEMVE,nan,NEMVE,1.0,,,,,,,,,1,,,,,
A7SHX0,A7SHX0_NEMVE,nan,NEMVE,1.0,,,,,,,,,1,,,,,
A7SMK9,A7SMK9_NEMVE,nan,NEMVE,1.0,,,,,,,,,1,,,,,
A7SHV2,A7SHV2_NEMVE,nan,NEMVE,1.0,,,,,,,,,1,,,,,
A7SFI4,A7SFI4_NEMVE,nan,NEMVE,1.0,,,,,,,,,1,,,,,
A7SEP7,A7SEP7_NEMVE,nan,NEMVE,1.0,,,,,,,,,1,,,,,
A7SEP2,A7SEP2_NEMVE,nan,NEMVE,1.0,,,,,,,,,1,,,,,
A7SD98,A7SD98_NEMVE,nan,NEMVE,1.0,,,,,,,,,1,,,,,
A7SCN1,A7SCN1_NEMVE,nan,NEMVE,1.0,,,,,,,,,1,,,,,
A7SCM7,A7SCM7_NEMVE,nan,NEMVE,1.0,,,,,,,,,1,,,,,
A7SLW8,A7SLW8_NEMVE,nan,NEMVE,1.0,,,,,,,,,1,,,,,
A7SMP5,A7SMP5_NEMVE,nan,NEMVE,1.0,,,,,,,,,1,,,,,
A7UUI6,A7UUI6_ANOGA,nan,ANOGA,1.0,,,,,,,,,1,,,,,
A7T150,A7T150_NEMVE,nan,NEMVE,1.0,,,,,,,,,1,,,,,
A7USB8,A7USB8_ANOGA,nan,ANOGA,1.0,,,,,,,,,1,,,,,
A7URZ8,A7URZ8_ANOGA,nan,ANOGA,1.0,,,,,,,,,1,,,,,
A7TAT8,A7TAT8_NEMVE,nan,NEMVE,1.0,,,,,,,,,1,,,,,
A7TA35,A7TA35_NEMVE,nan,NEMVE,1.0,,,,,,,,,1,,,,,
A7T4F5,A7T4F5_NEMVE,nan,NEMVE,1.0,,,,,,,,,1,,,,,
A7T2W2,A7T2W2_NEMVE,nan,NEMVE,1.0,,,,,,,,,1,,,,,
A7T2T7,A7T2T7_NEMVE,nan,NEMVE,1.0,,,,,,,,,1,,,,,
A7SZ13,A7SZ13_NEMVE,nan,NEMVE,1.0,,,,,,,,,1,,,,,
A7SPU5,A7SPU5_NEMVE,nan,NEMVE,1.0,,,,,,,,,1,,,,,
A7SYA3,A7SYA3_NEMVE,nan,NEMVE,1.0,,,,,,,,,1,,,,,
A7SWT3,A7SWT3_NEMVE,nan,NEMVE,1.0,,,,,,,,,1,,,,,
A7SV00,A7SV00_NEMVE,nan,NEMVE,1.0,,,,,,,,,1,,,,,
A7STW3,A7STW3_NEMVE,nan,NEMVE,1.0,,,,,,,,,1,,,,,
A7STS3,A7STS3_NEMVE,nan,NEMVE,1.0,,,,,,,,,1,,,,,
A7SSH6,A7SSH6_NEMVE,nan,NEMVE,1.0,,,,,,,,,1,,,,,
A7SS19,A7SS19_NEMVE,nan,NEMVE,1.0,,,,,,,,,1,,,,,
A8MT65,ZN891_HUMAN,nan,HUMAN,1.0,,,,,,,,,1,,,,,
A8MUV8,ZN727_HUMAN,nan,HUMAN,1.0,,,,,,,,,1,,,,,
A7S835,A7S835_NEMVE,nan,NEMVE,1.0,,,,,,,,,1,,,,,
A8MUZ8,Z705G_HUMAN,nan,HUMAN,1.0,,,,,,,,,1,,,,,
B0JZK2,B0JZK2_DANRE,nan,DANRE,1.0,,,,,,,,,1,,,,,
B0JZJ7,B0JZJ7_DANRE,nan,DANRE,1.0,,,,,,,,,1,,,,,
B0JZJ0,B0JZJ0_DANRE,nan,DANRE,1.0,,,,,,,,,1,,,,,
B0JZI1,B0JZI1_DANRE,nan,DANRE,1.0,,,,,,,,,1,,,,,
B0JZB0,B0JZB0_DANRE,nan,DANRE,1.0,,,,,,,,,1,,,,,
B0BNN2,B0BNN2_RAT,nan,RAT,1.0,,,,,,,,,1,,,,,
B0BNH4,B0BNH4_RAT,nan,RAT,1.0,,,,,,,,,1,,,,,
A9V1X5,A9V1X5_MONBE,nan,MONBE,1.0,,,,,,,,,1,,,,,
A9V0F2,A9V0F2_MONBE,nan,MONBE,1.0,,,,,,,,,1,,,,,
A9UYY7,A9UYY7_MONBE,nan,MONBE,1.0,,,,,,,,,1,,,,,
A9UXY4,A9UXY4_MONBE,nan,MONBE,1.0,,,,,,,,,1,,,,,
A9UX78,A9UX78_MONBE,nan,MONBE,1.0,,,,,,,,,1,,,,,
A9ULS2,A9ULS2_DANRE,nan,DANRE,1.0,,,,,,,,,1,,,,,
A9ULS0,A9ULS0_DANRE,nan,DANRE,1.0,,,,,,,,,1,,,,,
A9JTF6,A9JTF6_DANRE,nan,DANRE,1.0,,,,,,,,,1,,,,,
A9JTD3,A9JTD3_DANRE,nan,DANRE,1.0,,,,,,,,,1,,,,,
A9JT92,A9JT92_DANRE,nan,DANRE,1.0,,,,,,,,,1,,,,,
B0JZK3,B0JZK3_DANRE,nan,DANRE,1.0,,,,,,,,,1,,,,,
B0K011,OSR1_RAT,nan,RAT,1.0,,,,,,,,,1,,,,,
B0R154,B0R154_DANRE,nan,DANRE,1.0,,,,,,,,,1,,,,,
B1ASD8,B1ASD8_MOUSE,nan,MOUSE,1.0,,,,,,,,,1,,,,,
B1WB80,B1WB80_DANRE,nan,DANRE,1.0,,,,,,,,,1,,,,,
B1WB42,B1WB42_XENTR,ENSXETP00000021934,XENTR,1.0,,,,,,,,,1,,,,,
B1H2A1,B1H2A1_RAT,nan,RAT,1.0,,,,,,,,,1,,,,,
B1B1D3,B1B1D3_MOUSE,nan,MOUSE,1.0,,,,,,,,,1,,,,,
B1AZK8,nan,nan,nan,1.0,,,,,,,,,1,,,,,
B1ATP3,nan,nan,nan,1.0,,,,,,,,,1,,,,,
B1ATG3,B1ATG3_MOUSE,nan,MOUSE,1.0,,,,,,,,,1,,,,,
B1ASA5,B1ASA5_MOUSE,nan,MOUSE,1.0,,,,,,,,,1,,,,,
B0R155,B0R155_DANRE,nan,DANRE,1.0,,,,,,,,,1,,,,,
B1ARH0,nan,nan,nan,1.0,,,,,,,,,1,,,,,
B0Y6X8,B0Y6X8_ASPFC,nan,ASPFC,1.0,,,,,,,,,1,,,,,
B0XQC7,B0XQC7_ASPFC,nan,ASPFC,1.0,1,,,,,,,,,,,,,
B0VJZ9,B0VJZ9_DANRE,nan,DANRE,1.0,,,,,,,,,1,,,,,
B0V2W5,B0V2W5_MOUSE,nan,MOUSE,1.0,,,,,,,,,1,,,,,
B0V2W4,B0V2W4_MOUSE,nan,MOUSE,1.0,,,,,,,,,1,,,,,
B0S4Q2,B0S4Q2_XENTR,ENSXETP00000016161,XENTR,1.0,,,,,,,,,1,,,,,
A9JT91,A9JT91_DANRE,nan,DANRE,1.0,,,,,,,,,1,,,,,
A9JT89,A9JT89_DANRE,nan,DANRE,1.0,,,,,,,,,1,,,,,
A9JT88,A9JT88_DANRE,nan,DANRE,1.0,,,,,,,,,1,,,,,
A8WGK3,A8WGK3_DANRE,nan,DANRE,1.0,,,,,,,,,1,,,,,
A8WGT6,A8WGT6_DANRE,nan,DANRE,1.0,,,,,,,,,1,,,,,
A8WGS6,A8WGS6_DANRE,nan,DANRE,1.0,,,,,,,,,1,,,,,
A8WGQ9,A8WGQ9_DANRE,nan,DANRE,1.0,,,,,,,,,1,,,,,
A8WGK9,A8WGK9_DANRE,nan,DANRE,1.0,,,,,,,,,1,,,,,
A8WGK8,A8WGK8_DANRE,nan,DANRE,1.0,,,,,,,,,1,,,,,
A8WGK5,A8WGK5_DANRE,nan,DANRE,1.0,,,,,,,,,1,,,,,
A8WGK4,A8WGK4_DANRE,nan,DANRE,1.0,,,,,,,,,1,,,,,
A8WGA5,A8WGA5_DANRE,nan,DANRE,1.0,,,,,,,,,1,,,,,
A9JR92,A9JR92_DANRE,nan,DANRE,1.0,,,,,,,,,1,,,,,
A8WFT7,A8WFT7_DANRE,nan,DANRE,1.0,,,,,,,,,1,,,,,
A8WFL5,A8WFL5_BOVIN,ENSBTAP00000039195,BOVIN,1.0,,,,,,,,,1,,,,,
A8SM77,A8SM77_BOVIN,ENSBTAP00000010747,BOVIN,1.0,,,,,,,,,1,,,,,
A8QQJ5,A8QQJ5_BOVIN,ENSBTAP00000012654,BOVIN,1.0,,,,,,,,,1,,,,,
A8MXY4,ZNF99_HUMAN,nan,HUMAN,1.0,,,,,,,,,1,,,,,
A8MWA4,Z705E_HUMAN,nan,HUMAN,1.0,,,,,,,,,1,,,,,
A8MVS1,Z705F_HUMAN,nan,HUMAN,1.0,,,,,,,,,1,,,,,
A9JR79,A9JR79_DANRE,nan,DANRE,1.0,,,,,,,,,1,,,,,
A9JR99,A9JR99_DANRE,nan,DANRE,1.0,,,,,,,,,1,,,,,
A9JT87,A9JT87_DANRE,nan,DANRE,1.0,,,,,,,,,1,,,,,
A9JRU3,A9JRU3_DANRE,nan,DANRE,1.0,,,,,,,,,1,,,,,
A9JT63,A9JT63_DANRE,nan,DANRE,1.0,,,,,,,,,1,,,,,
A9JT61,A9JT61_DANRE,nan,DANRE,1.0,,,,,,,,,1,,,,,
A9JT09,A9JT09_DANRE,nan,DANRE,1.0,,,,,,,,,1,,,,,
A9JSZ9,A9JSZ9_DANRE,nan,DANRE,1.0,,,,,,,,,1,,,,,
A9JSU5,A9JSU5_DANRE,nan,DANRE,1.0,,,,,,,,,1,,,,,
A9JRY5,A9JRY5_DANRE,nan,DANRE,1.0,,,,,,,,,1,,,,,
A9JRV7,A9JRV7_DANRE,nan,DANRE,1.0,,,,,,,,,1,,,,,
A9JRS0,A9JRS0_DANRE,nan,DANRE,1.0,,,,,,,,,1,,,,,
A9JRB0,A9JRB0_DANRE,nan,DANRE,1.0,,,,,,,,,1,,,,,
A9JRR6,A9JRR6_DANRE,nan,DANRE,1.0,,,,,,,,,1,,,,,
A9JRR4,A9JRR4_DANRE,nan,DANRE,1.0,,,,,,,,,1,,,,,
A9JRR1,A9JRR1_DANRE,nan,DANRE,1.0,,,,,,,,,1,,,,,
A9JRP3,A9JRP3_DANRE,nan,DANRE,1.0,,,,,,,,,1,,,,,
A9JRP2,A9JRP2_DANRE,nan,DANRE,1.0,,,,,,,,,1,,,,,
A9JRN8,A9JRN8_DANRE,nan,DANRE,1.0,,,,,,,,,1,,,,,
A9JRC8,A9JRC8_DANRE,nan,DANRE,1.0,,,,,,,,,1,,,,,
A7S8B6,A7S8B6_NEMVE,nan,NEMVE,1.0,,,,,,,,,1,,,,,
A7S823,A7S823_NEMVE,nan,NEMVE,1.0,,,,,,,,,1,,,,,
C3YHK0,C3YHK0_BRAFL,nan,BRAFL,1.0,,,,,,,,,1,,,,,
A5PKJ0,A5PKJ0_BOVIN,ENSBTAP00000001981,BOVIN,1.0,,,,,,,,,1,,,,,
A3KPU8,nan,nan,nan,1.0,,,,,,,,,1,,,,,
A3KPU6,nan,nan,nan,1.0,,,,,,,,,1,,,,,
A3KPU5,A3KPU5_DANRE,nan,DANRE,1.0,,,,,,,,,1,,,,,
A3KP62,A3KP62_DANRE,nan,DANRE,1.0,,,,,,,,,1,,,,,
A3KP61,A3KP61_DANRE,nan,DANRE,1.0,,,,,,,,,1,,,,,
A3KP52,A3KP52_DANRE,nan,DANRE,1.0,,,,,,,,,1,,,,,
A3KNX0,A3KNX0_DANRE,nan,DANRE,1.0,,,,,,,,,1,,,,,
A3KN36,ZNF19_BOVIN,ENSBTAP00000021082,BOVIN,1.0,,,,,,,,,1,,,,,
A3FEV4,A3FEV4_DANRE,nan,DANRE,1.0,,,,,,,,,1,,,,,
A2VDT4,OVOL1_BOVIN,ENSBTAP00000016791,BOVIN,1.0,,,,,,,,,1,,,,,
A2T736,ZKSC8_PANTR,ENSPTRP00000030461,PANTR,1.0,,,,,,,,,1,,,,,
A2T712,ZSC21_PANTR,ENSPTRP00000054464,PANTR,1.0,,,,,,,,,1,,,,,
A2T6W2,ZN449_PANTR,ENSPTRP00000038417,PANTR,1.0,,,,,,,,,1,,,,,
A2RUZ2,A2RUZ2_DANRE,nan,DANRE,1.0,,,,,,,,,1,,,,,
A2RRD8,ZN320_HUMAN,nan,HUMAN,1.0,,,,,,,,,1,,,,,
A2CEY3,A2CEY3_DANRE,nan,DANRE,1.0,,,,,,,,,1,,,,,
A2CEY1,A2CEY1_DANRE,nan,DANRE,1.0,,,,,,,,,1,,,,,
A3KPU9,nan,nan,nan,1.0,,,,,,,,,1,,,,,
A3KPV0,A3KPV0_DANRE,nan,DANRE,1.0,,,,,,,,,1,,,,,
A3KPV2,A3KPV2_DANRE,nan,DANRE,1.0,,,,,,,,,1,,,,,
A4QP83,A4QP83_DANRE,nan,DANRE,1.0,,,,,,,,,1,,,,,
A5PJK9,A5PJK9_BOVIN,ENSBTAP00000004817,BOVIN,1.0,,,,,,,,,1,,,,,
A5PJI8,A5PJI8_BOVIN,ENSBTAP00000021685,BOVIN,1.0,,,,,,,,,1,,,,,
A5HUJ6,A5HUJ6_CHICK,nan,CHICK,1.0,,,,,,,,,1,,,,,
A5HML2,A5HML2_DANRE,nan,DANRE,1.0,,,,,,,,,1,,,,,
A5GZY2,A5GZY2_RAT,nan,RAT,1.0,,,,,,,,,1,,,,,
A5D7K3,A5D7K3_BOVIN,ENSBTAP00000009371,BOVIN,1.0,,,,,,,,,1,,,,,
A4VCH2,A4VCH2_DANRE,nan,DANRE,1.0,,,,,,,,,1,,,,,
A4QNY8,A4QNY8_DANRE,nan,DANRE,1.0,,,,,,,,,1,,,,,
A4FVL9,A4FVL9_DANRE,nan,DANRE,1.0,,,,,,,,,1,,,,,
A4IGG0,A4IGG0_DANRE,nan,DANRE,1.0,,,,,,,,,1,,,,,
A4IGF8,A4IGF8_DANRE,nan,DANRE,1.0,,,,,,,,,1,,,,,
A4IFV3,A4IFV3_BOVIN,ENSBTAP00000042434,BOVIN,1.0,,,,,,,,,1,,,,,
A4IFR4,A4IFR4_BOVIN,ENSBTAP00000018399,BOVIN,1.0,,,,,,,,,1,,,,,
A4IFL9,A4IFL9_BOVIN,ENSBTAP00000047664,BOVIN,1.0,,,,,,,,,1,,,,,
A4IFJ6,IKZF5_BOVIN,ENSBTAP00000032681,BOVIN,1.0,,,,,,,,,1,,,,,
A4IF67,A4IF67_BOVIN,ENSBTAP00000006843,BOVIN,1.0,,,,,,,,,1,,,,,
A2CEY0,A2CEY0_DANRE,nan,DANRE,1.0,,,,,,,,,1,,,,,
A2CEX9,A2CEX9_DANRE,nan,DANRE,1.0,,,,,,,,,1,,,,,
A2CEX8,A2CEX8_DANRE,nan,DANRE,1.0,,,,,,,,,1,,,,,
A0NFH6,A0NFH6_ANOGA,nan,ANOGA,1.0,,,,,,,,,1,,,,,
A1L358,A1L358_MOUSE,nan,MOUSE,1.0,,,,,,,,,1,,,,,
A1L1M1,A1L1M1_RAT,nan,RAT,1.0,,,,,,,,,1,,,,,
A1L1L7,ZN426_RAT,nan,RAT,1.0,,,,,,,,,1,,,,,
A1L1J6,ZN652_RAT,nan,RAT,1.0,,,,,,,,,1,,,,,
A1A5R5,A1A5R5_RAT,nan,RAT,1.0,,,,,,,,,1,,,,,
A1A5R0,A1A5R0_RAT,nan,RAT,1.0,,,,,,,,,1,,,,,
A0NGD7,A0NGD7_ANOGA,nan,ANOGA,1.0,,,,,,,,,1,,,,,
A0NF79,A0NF79_ANOGA,nan,ANOGA,1.0,,,,,,,,,1,,,,,
A1Z791,A1Z791_DROME,nan,DROME,1.0,,,,,,,,,1,,,,,
A0NDB0,nan,nan,nan,1.0,,,,,,,,,1,,,,,
A0NBW7,A0NBW7_ANOGA,nan,ANOGA,1.0,,,,,,,,,1,,,,,
A0NBG7,A0NBG7_ANOGA,nan,ANOGA,1.0,,,,,,,,,1,,,,,
A0JPL0,ZN382_RAT,nan,RAT,1.0,,,,,,,,,1,,,,,
A0JPK3,ZFP57_RAT,nan,RAT,1.0,,,,,,,,,1,,,,,
A0JP79,A0JP79_XENTR,ENSXETP00000008310,XENTR,1.0,,,,,,,,,1,,,,,
A0JNB1,ZN227_BOVIN,ENSBTAP00000017798,BOVIN,1.0,,,,,,,,,1,,,,,
A1YPR0,ZBT7C_HUMAN,nan,HUMAN,1.0,,,,,,,,,1,,,,,
A2A4U6,A2A4U6_MOUSE,nan,MOUSE,1.0,,,,,,,,,1,,,,,
A2BGS7,A2BGS7_DANRE,nan,DANRE,1.0,,,,,,,,,1,,,,,
A2ANU7,A2ANU7_MOUSE,nan,MOUSE,1.0,,,,,,,,,1,,,,,
A2BG20,nan,nan,nan,1.0,,,,,,,,,1,,,,,
A2BE23,A2BE23_MOUSE,nan,MOUSE,1.0,,,,,,,,,1,,,,,
A2AU83,A2AU83_MOUSE,nan,MOUSE,1.0,,,,,,,,,1,,,,,
A2ARX1,A2ARX1_MOUSE,nan,MOUSE,1.0,,,,,,,,,1,,,,,
A2ART0,A2ART0_MOUSE,nan,MOUSE,1.0,,,,,,,,,1,,,,,
A2AQA1,A2AQA1_MOUSE,nan,MOUSE,1.0,,,,,,,,,1,,,,,
A2AQA0,A2AQA0_MOUSE,nan,MOUSE,1.0,,,,,,,,,1,,,,,
A2ANU6,A2ANU6_MOUSE,nan,MOUSE,1.0,,,,,,,,,1,,,,,
A2A761,A2A761_MOUSE,nan,MOUSE,1.0,,,,,,,,,1,,,,,
A2AIE7,A2AIE7_MOUSE,nan,MOUSE,1.0,,,,,,,,,1,,,,,
A2A9J5,A2A9J5_MOUSE,nan,MOUSE,1.0,,,,,,,,,1,,,,,
A2A933,A2A933_MOUSE,nan,MOUSE,1.0,,,,,,,,,1,,,,,
A2A8Q4,A2A8Q4_MOUSE,nan,MOUSE,1.0,,,,,,,,,1,,,,,
A2A7A5,A2A7A5_MOUSE,nan,MOUSE,1.0,,,,,,,,,1,,,,,
A2A7A2,A2A7A2_MOUSE,nan,MOUSE,1.0,,,,,,,,,1,,,,,
A2A799,A2A799_MOUSE,nan,MOUSE,1.0,,,,,,,,,1,,,,,
A5PJY6,A5PJY6_BOVIN,ENSBTAP00000020403,BOVIN,1.0,,,,,,,,,1,,,,,
A5PLB7,A5PLB7_DANRE,nan,DANRE,1.0,,,,,,,,,1,,,,,
A7S617,A7S617_NEMVE,nan,NEMVE,1.0,,,,,,,,,1,,,,,
A5PLB8,A5PLB8_DANRE,nan,DANRE,1.0,,,,,,,,,1,,,,,
A7RMY1,A7RMY1_NEMVE,nan,NEMVE,1.0,,,,,,,,,1,,,,,
A7RLR3,A7RLR3_NEMVE,nan,NEMVE,1.0,,,,,,,,,1,,,,,
A7RLK7,A7RLK7_NEMVE,nan,NEMVE,1.0,,,,,,,,,1,,,,,
A7RLJ7,A7RLJ7_NEMVE,nan,NEMVE,1.0,,,,,,,,,1,,,,,
A7RLH7,A7RLH7_NEMVE,nan,NEMVE,1.0,,,,,,,,,1,,,,,
A7RL73,A7RL73_NEMVE,nan,NEMVE,1.0,,,,,,,,,1,,,,,
A7RJF5,A7RJF5_NEMVE,nan,NEMVE,1.0,,,,,,,,,1,,,,,
A7RJB9,A7RJB9_NEMVE,nan,NEMVE,1.0,,,,,,,,,1,,,,,
A7RII6,A7RII6_NEMVE,nan,NEMVE,1.0,,,,,,,,,1,,,,,
A7RI19,A7RI19_NEMVE,nan,NEMVE,1.0,,,,,,,,,1,,,,,
A7RGU6,A7RGU6_NEMVE,nan,NEMVE,1.0,,,,,,,,,1,,,,,
A7RGI1,A7RGI1_NEMVE,nan,NEMVE,1.0,,,,,,,,,1,,,,,
A7MCP3,A7MCP3_DANRE,nan,DANRE,1.0,,,,,,,,,1,,,,,
A7MCG4,A7MCG4_DANRE,nan,DANRE,1.0,,,,,,,,,1,,,,,
A7MCE0,A7MCE0_DANRE,nan,DANRE,1.0,,,,,,,,,1,,,,,
A7MCB5,A7MCB5_DANRE,nan,DANRE,1.0,,,,,,,,,1,,,,,
A7MCB3,A7MCB3_DANRE,nan,DANRE,1.0,,,,,,,,,1,,,,,
A7RPS8,A7RPS8_NEMVE,nan,NEMVE,1.0,,,,,,,,,1,,,,,
A7RPU6,A7RPU6_NEMVE,nan,NEMVE,1.0,,,,,,,,,1,,,,,
A7RQA0,A7RQA0_NEMVE,nan,NEMVE,1.0,,,,,,,,,1,,,,,
A7S0G8,A7S0G8_NEMVE,nan,NEMVE,1.0,,,,,,,,,1,,,,,
A7S4P8,A7S4P8_NEMVE,nan,NEMVE,1.0,,,,,,,,,1,,,,,
A7S2K8,A7S2K8_NEMVE,nan,NEMVE,1.0,,,,,,,,,1,,,,,
A7S2C5,A7S2C5_NEMVE,nan,NEMVE,1.0,,,,,,,,,1,,,,,
A7S0X6,A7S0X6_NEMVE,nan,NEMVE,1.0,,,,,,,,,1,,,,,
A7S0V3,A7S0V3_NEMVE,nan,NEMVE,1.0,,,,,,,,,1,,,,,
A7S0S9,A7S0S9_NEMVE,nan,NEMVE,1.0,,,,,,,,,1,,,,,
A7S0G9,A7S0G9_NEMVE,nan,NEMVE,1.0,,,,,,,,,1,,,,,
A7RZJ7,A7RZJ7_NEMVE,nan,NEMVE,1.0,,,,,,,,,1,,,,,
A7RQI8,A7RQI8_NEMVE,nan,NEMVE,1.0,,,,,,,,,1,,,,,
A7RZ64,A7RZ64_NEMVE,nan,NEMVE,1.0,,,,,,,,,1,,,,,
A7RYZ9,A7RYZ9_NEMVE,nan,NEMVE,1.0,,,,,,,,,1,,,,,
A7RXS4,A7RXS4_NEMVE,nan,NEMVE,1.0,,,,,,,,,1,,,,,
A7RX35,A7RX35_NEMVE,nan,NEMVE,1.0,,,,,,,,,1,,,,,
A7RWU2,A7RWU2_NEMVE,nan,NEMVE,1.0,,,,,,,,,1,,,,,
A7RTU9,A7RTU9_NEMVE,nan,NEMVE,1.0,,,,,,,,,1,,,,,
A7RT54,A7RT54_NEMVE,nan,NEMVE,1.0,,,,,,,,,1,,,,,
A7MCA4,A7MCA4_DANRE,nan,DANRE,1.0,,,,,,,,,1,,,,,
A7MC87,A7MC87_DANRE,nan,DANRE,1.0,,,,,,,,,1,,,,,
A7MBW5,A7MBW5_DANRE,nan,DANRE,1.0,,,,,,,,,1,,,,,
A6NFI3,ZN316_HUMAN,nan,HUMAN,1.0,,,,,,,,,1,,,,,
A6NNF4,ZN726_HUMAN,nan,HUMAN,1.0,,,,,,,,,1,,,,,
A6NN14,ZN729_HUMAN,nan,HUMAN,1.0,,,,,,,,,1,,,,,
A6NM28,ZFP92_HUMAN,nan,HUMAN,1.0,,,,,,,,,1,,,,,
A6NK75,ZNF98_HUMAN,nan,HUMAN,1.0,,,,,,,,,1,,,,,
A6NK53,ZN233_HUMAN,nan,HUMAN,1.0,,,,,,,,,1,,,,,
A6NK21,nan,nan,nan,1.0,,,,,,,,,1,,,,,
A6NHJ4,ZN860_HUMAN,nan,HUMAN,1.0,,,,,,,,,1,,,,,
A6NF79,nan,nan,nan,1.0,,,,,,,,,1,,,,,
A6QLU5,ZN184_BOVIN,ENSBTAP00000015283,BOVIN,1.0,,,,,,,,,1,,,,,
A6NDX5,ZN840_HUMAN,nan,HUMAN,1.0,,,,,,,,,1,,,,,
A5XCD6,A5XCD6_DANRE,nan,DANRE,1.0,,,,,,,,,1,,,,,
A5WWL3,A5WWL3_DANRE,nan,DANRE,1.0,,,,,,,,,1,,,,,
A5WWL1,A5WWL1_DANRE,nan,DANRE,1.0,,,,,,,,,1,,,,,
A5WWL0,A5WWL0_DANRE,nan,DANRE,1.0,,,,,,,,,1,,,,,
A5WWK9,A5WWK9_DANRE,nan,DANRE,1.0,,,,,,,,,1,,,,,
A5PMB3,A5PMB3_DANRE,nan,DANRE,1.0,,,,,,,,,1,,,,,
A6NP11,ZN716_HUMAN,nan,HUMAN,1.0,,,,,,,,,1,,,,,
A6QNL4,A6QNL4_BOVIN,ENSBTAP00000001064,BOVIN,1.0,,,,,,,,,1,,,,,
A7MBU3,A7MBU3_DANRE,nan,DANRE,1.0,,,,,,,,,1,,,,,
A6QR00,ZN526_BOVIN,ENSBTAP00000027659,BOVIN,1.0,,,,,,,,,1,,,,,
A7MBN8,A7MBN8_DANRE,nan,DANRE,1.0,,,,,,,,,1,,,,,
A7MBI1,ZFP69_BOVIN,ENSBTAP00000048845,BOVIN,1.0,,,,,,,,,1,,,,,
A7F3R5,A7F3R5_SCLS1,nan,SCLS1,1.0,1,,,,,,,,,,,,,
A7EPQ9,A7EPQ9_SCLS1,nan,SCLS1,1.0,,,,,,1,,,,,,,,
A7EFT1,A7EFT1_SCLS1,nan,SCLS1,1.0,,,,,,,1,,,,,,,
A7E325,A7E325_BOVIN,ENSBTAP00000037087,BOVIN,1.0,,,,,,,,,1,,,,,
A7E2L3,A7E2L3_DANRE,nan,DANRE,1.0,,,,,,,,,1,,,,,
A6QQH4,A6QQH4_BOVIN,ENSBTAP00000049882,BOVIN,1.0,,,,,,,,,1,,,,,
A6QNV5,A6QNV5_BOVIN,ENSBTAP00000012529,BOVIN,1.0,,,,,,,,,1,,,,,
A6QQG2,A6QQG2_BOVIN,ENSBTAP00000009298,BOVIN,1.0,,,,,,,,,1,,,,,
A6QQC1,A6QQC1_BOVIN,ENSBTAP00000047885,BOVIN,1.0,,,,,,,,,1,,,,,
A6QPV7,A6QPV7_BOVIN,ENSBTAP00000053032,BOVIN,1.0,,,,,,,,,1,,,,,
A6QPT6,ZN274_BOVIN,ENSBTAP00000012662,BOVIN,1.0,,,,,,,,,1,,,,,
A6QPD1,A6QPD1_BOVIN,ENSBTAP00000001821,BOVIN,1.0,,,,,,,,,1,,,,,
A6QP08,A6QP08_BOVIN,ENSBTAP00000003850,BOVIN,1.0,,,,,,,,,1,,,,,
A6QNW2,A6QNW2_BOVIN,ENSBTAP00000005967,BOVIN,1.0,,,,,,,,,1,,,,,
B1WB85,B1WB85_DANRE,nan,DANRE,1.0,,,,,,,,,1,,,,,
B1WBS3,ZBT42_RAT,nan,RAT,1.0,,,,,,,,,1,,,,,
B1WBW3,B1WBW3_RAT,nan,RAT,1.0,,,,,,,,,1,,,,,
C3XZP0,C3XZP0_BRAFL,nan,BRAFL,1.0,,,,,,,,,1,,,,,
C3XX09,C3XX09_BRAFL,nan,BRAFL,1.0,,,,,,,,,1,,,,,
C3XX08,C3XX08_BRAFL,nan,BRAFL,1.0,,,,,,,,,1,,,,,
C3XX06,C3XX06_BRAFL,nan,BRAFL,1.0,,,,,,,,,1,,,,,
C3XX05,C3XX05_BRAFL,nan,BRAFL,1.0,,,,,,,,,1,,,,,
C3XX04,C3XX04_BRAFL,nan,BRAFL,1.0,,,,,,,,,1,,,,,
C3XX03,C3XX03_BRAFL,nan,BRAFL,1.0,,,,,,,,,1,,,,,
C3XX01,C3XX01_BRAFL,nan,BRAFL,1.0,,,,,,,,,1,,,,,
C3XX00,C3XX00_BRAFL,nan,BRAFL,1.0,,,,,,,,,1,,,,,
C3XWZ9,C3XWZ9_BRAFL,nan,BRAFL,1.0,,,,,,,,,1,,,,,
C3XWZ8,C3XWZ8_BRAFL,nan,BRAFL,1.0,,,,,,,,,1,,,,,
C3XWZ7,C3XWZ7_BRAFL,nan,BRAFL,1.0,,,,,,,,,1,,,,,
C3XWZ6,C3XWZ6_BRAFL,nan,BRAFL,1.0,,,,,,,,,1,,,,,
C3XWZ5,C3XWZ5_BRAFL,nan,BRAFL,1.0,,,,,,,,,1,,,,,
C3XWZ3,C3XWZ3_BRAFL,nan,BRAFL,1.0,,,,,,,,,1,,,,,
C3XWZ2,C3XWZ2_BRAFL,nan,BRAFL,1.0,,,,,,,,,1,,,,,
C3XWZ1,C3XWZ1_BRAFL,nan,BRAFL,1.0,,,,,,,,,1,,,,,
C3XWZ0,C3XWZ0_BRAFL,nan,BRAFL,1.0,,,,,,,,,1,,,,,
C3XX10,C3XX10_BRAFL,nan,BRAFL,1.0,,,,,,,,,1,,,,,
C3XX11,C3XX11_BRAFL,nan,BRAFL,1.0,,,,,,,,,1,,,,,
C3XX12,C3XX12_BRAFL,nan,BRAFL,1.0,,,,,,,,,1,,,,,
C3XXB0,C3XXB0_BRAFL,nan,BRAFL,1.0,,,,,,,,,1,,,,,
C3XYL8,C3XYL8_BRAFL,nan,BRAFL,1.0,,,,,,,,,1,,,,,
C3XYL5,C3XYL5_BRAFL,nan,BRAFL,1.0,,,,,,,,,1,,,,,
C3XYB0,C3XYB0_BRAFL,nan,BRAFL,1.0,,,,,,,,,1,,,,,
C3XXV2,C3XXV2_BRAFL,nan,BRAFL,1.0,,,,,,,,,1,,,,,
C3XXQ5,C3XXQ5_BRAFL,nan,BRAFL,1.0,,,,,,,,,1,,,,,
C3XXG9,C3XXG9_BRAFL,nan,BRAFL,1.0,,,,,,,,,1,,,,,
C3XXC2,C3XXC2_BRAFL,nan,BRAFL,1.0,,,,,,,,,1,,,,,
C3XXA9,C3XXA9_BRAFL,nan,BRAFL,1.0,,,,,,,,,1,,,,,
C3XX14,C3XX14_BRAFL,nan,BRAFL,1.0,,,,,,,,,1,,,,,
C3XXA8,C3XXA8_BRAFL,nan,BRAFL,1.0,,,,,,,,,1,,,,,
C3XXA6,C3XXA6_BRAFL,nan,BRAFL,1.0,,,,,,,,,1,,,,,
C3XX20,C3XX20_BRAFL,nan,BRAFL,1.0,,,,,,,,,1,,,,,
C3XX19,C3XX19_BRAFL,nan,BRAFL,1.0,,,,,,,,,1,,,,,
C3XX18,C3XX18_BRAFL,nan,BRAFL,1.0,,,,,,,,,1,,,,,
C3XX17,C3XX17_BRAFL,nan,BRAFL,1.0,,,,,,,,,1,,,,,
C3XX16,C3XX16_BRAFL,nan,BRAFL,1.0,,,,,,,,,1,,,,,
C3XWY7,C3XWY7_BRAFL,nan,BRAFL,1.0,,,,,,,,,1,,,,,
C3XWY6,C3XWY6_BRAFL,nan,BRAFL,1.0,,,,,,,,,1,,,,,
C3XWY4,C3XWY4_BRAFL,nan,BRAFL,1.0,,,,,,,,,1,,,,,
C3XSP7,C3XSP7_BRAFL,nan,BRAFL,1.0,,,,,,,,,1,,,,,
C3XT77,C3XT77_BRAFL,nan,BRAFL,1.0,,,,,,,,,1,,,,,
C3XT76,C3XT76_BRAFL,nan,BRAFL,1.0,,,,,,,,,1,,,,,
C3XT75,C3XT75_BRAFL,nan,BRAFL,1.0,,,,,,,,,1,,,,,
C3XT72,C3XT72_BRAFL,nan,BRAFL,1.0,,,,,,,,,1,,,,,
C3XT70,C3XT70_BRAFL,nan,BRAFL,1.0,,,,,,,,,1,,,,,
C3XSV9,C3XSV9_BRAFL,nan,BRAFL,1.0,,,,,,,,,1,,,,,
C3XSV2,C3XSV2_BRAFL,nan,BRAFL,1.0,,,,,,,,,1,,,,,
C3XSP6,C3XSP6_BRAFL,nan,BRAFL,1.0,,,,,,,,,1,,,,,
C3XT88,C3XT88_BRAFL,nan,BRAFL,1.0,,,,,,,,,1,,,,,
C3XSE3,C3XSE3_BRAFL,nan,BRAFL,1.0,,,,,,,,,1,,,,,
C3XS50,C3XS50_BRAFL,nan,BRAFL,1.0,,,,,,,,,1,,,,,
C3XS49,C3XS49_BRAFL,nan,BRAFL,1.0,,,,,,,,,1,,,,,
C3XRW1,C3XRW1_BRAFL,nan,BRAFL,1.0,,,,,,,,,1,,,,,
C3XQU7,C3XQU7_BRAFL,nan,BRAFL,1.0,,,,,,,,,1,,,,,
C3XQP4,C3XQP4_BRAFL,nan,BRAFL,1.0,,,,,,,,,1,,,,,
C3XQN9,C3XQN9_BRAFL,nan,BRAFL,1.0,,,,,,,,,1,,,,,
C3XT79,C3XT79_BRAFL,nan,BRAFL,1.0,,,,,,,,,1,,,,,
C3XT92,C3XT92_BRAFL,nan,BRAFL,1.0,,,,,,,,,1,,,,,
C3XWY3,C3XWY3_BRAFL,nan,BRAFL,1.0,,,,,,,,,1,,,,,
C3XWU1,C3XWU1_BRAFL,nan,BRAFL,1.0,,,,,,,,,1,,,,,
C3XWY2,C3XWY2_BRAFL,nan,BRAFL,1.0,,,,,,,,,1,,,,,
C3XWY1,C3XWY1_BRAFL,nan,BRAFL,1.0,,,,,,,,,1,,,,,
C3XWY0,C3XWY0_BRAFL,nan,BRAFL,1.0,,,,,,,,,1,,,,,
C3XWX9,C3XWX9_BRAFL,nan,BRAFL,1.0,,,,,,,,,1,,,,,
C3XWX8,C3XWX8_BRAFL,nan,BRAFL,1.0,,,,,,,,,1,,,,,
C3XWX7,C3XWX7_BRAFL,nan,BRAFL,1.0,,,,,,,,,1,,,,,
C3XWX6,C3XWX6_BRAFL,nan,BRAFL,1.0,,,,,,,,,1,,,,,
C3XWS8,C3XWS8_BRAFL,nan,BRAFL,1.0,,,,,,,,,1,,,,,
C3XTT6,C3XTT6_BRAFL,nan,BRAFL,1.0,,,,,,,,,1,,,,,
C3XWP3,C3XWP3_BRAFL,nan,BRAFL,1.0,,,,,,,,,1,,,,,
C3XW27,C3XW27_BRAFL,nan,BRAFL,1.0,,,,,,,,,1,,,,,
C3XVG2,C3XVG2_BRAFL,nan,BRAFL,1.0,,,,,,,,,1,,,,,
C3XVC0,C3XVC0_BRAFL,nan,BRAFL,1.0,,,,,,,,,1,,,,,
C3XV48,C3XV48_BRAFL,nan,BRAFL,1.0,,,,,,,,,1,,,,,
C3XUB0,C3XUB0_BRAFL,nan,BRAFL,1.0,,,,,,,,,1,,,,,
C3XUA8,C3XUA8_BRAFL,nan,BRAFL,1.0,,,,,,,,,1,,,,,
C3XZH5,C3XZH5_BRAFL,nan,BRAFL,1.0,,,,,,,,,1,,,,,
C3Y0L8,C3Y0L8_BRAFL,nan,BRAFL,1.0,,,,,,,,,1,,,,,
B1WBX4,B1WBX4_RAT,nan,RAT,1.0,,,,,,,,,1,,,,,
C3Y237,C3Y237_BRAFL,nan,BRAFL,1.0,,,,,,,,,1,,,,,
C3YG33,C3YG33_BRAFL,nan,BRAFL,1.0,,,,,,,,,1,,,,,
C3YG32,C3YG32_BRAFL,nan,BRAFL,1.0,,,,,,,,,1,,,,,
C3YFT8,C3YFT8_BRAFL,nan,BRAFL,1.0,,,,,,,,,1,,,,,
C3YFR2,C3YFR2_BRAFL,nan,BRAFL,1.0,,,,,,,,,1,,,,,
C3YFR1,C3YFR1_BRAFL,nan,BRAFL,1.0,,,,,,,,,1,,,,,
C3YFH1,C3YFH1_BRAFL,nan,BRAFL,1.0,,,,,,,,,1,,,,,
C3YFG6,C3YFG6_BRAFL,nan,BRAFL,1.0,,,,,,,,,1,,,,,
C3YFF8,C3YFF8_BRAFL,nan,BRAFL,1.0,,,,,,,,,1,,,,,
C3YFF3,C3YFF3_BRAFL,nan,BRAFL,1.0,,,,,,,,,1,,,,,
C3YFE7,C3YFE7_BRAFL,nan,BRAFL,1.0,,,,,,,,,1,,,,,
C3YFE5,C3YFE5_BRAFL,nan,BRAFL,1.0,,,,,,,,,1,,,,,
C3YEQ3,C3YEQ3_BRAFL,nan,BRAFL,1.0,,,,,,,,,1,,,,,
C3YEK8,C3YEK8_BRAFL,nan,BRAFL,1.0,,,,,,,,,1,,,,,
C3YEK7,C3YEK7_BRAFL,nan,BRAFL,1.0,,,,,,,,,1,,,,,
C3YEK6,C3YEK6_BRAFL,nan,BRAFL,1.0,,,,,,,,,1,,,,,
C3YE66,C3YE66_BRAFL,nan,BRAFL,1.0,,,,,,,,,1,,,,,
C3YE62,C3YE62_BRAFL,nan,BRAFL,1.0,,,,,,,,,1,,,,,
C3YG41,C3YG41_BRAFL,nan,BRAFL,1.0,,,,,,,,,1,,,,,
C3YG42,C3YG42_BRAFL,nan,BRAFL,1.0,,,,,,,,,1,,,,,
C3YG47,C3YG47_BRAFL,nan,BRAFL,1.0,,,,,,,,,1,,,,,
C3YHJ1,C3YHJ1_BRAFL,nan,BRAFL,1.0,,,,,,,,,1,,,,,
C3YHJ8,C3YHJ8_BRAFL,nan,BRAFL,1.0,,,,,,,,,1,,,,,
C3YHJ7,C3YHJ7_BRAFL,nan,BRAFL,1.0,,,,,,,,,1,,,,,
C3YHJ6,C3YHJ6_BRAFL,nan,BRAFL,1.0,,,,,,,,,1,,,,,
C3YHJ5,C3YHJ5_BRAFL,nan,BRAFL,1.0,,,,,,,,,1,,,,,
C3YHJ4,C3YHJ4_BRAFL,nan,BRAFL,1.0,,,,,,,,,1,,,,,
C3YHJ3,C3YHJ3_BRAFL,nan,BRAFL,1.0,,,,,,,,,1,,,,,
C3YHJ2,C3YHJ2_BRAFL,nan,BRAFL,1.0,,,,,,,,,1,,,,,
C3YHI9,C3YHI9_BRAFL,nan,BRAFL,1.0,,,,,,,,,1,,,,,
C3YG92,C3YG92_BRAFL,nan,BRAFL,1.0,,,,,,,,,1,,,,,
C3YHI8,C3YHI8_BRAFL,nan,BRAFL,1.0,,,,,,,,,1,,,,,
C3YHH7,C3YHH7_BRAFL,nan,BRAFL,1.0,,,,,,,,,1,,,,,
C3YHH6,C3YHH6_BRAFL,nan,BRAFL,1.0,,,,,,,,,1,,,,,
C3YGS6,C3YGS6_BRAFL,nan,BRAFL,1.0,,,,,,,,,1,,,,,
C3YGQ4,C3YGQ4_BRAFL,nan,BRAFL,1.0,,,,,,,,,1,,,,,
C3YGF6,C3YGF6_BRAFL,nan,BRAFL,1.0,,,,,,,,,1,,,,,
C3YGC5,C3YGC5_BRAFL,nan,BRAFL,1.0,,,,,,,,,1,,,,,
C3YE48,C3YE48_BRAFL,nan,BRAFL,1.0,,,,,,,,,1,,,,,
C3YDW6,C3YDW6_BRAFL,nan,BRAFL,1.0,,,,,,,,,1,,,,,
C3YDU0,C3YDU0_BRAFL,nan,BRAFL,1.0,,,,,,,,,1,,,,,
C3Y7A0,C3Y7A0_BRAFL,nan,BRAFL,1.0,,,,,,,,,1,,,,,
C3Y956,C3Y956_BRAFL,nan,BRAFL,1.0,,,,,,,,,1,,,,,
C3Y8C7,C3Y8C7_BRAFL,nan,BRAFL,1.0,,,,,,,,,1,,,,,
C3Y7T3,C3Y7T3_BRAFL,nan,BRAFL,1.0,,,,,,,,,1,,,,,
C3Y7Q5,C3Y7Q5_BRAFL,nan,BRAFL,1.0,,,,,,,,,1,,,,,
C3Y7I6,C3Y7I6_BRAFL,nan,BRAFL,1.0,,,,,,,,,1,,,,,
C3Y7I2,C3Y7I2_BRAFL,nan,BRAFL,1.0,,,,,,,,,1,,,,,
C3Y7F9,C3Y7F9_BRAFL,nan,BRAFL,1.0,,,,,,,,,1,,,,,
C3Y799,C3Y799_BRAFL,nan,BRAFL,1.0,,,,,,,,,1,,,,,
C3Y9P1,C3Y9P1_BRAFL,nan,BRAFL,1.0,,,,,,,,,1,,,,,
C3Y572,C3Y572_BRAFL,nan,BRAFL,1.0,,,,,,,,,1,,,,,
C3Y549,C3Y549_BRAFL,nan,BRAFL,1.0,,,,,,,,,1,,,,,
C3Y4M0,C3Y4M0_BRAFL,nan,BRAFL,1.0,,,,,,,,,1,,,,,
C3Y4J4,C3Y4J4_BRAFL,nan,BRAFL,1.0,,,,,,,,,1,,,,,
C3Y3L3,C3Y3L3_BRAFL,nan,BRAFL,1.0,,,,,,,,,1,,,,,
C3Y343,C3Y343_BRAFL,nan,BRAFL,1.0,,,,,,,,,1,,,,,
C3Y2U5,C3Y2U5_BRAFL,nan,BRAFL,1.0,,,,,,,,,1,,,,,
C3Y9E0,C3Y9E0_BRAFL,nan,BRAFL,1.0,,,,,,,,,1,,,,,
C3Y9Q3,C3Y9Q3_BRAFL,nan,BRAFL,1.0,,,,,,,,,1,,,,,
C3YCB1,C3YCB1_BRAFL,nan,BRAFL,1.0,,,,,,,,,1,,,,,
C3YAK7,C3YAK7_BRAFL,nan,BRAFL,1.0,,,,,,,,,1,,,,,
C3YBB2,C3YBB2_BRAFL,nan,BRAFL,1.0,,,,,,,,,1,,,,,
C3YAL4,C3YAL4_BRAFL,nan,BRAFL,1.0,,,,,,,,,1,,,,,
C3YAL3,C3YAL3_BRAFL,nan,BRAFL,1.0,,,,,,,,,1,,,,,
C3YAL2,C3YAL2_BRAFL,nan,BRAFL,1.0,,,,,,,,,1,,,,,
C3YAL1,C3YAL1_BRAFL,nan,BRAFL,1.0,,,,,,,,,1,,,,,
C3YAK9,C3YAK9_BRAFL,nan,BRAFL,1.0,,,,,,,,,1,,,,,
C3YAK8,C3YAK8_BRAFL,nan,BRAFL,1.0,,,,,,,,,1,,,,,
C3YAK6,C3YAK6_BRAFL,nan,BRAFL,1.0,,,,,,,,,1,,,,,
C3Y9R9,C3Y9R9_BRAFL,nan,BRAFL,1.0,,,,,,,,,1,,,,,
C3YAK5,C3YAK5_BRAFL,nan,BRAFL,1.0,,,,,,,,,1,,,,,
C3YAK4,C3YAK4_BRAFL,nan,BRAFL,1.0,,,,,,,,,1,,,,,
C3YAK3,C3YAK3_BRAFL,nan,BRAFL,1.0,,,,,,,,,1,,,,,
C3YAI6,C3YAI6_BRAFL,nan,BRAFL,1.0,,,,,,,,,1,,,,,
C3YA99,C3YA99_BRAFL,nan,BRAFL,1.0,,,,,,,,,1,,,,,
C3YA88,C3YA88_BRAFL,nan,BRAFL,1.0,,,,,,,,,1,,,,,
C3Y9U1,C3Y9U1_BRAFL,nan,BRAFL,1.0,,,,,,,,,1,,,,,
C3XQN8,C3XQN8_BRAFL,nan,BRAFL,1.0,,,,,,,,,1,,,,,
C3XQL7,C3XQL7_BRAFL,nan,BRAFL,1.0,,,,,,,,,1,,,,,
C3XPW5,C3XPW5_BRAFL,nan,BRAFL,1.0,,,,,,,,,1,,,,,
C3XPT9,C3XPT9_BRAFL,nan,BRAFL,1.0,,,,,,,,,1,,,,,
B7PCQ8,B7PCQ8_IXOSC,nan,IXOSC,1.0,,,,,,,,,1,,,,,
B7P9T1,B7P9T1_IXOSC,nan,IXOSC,1.0,,,,,,,,,1,,,,,
B7P8H1,B7P8H1_IXOSC,nan,IXOSC,1.0,,,,,,,,,1,,,,,
B7P868,B7P868_IXOSC,nan,IXOSC,1.0,,,,,,,,,1,,,,,
B7P6U9,B7P6U9_IXOSC,nan,IXOSC,1.0,,,,,,,,,1,,,,,
B7P6S8,B7P6S8_IXOSC,nan,IXOSC,1.0,,,,,,,,,,1,,,,
B7P6S6,B7P6S6_IXOSC,nan,IXOSC,1.0,,,,,,,,,1,,,,,
B7P645,B7P645_IXOSC,nan,IXOSC,1.0,,,,,,,,,1,,,,,
B7P607,B7P607_IXOSC,nan,IXOSC,1.0,,,,,,,,,1,,,,,
B7P5L0,B7P5L0_IXOSC,nan,IXOSC,1.0,,,,,,,,,1,,,,,
B7P5G8,B7P5G8_IXOSC,nan,IXOSC,1.0,,,,,,,,,1,,,,,
B7P5E6,B7P5E6_IXOSC,nan,IXOSC,1.0,,,,,,,,,1,,,,,
B7P4Z6,B7P4Z6_IXOSC,nan,IXOSC,1.0,,,,,,,,,1,,,,,
B7P4W1,B7P4W1_IXOSC,nan,IXOSC,1.0,,,,,,,,,1,,,,,
B7P4M9,B7P4M9_IXOSC,nan,IXOSC,1.0,,,,,,,,,1,,,,,
B7P4K5,B7P4K5_IXOSC,nan,IXOSC,1.0,,,,,,,,,1,,,,,
B7P3D2,B7P3D2_IXOSC,nan,IXOSC,1.0,,,,,,,,,1,,,,,
B7PCU7,B7PCU7_IXOSC,nan,IXOSC,1.0,,,,,,,,,1,,,,,
B7PDM0,B7PDM0_IXOSC,nan,IXOSC,1.0,,,,,,,,,1,,,,,
B7PE65,B7PE65_IXOSC,nan,IXOSC,1.0,,,,,,,,,1,,,,,
B7PM43,B7PM43_IXOSC,nan,IXOSC,1.0,,,,,,,,,1,,,,,
B7PQD8,B7PQD8_IXOSC,nan,IXOSC,1.0,,,,,,,,,1,,,,,
B7PQ69,B7PQ69_IXOSC,nan,IXOSC,1.0,,,,,,,,,1,,,,,
B7PQ65,B7PQ65_IXOSC,nan,IXOSC,1.0,,,,,,,,,1,,,,,
B7PPW0,B7PPW0_IXOSC,nan,IXOSC,1.0,,,,,,,,,1,,,,,
B7PMJ0,B7PMJ0_IXOSC,nan,IXOSC,1.0,,,,,,,,,1,,,,,
B7PMF7,B7PMF7_IXOSC,nan,IXOSC,1.0,,,,,,,,,1,,,,,
B7PME0,B7PME0_IXOSC,nan,IXOSC,1.0,,,,,,,,,1,,,,,
B7PKB0,B7PKB0_IXOSC,nan,IXOSC,1.0,,,,,,,,,1,,,,,
B7PEX9,B7PEX9_IXOSC,nan,IXOSC,1.0,,,,,,,,,1,,,,,
B7PJ03,B7PJ03_IXOSC,nan,IXOSC,1.0,,,,,,,,,1,,,,,
B7PHZ6,B7PHZ6_IXOSC,nan,IXOSC,1.0,,,,,,,,,1,,,,,
B7PHV9,B7PHV9_IXOSC,nan,IXOSC,1.0,,,,,,,,,1,,,,,
B7PGN3,B7PGN3_IXOSC,nan,IXOSC,1.0,,,,,,,,,1,,,,,
B7PGN2,B7PGN2_IXOSC,nan,IXOSC,1.0,,,,,,,,,1,,,,,
B7PGK7,B7PGK7_IXOSC,nan,IXOSC,1.0,,,,,,,,,1,,,,,
B7PG42,B7PG42_IXOSC,nan,IXOSC,1.0,,,,,,,,,1,,,,,
B7P2G2,B7P2G2_IXOSC,nan,IXOSC,1.0,,,,,,,,,1,,,,,
B7P240,B7P240_IXOSC,nan,IXOSC,1.0,,,,,,,,,1,,,,,
B7P238,B7P238_IXOSC,nan,IXOSC,1.0,,,,,,,,,1,,,,,
B2RR24,B2RR24_MOUSE,nan,MOUSE,1.0,,,,,,,,,,1,,,,
B2RXF5,ZBT42_HUMAN,nan,HUMAN,1.0,,,,,,,,,1,,,,,
B2RXC5,ZN382_MOUSE,nan,MOUSE,1.0,,,,,,,,,1,,,,,
B2RX31,B2RX31_MOUSE,nan,MOUSE,1.0,,,,,,,,,1,,,,,
B2RUK9,B2RUK9_MOUSE,nan,MOUSE,1.0,,,,,,,,,1,,,,,
B2RUI1,ZN551_MOUSE,nan,MOUSE,1.0,,,,,,,,,1,,,,,
B2RRA8,B2RRA8_MOUSE,nan,MOUSE,1.0,,,,,,,,,1,,,,,
B2RR88,B2RR88_MOUSE,nan,MOUSE,1.0,,,,,,,,,1,,,,,
B2M0R7,B2M0R7_MOUSE,nan,MOUSE,1.0,,,,,,,,,1,,,,,
B2RZ85,B2RZ85_RAT,nan,RAT,1.0,,,,,,,,,1,,,,,
B2KFW1,ZSC20_MOUSE,nan,MOUSE,1.0,,,,,,,,,1,,,,,
B2GV80,B2GV80_RAT,nan,RAT,1.0,,,,,,,,,1,,,,,
B2GV60,B2GV60_RAT,nan,RAT,1.0,,,,,,,,,1,,,,,
B2GV07,B2GV07_RAT,nan,RAT,1.0,,,,,,,,,1,,,,,
B2GV04,B2GV04_RAT,nan,RAT,1.0,,,,,,,,,1,,,,,
B2CPZ7,B2CPZ7_CANFA,ENSCAFP00000023612,CANFA,1.0,,,,,,,,,1,,,,,
B1WC07,B1WC07_RAT,nan,RAT,1.0,,,,,,,,,1,,,,,
B2RYA9,B2RYA9_RAT,nan,RAT,1.0,,,,,,,,,1,,,,,
B2RZ94,B2RZ94_RAT,nan,RAT,1.0,,,,,,,,,1,,,,,
B7P235,B7P235_IXOSC,nan,IXOSC,1.0,,,,,,,,,1,,,,,
B5DFF1,B5DFF1_RAT,nan,RAT,1.0,,,,,,,,,1,,,,,
B7P214,B7P214_IXOSC,nan,IXOSC,1.0,,,,,,,,,1,,,,,
B7P1S0,B7P1S0_IXOSC,nan,IXOSC,1.0,,,,,,,,,1,,,,,
B7P1M5,B7P1M5_IXOSC,nan,IXOSC,1.0,,,,,,,,,1,,,,,
B7P1E1,B7P1E1_IXOSC,nan,IXOSC,1.0,,,,,,,,,1,,,,,
B7P0V6,B7P0V6_IXOSC,nan,IXOSC,1.0,,,,,,,,,1,,,,,
B7P0V5,B7P0V5_IXOSC,nan,IXOSC,1.0,,,,,,,,,1,,,,,
B5MCH6,B5MCH6_HUMAN,nan,HUMAN,1.0,,,,,,,,,1,,,,,
B5DEZ5,B5DEZ5_RAT,nan,RAT,1.0,,,,,,,,,1,,,,,
B3DG10,B3DG10_DANRE,nan,DANRE,1.0,,,,,,,,,1,,,,,
B4F7C0,B4F7C0_RAT,nan,RAT,1.0,,,,,,,,,1,,,,,
B4DXR9,ZN732_HUMAN,nan,HUMAN,1.0,,,,,,,,,1,,,,,
B4DX44,ZN736_HUMAN,nan,HUMAN,1.0,,,,,,,,,1,,,,,
B4DU55,ZN879_HUMAN,nan,HUMAN,1.0,,,,,,,,,1,,,,,
B3DM41,B3DM41_XENTR,ENSXETP00000010270,XENTR,1.0,,,,,,,,,1,,,,,
B3DLJ6,B3DLJ6_DANRE,nan,DANRE,1.0,,,,,,,,,1,,,,,
B3DKF7,B3DKF7_DANRE,nan,DANRE,1.0,,,,,,,,,1,,,,,
B7PRS2,B7PRS2_IXOSC,nan,IXOSC,1.0,,,,,,,,,1,,,,,
B7PTA8,B7PTA8_IXOSC,nan,IXOSC,1.0,,,,,,,,,1,,,,,
B7PTC6,B7PTC6_IXOSC,nan,IXOSC,1.0,,,,,,,,,1,,,,,
B7QJK4,B7QJK4_IXOSC,nan,IXOSC,1.0,,,,,,,,,1,,,,,
B7ZUX7,B7ZUX7_DANRE,nan,DANRE,1.0,,,,,,,,,1,,,,,
B7ZUK9,B7ZUK9_XENTR,ENSXETP00000009796,XENTR,1.0,,,,,,,,,1,,,,,
B7Z6K7,ZN814_HUMAN,nan,HUMAN,1.0,,,,,,,,,1,,,,,
B7WNX1,nan,nan,nan,1.0,,,,,,,,,1,,,,,
B7QLL9,B7QLL9_IXOSC,nan,IXOSC,1.0,,,,,,,,,1,,,,,
B7QL03,B7QL03_IXOSC,nan,IXOSC,1.0,,,,,,,,,1,,,,,
B7QJW9,B7QJW9_IXOSC,nan,IXOSC,1.0,,,,,,,,,1,,,,,
B7QGU1,B7QGU1_IXOSC,nan,IXOSC,1.0,,,,,,,,,1,,,,,
B8A5Z4,B8A5Z4_DANRE,nan,DANRE,1.0,,,,,,,,,1,,,,,
B7QG60,B7QG60_IXOSC,nan,IXOSC,1.0,,,,,,,,,1,,,,,
B7QFG2,B7QFG2_IXOSC,nan,IXOSC,1.0,,,,,,,,,1,,,,,
B7QDM4,B7QDM4_IXOSC,nan,IXOSC,1.0,,,,,,,,,1,,,,,
B7QDM3,B7QDM3_IXOSC,nan,IXOSC,1.0,,,,,,,,,1,,,,,
B7QDM0,B7QDM0_IXOSC,nan,IXOSC,1.0,,,,,,,,,1,,,,,
B7QDL7,B7QDL7_IXOSC,nan,IXOSC,1.0,,,,,,,,,1,,,,,
B7QD87,B7QD87_IXOSC,nan,IXOSC,1.0,,,,,,,,,1,,,,,
B7ZV27,B7ZV27_DANRE,nan,DANRE,1.0,,,,,,,,,1,,,,,
B8A5Z5,B8A5Z5_DANRE,nan,DANRE,1.0,,,,,,,,,1,,,,,
B7QC10,B7QC10_IXOSC,nan,IXOSC,1.0,,,,,,,,,1,,,,,
B8JLW2,B8JLW2_DANRE,nan,DANRE,1.0,,,,,,,,,1,,,,,
C3XPP7,C3XPP7_BRAFL,nan,BRAFL,1.0,,,,,,,,,1,,,,,
B9EKF4,B9EKF4_MOUSE,nan,MOUSE,1.0,,,,,,,,,1,,,,,
B9EJW5,B9EJW5_MOUSE,nan,MOUSE,1.0,,,,,,,,,1,,,,,
B9EJ82,B9EJ82_MOUSE,nan,MOUSE,1.0,,,,,,,,,1,,,,,
B8JM04,B8JM04_DANRE,nan,DANRE,1.0,,,,,,,,,1,,,,,
B8JM01,B8JM01_DANRE,nan,DANRE,1.0,,,,,,,,,1,,,,,
B8JLW3,B8JLW3_DANRE,nan,DANRE,1.0,,,,,,,,,1,,,,,
B8JLW1,B8JLW1_DANRE,nan,DANRE,1.0,,,,,,,,,1,,,,,
B8A5Z6,B8A5Z6_DANRE,nan,DANRE,1.0,,,,,,,,,1,,,,,
B8JLW0,B8JLW0_DANRE,nan,DANRE,1.0,,,,,,,,,1,,,,,
B8JLV9,B8JLV9_DANRE,nan,DANRE,1.0,,,,,,,,,1,,,,,
B8JLV8,B8JLV8_DANRE,nan,DANRE,1.0,,,,,,,,,1,,,,,
B8JL75,B8JL75_DANRE,nan,DANRE,1.0,,,,,,,,,1,,,,,
B8JJZ7,B8JJZ7_MOUSE,nan,MOUSE,1.0,,,,,,,,,1,,,,,
B8JJZ4,B8JJZ4_MOUSE,nan,MOUSE,1.0,,,,,,,,,1,,,,,
B8JJX8,B8JJX8_MOUSE,nan,MOUSE,1.0,,,,,,,,,1,,,,,
B7QCI0,B7QCI0_IXOSC,nan,IXOSC,1.0,,,,,,,,,1,,,,,
B7QAS2,B7QAS2_IXOSC,nan,IXOSC,1.0,,,,,,,,,1,,,,,
B7PTE4,B7PTE4_IXOSC,nan,IXOSC,1.0,,,,,,,,,1,,,,,
B7PVM8,B7PVM8_IXOSC,nan,IXOSC,1.0,,,,,,,,,1,,,,,
B7PYT0,B7PYT0_IXOSC,nan,IXOSC,1.0,,,,,,,,,1,,,,,
B7PYS7,B7PYS7_IXOSC,nan,IXOSC,1.0,,,,,,,,,1,,,,,
B7PYM2,B7PYM2_IXOSC,nan,IXOSC,1.0,,,,,,,,,1,,,,,
B7PY10,B7PY10_IXOSC,nan,IXOSC,1.0,,,,,,,,,1,,,,,
B7PX14,B7PX14_IXOSC,nan,IXOSC,1.0,,,,,,,,,1,,,,,
B7PVN0,B7PVN0_IXOSC,nan,IXOSC,1.0,,,,,,,,,1,,,,,
B7PVM9,B7PVM9_IXOSC,nan,IXOSC,1.0,,,,,,,,,1,,,,,
B7PVM7,B7PVM7_IXOSC,nan,IXOSC,1.0,,,,,,,,,1,,,,,
B7PZ99,B7PZ99_IXOSC,nan,IXOSC,1.0,,,,,,,,,1,,,,,
B7PVM5,B7PVM5_IXOSC,nan,IXOSC,1.0,,,,,,,,,1,,,,,
B7PVM4,B7PVM4_IXOSC,nan,IXOSC,1.0,,,,,,,,,1,,,,,
B7PVM3,B7PVM3_IXOSC,nan,IXOSC,1.0,,,,,,,,,1,,,,,
B7PVM2,B7PVM2_IXOSC,nan,IXOSC,1.0,,,,,,,,,1,,,,,
B7PUJ6,B7PUJ6_IXOSC,nan,IXOSC,1.0,,,,,,,,,1,,,,,
B7PTR8,B7PTR8_IXOSC,nan,IXOSC,1.0,,,,,,,,,1,,,,,
B7PTJ2,B7PTJ2_IXOSC,nan,IXOSC,1.0,,,,,,,,,1,,,,,
B7PZ96,B7PZ96_IXOSC,nan,IXOSC,1.0,,,,,,,,,1,,,,,
B7PZR7,B7PZR7_IXOSC,nan,IXOSC,1.0,,,,,,,,,1,,,,,
B7QAR3,B7QAR3_IXOSC,nan,IXOSC,1.0,,,,,,,,,1,,,,,
B7Q7N8,B7Q7N8_IXOSC,nan,IXOSC,1.0,,,,,,,,,1,,,,,
B7QAR1,B7QAR1_IXOSC,nan,IXOSC,1.0,,,,,,,,,1,,,,,
B7QAQ8,B7QAQ8_IXOSC,nan,IXOSC,1.0,,,,,,,,,1,,,,,
B7QAQ7,B7QAQ7_IXOSC,nan,IXOSC,1.0,,,,,,,,,1,,,,,
B7QAQ6,B7QAQ6_IXOSC,nan,IXOSC,1.0,,,,,,,,,1,,,,,
B7Q9E6,B7Q9E6_IXOSC,nan,IXOSC,1.0,,,,,,,,,1,,,,,
B7Q923,B7Q923_IXOSC,nan,IXOSC,1.0,,,,,,,,,1,,,,,
B7Q7P3,B7Q7P3_IXOSC,nan,IXOSC,1.0,,,,,,,,,1,,,,,
B7Q7B5,B7Q7B5_IXOSC,nan,IXOSC,1.0,,,,,,,,,1,,,,,
B7Q0F2,B7Q0F2_IXOSC,nan,IXOSC,1.0,,,,,,,,,1,,,,,
B7Q6N7,B7Q6N7_IXOSC,nan,IXOSC,1.0,,,,,,,,,1,,,,,
B7Q687,B7Q687_IXOSC,nan,IXOSC,1.0,,,,,,,,,1,,,,,
B7Q4N1,B7Q4N1_IXOSC,nan,IXOSC,1.0,,,,,,,,,1,,,,,
B7Q4A0,B7Q4A0_IXOSC,nan,IXOSC,1.0,,,,,,,,,1,,,,,
B7Q2E6,B7Q2E6_IXOSC,nan,IXOSC,1.0,,,,,,,,,1,,,,,
B7Q2D3,B7Q2D3_IXOSC,nan,IXOSC,1.0,,,,,,,,,1,,,,,
B7Q1Q4,B7Q1Q4_IXOSC,nan,IXOSC,1.0,,,,,,,,,1,,,,,
D3ZYL7,D3ZYL7_RAT,nan,RAT,1.0,,,,,,,,,1,,,,,
D3ZYW5,D3ZYW5_RAT,nan,RAT,1.0,,,,,,,,,1,,,,,
D3ZYY3,D3ZYY3_RAT,nan,RAT,1.0,,,,,,,,,1,,,,,
F6XJS8,F6XJS8_MACMU,ENSMMUP00000031811,MACMU,1.0,,,,,,,,,1,,,,,
F6XAA8,F6XAA8_XENTR,ENSXETP00000031817,XENTR,1.0,,,,,,,,,1,,,,,
F6X9W5,F6X9W5_MACMU,ENSMMUP00000000342,MACMU,1.0,,,,,,,,,1,,,,,
F6X9K5,F6X9K5_XENTR,ENSXETP00000043805,XENTR,1.0,,,,,,,,,1,,,,,
F6X920,F6X920_MONDO,ENSMODP00000024155,MONDO,1.0,,,,,,,,,1,,,,,
F6X8B8,F6X8B8_MACMU,ENSMMUP00000031645,MACMU,1.0,,,,,,,,,1,,,,,
F6X6H7,F6X6H7_MONDO,ENSMODP00000005331,MONDO,1.0,,,,,,,,,1,,,,,
F6X482,F6X482_MACMU,ENSMMUP00000029527,MACMU,1.0,,,,,,,,,1,,,,,
F6X474,F6X474_MACMU,ENSMMUP00000029528,MACMU,1.0,,,,,,,,,1,,,,,
F6X466,F6X466_MACMU,ENSMMUP00000029529,MACMU,1.0,,,,,,,,,1,,,,,
F6X339,F6X339_MONDO,ENSMODP00000029669,MONDO,1.0,,,,,,,,,1,,,,,
F6X2S7,F6X2S7_MACMU,ENSMMUP00000031851,MACMU,1.0,,,,,,,,,1,,,,,
F6X2S1,F6X2S1_MONDO,ENSMODP00000029670,MONDO,1.0,,,,,,,,,1,,,,,
F6X2L3,F6X2L3_MONDO,ENSMODP00000029675,MONDO,1.0,,,,,,,,,1,,,,,
F6X2E8,F6X2E8_MONDO,ENSMODP00000031994,MONDO,1.0,,,,,,,,,1,,,,,
F6X270,F6X270_MONDO,ENSMODP00000029685,MONDO,1.0,,,,,,,,,1,,,,,
F6X201,F6X201_ORNAN,ENSOANP00000000489,ORNAN,1.0,,,,,,,,,1,,,,,
F6X116,F6X116_MONDO,ENSMODP00000029810,MONDO,1.0,,,,,,,,,1,,,,,
F6XAK9,F6XAK9_ORNAN,ENSOANP00000008306,ORNAN,1.0,,,,,,,,,1,,,,,
F6XAN0,F6XAN0_ORNAN,ENSOANP00000008304,ORNAN,1.0,,,,,,,,,1,,,,,
F6XAT9,F6XAT9_MONDO,ENSMODP00000034995,MONDO,1.0,,,,,,,,,1,,,,,
F6XEA7,F6XEA7_MONDO,ENSMODP00000038465,MONDO,1.0,,,,,,,,,1,,,,,
F6XJG0,F6XJG0_MACMU,ENSMMUP00000031480,MACMU,1.0,,,,,,,,,1,,,,,
F6XJF1,F6XJF1_MONDO,ENSMODP00000021073,MONDO,1.0,,,,,,,,,1,,,,,
F6XIH1,F6XIH1_MONDO,ENSMODP00000021083,MONDO,1.0,,,,,,,,,1,,,,,
F6XG71,F6XG71_ORNAN,ENSOANP00000001991,ORNAN,1.0,,,,,,,,,1,,,,,
F6XG21,F6XG21_MONDO,ENSMODP00000007165,MONDO,1.0,,,,,,,,,1,,,,,
F6XFQ2,F6XFQ2_MACMU,ENSMMUP00000031637,MACMU,1.0,,,,,,,,,1,,,,,
F6XFM0,F6XFM0_MACMU,ENSMMUP00000031639,MACMU,1.0,,,,,,,,,1,,,,,
F6XE79,F6XE79_MONDO,ENSMODP00000038468,MONDO,1.0,,,,,,,,,1,,,,,
F6XAW5,F6XAW5_MONDO,ENSMODP00000031002,MONDO,1.0,,,,,,,,,1,,,,,
F6XDE4,F6XDE4_CANFA,ENSCAFP00000012563,CANFA,1.0,,,,,,,,,1,,,,,
F6XDB9,F6XDB9_MACMU,ENSMMUP00000031697,MACMU,1.0,,,,,,,,,1,,,,,
F6XDA7,F6XDA7_MACMU,ENSMMUP00000031698,MACMU,1.0,,,,,,,,,1,,,,,
F6XD56,F6XD56_CANFA,ENSCAFP00000016924,CANFA,1.0,,,,,,,,,1,,,,,
F6XC04,F6XC04_MACMU,ENSMMUP00000031824,MACMU,1.0,,,,,,,,,1,,,,,
F6XBV1,F6XBV1_MACMU,ENSMMUP00000031827,MACMU,1.0,,,,,,,,,1,,,,,
F6XBT3,F6XBT3_MACMU,ENSMMUP00000031828,MACMU,1.0,,,,,,,,,1,,,,,
F6WY55,F6WY55_MACMU,ENSMMUP00000002730,MACMU,1.0,,,,,,,,,1,,,,,
F6WXX2,F6WXX2_MACMU,ENSMMUP00000014716,MACMU,1.0,,,,,,,,,1,,,,,
F6WXF8,F6WXF8_MACMU,ENSMMUP00000014728,MACMU,1.0,,,,,,,,,1,,,,,
F6W5U6,F6W5U6_MONDO,ENSMODP00000024822,MONDO,1.0,,,,,,,,,1,,,,,
F6WF95,F6WF95_MONDO,ENSMODP00000007363,MONDO,1.0,,,,,,,,,1,,,,,
F6WEG5,F6WEG5_MONDO,ENSMODP00000031042,MONDO,1.0,,,,,,,,,1,,,,,
F6WCM1,F6WCM1_XENTR,ENSXETP00000007395,XENTR,1.0,,,,,,,,,1,,,,,
F6WAQ7,F6WAQ7_XENTR,ENSXETP00000052350,XENTR,1.0,,,,,,,,,1,,,,,
F6WAP9,F6WAP9_XENTR,ENSXETP00000023055,XENTR,1.0,,,,,,,,,1,,,,,
F6WAM4,F6WAM4_MONDO,ENSMODP00000012326,MONDO,1.0,,,,,,,,,1,,,,,
F6W696,F6W696_MACMU,ENSMMUP00000030189,MACMU,1.0,,,,,,,,,1,,,,,
F6W2H5,F6W2H5_MONDO,ENSMODP00000038144,MONDO,1.0,,,,,,,,,1,,,,,
F6WFQ2,F6WFQ2_MONDO,ENSMODP00000007359,MONDO,1.0,,,,,,,,,1,,,,,
F6W268,F6W268_MONDO,ENSMODP00000038156,MONDO,1.0,,,,,,,,,1,,,,,
F6W1C0,F6W1C0_ORNAN,ENSOANP00000009565,ORNAN,1.0,,,,,,,,,1,,,,,
F6W0F0,F6W0F0_MONDO,ENSMODP00000026307,MONDO,1.0,,,,,,,,,1,,,,,
F6VZR6,F6VZR6_MACMU,ENSMMUP00000026933,MACMU,1.0,,,,,,,,,1,,,,,
F6VZD1,F6VZD1_MONDO,ENSMODP00000007385,MONDO,1.0,,,,,,,,,1,,,,,
F6VYV2,F6VYV2_MACMU,ENSMMUP00000002995,MACMU,1.0,,,,,,,,,1,,,,,
F6VXS7,F6VXS7_MONDO,ENSMODP00000031073,MONDO,1.0,,,,,,,,,1,,,,,
F6WFJ9,F6WFJ9_XENTR,ENSXETP00000019060,XENTR,1.0,,,,,,,,,1,,,,,
F6WGI0,F6WGI0_XENTR,ENSXETP00000005811,XENTR,1.0,,,,,,,,,1,,,,,
F6WW61,F6WW61_ORNAN,ENSOANP00000009548,ORNAN,1.0,,,,,,,,,1,,,,,
F6WPJ4,F6WPJ4_CIOIN,ENSCINP00000011790,CIOIN,1.0,,,,,,,,,1,,,,,
F6WVG6,F6WVG6_MACMU,ENSMMUP00000019762,MACMU,1.0,,,,,,,,,1,,,,,
F6WUZ5,F6WUZ5_XENTR,ENSXETP00000027104,XENTR,1.0,,,,,,,,,1,,,,,
F6WTJ8,F6WTJ8_MONDO,ENSMODP00000008930,MONDO,1.0,,,,,,,,,1,,,,,
F6WT62,F6WT62_MONDO,ENSMODP00000012192,MONDO,1.0,,,,,,,,,1,,,,,
F6WSH2,F6WSH2_MONDO,ENSMODP00000008948,MONDO,1.0,,,,,,,,,1,,,,,
F6WRR0,F6WRR0_CIOIN,ENSCINP00000004330,CIOIN,1.0,,,,,,,,,1,,,,,
F6WQ38,F6WQ38_MACMU,ENSMMUP00000002777,MACMU,1.0,,,,,,,,,1,,,,,
F6WPG6,F6WPG6_MONDO,ENSMODP00000029316,MONDO,1.0,,,,,,,,,1,,,,,
F6WHG9,F6WHG9_MACMU,ENSMMUP00000014771,MACMU,1.0,,,,,,,,,1,,,,,
F6WPD0,F6WPD0_MACMU,ENSMMUP00000038707,MACMU,1.0,,,,,,,,,1,,,,,
F6WMI3,F6WMI3_MONDO,ENSMODP00000029693,MONDO,1.0,,,,,,,,,1,,,,,
F6WKS6,F6WKS6_MONDO,ENSMODP00000029822,MONDO,1.0,,,,,,,,,1,,,,,
F6WJT3,F6WJT3_MACMU,ENSMMUP00000023148,MACMU,1.0,,,,,,,,,1,,,,,
F6WJ83,F6WJ83_MONDO,ENSMODP00000002176,MONDO,1.0,,,,,,,,,1,,,,,
F6WJ45,F6WJ45_ORNAN,ENSOANP00000010010,ORNAN,1.0,,,,,,,,,1,,,,,
F6WI83,F6WI83_MONDO,ENSMODP00000002196,MONDO,1.0,,,,,,,,,1,,,,,
F6XJQ6,F6XJQ6_MACMU,ENSMMUP00000031812,MACMU,1.0,,,,,,,,,1,,,,,
F6XJT7,F6XJT7_MACMU,ENSMMUP00000031810,MACMU,1.0,,,,,,,,,1,,,,,
F6VXL8,F6VXL8_MONDO,ENSMODP00000031078,MONDO,1.0,,,,,,,,,1,,,,,
F6XK25,F6XK25_MONDO,ENSMODP00000017683,MONDO,1.0,,,,,,,,,1,,,,,
F6YSX4,F6YSX4_XENTR,ENSXETP00000024697,XENTR,1.0,,,,,,,,,1,,,,,
F6YQK1,F6YQK1_MONDO,ENSMODP00000001270,MONDO,1.0,,,,,,,,,1,,,,,
F6YQA6,F6YQA6_MACMU,ENSMMUP00000000648,MACMU,1.0,,,,,,,,,1,,,,,
F6YN69,F6YN69_MACMU,ENSMMUP00000024403,MACMU,1.0,,,,,,,,,1,,,,,
F6YN19,F6YN19_MACMU,ENSMMUP00000024408,MACMU,1.0,,,,,,,,,1,,,,,
F6YMK2,F6YMK2_XENTR,ENSXETP00000052702,XENTR,1.0,,,,,,,,,1,,,,,
F6YLL1,F6YLL1_MACMU,ENSMMUP00000000481,MACMU,1.0,,,,,,,,,1,,,,,
F6YK33,F6YK33_XENTR,ENSXETP00000030198,XENTR,1.0,,,,,,,,,1,,,,,
F6YJW0,F6YJW0_MONDO,ENSMODP00000022018,MONDO,1.0,,,,,,,,,1,,,,,
F6YJA6,F6YJA6_MACMU,ENSMMUP00000024608,MACMU,1.0,,,,,,,,,1,,,,,
F6YIB3,F6YIB3_XENTR,ENSXETP00000004051,XENTR,1.0,,,,,,,,,1,,,,,
F6YI91,F6YI91_XENTR,ENSXETP00000004053,XENTR,1.0,,,,,,,,,1,,,,,
F6YI70,F6YI70_MACMU,ENSMMUP00000024620,MACMU,1.0,,,,,,,,,1,,,,,
F6YI58,F6YI58_MACMU,ENSMMUP00000024622,MACMU,1.0,,,,,,,,,1,,,,,
F6YH44,F6YH44_MACMU,ENSMMUP00000029653,MACMU,1.0,,,,,,,,,1,,,,,
F6YEW1,F6YEW1_MACMU,ENSMMUP00000012479,MACMU,1.0,,,,,,,,,1,,,,,
F6YE63,F6YE63_ORNAN,ENSOANP00000013943,ORNAN,1.0,,,,,,,,,1,,,,,
F6YSY1,F6YSY1_XENTR,ENSXETP00000024696,XENTR,1.0,,,,,,,,,1,,,,,
F6YTV7,F6YTV7_ORNAN,ENSOANP00000016274,ORNAN,1.0,,,,,,,,,1,,,,,
F6YU87,F6YU87_MONDO,ENSMODP00000032005,MONDO,1.0,,,,,,,,,1,,,,,
F6YZX4,F6YZX4_MONDO,ENSMODP00000009170,MONDO,1.0,,,,,,,,,1,,,,,
F6Z2B5,F6Z2B5_MACMU,ENSMMUP00000031578,MACMU,1.0,,,,,,,,,1,,,,,
F6Z1P1,F6Z1P1_ORNAN,ENSOANP00000015465,ORNAN,1.0,,,,,,,,,1,,,,,
F6Z1B7,F6Z1B7_MONDO,ENSMODP00000016121,MONDO,1.0,,,,,,,,,1,,,,,
F6Z195,F6Z195_MONDO,ENSMODP00000016124,MONDO,1.0,,,,,,,,,1,,,,,
F6Z143,F6Z143_MONDO,ENSMODP00000004151,MONDO,1.0,,,,,,,,,1,,,,,
F6Z119,F6Z119_MONDO,ENSMODP00000030410,MONDO,1.0,,,,,,,,,1,,,,,
F6Z0S8,F6Z0S8_MONDO,ENSMODP00000030417,MONDO,1.0,,,,,,,,,1,,,,,
F6YZ27,F6YZ27_MACMU,ENSMMUP00000031767,MACMU,1.0,,,,,,,,,1,,,,,
F6YUD4,F6YUD4_MACMU,ENSMMUP00000012412,MACMU,1.0,,,,,,,,,1,,,,,
F6YZ00,F6YZ00_MONDO,ENSMODP00000009186,MONDO,1.0,,,,,,,,,1,,,,,
F6YYH8,F6YYH8_MACMU,ENSMMUP00000029460,MACMU,1.0,,,,,,,,,1,,,,,
F6YXG9,F6YXG9_MONDO,ENSMODP00000011613,MONDO,1.0,,,,,,,,,1,,,,,
F6YX41,F6YX41_MACMU,ENSMMUP00000031915,MACMU,1.0,,,,,,,,,1,,,,,
F6YW23,F6YW23_MONDO,ENSMODP00000030933,MONDO,1.0,,,,,,,,,1,,,,,
F6YV58,F6YV58_XENTR,ENSXETP00000043301,XENTR,1.0,,,,,,,,,1,,,,,
F6YUP4,F6YUP4_MACMU,ENSMMUP00000012409,MACMU,1.0,,,,,,,,,1,,,,,
F6YDL9,F6YDL9_MONDO,ENSMODP00000002819,MONDO,1.0,,,,,,,,,1,,,,,
F6YDJ5,F6YDJ5_MONDO,ENSMODP00000030022,MONDO,1.0,,,,,,,,,1,,,,,
F6YC72,F6YC72_MACMU,ENSMMUP00000035299,MACMU,1.0,,,,,,,,,1,,,,,
F6XKK1,F6XKK1_MACMU,ENSMMUP00000031800,MACMU,1.0,,,,,,,,,1,,,,,
F6XPZ1,F6XPZ1_CANFA,ENSCAFP00000023746,CANFA,1.0,,,,,,,,,1,,,,,
F6XPD8,F6XPD8_MOUSE,ENSMUSP00000074538,MOUSE,1.0,,,,,,,,,1,,,,,
F6XNX2,F6XNX2_MACMU,ENSMMUP00000021018,MACMU,1.0,,,,,,,,,1,,,,,
F6XNJ9,F6XNJ9_MACMU,ENSMMUP00000021020,MACMU,1.0,,,,,,,,,1,,,,,
F6XNC1,F6XNC1_CANFA,ENSCAFP00000004698,CANFA,1.0,,,,,,,,,1,,,,,
F6XM67,F6XM67_CANFA,ENSCAFP00000028658,CANFA,1.0,,,,,,,,,1,,,,,
F6XLN4,F6XLN4_CIOIN,ENSCINP00000026197,CIOIN,1.0,,,,,,,,,1,,,,,
F6XKJ0,F6XKJ0_MACMU,ENSMMUP00000005544,MACMU,1.0,,,,,,,,,1,,,,,
F6XSI5,F6XSI5_MONDO,ENSMODP00000000180,MONDO,1.0,,,,,,,,,1,,,,,
F6XKH8,F6XKH8_MACMU,ENSMMUP00000031801,MACMU,1.0,,,,,,,,,1,,,,,
F6XKG1,F6XKG1_MACMU,ENSMMUP00000031802,MACMU,1.0,,,,,,,,,1,,,,,
F6XKA3,F6XKA3_MONDO,ENSMODP00000029653,MONDO,1.0,,,,,,,,,1,,,,,
F6XK92,F6XK92_MONDO,ENSMODP00000029654,MONDO,1.0,,,,,,,,,1,,,,,
F6XK90,F6XK90_MACMU,ENSMMUP00000031806,MACMU,1.0,,,,,,,,,1,,,,,
F6XK70,F6XK70_MACMU,ENSMMUP00000031808,MACMU,1.0,,,,,,,,,1,,,,,
F6XK29,F6XK29_MACMU,ENSMMUP00000017522,MACMU,1.0,,,,,,,,,1,,,,,
F6XRB4,F6XRB4_XENTR,ENSXETP00000004234,XENTR,1.0,,,,,,,,,1,,,,,
F6XSV8,F6XSV8_MACMU,ENSMMUP00000024802,MACMU,1.0,,,,,,,,,1,,,,,
F6YAM1,F6YAM1_MOUSE,ENSMUSP00000105845,MOUSE,1.0,,,,,,,,,1,,,,,
F6Y0I4,F6Y0I4_MACMU,ENSMMUP00000000847,MACMU,1.0,,,,,,,,,1,,,,,
F6YAG3,F6YAG3_MONDO,ENSMODP00000017132,MONDO,1.0,,,,,,,,,1,,,,,
F6Y8H7,F6Y8H7_MONDO,ENSMODP00000012476,MONDO,1.0,,,,,,,,,1,,,,,
F6Y553,F6Y553_XENTR,ENSXETP00000024469,XENTR,1.0,,,,,,,,,1,,,,,
F6Y4N9,F6Y4N9_MONDO,ENSMODP00000005671,MONDO,1.0,,,,,,,,,1,,,,,
F6Y406,F6Y406_MACMU,ENSMMUP00000036627,MACMU,1.0,,,,,,,,,1,,,,,
F6Y0W8,F6Y0W8_MACMU,ENSMMUP00000012813,MACMU,1.0,,,,,,,,,1,,,,,
F6Y0P3,F6Y0P3_CANFA,ENSCAFP00000019943,CANFA,1.0,,,,,,,,,1,,,,,
F6Y098,F6Y098_XENTR,ENSXETP00000026173,XENTR,1.0,,,,,,,,,1,,,,,
F6XSX6,F6XSX6_MACMU,ENSMMUP00000024801,MACMU,1.0,,,,,,,,,1,,,,,
F6XZL9,F6XZL9_MACMU,ENSMMUP00000024495,MACMU,1.0,,,,,,,,,1,,,,,
F6XY73,F6XY73_MACMU,ENSMMUP00000005319,MACMU,1.0,,,,,,,,,1,,,,,
F6XW75,F6XW75_MONDO,ENSMODP00000038451,MONDO,1.0,,,,,,,,,1,,,,,
F6XVZ4,F6XVZ4_MONDO,ENSMODP00000026481,MONDO,1.0,,,,,,,,,1,,,,,
F6XV38,F6XV38_ORNAN,ENSOANP00000009505,ORNAN,1.0,,,,,,,,,1,,,,,
F6XU76,F6XU76_XENTR,ENSXETP00000026966,XENTR,1.0,,,,,,,,,1,,,,,
F6XTN3,F6XTN3_ORNAN,ENSOANP00000009525,ORNAN,1.0,,,,,,,,,,1,,,,
F6VXQ5,F6VXQ5_MONDO,ENSMODP00000031075,MONDO,1.0,,,,,,,,,1,,,,,
F6VXH7,F6VXH7_XENTR,ENSXETP00000027729,XENTR,1.0,,,,,,,,,1,,,,,
F6SAP5,F6SAP5_MACMU,ENSMMUP00000025341,MACMU,1.0,,,,,,,,,1,,,,,
F6U4U4,F6U4U4_MONDO,ENSMODP00000017944,MONDO,1.0,,,,,,,,,1,,,,,
F6TRB4,F6TRB4_XENTR,ENSXETP00000046327,XENTR,1.0,,,,,,,,,1,,,,,
F6TR60,F6TR60_MONDO,ENSMODP00000029724,MONDO,1.0,,,,,,,,,1,,,,,
F6TQQ1,F6TQQ1_MONDO,ENSMODP00000005786,MONDO,1.0,,,,,,,,,1,,,,,
F6TQ07,F6TQ07_MONDO,ENSMODP00000029740,MONDO,1.0,,,,,,,,,1,,,,,
F6TPN9,F6TPN9_MONDO,ENSMODP00000029923,MONDO,1.0,,,,,,,,,1,,,,,
F6TPM8,F6TPM8_MONDO,ENSMODP00000029924,MONDO,1.0,,,,,,,,,1,,,,,
F6TPL9,F6TPL9_MONDO,ENSMODP00000029925,MONDO,1.0,,,,,,,,,1,,,,,
F6TPL0,F6TPL0_MONDO,ENSMODP00000029926,MONDO,1.0,,,,,,,,,1,,,,,
F6TN39,F6TN39_MACMU,ENSMMUP00000033883,MACMU,1.0,,,,,,,,,1,,,,,
F6TL94,F6TL94_MACMU,ENSMMUP00000007747,MACMU,1.0,,,,,,,,,1,,,,,
F6TH24,F6TH24_MONDO,ENSMODP00000027907,MONDO,1.0,,,,,,,,,1,,,,,
F6TF15,F6TF15_MACMU,ENSMMUP00000025119,MACMU,1.0,,,,,,,,,1,,,,,
F6TEM5,F6TEM5_CIOIN,ENSCINP00000023594,CIOIN,1.0,,,,,,,,,1,,,,,
F6TEJ3,F6TEJ3_MONDO,ENSMODP00000005269,MONDO,1.0,,,,,,,,,1,,,,,
F6TCA8,F6TCA8_XENTR,ENSXETP00000033111,XENTR,1.0,,,,,,,,,1,,,,,
F6TAS4,F6TAS4_MACMU,ENSMMUP00000001487,MACMU,1.0,,,,,,,,,1,,,,,
F6TAN3,F6TAN3_MACMU,ENSMMUP00000001489,MACMU,1.0,,,,,,,,,1,,,,,
F6TSN3,F6TSN3_ORNAN,ENSOANP00000003162,ORNAN,1.0,,,,,,,,,1,,,,,
F6TSQ2,F6TSQ2_XENTR,ENSXETP00000010188,XENTR,1.0,,,,,,,,,1,,,,,
F6TT81,F6TT81_MONDO,ENSMODP00000012588,MONDO,1.0,,,,,,,,,1,,,,,
F6TZP9,F6TZP9_MACMU,ENSMMUP00000026513,MACMU,1.0,,,,,,,,,1,,,,,
F6U3J2,F6U3J2_MONDO,ENSMODP00000033345,MONDO,1.0,,,,,,,,,1,,,,,
F6U3E7,F6U3E7_MONDO,ENSMODP00000021371,MONDO,1.0,,,,,,,,,1,,,,,
F6U2M7,F6U2M7_MONDO,ENSMODP00000038376,MONDO,1.0,,,,,,,,,1,,,,,
F6U2F6,F6U2F6_MONDO,ENSMODP00000038384,MONDO,1.0,,,,,,,,,1,,,,,
F6U124,F6U124_MACMU,ENSMMUP00000026866,MACMU,1.0,,,,,,,,,1,,,,,
F6TZR4,F6TZR4_MACMU,ENSMMUP00000026511,MACMU,1.0,,,,,,,,,1,,,,,
F6TZQ8,F6TZQ8_MACMU,ENSMMUP00000026512,MACMU,1.0,,,,,,,,,1,,,,,
F6TZP3,F6TZP3_MACMU,ENSMMUP00000026516,MACMU,1.0,,,,,,,,,1,,,,,
F6TUY7,F6TUY7_XENTR,ENSXETP00000044973,XENTR,1.0,,,,,,,,,1,,,,,
F6TZG6,F6TZG6_MONDO,ENSMODP00000031111,MONDO,1.0,,,,,,,,,1,,,,,
F6TZF0,F6TZF0_MONDO,ENSMODP00000031113,MONDO,1.0,,,,,,,,,1,,,,,
F6TYX9,F6TYX9_MACMU,ENSMMUP00000002578,MACMU,1.0,,,,,,,,,1,,,,,
F6TYK5,F6TYK5_MACMU,ENSMMUP00000014553,MACMU,1.0,,,,,,,,,1,,,,,
F6TVG6,F6TVG6_MONDO,ENSMODP00000031512,MONDO,1.0,,,,,,,,,1,,,,,
F6TVE9,F6TVE9_CIOIN,ENSCINP00000003482,CIOIN,1.0,,,,,,,,,1,,,,,
F6TV02,F6TV02_XENTR,ENSXETP00000044971,XENTR,1.0,,,,,,,,,1,,,,,
F6T8Z3,F6T8Z3_MONDO,ENSMODP00000029771,MONDO,1.0,,,,,,,,,1,,,,,
F6T8Z1,F6T8Z1_MACMU,ENSMMUP00000025120,MACMU,1.0,,,,,,,,,1,,,,,
F6T8Y1,F6T8Y1_ORNAN,ENSOANP00000004972,ORNAN,1.0,,,,,,,,,1,,,,,
F6SJS4,F6SJS4_MONDO,ENSMODP00000027935,MONDO,1.0,,,,,,,,,1,,,,,
F6SNA4,F6SNA4_MACMU,ENSMMUP00000004915,MACMU,1.0,,,,,,,,,1,,,,,
F6SN61,F6SN61_MACMU,ENSMMUP00000004918,MACMU,1.0,,,,,,,,,1,,,,,
F6SMP8,F6SMP8_ORNAN,ENSOANP00000005143,ORNAN,1.0,,,,,,,,,1,,,,,
F6SMF8,F6SMF8_MACMU,ENSMMUP00000020619,MACMU,1.0,,,,,,,,,1,,,,,
F6SM92,F6SM92_XENTR,ENSXETP00000017698,XENTR,1.0,,,,,,,,,1,,,,,
F6SLB4,F6SLB4_MACMU,ENSMMUP00000006348,MACMU,1.0,,,,,,,,,1,,,,,
F6SJU3,F6SJU3_MONDO,ENSMODP00000027933,MONDO,1.0,,,,,,,,,1,,,,,
F6SIX0,F6SIX0_MONDO,ENSMODP00000027943,MONDO,1.0,,,,,,,,,1,,,,,
F6SND9,F6SND9_ORNAN,ENSOANP00000017107,ORNAN,1.0,,,,,,,,,1,,,,,
F6SIU6,F6SIU6_MONDO,ENSMODP00000027946,MONDO,1.0,,,,,,,,,1,,,,,
F6SIG8,F6SIG8_MONDO,ENSMODP00000000015,MONDO,1.0,,,,,,,,,1,,,,,
F6SH32,F6SH32_MACMU,ENSMMUP00000004922,MACMU,1.0,,,,,,,,,1,,,,,
F6SGE9,F6SGE9_MACMU,ENSMMUP00000004932,MACMU,1.0,,,,,,,,,1,,,,,
F6SDR2,F6SDR2_CIOIN,ENSCINP00000024708,CIOIN,1.0,,,,,,,,,1,,,,,
F6SDH8,F6SDH8_XENTR,ENSXETP00000030223,XENTR,1.0,,,,,,,,,1,,,,,
F6SBR7,F6SBR7_XENTR,ENSXETP00000037819,XENTR,1.0,,,,,,,,,1,,,,,
F6SNA6,F6SNA6_MONDO,ENSMODP00000007271,MONDO,1.0,,,,,,,,,1,,,,,
F6SNL6,F6SNL6_MACMU,ENSMMUP00000032116,MACMU,1.0,,,,,,,,,1,,,,,
F6T670,F6T670_MONDO,ENSMODP00000033392,MONDO,1.0,,,,,,,,,1,,,,,
F6SY54,F6SY54_MONDO,ENSMODP00000005280,MONDO,1.0,,,,,,,,,1,,,,,
F6T5Q5,F6T5Q5_MONDO,ENSMODP00000002214,MONDO,1.0,,,,,,,,,1,,,,,
F6T4J1,F6T4J1_ORNAN,ENSOANP00000006268,ORNAN,1.0,,,,,,,,,1,,,,,
F6T2D2,F6T2D2_MOUSE,ENSMUSP00000075719,MOUSE,1.0,,,,,,,,,1,,,,,
F6T0S6,F6T0S6_MONDO,ENSMODP00000027921,MONDO,1.0,,,,,,,,,1,,,,,
F6T075,F6T075_MACMU,ENSMMUP00000009922,MACMU,1.0,,,,,,,,,1,,,,,
F6SZV8,F6SZV8_MACMU,ENSMMUP00000009929,MACMU,1.0,,,,,,,,,1,,,,,
F6SZD1,F6SZD1_MACMU,ENSMMUP00000032460,MACMU,1.0,,,,,,,,,1,,,,,
F6SXL4,F6SXL4_CIOIN,ENSCINP00000002601,CIOIN,1.0,,,,,,,,,1,,,,,
F6SNM5,F6SNM5_MACMU,ENSMMUP00000032115,MACMU,1.0,,,,,,,,,1,,,,,
F6SU29,F6SU29_MOUSE,ENSMUSP00000078229,MOUSE,1.0,,,,,,,,,1,,,,,
F6SSQ6,F6SSQ6_MONDO,ENSMODP00000000924,MONDO,1.0,,,,,,,,,1,,,,,
F6SSM9,F6SSM9_MONDO,ENSMODP00000000929,MONDO,1.0,,,,,,,,,1,,,,,
F6SR06,F6SR06_MONDO,ENSMODP00000029979,MONDO,1.0,,,,,,,,,1,,,,,
F6SQ37,F6SQ37_MONDO,ENSMODP00000002054,MONDO,1.0,,,,,,,,,1,,,,,
F6SP18,F6SP18_XENTR,ENSXETP00000048528,XENTR,1.0,,,,,,,,,1,,,,,
F6SP12,F6SP12_MACMU,ENSMMUP00000004903,MACMU,1.0,,,,,,,,,1,,,,,
F6U3M3,F6U3M3_MONDO,ENSMODP00000007086,MONDO,1.0,,,,,,,,,1,,,,,
F6U4V9,F6U4V9_ORNAN,ENSOANP00000004956,ORNAN,1.0,,,,,,,,,1,,,,,
F6VWV6,F6VWV6_XENTR,ENSXETP00000000012,XENTR,1.0,,,,,,,,,1,,,,,
F6U578,F6U578_MACMU,ENSMMUP00000007517,MACMU,1.0,,,,,,,,,1,,,,,
F6VGP1,F6VGP1_XENTR,ENSXETP00000035236,XENTR,1.0,,,,,,,,,1,,,,,
F6VGJ7,F6VGJ7_MONDO,ENSMODP00000027835,MONDO,1.0,,,,,,,,,1,,,,,
F6VG42,F6VG42_MONDO,ENSMODP00000015868,MONDO,1.0,,,,,,,,,1,,,,,
F6VEX4,F6VEX4_ORNAN,ENSOANP00000015938,ORNAN,1.0,,,,,,,,,1,,,,,
F6VE59,F6VE59_MACMU,ENSMMUP00000019659,MACMU,1.0,,,,,,,,,1,,,,,
F6VD56,F6VD56_MONDO,ENSMODP00000024348,MONDO,1.0,,,,,,,,,1,,,,,
F6VCW6,F6VCW6_MACMU,ENSMMUP00000021980,MACMU,1.0,,,,,,,,,1,,,,,
F6VBL3,F6VBL3_MACMU,ENSMMUP00000023020,MACMU,1.0,,,,,,,,,1,,,,,
F6VBF8,F6VBF8_MACMU,ENSMMUP00000023028,MACMU,1.0,,,,,,,,,1,,,,,
F6VB61,F6VB61_MACMU,ENSMMUP00000038990,MACMU,1.0,,,,,,,,,1,,,,,
F6V923,F6V923_MONDO,ENSMODP00000005569,MONDO,1.0,,,,,,,,,1,,,,,
F6V7Z9,F6V7Z9_MONDO,ENSMODP00000012893,MONDO,1.0,,,,,,,,,1,,,,,
F6V3T2,F6V3T2_MONDO,ENSMODP00000019017,MONDO,1.0,,,,,,,,,1,,,,,
F6V344,F6V344_MONDO,ENSMODP00000021334,MONDO,1.0,,,,,,,,,1,,,,,
F6V2L6,F6V2L6_MONDO,ENSMODP00000014365,MONDO,1.0,,,,,,,,,1,,,,,
F6V2E5,F6V2E5_MONDO,ENSMODP00000002392,MONDO,1.0,,,,,,,,,1,,,,,
F6V1G8,F6V1G8_XENTR,ENSXETP00000043621,XENTR,1.0,,,,,,,,,1,,,,,
F6VHP6,F6VHP6_ORNAN,ENSOANP00000008559,ORNAN,1.0,,,,,,,,,1,,,,,
F6VIB6,F6VIB6_MACMU,ENSMMUP00000026998,MACMU,1.0,,,,,,,,,1,,,,,
F6VIG6,F6VIG6_MACMU,ENSMMUP00000023004,MACMU,1.0,,,,,,,,,1,,,,,
F6VPD9,F6VPD9_XENTR,ENSXETP00000033069,XENTR,1.0,,,,,,,,,1,,,,,
F6VWP3,F6VWP3_CIOIN,ENSCINP00000027657,CIOIN,1.0,,,,,,,,,1,,,,,
F6VV18,F6VV18_XENTR,ENSXETP00000024275,XENTR,1.0,,,,,,,,,1,,,,,
F6VSW1,F6VSW1_XENTR,ENSXETP00000043607,XENTR,1.0,,,,,,,,,1,,,,,
F6VQF8,F6VQF8_ORNAN,ENSOANP00000010027,ORNAN,1.0,,,,,,,,,1,,,,,
F6VPZ0,F6VPZ0_MACMU,ENSMMUP00000019471,MACMU,1.0,,,,,,,,,1,,,,,
F6VPN8,F6VPN8_XENTR,ENSXETP00000021087,XENTR,1.0,,,,,,,,,1,,,,,
F6VPE9,F6VPE9_XENTR,ENSXETP00000037447,XENTR,1.0,,,,,,,,,1,,,,,
F6VP47,F6VP47_XENTR,ENSXETP00000033070,XENTR,1.0,,,,,,,,,1,,,,,
F6VIJ1,F6VIJ1_MACMU,ENSMMUP00000026993,MACMU,1.0,,,,,,,,,1,,,,,
F6VNM7,F6VNM7_MONDO,ENSMODP00000029888,MONDO,1.0,,,,,,,,,1,,,,,
F6VNA4,F6VNA4_XENTR,ENSXETP00000014206,XENTR,1.0,,,,,,,,,1,,,,,
F6VKS5,F6VKS5_ORNAN,ENSOANP00000022477,ORNAN,1.0,,,,,,,,,1,,,,,
F6VKE6,F6VKE6_MONDO,ENSMODP00000014338,MONDO,1.0,,,,,,,,,1,,,,,
F6VJ32,F6VJ32_MACMU,ENSMMUP00000011021,MACMU,1.0,,,,,,,,,1,,,,,
F6VJ14,F6VJ14_MACMU,ENSMMUP00000011023,MACMU,1.0,,,,,,,,,1,,,,,
F6VIP9,F6VIP9_ORNAN,ENSOANP00000022653,ORNAN,1.0,,,,,,,,,1,,,,,
F6V0V3,F6V0V3_MACMU,ENSMMUP00000026637,MACMU,1.0,,,,,,,,,1,,,,,
F6V0U3,F6V0U3_MACMU,ENSMMUP00000026639,MACMU,1.0,,,,,,,,,1,,,,,
F6V0B0,F6V0B0_MONDO,ENSMODP00000002500,MONDO,1.0,,,,,,,,,1,,,,,
F6UAQ9,F6UAQ9_MACMU,ENSMMUP00000011281,MACMU,1.0,,,,,,,,,1,,,,,
F6UDB1,F6UDB1_MACMU,ENSMMUP00000007898,MACMU,1.0,,,,,,,,,1,,,,,
F6UDA5,F6UDA5_MONDO,ENSMODP00000017072,MONDO,1.0,,,,,,,,,1,,,,,
F6UC32,F6UC32_ORNAN,ENSOANP00000005375,ORNAN,1.0,,,,,,,,,1,,,,,
F6UBG3,F6UBG3_MONDO,ENSMODP00000005225,MONDO,1.0,,,,,,,,,1,,,,,
F6UBG1,F6UBG1_MACMU,ENSMMUP00000038685,MACMU,1.0,,,,,,,,,1,,,,,
F6UAX0,F6UAX0_CIOIN,ENSCINP00000007111,CIOIN,1.0,,,,,,,,,1,,,,,
F6UAU2,F6UAU2_MONDO,ENSMODP00000012537,MONDO,1.0,,,,,,,,,1,,,,,
F6UA22,F6UA22_MACMU,ENSMMUP00000011291,MACMU,1.0,,,,,,,,,1,,,,,
F6UEH5,F6UEH5_MONDO,ENSMODP00000008796,MONDO,1.0,,,,,,,,,1,,,,,
F6U9W1,F6U9W1_MACMU,ENSMMUP00000011299,MACMU,1.0,,,,,,,,,1,,,,,
F6U8G4,F6U8G4_MACMU,ENSMMUP00000014866,MACMU,1.0,,,,,,,,,,1,,,,
F6U697,F6U697_MONDO,ENSMODP00000029716,MONDO,1.0,,,,,,,,,1,,,,,
F6U656,F6U656_MONDO,ENSMODP00000029904,MONDO,1.0,,,,,,,,,1,,,,,
F6U5Z3,F6U5Z3_MONDO,ENSMODP00000029909,MONDO,1.0,,,,,,,,,1,,,,,
F6U5H2,F6U5H2_XENTR,ENSXETP00000048773,XENTR,1.0,,,,,,,,,1,,,,,
F6U5A0,F6U5A0_CIOIN,ENSCINP00000023299,CIOIN,1.0,,,,,,,,,1,,,,,
F6UDM5,F6UDM5_MONDO,ENSMODP00000005099,MONDO,1.0,,,,,,,,,1,,,,,
F6UFA0,F6UFA0_MONDO,ENSMODP00000008746,MONDO,1.0,,,,,,,,,1,,,,,
F6V087,F6V087_MONDO,ENSMODP00000002506,MONDO,1.0,,,,,,,,,1,,,,,
F6UTU9,F6UTU9_MACMU,ENSMMUP00000019819,MACMU,1.0,,,,,,,,,1,,,,,
F6UZD5,F6UZD5_MONDO,ENSMODP00000014511,MONDO,1.0,,,,,,,,,1,,,,,
F6UXW9,F6UXW9_MACMU,ENSMMUP00000030009,MACMU,1.0,,,,,,,,,1,,,,,
F6UXL7,F6UXL7_ORNAN,ENSOANP00000020503,ORNAN,1.0,,,,,,,,,1,,,,,
F6UXK4,F6UXK4_MACMU,ENSMMUP00000030010,MACMU,1.0,,,,,,,,,1,,,,,
F6UV56,F6UV56_MONDO,ENSMODP00000024360,MONDO,1.0,,,,,,,,,1,,,,,
F6UUJ3,F6UUJ3_MACMU,ENSMMUP00000011094,MACMU,1.0,,,,,,,,,1,,,,,
F6UUI2,F6UUI2_MACMU,ENSMMUP00000011095,MACMU,1.0,,,,,,,,,1,,,,,
F6UTQ0,F6UTQ0_ORNAN,ENSOANP00000006617,ORNAN,1.0,,,,,,,,,1,,,,,
F6UKP4,F6UKP4_MONDO,ENSMODP00000033313,MONDO,1.0,,,,,,,,,1,,,,,
F6UST3,F6UST3_ORNAN,ENSOANP00000010057,ORNAN,1.0,,,,,,,,,1,,,,,
F6USF2,F6USF2_ORNAN,ENSOANP00000006805,ORNAN,1.0,,,,,,,,,1,,,,,
F6URV1,F6URV1_MONDO,ENSMODP00000012524,MONDO,1.0,,,,,,,,,1,,,,,
F6UR85,F6UR85_MACMU,ENSMMUP00000028099,MACMU,1.0,,,,,,,,,1,,,,,
F6UPX1,F6UPX1_MACMU,ENSMMUP00000011236,MACMU,1.0,,,,,,,,,1,,,,,
F6UNN7,F6UNN7_CANFA,ENSCAFP00000025222,CANFA,1.0,,,,,,,,,1,,,,,
F6UMW3,F6UMW3_MONDO,ENSMODP00000005736,MONDO,1.0,,,,,,,,,1,,,,,
F6Z2T9,F6Z2T9_MACMU,ENSMMUP00000031908,MACMU,1.0,,,,,,,,,1,,,,,
F6Z3B1,F6Z3B1_MONDO,ENSMODP00000030009,MONDO,1.0,,,,,,,,,1,,,,,
F6Z3E7,F6Z3E7_MACMU,ENSMMUP00000017611,MACMU,1.0,,,,,,,,,1,,,,,
F7DL61,F7DL61_XENTR,ENSXETP00000047993,XENTR,1.0,,,,,,,,,1,,,,,
F7DCL9,F7DCL9_MONDO,ENSMODP00000016052,MONDO,1.0,,,,,,,,,1,,,,,
F7DC39,F7DC39_ORNAN,ENSOANP00000002418,ORNAN,1.0,,,,,,,,,1,,,,,
F7DC02,F7DC02_MONDO,ENSMODP00000030503,MONDO,1.0,,,,,,,,,1,,,,,
F7D9X0,F7D9X0_MONDO,ENSMODP00000030871,MONDO,1.0,,,,,,,,,1,,,,,
F7D9V7,F7D9V7_XENTR,ENSXETP00000051008,XENTR,1.0,,,,,,,,,1,,,,,
F7D963,F7D963_MONDO,ENSMODP00000028576,MONDO,1.0,,,,,,,,,1,,,,,
F7D907,F7D907_MONDO,ENSMODP00000030896,MONDO,1.0,,,,,,,,,1,,,,,
F7D8V8,F7D8V8_MONDO,ENSMODP00000028585,MONDO,1.0,,,,,,,,,1,,,,,
F7D7N6,F7D7N6_ORNAN,ENSOANP00000005452,ORNAN,1.0,,,,,,,,,1,,,,,
F7D7E4,F7D7E4_MONDO,ENSMODP00000020166,MONDO,1.0,,,,,,,,,1,,,,,
F7D5K2,F7D5K2_XENTR,ENSXETP00000001610,XENTR,1.0,,,,,,,,,1,,,,,
F7D4K2,F7D4K2_XENTR,ENSXETP00000044944,XENTR,1.0,,,,,,,,,1,,,,,
F7D4A6,F7D4A6_MACMU,ENSMMUP00000013629,MACMU,1.0,,,,,,,,,1,,,,,
F7D480,F7D480_XENTR,ENSXETP00000044952,XENTR,1.0,,,,,,,,,1,,,,,
F7D426,F7D426_XENTR,ENSXETP00000032989,XENTR,1.0,,,,,,,,,1,,,,,
F7D3D2,F7D3D2_MACMU,ENSMMUP00000041098,MACMU,1.0,,,,,,,,,1,,,,,
F7D328,F7D328_MACMU,ENSMMUP00000001679,MACMU,1.0,,,,,,,,,1,,,,,
F7DCN0,F7DCN0_MONDO,ENSMODP00000028028,MONDO,1.0,,,,,,,,,1,,,,,
F7DD17,F7DD17_MACMU,ENSMMUP00000018672,MACMU,1.0,,,,,,,,,1,,,,,
F7DD41,F7DD41_MACMU,ENSMMUP00000020987,MACMU,1.0,,,,,,,,,1,,,,,
F7DH25,F7DH25_XENTR,ENSXETP00000020955,XENTR,1.0,,,,,,,,,1,,,,,
F7DJF1,F7DJF1_MACMU,ENSMMUP00000004331,MACMU,1.0,,,,,,,,,1,,,,,
F7DJD1,F7DJD1_MACMU,ENSMMUP00000004336,MACMU,1.0,,,,,,,,,1,,,,,
F7DJC6,F7DJC6_MACMU,ENSMMUP00000004338,MACMU,1.0,,,,,,,,,1,,,,,
F7DJ47,F7DJ47_MACMU,ENSMMUP00000004340,MACMU,1.0,,,,,,,,,1,,,,,
F7DIM6,F7DIM6_MACMU,ENSMMUP00000004355,MACMU,1.0,,,,,,,,,1,,,,,
F7DI32,F7DI32_MACMU,ENSMMUP00000009374,MACMU,1.0,,,,,,,,,1,,,,,
F7DHF2,F7DHF2_MONDO,ENSMODP00000010603,MONDO,1.0,,,,,,,,,1,,,,,
F7DGZ4,F7DGZ4_MONDO,ENSMODP00000008310,MONDO,1.0,,,,,,,,,1,,,,,
F7DE70,F7DE70_MONDO,ENSMODP00000030191,MONDO,1.0,,,,,,,,,1,,,,,
F7DGL2,F7DGL2_MONDO,ENSMODP00000010637,MONDO,1.0,,,,,,,,,1,,,,,
F7DGJ3,F7DGJ3_MONDO,ENSMODP00000008323,MONDO,1.0,,,,,,,,,1,,,,,
F7DFV2,F7DFV2_XENTR,ENSXETP00000004859,XENTR,1.0,,,,,,,,,1,,,,,
F7DFP9,F7DFP9_MACMU,ENSMMUP00000030453,MACMU,1.0,,,,,,,,,1,,,,,
F7DES8,F7DES8_MONDO,ENSMODP00000030183,MONDO,1.0,,,,,,,,,1,,,,,
F7DEK8,F7DEK8_MONDO,ENSMODP00000030189,MONDO,1.0,,,,,,,,,1,,,,,
F7DE78,F7DE78_MONDO,ENSMODP00000030190,MONDO,1.0,,,,,,,,,1,,,,,
F7D2T7,F7D2T7_XENTR,ENSXETP00000035801,XENTR,1.0,,,,,,,,,1,,,,,
F7D222,F7D222_MONDO,ENSMODP00000032824,MONDO,1.0,,,,,,,,,1,,,,,
F7D043,F7D043_MOUSE,ENSMUSP00000097015,MOUSE,1.0,,,,,,,,,1,,,,,
F7CEC3,F7CEC3_MACMU,ENSMMUP00000031921,MACMU,1.0,,,,,,,,,1,,,,,
F7CIT7,F7CIT7_XENTR,ENSXETP00000004931,XENTR,1.0,,,,,,,,,1,,,,,
F7CIA2,F7CIA2_MONDO,ENSMODP00000013523,MONDO,1.0,,,,,,,,,1,,,,,
F7CGE3,F7CGE3_XENTR,ENSXETP00000051722,XENTR,1.0,,,,,,,,,1,,,,,
F7CG86,F7CG86_XENTR,ENSXETP00000037443,XENTR,1.0,,,,,,,,,1,,,,,
F7CFC6,F7CFC6_MACMU,ENSMMUP00000041279,MACMU,1.0,,,,,,,,,1,,,,,
F7CER0,F7CER0_MACMU,ENSMMUP00000010117,MACMU,1.0,,,,,,,,,1,,,,,
F7CEJ4,F7CEJ4_ORNAN,ENSOANP00000025255,ORNAN,1.0,,,,,,,,,1,,,,,
F7CE19,F7CE19_MACMU,ENSMMUP00000018506,MACMU,1.0,,,,,,,,,1,,,,,
F7CJX4,F7CJX4_MONDO,ENSMODP00000013366,MONDO,1.0,,,,,,,,,1,,,,,
F7CE16,F7CE16_MONDO,ENSMODP00000015292,MONDO,1.0,,,,,,,,,1,,,,,
F7CDT8,F7CDT8_MACMU,ENSMMUP00000020820,MACMU,1.0,,,,,,,,,1,,,,,
F7CCQ9,F7CCQ9_XENTR,ENSXETP00000030085,XENTR,1.0,,,,,,,,,1,,,,,
F7CBM8,F7CBM8_MACMU,ENSMMUP00000034271,MACMU,1.0,,,,,,,,,1,,,,,
F7CAP6,F7CAP6_XENTR,ENSXETP00000016157,XENTR,1.0,,,,,,,,,1,,,,,
F7C9T0,F7C9T0_ORNAN,ENSOANP00000025871,ORNAN,1.0,,,,,,,,,1,,,,,
F7C9S0,F7C9S0_MONDO,ENSMODP00000028058,MONDO,1.0,,,,,,,,,1,,,,,
F7CJ18,F7CJ18_MACMU,ENSMMUP00000022242,MACMU,1.0,,,,,,,,,1,,,,,
F7CL56,F7CL56_MONDO,ENSMODP00000037183,MONDO,1.0,,,,,,,,,1,,,,,
F7CY86,F7CY86_XENTR,ENSXETP00000025619,XENTR,1.0,,,,,,,,,1,,,,,
F7CUS4,F7CUS4_MACMU,ENSMMUP00000001871,MACMU,1.0,,,,,,,,,1,,,,,
F7CY24,F7CY24_XENTR,ENSXETP00000025621,XENTR,1.0,,,,,,,,,1,,,,,
F7CXQ3,F7CXQ3_MONDO,ENSMODP00000022615,MONDO,1.0,,,,,,,,,1,,,,,
F7CX29,F7CX29_MACMU,ENSMMUP00000013671,MACMU,1.0,,,,,,,,,1,,,,,
F7CWT5,F7CWT5_MACMU,ENSMMUP00000039063,MACMU,1.0,,,,,,,,,1,,,,,
F7CWQ8,F7CWQ8_MACMU,ENSMMUP00000039067,MACMU,1.0,,,,,,,,,1,,,,,
F7CWH9,F7CWH9_MACMU,ENSMMUP00000039070,MACMU,1.0,,,,,,,,,1,,,,,
F7CWG7,F7CWG7_MACMU,ENSMMUP00000039073,MACMU,1.0,,,,,,,,,1,,,,,
F7CUA9,F7CUA9_MONDO,ENSMODP00000011032,MONDO,1.0,,,,,,,,,1,,,,,
F7CMF2,F7CMF2_ORNAN,ENSOANP00000023334,ORNAN,1.0,,,,,,,,,1,,,,,
F7CTH4,F7CTH4_MOUSE,ENSMUSP00000079709,MOUSE,1.0,,,,,,,,,1,,,,,
F7CT89,F7CT89_MACMU,ENSMMUP00000018849,MACMU,1.0,,,,,,,,,1,,,,,
F7CT77,F7CT77_MONDO,ENSMODP00000028044,MONDO,1.0,,,,,,,,,1,,,,,
F7CRQ6,F7CRQ6_MACMU,ENSMMUP00000013145,MACMU,1.0,,,,,,,,,1,,,,,
F7CQX2,F7CQX2_MACMU,ENSMMUP00000025673,MACMU,1.0,,,,,,,,,1,,,,,
F7CMH6,F7CMH6_MACMU,ENSMMUP00000025849,MACMU,1.0,,,,,,,,,1,,,,,
F7CMG1,F7CMG1_ORNAN,ENSOANP00000023333,ORNAN,1.0,,,,,,,,,1,,,,,
F7DKV5,F7DKV5_MACMU,ENSMMUP00000035436,MACMU,1.0,,,,,,,,,1,,,,,
F7DLN2,F7DLN2_MONDO,ENSMODP00000018528,MONDO,1.0,,,,,,,,,1,,,,,
F6Z5G6,F6Z5G6_MACMU,ENSMMUP00000017463,MACMU,1.0,,,,,,,,,1,,,,,
F7DLY0,F7DLY0_MACMU,ENSMMUP00000028107,MACMU,1.0,,,,,,,,,1,,,,,
F7E9T8,F7E9T8_XENTR,ENSXETP00000051330,XENTR,1.0,,,,,,,,,1,,,,,
F7E9E6,F7E9E6_MONDO,ENSMODP00000020479,MONDO,1.0,,,,,,,,,1,,,,,
F7E8T0,F7E8T0_MACMU,ENSMMUP00000030744,MACMU,1.0,,,,,,,,,1,,,,,
F7E881,F7E881_MACMU,ENSMMUP00000028441,MACMU,1.0,,,,,,,,,1,,,,,
F7E7I9,F7E7I9_ORNAN,ENSOANP00000000572,ORNAN,1.0,,,,,,,,,1,,,,,
F7E6Y0,F7E6Y0_MONDO,ENSMODP00000006505,MONDO,1.0,,,,,,,,,1,,,,,
F7E6N0,F7E6N0_MONDO,ENSMODP00000006522,MONDO,1.0,,,,,,,,,1,,,,,
F7E6A7,F7E6A7_MACMU,ENSMMUP00000028278,MACMU,1.0,,,,,,,,,1,,,,,
F7E6A2,F7E6A2_MACMU,ENSMMUP00000028279,MACMU,1.0,,,,,,,,,1,,,,,
F7E699,F7E699_XENTR,ENSXETP00000023968,XENTR,1.0,,,,,,,,,1,,,,,
F7E668,F7E668_MACMU,ENSMMUP00000028280,MACMU,1.0,,,,,,,,,1,,,,,
F7E657,F7E657_MACMU,ENSMMUP00000028281,MACMU,1.0,,,,,,,,,1,,,,,
F7E642,F7E642_MACMU,ENSMMUP00000028283,MACMU,1.0,,,,,,,,,1,,,,,
F7E624,F7E624_MACMU,ENSMMUP00000028286,MACMU,1.0,,,,,,,,,1,,,,,
F7E576,F7E576_MACMU,ENSMMUP00000009676,MACMU,1.0,,,,,,,,,1,,,,,
F7E450,F7E450_MACMU,ENSMMUP00000028462,MACMU,1.0,,,,,,,,,1,,,,,
F7E3L8,F7E3L8_MACMU,ENSMMUP00000028476,MACMU,1.0,,,,,,,,,1,,,,,
F7E9X3,F7E9X3_MONDO,ENSMODP00000009905,MONDO,1.0,,,,,,,,,1,,,,,
F7EAK6,F7EAK6_MACMU,ENSMMUP00000016277,MACMU,1.0,,,,,,,,,1,,,,,
F7EAK9,F7EAK9_MONDO,ENSMODP00000020132,MONDO,1.0,,,,,,,,,1,,,,,
F7EG80,F7EG80_MONDO,ENSMODP00000004018,MONDO,1.0,,,,,,,,,1,,,,,
F7EJD5,F7EJD5_XENTR,ENSXETP00000020847,XENTR,1.0,,,,,,,,,1,,,,,
F7EJ15,F7EJ15_MONDO,ENSMODP00000015411,MONDO,1.0,,,,,,,,,,1,,,,
F7EI06,F7EI06_ORNAN,ENSOANP00000023004,ORNAN,1.0,,,,,,,,,1,,,,,
F7EHB8,F7EHB8_MACMU,ENSMMUP00000004439,MACMU,1.0,,,,,,,,,1,,,,,
F7EH74,F7EH74_MACMU,ENSMMUP00000034274,MACMU,1.0,,,,,,,,,1,,,,,
F7EGB7,F7EGB7_MACMU,ENSMMUP00000009486,MACMU,1.0,,,,,,,,,1,,,,,
F7EGB2,F7EGB2_MACMU,ENSMMUP00000009487,MACMU,1.0,,,,,,,,,1,,,,,
F7EFB2,F7EFB2_MONDO,ENSMODP00000009086,MONDO,1.0,,,,,,,,,1,,,,,
F7EBD4,F7EBD4_MONDO,ENSMODP00000009779,MONDO,1.0,,,,,,,,,1,,,,,
F7EEM9,F7EEM9_XENTR,ENSXETP00000009625,XENTR,1.0,,,,,,,,,1,,,,,
F7EEL5,F7EEL5_MONDO,ENSMODP00000028388,MONDO,1.0,,,,,,,,,1,,,,,
F7EEI2,F7EEI2_MONDO,ENSMODP00000028395,MONDO,1.0,,,,,,,,,1,,,,,
F7EE73,F7EE73_MONDO,ENSMODP00000009205,MONDO,1.0,,,,,,,,,1,,,,,
F7EDH8,F7EDH8_MACMU,ENSMMUP00000023912,MACMU,1.0,,,,,,,,,1,,,,,
F7ED84,F7ED84_MONDO,ENSMODP00000030832,MONDO,1.0,,,,,,,,,1,,,,,
F7EBZ2,F7EBZ2_XENTR,ENSXETP00000044628,XENTR,1.0,,,,,,,,,1,,,,,
F7E350,F7E350_ORNAN,ENSOANP00000019610,ORNAN,1.0,,,,,,,,,1,,,,,
F7E333,F7E333_XENTR,ENSXETP00000013567,XENTR,1.0,,,,,,,,,1,,,,,
F7E1C9,F7E1C9_MONDO,ENSMODP00000019572,MONDO,1.0,,,,,,,,,1,,,,,
F7DRA3,F7DRA3_ORNAN,ENSOANP00000024591,ORNAN,1.0,,,,,,,,,1,,,,,
F7DTC3,F7DTC3_MACMU,ENSMMUP00000023624,MACMU,1.0,,,,,,,,,1,,,,,
F7DTB2,F7DTB2_MACMU,ENSMMUP00000023628,MACMU,1.0,,,,,,,,,1,,,,,
F7DT27,F7DT27_MONDO,ENSMODP00000028701,MONDO,1.0,,,,,,,,,1,,,,,
F7DSP0,F7DSP0_ORNAN,ENSOANP00000023088,ORNAN,1.0,,,,,,,,,1,,,,,
F7DSD6,F7DSD6_XENTR,ENSXETP00000037770,XENTR,1.0,,,,,,,,,1,,,,,
F7DS69,F7DS69_XENTR,ENSXETP00000037789,XENTR,1.0,,,,,,,,,1,,,,,
F7DRQ3,F7DRQ3_XENTR,ENSXETP00000006621,XENTR,1.0,,,,,,,,,1,,,,,
F7DQP1,F7DQP1_MONDO,ENSMODP00000009928,MONDO,1.0,,,,,,,,,1,,,,,
F7DTK5,F7DTK5_ORNAN,ENSOANP00000007675,ORNAN,1.0,,,,,,,,,1,,,,,
F7DQJ4,F7DQJ4_MONDO,ENSMODP00000013187,MONDO,1.0,,,,,,,,,1,,,,,
F7DQI3,F7DQI3_MONDO,ENSMODP00000013189,MONDO,1.0,,,,,,,,,1,,,,,
F7DP31,F7DP31_MONDO,ENSMODP00000013312,MONDO,1.0,,,,,,,,,1,,,,,
F7DP29,F7DP29_MACMU,ENSMMUP00000035495,MACMU,1.0,,,,,,,,,1,,,,,
F7DNY4,F7DNY4_XENTR,ENSXETP00000051611,XENTR,1.0,,,,,,,,,1,,,,,
F7DNN1,F7DNN1_XENTR,ENSXETP00000051628,XENTR,1.0,,,,,,,,,1,,,,,
F7DN36,F7DN36_ORNAN,ENSOANP00000007087,ORNAN,1.0,,,,,,,,,1,,,,,
F7DTD0,F7DTD0_MACMU,ENSMMUP00000023623,MACMU,1.0,,,,,,,,,1,,,,,
F7DTV4,F7DTV4_XENTR,ENSXETP00000001361,XENTR,1.0,,,,,,,,,1,,,,,
F7E0S0,F7E0S0_MACMU,ENSMMUP00000011441,MACMU,1.0,,,,,,,,,1,,,,,
F7DX78,F7DX78_MACMU,ENSMMUP00000016670,MACMU,1.0,,,,,,,,,1,,,,,
F7E0F2,F7E0F2_ORNAN,ENSOANP00000028119,ORNAN,1.0,,,,,,,,,1,,,,,
F7E073,F7E073_MACMU,ENSMMUP00000035955,MACMU,1.0,,,,,,,,,1,,,,,
F7DZW6,F7DZW6_MACMU,ENSMMUP00000035963,MACMU,1.0,,,,,,,,,1,,,,,
F7DZU7,F7DZU7_MACMU,ENSMMUP00000035966,MACMU,1.0,,,,,,,,,1,,,,,
F7DYX1,F7DYX1_XENTR,ENSXETP00000044473,XENTR,1.0,,,,,,,,,1,,,,,
F7DYL1,F7DYL1_MONDO,ENSMODP00000004051,MONDO,1.0,,,,,,,,,1,,,,,
F7DXJ3,F7DXJ3_ORNAN,ENSOANP00000019021,ORNAN,1.0,,,,,,,,,1,,,,,
F7DWQ1,F7DWQ1_MACMU,ENSMMUP00000028657,MACMU,1.0,,,,,,,,,1,,,,,
F7DUT3,F7DUT3_MACMU,ENSMMUP00000035995,MACMU,1.0,,,,,,,,,1,,,,,
F7DW66,F7DW66_ORNAN,ENSOANP00000019231,ORNAN,1.0,,,,,,,,,1,,,,,
F7DW41,F7DW41_MONDO,ENSMODP00000009239,MONDO,1.0,,,,,,,,,1,,,,,
F7DVV8,F7DVV8_MONDO,ENSMODP00000009240,MONDO,1.0,,,,,,,,,1,,,,,
F7DVG2,F7DVG2_MONDO,ENSMODP00000023535,MONDO,1.0,,,,,,,,,1,,,,,
F7DV80,F7DV80_MACMU,ENSMMUP00000035983,MACMU,1.0,,,,,,,,,1,,,,,
A0JMM0,A0JMM0_DANRE,nan,DANRE,1.0,,,,,,,,,1,,,,,
F7DV52,F7DV52_MONDO,ENSMODP00000016567,MONDO,1.0,,,,,,,,,1,,,,,
F7C8F2,F7C8F2_MONDO,ENSMODP00000030545,MONDO,1.0,,,,,,,,,1,,,,,
F7C898,F7C898_ORNAN,ENSOANP00000006955,ORNAN,1.0,,,,,,,,,1,,,,,
F7C7W5,F7C7W5_MONDO,ENSMODP00000030555,MONDO,1.0,,,,,,,,,1,,,,,
F7C7M1,F7C7M1_MONDO,ENSMODP00000016270,MONDO,1.0,,,,,,,,,1,,,,,
F7AEE0,F7AEE0_MACMU,ENSMMUP00000003087,MACMU,1.0,,,,,,,,,1,,,,,
F7AEC9,F7AEC9_MONDO,ENSMODP00000023297,MONDO,1.0,,,,,,,,,1,,,,,
F7AE55,F7AE55_MACMU,ENSMMUP00000027034,MACMU,1.0,,,,,,,,,1,,,,,
F7AE32,F7AE32_MACMU,ENSMMUP00000027037,MACMU,1.0,,,,,,,,,1,,,,,
F7ACU0,F7ACU0_MACMU,ENSMMUP00000012541,MACMU,1.0,,,,,,,,,1,,,,,
F7ABU1,F7ABU1_MACMU,ENSMMUP00000017573,MACMU,1.0,,,,,,,,,1,,,,,
F7ABK6,F7ABK6_MACMU,ENSMMUP00000024850,MACMU,1.0,,,,,,,,,1,,,,,
F7ABJ9,F7ABJ9_MACMU,ENSMMUP00000031866,MACMU,1.0,,,,,,,,,1,,,,,
F7AB50,F7AB50_MACMU,ENSMMUP00000017586,MACMU,1.0,,,,,,,,,1,,,,,
F7AAS0,F7AAS0_MONDO,ENSMODP00000004601,MONDO,1.0,,,,,,,,,1,,,,,
F7A9Y4,F7A9Y4_MONDO,ENSMODP00000016615,MONDO,1.0,,,,,,,,,1,,,,,
F7A9K7,F7A9K7_MACMU,ENSMMUP00000024341,MACMU,1.0,,,,,,,,,1,,,,,
F7A7M4,F7A7M4_MACMU,ENSMMUP00000024847,MACMU,1.0,,,,,,,,,1,,,,,
F7A7D4,F7A7D4_MONDO,ENSMODP00000025019,MONDO,1.0,,,,,,,,,1,,,,,
F7A4H5,F7A4H5_MOUSE,ENSMUSP00000131779,MOUSE,1.0,,,,,,,,,1,,,,,
F7A428,F7A428_MACMU,ENSMMUP00000000705,MACMU,1.0,,,,,,,,,1,,,,,
F7A1U1,F7A1U1_XENTR,ENSXETP00000052628,XENTR,1.0,,,,,,,,,1,,,,,
F7AFD8,F7AFD8_XENTR,ENSXETP00000009079,XENTR,1.0,,,,,,,,,1,,,,,
F7AFT7,F7AFT7_MACMU,ENSMMUP00000018489,MACMU,1.0,,,,,,,,,1,,,,,
F7AI91,F7AI91_MONDO,ENSMODP00000007662,MONDO,1.0,,,,,,,,,1,,,,,
F7ARK1,F7ARK1_ORNAN,ENSOANP00000006773,ORNAN,1.0,,,,,,,,,1,,,,,
F7AVJ7,F7AVJ7_XENTR,ENSXETP00000050009,XENTR,1.0,,,,,,,,,1,,,,,
F7AUI4,F7AUI4_CIOIN,ENSCINP00000009078,CIOIN,1.0,,,,,,,,,1,,,,,
F7ATG2,F7ATG2_XENTR,ENSXETP00000024170,XENTR,1.0,,,,,,,,,1,,,,,
F7ASU1,F7ASU1_XENTR,ENSXETP00000036156,XENTR,1.0,,,,,,,,,1,,,,,
F7ASR7,F7ASR7_MONDO,ENSMODP00000020519,MONDO,1.0,,,,,,,,,1,,,,,
F7ASP2,F7ASP2_XENTR,ENSXETP00000024180,XENTR,1.0,,,,,,,,,1,,,,,
F7ASF7,F7ASF7_XENTR,ENSXETP00000048138,XENTR,1.0,,,,,,,,,1,,,,,
F7ANP2,F7ANP2_MACMU,ENSMMUP00000020764,MACMU,1.0,,,,,,,,,1,,,,,
F7AIS6,F7AIS6_ORNAN,ENSOANP00000015809,ORNAN,1.0,,,,,,,,,1,,,,,
F7AML9,F7AML9_ORNAN,ENSOANP00000003421,ORNAN,1.0,,,,,,,,,1,,,,,
F7AL64,F7AL64_XENTR,ENSXETP00000052694,XENTR,1.0,,,,,,,,,1,,,,,
F7AL50,F7AL50_XENTR,ENSXETP00000052695,XENTR,1.0,,,,,,,,,1,,,,,
F7AL31,F7AL31_MONDO,ENSMODP00000022458,MONDO,1.0,,,,,,,,,1,,,,,
F7AL04,F7AL04_MACMU,ENSMMUP00000020955,MACMU,1.0,,,,,,,,,1,,,,,
F7AK87,F7AK87_MONDO,ENSMODP00000034440,MONDO,1.0,,,,,,,,,1,,,,,
F7AJP6,F7AJP6_MONDO,ENSMODP00000007447,MONDO,1.0,,,,,,,,,1,,,,,
F7A1I9,F7A1I9_MACMU,ENSMMUP00000024397,MACMU,1.0,,,,,,,,,1,,,,,
F7A151,F7A151_MONDO,ENSMODP00000025747,MONDO,1.0,,,,,,,,,1,,,,,
F7A0U6,F7A0U6_XENTR,ENSXETP00000048898,XENTR,1.0,,,,,,,,,1,,,,,
F6ZAL5,F6ZAL5_MACMU,ENSMMUP00000024798,MACMU,1.0,,,,,,,,,1,,,,,
F6ZIR3,F6ZIR3_MONDO,ENSMODP00000009690,MONDO,1.0,,,,,,,,,1,,,,,
F6ZIP9,F6ZIP9_MACMU,ENSMMUP00000029406,MACMU,1.0,,,,,,,,,1,,,,,
F6ZI13,F6ZI13_MACMU,ENSMMUP00000024754,MACMU,1.0,,,,,,,,,1,,,,,
F6ZDY0,F6ZDY0_XENTR,ENSXETP00000005782,XENTR,1.0,,,,,,,,,1,,,,,
F6ZDU0,F6ZDU0_XENTR,ENSXETP00000005797,XENTR,1.0,,,,,,,,,1,,,,,
F6ZDK4,F6ZDK4_MONDO,ENSMODP00000020572,MONDO,1.0,,,,,,,,,1,,,,,
F6ZCX9,F6ZCX9_MACMU,ENSMMUP00000031721,MACMU,1.0,,,,,,,,,1,,,,,
F6ZA87,F6ZA87_XENTR,ENSXETP00000014400,XENTR,1.0,,,,,,,,,1,,,,,
F6ZJQ6,F6ZJQ6_MACMU,ENSMMUP00000031704,MACMU,1.0,,,,,,,,,1,,,,,
F6ZA26,F6ZA26_MONDO,ENSMODP00000010011,MONDO,1.0,,,,,,,,,1,,,,,
F6Z857,F6Z857_MACMU,ENSMMUP00000029259,MACMU,1.0,,,,,,,,,1,,,,,
F6Z7X2,F6Z7X2_ORNAN,ENSOANP00000018579,ORNAN,1.0,,,,,,,,,1,,,,,
F6Z7C9,F6Z7C9_MONDO,ENSMODP00000003318,MONDO,1.0,,,,,,,,,1,,,,,
F6Z773,F6Z773_MONDO,ENSMODP00000003329,MONDO,1.0,,,,,,,,,1,,,,,
F6Z711,F6Z711_MONDO,ENSMODP00000003330,MONDO,1.0,,,,,,,,,1,,,,,
F6Z625,F6Z625_CIOIN,ENSCINP00000028522,CIOIN,1.0,,,,,,,,,1,,,,,
F6ZJ76,F6ZJ76_CIOIN,ENSCINP00000015848,CIOIN,1.0,,,,,,,,,1,,,,,
F6ZJT1,F6ZJT1_MONDO,ENSMODP00000030915,MONDO,1.0,,,,,,,,,1,,,,,
F7A0E9,F7A0E9_MOUSE,ENSMUSP00000126604,MOUSE,1.0,,,,,,,,,1,,,,,
F6ZUK3,F6ZUK3_MONDO,ENSMODP00000019450,MONDO,1.0,,,,,,,,,1,,,,,
F6ZZ63,F6ZZ63_MONDO,ENSMODP00000013987,MONDO,1.0,,,,,,,,,1,,,,,
F6ZXU6,F6ZXU6_MACMU,ENSMMUP00000024584,MACMU,1.0,,,,,,,,,1,,,,,
F6ZXN2,F6ZXN2_MONDO,ENSMODP00000022214,MONDO,1.0,,,,,,,,,1,,,,,
F6ZXJ6,F6ZXJ6_ORNAN,ENSOANP00000015026,ORNAN,1.0,,,,,,,,,1,,,,,
F6ZXI8,F6ZXI8_MACMU,ENSMMUP00000012719,MACMU,1.0,,,,,,,,,1,,,,,
F6ZXF2,F6ZXF2_MONDO,ENSMODP00000010246,MONDO,1.0,,,,,,,,,1,,,,,
F6ZX49,F6ZX49_XENTR,ENSXETP00000038694,XENTR,1.0,,,,,,,,,1,,,,,
F6ZSW2,F6ZSW2_MONDO,ENSMODP00000007692,MONDO,1.0,,,,,,,,,1,,,,,
F6ZJT8,F6ZJT8_MACMU,ENSMMUP00000031701,MACMU,1.0,,,,,,,,,1,,,,,
F6ZSN4,F6ZSN4_MONDO,ENSMODP00000007698,MONDO,1.0,,,,,,,,,1,,,,,
F6ZRU3,F6ZRU3_MONDO,ENSMODP00000019855,MONDO,1.0,,,,,,,,,1,,,,,
F6ZR15,F6ZR15_MACMU,ENSMMUP00000005415,MACMU,1.0,,,,,,,,,1,,,,,
F6ZN02,F6ZN02_MACMU,ENSMMUP00000029201,MACMU,1.0,,,,,,,,,1,,,,,
F6ZMT8,F6ZMT8_XENTR,ENSXETP00000010647,XENTR,1.0,,,,,,,,,1,,,,,
F6ZLR5,F6ZLR5_MONDO,ENSMODP00000028458,MONDO,1.0,,,,,,,,,1,,,,,
F6ZJZ5,F6ZJZ5_ORNAN,ENSOANP00000028246,ORNAN,1.0,,,,,,,,,1,,,,,
F7AW03,F7AW03_MONDO,ENSMODP00000016991,MONDO,1.0,,,,,,,,,1,,,,,
F7AZD2,F7AZD2_XENTR,ENSXETP00000039257,XENTR,1.0,,,,,,,,,1,,,,,
F7B052,F7B052_MACMU,ENSMMUP00000008047,MACMU,1.0,,,,,,,,,1,,,,,
F7BVH7,F7BVH7_MONDO,ENSMODP00000022401,MONDO,1.0,,,,,,,,,1,,,,,
F7BX10,F7BX10_MONDO,ENSMODP00000001917,MONDO,1.0,,,,,,,,,1,,,,,
F7BWX0,F7BWX0_MACMU,ENSMMUP00000006930,MACMU,1.0,,,,,,,,,1,,,,,
F7BWU1,F7BWU1_MACMU,ENSMMUP00000022164,MACMU,1.0,,,,,,,,,1,,,,,
F7BWS4,F7BWS4_MACMU,ENSMMUP00000022165,MACMU,1.0,,,,,,,,,1,,,,,
F7BWA1,F7BWA1_XENTR,ENSXETP00000052301,XENTR,1.0,,,,,,,,,1,,,,,
F7BW94,F7BW94_XENTR,ENSXETP00000040334,XENTR,1.0,,,,,,,,,1,,,,,
F7BVS0,F7BVS0_MACMU,ENSMMUP00000032869,MACMU,1.0,,,,,,,,,1,,,,,
F7BV92,F7BV92_ORNAN,ENSOANP00000023793,ORNAN,1.0,,,,,,,,,1,,,,,
F7BXS9,F7BXS9_MACMU,ENSMMUP00000018763,MACMU,1.0,,,,,,,,,1,,,,,
F7BUI7,F7BUI7_ORNAN,ENSOANP00000023972,ORNAN,1.0,,,,,,,,,1,,,,,
F7BU74,F7BU74_ORNAN,ENSOANP00000009698,ORNAN,1.0,,,,,,,,,1,,,,,
F7BTL8,F7BTL8_MACMU,ENSMMUP00000015160,MACMU,1.0,,,,,,,,,1,,,,,
F7BTC0,F7BTC0_MONDO,ENSMODP00000034655,MONDO,1.0,,,,,,,,,1,,,,,
F7BSE4,F7BSE4_MACMU,ENSMMUP00000018795,MACMU,1.0,,,,,,,,,1,,,,,
F7BS13,F7BS13_MONDO,ENSMODP00000007819,MONDO,1.0,,,,,,,,,1,,,,,
F7BS10,F7BS10_MACMU,ENSMMUP00000001920,MACMU,1.0,,,,,,,,,1,,,,,
F7BXC7,F7BXC7_MONDO,ENSMODP00000018792,MONDO,1.0,,,,,,,,,1,,,,,
F7BXV4,F7BXV4_MACMU,ENSMMUP00000018760,MACMU,1.0,,,,,,,,,1,,,,,
F7BQD0,F7BQD0_MACMU,ENSMMUP00000022188,MACMU,1.0,,,,,,,,,1,,,,,
F7C141,F7C141_MONDO,ENSMODP00000013389,MONDO,1.0,,,,,,,,,1,,,,,
F7C6K6,F7C6K6_MACMU,ENSMMUP00000010565,MACMU,1.0,,,,,,,,,1,,,,,
F7C6E4,F7C6E4_MONDO,ENSMODP00000004419,MONDO,1.0,,,,,,,,,1,,,,,
F7C6D5,F7C6D5_XENTR,ENSXETP00000027202,XENTR,1.0,,,,,,,,,1,,,,,
F7C5V5,F7C5V5_ORNAN,ENSOANP00000008268,ORNAN,1.0,,,,,,,,,1,,,,,
F7C3V7,F7C3V7_MACMU,ENSMMUP00000006746,MACMU,1.0,,,,,,,,,1,,,,,
F7C2C9,F7C2C9_ORNAN,ENSOANP00000022961,ORNAN,1.0,,,,,,,,,1,,,,,
F7C1I2,F7C1I2_MONDO,ENSMODP00000037320,MONDO,1.0,,,,,,,,,1,,,,,
F7C0P9,F7C0P9_MONDO,ENSMODP00000013394,MONDO,1.0,,,,,,,,,1,,,,,
F7BY44,F7BY44_MACMU,ENSMMUP00000018758,MACMU,1.0,,,,,,,,,1,,,,,
F7C0L6,F7C0L6_MACMU,ENSMMUP00000003150,MACMU,1.0,,,,,,,,,1,,,,,
F7C0K1,F7C0K1_MACMU,ENSMMUP00000003152,MACMU,1.0,,,,,,,,,1,,,,,
F7BZS4,F7BZS4_MACMU,ENSMMUP00000027112,MACMU,1.0,,,,,,,,,1,,,,,
F7BZB6,F7BZB6_ORNAN,ENSOANP00000012396,ORNAN,1.0,,,,,,,,,1,,,,,
F7BYP7,F7BYP7_MONDO,ENSMODP00000018582,MONDO,1.0,,,,,,,,,1,,,,,
F7BY65,F7BY65_MACMU,ENSMMUP00000018754,MACMU,1.0,,,,,,,,,1,,,,,
F7BY50,F7BY50_MACMU,ENSMMUP00000018757,MACMU,1.0,,,,,,,,,1,,,,,
F7BR73,F7BR73_MACMU,ENSMMUP00000006945,MACMU,1.0,,,,,,,,,1,,,,,
F7BPJ1,F7BPJ1_MONDO,ENSMODP00000030563,MONDO,1.0,,,,,,,,,1,,,,,
F7B111,F7B111_MACMU,ENSMMUP00000037757,MACMU,1.0,,,,,,,,,1,,,,,
F7B3M3,F7B3M3_MONDO,ENSMODP00000007845,MONDO,1.0,,,,,,,,,1,,,,,
F7BAR9,F7BAR9_MONDO,ENSMODP00000013931,MONDO,1.0,,,,,,,,,1,,,,,
F7B9T6,F7B9T6_XENTR,ENSXETP00000052349,XENTR,1.0,,,,,,,,,1,,,,,
F7B9I6,F7B9I6_XENTR,ENSXETP00000052357,XENTR,1.0,,,,,,,,,1,,,,,
F7B8E1,F7B8E1_XENTR,ENSXETP00000052650,XENTR,1.0,,,,,,,,,1,,,,,
F7B8B1,F7B8B1_XENTR,ENSXETP00000052656,XENTR,1.0,,,,,,,,,1,,,,,
F7B894,F7B894_MACMU,ENSMMUP00000037722,MACMU,1.0,,,,,,,,,1,,,,,
F7B7L9,F7B7L9_MONDO,ENSMODP00000008161,MONDO,1.0,,,,,,,,,1,,,,,
F7B3F6,F7B3F6_MONDO,ENSMODP00000035053,MONDO,1.0,,,,,,,,,1,,,,,
F7BCG2,F7BCG2_MACMU,ENSMMUP00000025921,MACMU,1.0,,,,,,,,,1,,,,,
F7B3F1,F7B3F1_MACMU,ENSMMUP00000027000,MACMU,1.0,,,,,,,,,1,,,,,
F7B3E1,F7B3E1_MACMU,ENSMMUP00000027001,MACMU,1.0,,,,,,,,,1,,,,,
F7B3D2,F7B3D2_MACMU,ENSMMUP00000027002,MACMU,1.0,,,,,,,,,1,,,,,
F7B345,F7B345_MACMU,ENSMMUP00000003064,MACMU,1.0,,,,,,,,,1,,,,,
F7B1Z0,F7B1Z0_XENTR,ENSXETP00000018791,XENTR,1.0,,,,,,,,,1,,,,,
F7B1N4,F7B1N4_MACMU,ENSMMUP00000013799,MACMU,1.0,,,,,,,,,1,,,,,
F7B1G7,F7B1G7_MONDO,ENSMODP00000030598,MONDO,1.0,,,,,,,,,1,,,,,
F7BAX9,F7BAX9_MACMU,ENSMMUP00000018977,MACMU,1.0,,,,,,,,,1,,,,,
F7BEQ5,F7BEQ5_MONDO,ENSMODP00000006207,MONDO,1.0,,,,,,,,,1,,,,,
F7BPD8,F7BPD8_XENTR,ENSXETP00000006785,XENTR,1.0,,,,,,,,,1,,,,,
F7BJQ1,F7BJQ1_ORNAN,ENSOANP00000006959,ORNAN,1.0,,,,,,,,,1,,,,,
F7BNW0,F7BNW0_MACMU,ENSMMUP00000001733,MACMU,1.0,,,,,,,,,1,,,,,
F7BNI9,F7BNI9_MACMU,ENSMMUP00000013718,MACMU,1.0,,,,,,,,,1,,,,,
F7BNC9,F7BNC9_MONDO,ENSMODP00000030586,MONDO,1.0,,,,,,,,,1,,,,,
F7BN24,F7BN24_MACMU,ENSMMUP00000001754,MACMU,1.0,,,,,,,,,1,,,,,
F7BM42,F7BM42_MONDO,ENSMODP00000004453,MONDO,1.0,,,,,,,,,1,,,,,
F7BLU4,F7BLU4_ORNAN,ENSOANP00000006523,ORNAN,1.0,,,,,,,,,1,,,,,
F7BKI6,F7BKI6_MACMU,ENSMMUP00000001941,MACMU,1.0,,,,,,,,,1,,,,,
F7BJM4,F7BJM4_MACMU,ENSMMUP00000041134,MACMU,1.0,,,,,,,,,1,,,,,
F7BF47,F7BF47_MACMU,ENSMMUP00000027181,MACMU,1.0,,,,,,,,,1,,,,,
F7BJ12,F7BJ12_ORNAN,ENSOANP00000006969,ORNAN,1.0,,,,,,,,,1,,,,,
F7BI94,F7BI94_MACMU,ENSMMUP00000006972,MACMU,1.0,,,,,,,,,1,,,,,
F7BGD8,F7BGD8_MONDO,ENSMODP00000032320,MONDO,1.0,,,,,,,,,1,,,,,
F7BFX2,F7BFX2_MACMU,ENSMMUP00000025726,MACMU,1.0,,,,,,,,,1,,,,,
F7BFN1,F7BFN1_MONDO,ENSMODP00000037366,MONDO,1.0,,,,,,,,,1,,,,,
F7BFD8,F7BFD8_MACMU,ENSMMUP00000001784,MACMU,1.0,,,,,,,,,1,,,,,
F7BF51,F7BF51_MONDO,ENSMODP00000037385,MONDO,1.0,,,,,,,,,1,,,,,
F6SAQ2,F6SAQ2_MACMU,ENSMMUP00000025340,MACMU,1.0,,,,,,,,,1,,,,,
F6S9K8,F6S9K8_MACMU,ENSMMUP00000020178,MACMU,1.0,,,,,,,,,1,,,,,
D3ZZK5,D3ZZK5_RAT,nan,RAT,1.0,,,,,,,,,1,,,,,
E7F8Q2,E7F8Q2_DANRE,ENSDARP00000103355,DANRE,1.0,,,,,,,,,1,,,,,
E7F3E4,E7F3E4_DANRE,ENSDARP00000105966,DANRE,1.0,,,,,,,,,1,,,,,
E7F222,E7F222_DANRE,ENSDARP00000102794,DANRE,1.0,,,,,,,,,1,,,,,
E7F1A3,E7F1A3_DANRE,ENSDARP00000093145,DANRE,1.0,,,,,,,,,1,,,,,
E7F148,E7F148_DANRE,ENSDARP00000107092,DANRE,1.0,,,,,,,,,1,,,,,
E7F0S1,E7F0S1_DANRE,ENSDARP00000109145,DANRE,1.0,,,,,,,,,1,,,,,
E7F0G4,E7F0G4_DANRE,ENSDARP00000096616,DANRE,1.0,,,,,,,,,1,,,,,
E7F097,E7F097_DANRE,ENSDARP00000109193,DANRE,1.0,,,,,,,,,1,,,,,
E7EZP5,E7EZP5_DANRE,ENSDARP00000109267,DANRE,1.0,,,,,,,,,1,,,,,
E7EZ93,E7EZ93_DANRE,ENSDARP00000111646,DANRE,1.0,,,,,,,,,1,,,,,
E7EY84,E7EY84_DANRE,ENSDARP00000109542,DANRE,1.0,,,,,,,,,1,,,,,
E7EY28,E7EY28_DANRE,ENSDARP00000098455,DANRE,1.0,,,,,,,,,1,,,,,
E7EXZ2,E7EXZ2_DANRE,ENSDARP00000104778,DANRE,1.0,,,,,,,,,1,,,,,
E2RTA3,E2RTA3_CANFA,ENSCAFP00000024880,CANFA,1.0,,,,,,,,,1,,,,,
E2RT78,E2RT78_CANFA,ENSCAFP00000005701,CANFA,1.0,,,,,,,,,1,,,,,
E2RSZ3,E2RSZ3_CANFA,ENSCAFP00000017723,CANFA,1.0,,,,,,,,,1,,,,,
E2RSS0,E2RSS0_CANFA,ENSCAFP00000017762,CANFA,1.0,,,,,,,,,1,,,,,
E2RSM6,E2RSM6_CANFA,ENSCAFP00000029764,CANFA,1.0,,,,,,,,,1,,,,,
E7F3S9,E7F3S9_DANRE,ENSDARP00000107414,DANRE,1.0,,,,,,,,,1,,,,,
E7F443,E7F443_DANRE,ENSDARP00000099482,DANRE,1.0,,,,,,,,,1,,,,,
E7F446,E7F446_DANRE,ENSDARP00000099480,DANRE,1.0,,,,,,,,,1,,,,,
E7F7H9,E7F7H9_DANRE,ENSDARP00000097351,DANRE,1.0,,,,,,,,,1,,,,,
E7F8E6,E7F8E6_DANRE,ENSDARP00000097117,DANRE,1.0,,,,,,,,,1,,,,,
E7F877,E7F877_DANRE,ENSDARP00000110609,DANRE,1.0,,,,,,,,,1,,,,,
E7F7L9,E7F7L9_DANRE,ENSDARP00000110779,DANRE,1.0,,,,,,,,,1,,,,,
E7F7J3,E7F7J3_DANRE,ENSDARP00000108495,DANRE,1.0,,,,,,,,,1,,,,,
E7F7I6,E7F7I6_DANRE,ENSDARP00000097340,DANRE,1.0,,,,,,,,,1,,,,,
E7F7I2,E7F7I2_DANRE,ENSDARP00000097346,DANRE,1.0,,,,,,,,,1,,,,,
E7F7I1,E7F7I1_DANRE,ENSDARP00000097347,DANRE,1.0,,,,,,,,,1,,,,,
E7F7B7,E7F7B7_DANRE,ENSDARP00000108517,DANRE,1.0,,,,,,,,,1,,,,,
E7F4X1,E7F4X1_DANRE,ENSDARP00000107855,DANRE,1.0,,,,,,,,,1,,,,,
E7F6L7,E7F6L7_DANRE,ENSDARP00000103852,DANRE,1.0,,,,,,,,,1,,,,,
E7F6G1,E7F6G1_DANRE,ENSDARP00000108756,DANRE,1.0,,,,,,,,,1,,,,,
E7F636,E7F636_DANRE,ENSDARP00000105048,DANRE,1.0,,,,,,,,,1,,,,,
E7F5Z4,E7F5Z4_DANRE,ENSDARP00000105223,DANRE,1.0,,,,,,,,,1,,,,,
E7F5M6,E7F5M6_DANRE,ENSDARP00000102356,DANRE,1.0,,,,,,,,,1,,,,,
E7F5F6,E7F5F6_DANRE,ENSDARP00000111030,DANRE,1.0,,,,,,,,,1,,,,,
E7F500,E7F500_DANRE,ENSDARP00000102422,DANRE,1.0,,,,,,,,,1,,,,,
E2RSL4,E2RSL4_CANFA,ENSCAFP00000006212,CANFA,1.0,,,,,,,,,1,,,,,
E2RRJ7,E2RRJ7_CANFA,ENSCAFP00000013443,CANFA,1.0,,,,,,,,,1,,,,,
E2RN44,E2RN44_CANFA,ENSCAFP00000026325,CANFA,1.0,,,,,,,,,1,,,,,
E2RC21,E2RC21_CANFA,ENSCAFP00000033113,CANFA,1.0,,,,,,,,,1,,,,,
E2RFN9,E2RFN9_CANFA,ENSCAFP00000007080,CANFA,1.0,,,,,,,,,1,,,,,
E2REP7,E2REP7_CANFA,ENSCAFP00000025754,CANFA,1.0,,,,,,,,,1,,,,,
E2RDS7,E2RDS7_CANFA,ENSCAFP00000006613,CANFA,1.0,,,,,,,,,1,,,,,
E2RDS2,E2RDS2_CANFA,ENSCAFP00000006617,CANFA,1.0,,,,,,,,,1,,,,,
E2RD81,E2RD81_CANFA,ENSCAFP00000007690,CANFA,1.0,,,,,,,,,1,,,,,
E2RCT3,E2RCT3_CANFA,ENSCAFP00000006662,CANFA,1.0,,,,,,,,,1,,,,,
E2RC49,E2RC49_CANFA,ENSCAFP00000008136,CANFA,1.0,,,,,,,,,1,,,,,
E2RBS0,E2RBS0_CANFA,ENSCAFP00000020999,CANFA,1.0,,,,,,,,,1,,,,,
E2RH19,E2RH19_CANFA,ENSCAFP00000010378,CANFA,1.0,,,,,,,,,1,,,,,
E2RBK3,E2RBK3_CANFA,ENSCAFP00000018932,CANFA,1.0,,,,,,,,,1,,,,,
E2R8G8,E2R8G8_CANFA,ENSCAFP00000005014,CANFA,1.0,,,,,,,,,1,,,,,
E2R7J3,E2R7J3_CANFA,ENSCAFP00000017045,CANFA,1.0,,,,,,,,,1,,,,,
E2R7I8,E2R7I8_CANFA,ENSCAFP00000029010,CANFA,1.0,,,,,,,,,1,,,,,
E2R752,E2R752_CANFA,ENSCAFP00000003610,CANFA,1.0,,,,,,,,,1,,,,,
E2R746,E2R746_CANFA,ENSCAFP00000003618,CANFA,1.0,,,,,,,,,1,,,,,
E2R688,E2R688_CANFA,ENSCAFP00000003653,CANFA,1.0,,,,,,,,,1,,,,,
E2RG23,E2RG23_CANFA,ENSCAFP00000014775,CANFA,1.0,,,,,,,,,1,,,,,
E2RHC3,E2RHC3_CANFA,ENSCAFP00000026414,CANFA,1.0,,,,,,,,,1,,,,,
E2RKW7,E2RKW7_CANFA,ENSCAFP00000026695,CANFA,1.0,,,,,,,,,1,,,,,
E2RIY1,E2RIY1_CANFA,ENSCAFP00000021882,CANFA,1.0,,,,,,,,,1,,,,,
E2RKU7,E2RKU7_CANFA,ENSCAFP00000010567,CANFA,1.0,,,,,,,,,1,,,,,
E2RK19,E2RK19_CANFA,ENSCAFP00000015148,CANFA,1.0,,,,,,,,,1,,,,,
E2RJR8,E2RJR8_CANFA,ENSCAFP00000026934,CANFA,1.0,,,,,,,,,1,,,,,
E2RJJ7,E2RJJ7_CANFA,ENSCAFP00000006505,CANFA,1.0,,,,,,,,,1,,,,,
E2RJC1,E2RJC1_CANFA,ENSCAFP00000019277,CANFA,1.0,,,,,,,,,1,,,,,
E2RJ95,E2RJ95_CANFA,ENSCAFP00000021593,CANFA,1.0,,,,,,,,,1,,,,,
E2RJ82,E2RJ82_CANFA,ENSCAFP00000010001,CANFA,1.0,,,,,,,,,1,,,,,
E2RIP7,E2RIP7_CANFA,ENSCAFP00000003443,CANFA,1.0,,,,,,,,,1,,,,,
E2RHH2,E2RHH2_CANFA,ENSCAFP00000007020,CANFA,1.0,,,,,,,,,1,,,,,
E2RIE5,E2RIE5_CANFA,ENSCAFP00000033589,CANFA,1.0,,,,,,,,,1,,,,,
E2RI20,E2RI20_CANFA,ENSCAFP00000008017,CANFA,1.0,,,,,,,,,1,,,,,
E2RHV2,E2RHV2_CANFA,ENSCAFP00000003466,CANFA,1.0,,,,,,,,,1,,,,,
E2RHS4,E2RHS4_CANFA,ENSCAFP00000011089,CANFA,1.0,,,,,,,,,1,,,,,
E2RHS2,E2RHS2_CANFA,ENSCAFP00000023051,CANFA,1.0,,,,,,,,,1,,,,,
E2RHP6,E2RHP6_CANFA,ENSCAFP00000006590,CANFA,1.0,,,,,,,,,1,,,,,
E2RHJ1,E2RHJ1_CANFA,ENSCAFP00000007001,CANFA,1.0,,,,,,,,,1,,,,,
E7F8I8,E7F8I8_DANRE,ENSDARP00000110565,DANRE,1.0,,,,,,,,,1,,,,,
E7F8Q7,E7F8Q7_DANRE,ENSDARP00000097070,DANRE,1.0,,,,,,,,,1,,,,,
E2R544,E2R544_CANFA,ENSCAFP00000015692,CANFA,1.0,,,,,,,,,1,,,,,
E7F8S6,E7F8S6_DANRE,ENSDARP00000097031,DANRE,1.0,,,,,,,,,1,,,,,
E9QHF8,E9QHF8_DANRE,ENSDARP00000116969,DANRE,1.0,,,,,,,,,1,,,,,
E9QGT1,E9QGT1_DANRE,ENSDARP00000122447,DANRE,1.0,,,,,,,,,1,,,,,
E9QGS2,E9QGS2_DANRE,ENSDARP00000122474,DANRE,1.0,,,,,,,,,1,,,,,
E9QGJ8,E9QGJ8_DANRE,ENSDARP00000113214,DANRE,1.0,,,,,,,,,1,,,,,
E9QGF7,E9QGF7_DANRE,ENSDARP00000115421,DANRE,1.0,,,,,,,,,1,,,,,
E9QF56,E9QF56_DANRE,ENSDARP00000116879,DANRE,1.0,,,,,,,,,1,,,,,
E9QEW7,E9QEW7_DANRE,ENSDARP00000121779,DANRE,1.0,,,,,,,,,1,,,,,
E9QC03,E9QC03_DANRE,ENSDARP00000123486,DANRE,1.0,,,,,,,,,1,,,,,
E9QBV2,E9QBV2_DANRE,ENSDARP00000121348,DANRE,1.0,,,,,,,,,1,,,,,
E9QBR4,E9QBR4_DANRE,ENSDARP00000123535,DANRE,1.0,,,,,,,,,1,,,,,
E9QBD6,E9QBD6_DANRE,ENSDARP00000116501,DANRE,1.0,,,,,,,,,1,,,,,
E9QB61,E9QB61_DANRE,ENSDARP00000116565,DANRE,1.0,,,,,,,,,1,,,,,
E9QB11,E9QB11_DANRE,ENSDARP00000105758,DANRE,1.0,,,,,,,,,1,,,,,
E9QAW0,E9QAW0_MOUSE,ENSMUSP00000093266,MOUSE,1.0,,,,,,,,,1,,,,,
E9QA51,E9QA51_MOUSE,ENSMUSP00000104557,MOUSE,1.0,,,,,,,,,1,,,,,
E9Q8M1,E9Q8M1_MOUSE,ENSMUSP00000060344,MOUSE,1.0,,,,,,,,,1,,,,,
E9Q6M3,E9Q6M3_MOUSE,ENSMUSP00000101647,MOUSE,1.0,,,,,,,,,1,,,,,
E9QJ51,E9QJ51_DANRE,ENSDARP00000115858,DANRE,1.0,,,,,,,,,1,,,,,
F1LMU5,F1LMU5_RAT,ENSRNOP00000022396,RAT,1.0,,,,,,,,,1,,,,,
F1LN26,F1LN26_RAT,ENSRNOP00000039133,RAT,1.0,,,,,,,,,1,,,,,
F1LVJ0,F1LVJ0_RAT,ENSRNOP00000029112,RAT,1.0,,,,,,,,,1,,,,,
F1LY33,F1LY33_RAT,ENSRNOP00000060023,RAT,1.0,,,,,,,,,1,,,,,
F1LXE4,F1LXE4_RAT,ENSRNOP00000025761,RAT,1.0,,,,,,,,,1,,,,,
F1LX23,F1LX23_RAT,ENSRNOP00000060608,RAT,1.0,,,,,,,,,1,,,,,
F1LWY5,F1LWY5_RAT,ENSRNOP00000008101,RAT,1.0,,,,,,,,,1,,,,,
F1LWS7,F1LWS7_RAT,ENSRNOP00000006697,RAT,1.0,,,,,,,,,1,,,,,
F1LVW4,F1LVW4_RAT,ENSRNOP00000024149,RAT,1.0,,,,,,,,,1,,,,,
F1LVS9,F1LVS9_RAT,ENSRNOP00000055109,RAT,1.0,,,,,,,,,1,,,,,
F1LV88,F1LV88_RAT,ENSRNOP00000048755,RAT,1.0,,,,,,,,,1,,,,,
F1LNZ3,F1LNZ3_RAT,ENSRNOP00000050722,RAT,1.0,,,,,,,,,1,,,,,
F1LV17,F1LV17_RAT,ENSRNOP00000034825,RAT,1.0,,,,,,,,,1,,,,,
F1LUZ0,F1LUZ0_RAT,ENSRNOP00000036089,RAT,1.0,,,,,,,,,1,,,,,
F1LUK0,F1LUK0_RAT,ENSRNOP00000036238,RAT,1.0,,,,,,,,,1,,,,,
F1LTY6,F1LTY6_RAT,ENSRNOP00000008763,RAT,1.0,,,,,,,,,1,,,,,
F1LT76,F1LT76_RAT,ENSRNOP00000050302,RAT,1.0,,,,,,,,,1,,,,,
F1LSN9,F1LSN9_RAT,ENSRNOP00000011117,RAT,1.0,,,,,,,,,1,,,,,
F1LPY3,F1LPY3_RAT,ENSRNOP00000029094,RAT,1.0,,,,,,,,,1,,,,,
E9Q2S7,E9Q2S7_MOUSE,ENSMUSP00000066012,MOUSE,1.0,,,,,,,,,1,,,,,
E9Q2S6,E9Q2S6_MOUSE,ENSMUSP00000080324,MOUSE,1.0,,,,,,,,,1,,,,,
E9Q1L8,E9Q1L8_MOUSE,ENSMUSP00000132282,MOUSE,1.0,,,,,,,,,1,,,,,
E7FAY1,E7FAY1_DANRE,ENSDARP00000069694,DANRE,1.0,,,,,,,,,1,,,,,
E7FDW1,E7FDW1_DANRE,ENSDARP00000095676,DANRE,1.0,,,,,,,,,1,,,,,
E7FDL2,E7FDL2_DANRE,ENSDARP00000110004,DANRE,1.0,,,,,,,,,1,,,,,
E7FDJ0,E7FDJ0_DANRE,ENSDARP00000110045,DANRE,1.0,,,,,,,,,1,,,,,
E7FDH7,E7FDH7_DANRE,ENSDARP00000110063,DANRE,1.0,,,,,,,,,1,,,,,
E7FDC0,E7FDC0_DANRE,ENSDARP00000104938,DANRE,1.0,,,,,,,,,1,,,,,
E7FD75,E7FD75_DANRE,ENSDARP00000101425,DANRE,1.0,,,,,,,,,1,,,,,
E7FBH2,E7FBH2_DANRE,ENSDARP00000110259,DANRE,1.0,,,,,,,,,1,,,,,
E7FAN3,E7FAN3_DANRE,ENSDARP00000052328,DANRE,1.0,,,,,,,,,1,,,,,
E7FE87,E7FE87_DANRE,ENSDARP00000056290,DANRE,1.0,,,,,,,,,1,,,,,
E7FAN1,E7FAN1_DANRE,ENSDARP00000101756,DANRE,1.0,,,,,,,,,1,,,,,
E7FAJ2,E7FAJ2_DANRE,ENSDARP00000106608,DANRE,1.0,,,,,,,,,1,,,,,
E7FA42,E7FA42_DANRE,ENSDARP00000106074,DANRE,1.0,,,,,,,,,1,,,,,
E7FA19,E7FA19_DANRE,ENSDARP00000106692,DANRE,1.0,,,,,,,,,1,,,,,
E7F9G9,E7F9G9_DANRE,ENSDARP00000106705,DANRE,1.0,,,,,,,,,1,,,,,
E7F9F8,E7F9F8_DANRE,ENSDARP00000106728,DANRE,1.0,,,,,,,,,1,,,,,
E7F931,E7F931_DANRE,ENSDARP00000106119,DANRE,1.0,,,,,,,,,1,,,,,
E7FDZ5,E7FDZ5_DANRE,ENSDARP00000057363,DANRE,1.0,,,,,,,,,1,,,,,
E7FFA3,E7FFA3_DANRE,ENSDARP00000105352,DANRE,1.0,,,,,,,,,1,,,,,
E9Q1C9,E9Q1C9_MOUSE,ENSMUSP00000078222,MOUSE,1.0,,,,,,,,,1,,,,,
E9PUD6,E9PUD6_MOUSE,ENSMUSP00000047088,MOUSE,1.0,,,,,,,,,1,,,,,
E9PZ11,E9PZ11_MOUSE,ENSMUSP00000091286,MOUSE,1.0,,,,,,,,,1,,,,,
E9PYI1,E9PYI1_MOUSE,ENSMUSP00000118387,MOUSE,1.0,,,,,,,,,1,,,,,
E9PXJ4,E9PXJ4_MOUSE,ENSMUSP00000126665,MOUSE,1.0,,,,,,,,,1,,,,,
E9PWQ2,E9PWQ2_MOUSE,ENSMUSP00000095402,MOUSE,1.0,,,,,,,,,1,,,,,
E9PWP1,E9PWP1_MOUSE,ENSMUSP00000083462,MOUSE,1.0,,,,,,,,,1,,,,,
E9PVW1,E9PVW1_MOUSE,ENSMUSP00000071695,MOUSE,1.0,,,,,,,,,1,,,,,
E9PUS4,E9PUS4_MOUSE,ENSMUSP00000111197,MOUSE,1.0,,,,,,,,,1,,,,,
E9PTG0,E9PTG0_RAT,ENSRNOP00000051121,RAT,1.0,,,,,,,,,1,,,,,
E7FFC8,E7FFC8_DANRE,ENSDARP00000105183,DANRE,1.0,,,,,,,,,1,,,,,
E9PTD0,E9PTD0_RAT,ENSRNOP00000049410,RAT,1.0,,,,,,,,,1,,,,,
E9PT35,E9PT35_RAT,ENSRNOP00000006118,RAT,1.0,,,,,,,,,1,,,,,
E9PT00,E9PT00_RAT,ENSRNOP00000059123,RAT,1.0,,,,,,,,,1,,,,,
E7FGS1,E7FGS1_DANRE,ENSDARP00000100421,DANRE,1.0,,,,,,,,,1,,,,,
E7FGF5,E7FGF5_DANRE,ENSDARP00000112067,DANRE,1.0,,,,,,,,,1,,,,,
E7FG25,E7FG25_DANRE,ENSDARP00000105120,DANRE,1.0,,,,,,,,,1,,,,,
E7FFV1,E7FFV1_DANRE,ENSDARP00000105557,DANRE,1.0,,,,,,,,,1,,,,,
E2R5D8,E2R5D8_CANFA,ENSCAFP00000017358,CANFA,1.0,,,,,,,,,1,,,,,
E2R4G7,E2R4G7_CANFA,ENSCAFP00000009793,CANFA,1.0,,,,,,,,,1,,,,,
F6S8Y3,F6S8Y3_ORNAN,ENSOANP00000020578,ORNAN,1.0,,,,,,,,,1,,,,,
E1BCS5,E1BCS5_BOVIN,ENSBTAP00000023089,BOVIN,1.0,,,,,,,,,1,,,,,
E1B7S7,E1B7S7_BOVIN,ENSBTAP00000002428,BOVIN,1.0,,,,,,,,,1,,,,,
E1B7L3,E1B7L3_BOVIN,ENSBTAP00000048978,BOVIN,1.0,,,,,,,,,1,,,,,
E1B706,E1B706_BOVIN,ENSBTAP00000026440,BOVIN,1.0,,,,,,,,,1,,,,,
D4AEG1,nan,nan,nan,1.0,,,,,,,,,1,,,,,
D4AEC6,D4AEC6_RAT,nan,RAT,1.0,,,,,,,,,1,,,,,
D4ADW0,nan,nan,nan,1.0,,,,,,,,,1,,,,,
D4ADN7,D4ADN7_RAT,nan,RAT,1.0,,,,,,,,,1,,,,,
D4ADL6,D4ADL6_RAT,nan,RAT,1.0,,,,,,,,,1,,,,,
D4ADC9,nan,nan,nan,1.0,,,,,,,,,1,,,,,
D4ACK9,D4ACK9_RAT,nan,RAT,1.0,,,,,,,,,1,,,,,
D4AB91,D4AB91_RAT,nan,RAT,1.0,,,,,,,,,1,,,,,
D4AAX1,D4AAX1_RAT,nan,RAT,1.0,,,,,,,,,1,,,,,
D4AA65,D4AA65_RAT,nan,RAT,1.0,,,,,,,,,1,,,,,
D4AA20,D4AA20_RAT,nan,RAT,1.0,,,,,,,,,1,,,,,
D4A9X7,D4A9X7_RAT,nan,RAT,1.0,,,,,,,,,1,,,,,
D4A9W4,D4A9W4_RAT,nan,RAT,1.0,,,,,,,,,1,,,,,
D4A919,D4A919_RAT,nan,RAT,1.0,,,,,,,,,1,,,,,
E1B7Z6,E1B7Z6_BOVIN,ENSBTAP00000051748,BOVIN,1.0,,,,,,,,,1,,,,,
E1B8F8,E1B8F8_BOVIN,ENSBTAP00000052646,BOVIN,1.0,,,,,,,,,1,,,,,
E1B8Q5,E1B8Q5_BOVIN,ENSBTAP00000019251,BOVIN,1.0,,,,,,,,,1,,,,,
E1BAW6,E1BAW6_BOVIN,ENSBTAP00000018632,BOVIN,1.0,,,,,,,,,1,,,,,
E1BCL9,E1BCL9_BOVIN,ENSBTAP00000027974,BOVIN,1.0,,,,,,,,,1,,,,,
E1BCD8,E1BCD8_BOVIN,ENSBTAP00000016859,BOVIN,1.0,,,,,,,,,1,,,,,
E1BCD4,E1BCD4_BOVIN,ENSBTAP00000048405,BOVIN,1.0,,,,,,,,,1,,,,,
E1BCC4,E1BCC4_BOVIN,ENSBTAP00000016870,BOVIN,1.0,,,,,,,,,1,,,,,
E1BBS4,E1BBS4_BOVIN,ENSBTAP00000052434,BOVIN,1.0,,,,,,,,,1,,,,,
E1BBB9,E1BBB9_BOVIN,ENSBTAP00000032740,BOVIN,1.0,,,,,,,,,1,,,,,
E1BB30,E1BB30_BOVIN,ENSBTAP00000021140,BOVIN,1.0,,,,,,,,,1,,,,,
E1BAK2,E1BAK2_BOVIN,ENSBTAP00000021396,BOVIN,1.0,,,,,,,,,1,,,,,
E1B8V4,E1B8V4_BOVIN,ENSBTAP00000048822,BOVIN,1.0,,,,,,,,,1,,,,,
E1BAE9,E1BAE9_BOVIN,ENSBTAP00000049362,BOVIN,1.0,,,,,,,,,1,,,,,
E1BA48,E1BA48_BOVIN,ENSBTAP00000037355,BOVIN,1.0,,,,,,,,,1,,,,,
E1BA35,E1BA35_BOVIN,ENSBTAP00000037357,BOVIN,1.0,,,,,,,,,1,,,,,
E1B9U1,E1B9U1_BOVIN,ENSBTAP00000000971,BOVIN,1.0,,,,,,,,,1,,,,,
E1B9J8,E1B9J8_BOVIN,ENSBTAP00000053058,BOVIN,1.0,,,,,,,,,1,,,,,
E1B992,E1B992_BOVIN,ENSBTAP00000020986,BOVIN,1.0,,,,,,,,,1,,,,,
E1B912,E1B912_BOVIN,ENSBTAP00000013338,BOVIN,1.0,,,,,,,,,1,,,,,
D4A8M1,nan,nan,nan,1.0,,,,,,,,,1,,,,,
D4A8J7,nan,nan,nan,1.0,,,,,,,,,1,,,,,
D4A8J5,D4A8J5_RAT,nan,RAT,1.0,,,,,,,,,1,,,,,
D4A2U0,D4A2U0_RAT,nan,RAT,1.0,,,,,,,,,1,,,,,
D4A484,D4A484_RAT,nan,RAT,1.0,,,,,,,,,1,,,,,
D4A464,D4A464_RAT,nan,RAT,1.0,,,,,,,,,1,,,,,
D4A445,D4A445_RAT,nan,RAT,1.0,,,,,,,,,1,,,,,
D4A3X9,D4A3X9_RAT,nan,RAT,1.0,,,,,,,,,1,,,,,
D4A3P6,nan,nan,nan,1.0,,,,,,,,,1,,,,,
D4A3N5,D4A3N5_RAT,nan,RAT,1.0,,,,,,,,,1,,,,,
D4A365,D4A365_RAT,nan,RAT,1.0,,,,,,,,,1,,,,,
D4A2R2,nan,nan,nan,1.0,,,,,,,,,1,,,,,
D4A4V7,D4A4V7_RAT,nan,RAT,1.0,,,,,,,,,1,,,,,
D4A2J7,nan,nan,nan,1.0,,,,,,,,,1,,,,,
D4A286,D4A286_RAT,nan,RAT,1.0,,,,,,,,,1,,,,,
D4A171,D4A171_RAT,nan,RAT,1.0,,,,,,,,,1,,,,,
D4A151,nan,nan,nan,1.0,,,,,,,,,1,,,,,
D4A0V8,D4A0V8_RAT,nan,RAT,1.0,,,,,,,,,1,,,,,
D4A0R0,D4A0R0_RAT,nan,RAT,1.0,,,,,,,,,1,,,,,
D4A025,D4A025_RAT,nan,RAT,1.0,,,,,,,,,1,,,,,
D4A4A1,D4A4A1_RAT,nan,RAT,1.0,,,,,,,,,1,,,,,
D4A4W3,nan,nan,nan,1.0,,,,,,,,,1,,,,,
D4A8F7,D4A8F7_RAT,nan,RAT,1.0,,,,,,,,,1,,,,,
D4A7A5,nan,nan,nan,1.0,,,,,,,,,1,,,,,
D4A8C4,D4A8C4_RAT,nan,RAT,1.0,,,,,,,,,1,,,,,
D4A813,D4A813_RAT,nan,RAT,1.0,,,,,,,,,1,,,,,
D4A812,nan,nan,nan,1.0,,,,,,,,,1,,,,,
D4A7Y7,D4A7Y7_RAT,nan,RAT,1.0,,,,,,,,,1,,,,,
D4A7V7,nan,nan,nan,1.0,,,,,,,,,1,,,,,
D4A7G1,D4A7G1_RAT,nan,RAT,1.0,,,,,,,,,1,,,,,
D4A7C1,D4A7C1_RAT,nan,RAT,1.0,,,,,,,,,1,,,,,
D4A6Q2,nan,nan,nan,1.0,,,,,,,,,1,,,,,
D4A514,D4A514_RAT,nan,RAT,1.0,,,,,,,,,1,,,,,
D4A6L5,D4A6L5_RAT,nan,RAT,1.0,,,,,,,,,1,,,,,
D4A636,D4A636_RAT,nan,RAT,1.0,,,,,,,,,1,,,,,
D4A633,D4A633_RAT,nan,RAT,1.0,,,,,,,,,1,,,,,
D4A5T4,D4A5T4_RAT,nan,RAT,1.0,,,,,,,,,1,,,,,
D4A579,D4A579_RAT,nan,RAT,1.0,,,,,,,,,1,,,,,
D4A538,D4A538_RAT,nan,RAT,1.0,,,,,,,,,1,,,,,
D4A516,D4A516_RAT,nan,RAT,1.0,,,,,,,,,1,,,,,
E1BCQ9,E1BCQ9_BOVIN,ENSBTAP00000039420,BOVIN,1.0,,,,,,,,,1,,,,,
E1BCX0,E1BCX0_BOVIN,ENSBTAP00000032029,BOVIN,1.0,,,,,,,,,1,,,,,
E2R2B8,E2R2B8_CANFA,ENSCAFP00000028146,CANFA,1.0,,,,,,,,,1,,,,,
E1BD47,E1BD47_BOVIN,ENSBTAP00000023585,BOVIN,1.0,,,,,,,,,1,,,,,
E1C0A8,E1C0A8_CHICK,nan,CHICK,1.0,,,,,,,,,1,,,,,
E1BYF2,E1BYF2_CHICK,nan,CHICK,1.0,,,,,,,,,1,,,,,
E1BY09,E1BY09_CHICK,nan,CHICK,1.0,,,,,,,,,1,,,,,
E1BXX4,E1BXX4_CHICK,nan,CHICK,1.0,,,,,,,,,1,,,,,
E1BXM9,E1BXM9_CHICK,nan,CHICK,1.0,,,,,,,,,1,,,,,
E1BWQ0,nan,nan,nan,1.0,,,,,,,,,1,,,,,
E1BWL6,E1BWL6_CHICK,nan,CHICK,1.0,,,,,,,,,1,,,,,
E1BWE8,E1BWE8_CHICK,nan,CHICK,1.0,,,,,,,,,1,,,,,
E1BV52,E1BV52_CHICK,nan,CHICK,1.0,,,,,,,,,1,,,,,
E1BV09,E1BV09_CHICK,nan,CHICK,1.0,,,,,,,,,1,,,,,
E1BUP0,E1BUP0_CHICK,nan,CHICK,1.0,,,,,,,,,1,,,,,
E1BUC9,nan,nan,nan,1.0,,,,,,,,,1,,,,,
E1BR19,nan,nan,nan,1.0,,,,,,,,,1,,,,,
E1BQL6,E1BQL6_CHICK,nan,CHICK,1.0,,,,,,,,,1,,,,,
E1BPM6,E1BPM6_BOVIN,ENSBTAP00000022249,BOVIN,1.0,,,,,,,,,1,,,,,
E1BNW2,E1BNW2_BOVIN,ENSBTAP00000002795,BOVIN,1.0,,,,,,,,,1,,,,,
E1BNM7,E1BNM7_BOVIN,ENSBTAP00000027245,BOVIN,1.0,,,,,,,,,1,,,,,
E1C0G2,E1C0G2_CHICK,nan,CHICK,1.0,,,,,,,,,1,,,,,
E1C1B5,E1C1B5_CHICK,nan,CHICK,1.0,,,,,,,,,1,,,,,
E1C1B9,E1C1B9_CHICK,nan,CHICK,1.0,,,,,,,,,1,,,,,
E2QW36,E2QW36_CANFA,ENSCAFP00000031506,CANFA,1.0,,,,,,,,,1,,,,,
E2R0F8,E2R0F8_CANFA,ENSCAFP00000023303,CANFA,1.0,,,,,,,,,1,,,,,
E2R0F3,E2R0F3_CANFA,ENSCAFP00000003730,CANFA,1.0,,,,,,,,,1,,,,,
E2QZ59,E2QZ59_CANFA,ENSCAFP00000028411,CANFA,1.0,,,,,,,,,1,,,,,
E2QYJ2,E2QYJ2_CANFA,ENSCAFP00000009873,CANFA,1.0,,,,,,,,,1,,,,,
E2QY72,E2QY72_CANFA,ENSCAFP00000028457,CANFA,1.0,,,,,,,,,1,,,,,
E2QY38,E2QY38_CANFA,ENSCAFP00000028483,CANFA,1.0,,,,,,,,,1,,,,,
E2QXV9,E2QXV9_CANFA,ENSCAFP00000016751,CANFA,1.0,,,,,,,,,1,,,,,
E2QTV1,E2QTV1_CANFA,ENSCAFP00000000717,CANFA,1.0,,,,,,,,,1,,,,,
E1C1V7,E1C1V7_CHICK,nan,CHICK,1.0,,,,,,,,,1,,,,,
E2QT04,E2QT04_CANFA,ENSCAFP00000005619,CANFA,1.0,,,,,,,,,1,,,,,
E1C9I5,E1C9I5_CHICK,nan,CHICK,1.0,,,,,,,,,1,,,,,
E1C4C1,E1C4C1_CHICK,nan,CHICK,1.0,,,,,,,,,1,,,,,
E1C3P7,E1C3P7_CHICK,nan,CHICK,1.0,,,,,,,,,1,,,,,
E1C395,E1C395_CHICK,nan,CHICK,1.0,,,,,,,,,1,,,,,
E1C381,nan,nan,nan,1.0,,,,,,,,,1,,,,,
E1C2V5,nan,nan,nan,1.0,,,,,,,,,1,,,,,
E1BNM4,E1BNM4_BOVIN,ENSBTAP00000027249,BOVIN,1.0,,,,,,,,,1,,,,,
E1BNL8,E1BNL8_BOVIN,ENSBTAP00000019646,BOVIN,1.0,,,,,,,,,1,,,,,
E1BNF7,E1BNF7_BOVIN,ENSBTAP00000053544,BOVIN,1.0,,,,,,,,,1,,,,,
E1BGT4,E1BGT4_BOVIN,ENSBTAP00000028691,BOVIN,1.0,,,,,,,,,1,,,,,
E1BHH2,E1BHH2_BOVIN,ENSBTAP00000004651,BOVIN,1.0,,,,,,,,,1,,,,,
E1BHF9,E1BHF9_BOVIN,ENSBTAP00000030910,BOVIN,1.0,,,,,,,,,1,,,,,
E1BHF3,E1BHF3_BOVIN,ENSBTAP00000004687,BOVIN,1.0,,,,,,,,,1,,,,,
E1BH42,E1BH42_BOVIN,ENSBTAP00000013136,BOVIN,1.0,,,,,,,,,1,,,,,
E1BGX5,E1BGX5_BOVIN,ENSBTAP00000003771,BOVIN,1.0,,,,,,,,,1,,,,,
E1BGW3,E1BGW3_BOVIN,ENSBTAP00000028669,BOVIN,1.0,,,,,,,,,1,,,,,
E1BGV5,E1BGV5_BOVIN,ENSBTAP00000050560,BOVIN,1.0,,,,,,,,,1,,,,,
E1BGQ4,E1BGQ4_BOVIN,ENSBTAP00000005167,BOVIN,1.0,,,,,,,,,1,,,,,
E1BII2,E1BII2_BOVIN,ENSBTAP00000029432,BOVIN,1.0,,,,,,,,,1,,,,,
E1BGN6,E1BGN6_BOVIN,ENSBTAP00000048684,BOVIN,1.0,,,,,,,,,1,,,,,
E1BFY1,E1BFY1_BOVIN,ENSBTAP00000037199,BOVIN,1.0,,,,,,,,,1,,,,,
E1BEJ5,E1BEJ5_BOVIN,ENSBTAP00000004324,BOVIN,1.0,,,,,,,,,1,,,,,
E1BE18,E1BE18_BOVIN,ENSBTAP00000053666,BOVIN,1.0,,,,,,,,,1,,,,,
E1BDQ3,E1BDQ3_BOVIN,ENSBTAP00000011532,BOVIN,1.0,,,,,,,,,1,,,,,
E1BDC0,E1BDC0_BOVIN,ENSBTAP00000007809,BOVIN,1.0,,,,,,,,,1,,,,,
E1BDB8,E1BDB8_BOVIN,ENSBTAP00000011067,BOVIN,1.0,,,,,,,,,1,,,,,
E1BIC9,E1BIC9_BOVIN,ENSBTAP00000043751,BOVIN,1.0,,,,,,,,,1,,,,,
E1BIJ8,E1BIJ8_BOVIN,ENSBTAP00000035733,BOVIN,1.0,,,,,,,,,1,,,,,
E1BN90,E1BN90_BOVIN,ENSBTAP00000014826,BOVIN,1.0,,,,,,,,,1,,,,,
E1BLD0,E1BLD0_BOVIN,ENSBTAP00000053794,BOVIN,1.0,,,,,,,,,1,,,,,
E1BMZ4,E1BMZ4_BOVIN,ENSBTAP00000003359,BOVIN,1.0,,,,,,,,,1,,,,,
E1BMZ2,E1BMZ2_BOVIN,ENSBTAP00000007717,BOVIN,1.0,,,,,,,,,1,,,,,
E1BMX9,E1BMX9_BOVIN,ENSBTAP00000006896,BOVIN,1.0,,,,,,,,,1,,,,,
E1BMI0,E1BMI0_BOVIN,ENSBTAP00000019345,BOVIN,1.0,,,,,,,,,1,,,,,
E1BM18,E1BM18_BOVIN,ENSBTAP00000022184,BOVIN,1.0,,,,,,,,,1,,,,,
E1BLR3,E1BLR3_BOVIN,ENSBTAP00000012076,BOVIN,1.0,,,,,,,,,1,,,,,
E1BLQ2,E1BLQ2_BOVIN,ENSBTAP00000004486,BOVIN,1.0,,,,,,,,,1,,,,,
E1BKY0,E1BKY0_BOVIN,ENSBTAP00000051224,BOVIN,1.0,,,,,,,,,1,,,,,
E1BIL7,E1BIL7_BOVIN,ENSBTAP00000029042,BOVIN,1.0,,,,,,,,,1,,,,,
E1BKU6,E1BKU6_BOVIN,ENSBTAP00000031695,BOVIN,1.0,,,,,,,,,1,,,,,
E1BKR7,E1BKR7_BOVIN,ENSBTAP00000049250,BOVIN,1.0,,,,,,,,,1,,,,,
E1BKG6,E1BKG6_BOVIN,ENSBTAP00000047611,BOVIN,1.0,,,,,,,,,1,,,,,
E1BKB3,E1BKB3_BOVIN,ENSBTAP00000032113,BOVIN,1.0,,,,,,,,,1,,,,,
E1BJG4,E1BJG4_BOVIN,ENSBTAP00000008427,BOVIN,1.0,,,,,,,,,1,,,,,
E1BJ96,E1BJ96_BOVIN,ENSBTAP00000030879,BOVIN,1.0,,,,,,,,,1,,,,,
E1BIN7,E1BIN7_BOVIN,ENSBTAP00000023710,BOVIN,1.0,,,,,,,,,1,,,,,
F1LYD5,F1LYD5_RAT,ENSRNOP00000015520,RAT,1.0,,,,,,,,,1,,,,,
F1LYK4,F1LYK4_RAT,ENSRNOP00000022527,RAT,1.0,,,,,,,,,1,,,,,
F1LYY5,F1LYY5_RAT,ENSRNOP00000034232,RAT,1.0,,,,,,,,,1,,,,,
F6Q155,F6Q155_MACMU,ENSMMUP00000013118,MACMU,1.0,,,,,,,,,1,,,,,
F1RBC6,F1RBC6_DANRE,ENSDARP00000101148,DANRE,1.0,,,,,,,,,1,,,,,
F1R9L3,F1R9L3_DANRE,ENSDARP00000076186,DANRE,1.0,,,,,,,,,1,,,,,
F1R9B6,F1R9B6_DANRE,ENSDARP00000107898,DANRE,1.0,,,,,,,,,1,,,,,
F1R8R5,F1R8R5_DANRE,ENSDARP00000084356,DANRE,1.0,,,,,,,,,1,,,,,
F1R7B1,F1R7B1_DANRE,ENSDARP00000010177,DANRE,1.0,,,,,,,,,1,,,,,
F1R713,F1R713_DANRE,ENSDARP00000104063,DANRE,1.0,,,,,,,,,1,,,,,
F1R5U2,F1R5U2_DANRE,ENSDARP00000119628,DANRE,1.0,,,,,,,,,1,,,,,
F1R2T0,F1R2T0_DANRE,ENSDARP00000084659,DANRE,1.0,,,,,,,,,1,,,,,
F1QPF6,F1QPF6_DANRE,ENSDARP00000117297,DANRE,1.0,,,,,,,,,1,,,,,
F1QJY5,F1QJY5_DANRE,ENSDARP00000111254,DANRE,1.0,,,,,,,,,1,,,,,
F1QII2,F1QII2_DANRE,ENSDARP00000109023,DANRE,1.0,,,,,,,,,1,,,,,
F1QG99,F1QG99_DANRE,ENSDARP00000123086,DANRE,1.0,,,,,,,,,1,,,,,
F1QF56,F1QF56_DANRE,ENSDARP00000098492,DANRE,1.0,,,,,,,,,1,,,,,
F1Q959,F1Q959_DANRE,ENSDARP00000092368,DANRE,1.0,,,,,,,,,1,,,,,
F1Q4U6,F1Q4U6_DANRE,ENSDARP00000103975,DANRE,1.0,,,,,,,,,1,,,,,
F1Q4P3,F1Q4P3_DANRE,ENSDARP00000104302,DANRE,1.0,,,,,,,,,1,,,,,
F1Q2B8,F1Q2B8_CANFA,ENSCAFP00000009072,CANFA,1.0,,,,,,,,,1,,,,,
F1RBR7,F1RBR7_DANRE,ENSDARP00000099332,DANRE,1.0,,,,,,,,,1,,,,,
F5H3Z2,F5H3Z2_HUMAN,ENSP00000415016,HUMAN,1.0,,,,,,,,,1,,,,,
F6NAA3,F6NAA3_DANRE,ENSDARP00000111842,DANRE,1.0,,,,,,,,,1,,,,,
F6PRH4,F6PRH4_ORNAN,ENSOANP00000009436,ORNAN,1.0,,,,,,,,,1,,,,,
F6Q038,F6Q038_ORNAN,ENSOANP00000008625,ORNAN,1.0,,,,,,,,,1,,,,,
F6PYH5,F6PYH5_XENTR,ENSXETP00000004492,XENTR,1.0,,,,,,,,,1,,,,,
F6PY79,F6PY79_MACMU,ENSMMUP00000004860,MACMU,1.0,,,,,,,,,1,,,,,
F6PVW4,F6PVW4_MACMU,ENSMMUP00000025416,MACMU,1.0,,,,,,,,,1,,,,,
F6PVJ2,F6PVJ2_MACMU,ENSMMUP00000001470,MACMU,1.0,,,,,,,,,1,,,,,
F6PSR7,F6PSR7_XENTR,ENSXETP00000054985,XENTR,1.0,,,,,,,,,1,,,,,
F6PSH8,F6PSH8_MACMU,ENSMMUP00000022348,MACMU,1.0,,,,,,,,,1,,,,,
F6PRE4,F6PRE4_MACMU,ENSMMUP00000010386,MACMU,1.0,,,,,,,,,1,,,,,
F6PG72,F6PG72_MONDO,ENSMODP00000034717,MONDO,1.0,,,,,,,,,1,,,,,
F6PRD9,F6PRD9_MACMU,ENSMMUP00000010387,MACMU,1.0,,,,,,,,,1,,,,,
F6PQ33,F6PQ33_MACMU,ENSMMUP00000003213,MACMU,1.0,,,,,,,,,1,,,,,
F6PPH6,F6PPH6_XENTR,ENSXETP00000023665,XENTR,1.0,,,,,,,,,1,,,,,
F6PP83,F6PP83_MACMU,ENSMMUP00000015219,MACMU,1.0,,,,,,,,,1,,,,,
F6PP08,F6PP08_MACMU,ENSMMUP00000010392,MACMU,1.0,,,,,,,,,1,,,,,
F6PJY0,F6PJY0_MONDO,ENSMODP00000015564,MONDO,1.0,,,,,,,,,1,,,,,
F6PHB8,F6PHB8_MONDO,ENSMODP00000010706,MONDO,1.0,,,,,,,,,1,,,,,
F1Q1V5,F1Q1V5_CANFA,ENSCAFP00000016613,CANFA,1.0,,,,,,,,,1,,,,,
F1Q142,F1Q142_CANFA,ENSCAFP00000028293,CANFA,1.0,,,,,,,,,1,,,,,
F1Q138,F1Q138_CANFA,ENSCAFP00000028299,CANFA,1.0,,,,,,,,,1,,,,,
F1PJL7,F1PJL7_CANFA,ENSCAFP00000000026,CANFA,1.0,,,,,,,,,,1,,,,
F1PN77,F1PN77_CANFA,ENSCAFP00000022437,CANFA,1.0,,,,,,,,,1,,,,,
F1PLG4,F1PLG4_CANFA,ENSCAFP00000027378,CANFA,1.0,,,,,,,,,1,,,,,
F1PLF8,F1PLF8_CANFA,ENSCAFP00000010501,CANFA,1.0,,,,,,,,,1,,,,,
F1PKT0,F1PKT0_CANFA,ENSCAFP00000008218,CANFA,1.0,,,,,,,,,1,,,,,
F1PK44,F1PK44_CANFA,ENSCAFP00000022038,CANFA,1.0,,,,,,,,,1,,,,,
F1PJS8,F1PJS8_CANFA,ENSCAFP00000003430,CANFA,1.0,,,,,,,,,1,,,,,
F1PJS7,F1PJS7_CANFA,ENSCAFP00000003431,CANFA,1.0,,,,,,,,,1,,,,,
F1PJB6,F1PJB6_CANFA,ENSCAFP00000022074,CANFA,1.0,,,,,,,,,1,,,,,
F1PQ23,F1PQ23_CANFA,ENSCAFP00000006627,CANFA,1.0,,,,,,,,,1,,,,,
F1PJ04,F1PJ04_CANFA,ENSCAFP00000003496,CANFA,1.0,,,,,,,,,1,,,,,
F1PIU5,F1PIU5_CANFA,ENSCAFP00000024021,CANFA,1.0,,,,,,,,,1,,,,,
F1PI62,F1PI62_CANFA,ENSCAFP00000021750,CANFA,1.0,,,,,,,,,1,,,,,
F1PED5,F1PED5_CANFA,ENSCAFP00000026750,CANFA,1.0,,,,,,,,,1,,,,,
F1PE96,F1PE96_CANFA,ENSCAFP00000031519,CANFA,1.0,,,,,,,,,1,,,,,
F1PBX1,F1PBX1_CANFA,ENSCAFP00000014838,CANFA,1.0,,,,,,,,,1,,,,,
F1PAC9,F1PAC9_CANFA,ENSCAFP00000007292,CANFA,1.0,,,,,,,,,1,,,,,
F1PPQ6,F1PPQ6_CANFA,ENSCAFP00000003778,CANFA,1.0,,,,,,,,,1,,,,,
F1PQF6,F1PQF6_CANFA,ENSCAFP00000003734,CANFA,1.0,,,,,,,,,1,,,,,
F1Q0M3,F1Q0M3_CANFA,ENSCAFP00000023470,CANFA,1.0,,,,,,,,,1,,,,,
F1PVI5,F1PVI5_CANFA,ENSCAFP00000034668,CANFA,1.0,,,,,,,,,1,,,,,
F1Q029,F1Q029_CANFA,ENSCAFP00000028796,CANFA,1.0,,,,,,,,,1,,,,,
F1PZB1,F1PZB1_CANFA,ENSCAFP00000020035,CANFA,1.0,,,,,,,,,1,,,,,
F1PY33,F1PY33_CANFA,ENSCAFP00000016886,CANFA,1.0,,,,,,,,,1,,,,,
F1PXY1,F1PXY1_CANFA,ENSCAFP00000007987,CANFA,1.0,,,,,,,,,1,,,,,
F1PXU4,F1PXU4_CANFA,ENSCAFP00000004035,CANFA,1.0,,,,,,,,,1,,,,,
F1PX38,F1PX38_CANFA,ENSCAFP00000028490,CANFA,1.0,,,,,,,,,1,,,,,
F1PVV8,F1PVV8_CANFA,ENSCAFP00000025553,CANFA,1.0,,,,,,,,,1,,,,,
F1PVG3,F1PVG3_CANFA,ENSCAFP00000003506,CANFA,1.0,,,,,,,,,1,,,,,
F1PQQ8,F1PQQ8_CANFA,ENSCAFP00000022348,CANFA,1.0,,,,,,,,,1,,,,,
F1PVF7,F1PVF7_CANFA,ENSCAFP00000003515,CANFA,1.0,,,,,,,,,1,,,,,
F1PUQ8,F1PUQ8_CANFA,ENSCAFP00000003564,CANFA,1.0,,,,,,,,,1,,,,,
F1PTJ1,F1PTJ1_CANFA,ENSCAFP00000032795,CANFA,1.0,,,,,,,,,1,,,,,
F1PTG6,F1PTG6_CANFA,ENSCAFP00000001651,CANFA,1.0,,,,,,,,,1,,,,,
F1PSY3,F1PSY3_CANFA,ENSCAFP00000003619,CANFA,1.0,,,,,,,,,1,,,,,
F1PSS3,F1PSS3_CANFA,ENSCAFP00000025201,CANFA,1.0,,,,,,,,,1,,,,,
F1PRR5,F1PRR5_CANFA,ENSCAFP00000006591,CANFA,1.0,,,,,,,,,1,,,,,
F6Q124,F6Q124_XENTR,ENSXETP00000028417,XENTR,1.0,,,,,,,,,1,,,,,
F6Q174,F6Q174_MACMU,ENSMMUP00000013116,MACMU,1.0,,,,,,,,,1,,,,,
F1LZ97,F1LZ97_RAT,ENSRNOP00000041965,RAT,1.0,,,,,,,,,1,,,,,
F6Q236,F6Q236_MONDO,ENSMODP00000015647,MONDO,1.0,,,,,,,,,1,,,,,
F6RNU7,F6RNU7_MONDO,ENSMODP00000024955,MONDO,1.0,,,,,,,,,1,,,,,
F6RKW8,F6RKW8_MACMU,ENSMMUP00000018220,MACMU,1.0,,,,,,,,,1,,,,,
F6RKS7,F6RKS7_MACMU,ENSMMUP00000018222,MACMU,1.0,,,,,,,,,1,,,,,
F6RJ75,F6RJ75_MACMU,ENSMMUP00000001034,MACMU,1.0,,,,,,,,,1,,,,,
F6RIW5,F6RIW5_XENTR,ENSXETP00000016152,XENTR,1.0,,,,,,,,,1,,,,,
F6RIV0,F6RIV0_XENTR,ENSXETP00000016155,XENTR,1.0,,,,,,,,,1,,,,,
F6RIP8,F6RIP8_MACMU,ENSMMUP00000001040,MACMU,1.0,,,,,,,,,1,,,,,
F6RIN5,F6RIN5_MONDO,ENSMODP00000002407,MONDO,1.0,,,,,,,,,1,,,,,
F6RIC1,F6RIC1_MACMU,ENSMMUP00000028983,MACMU,1.0,,,,,,,,,1,,,,,
F6RIC0,F6RIC0_MONDO,ENSMODP00000002422,MONDO,1.0,,,,,,,,,1,,,,,
F6RI72,F6RI72_MONDO,ENSMODP00000002429,MONDO,1.0,,,,,,,,,1,,,,,
F6RGZ4,F6RGZ4_MONDO,ENSMODP00000010900,MONDO,1.0,,,,,,,,,1,,,,,
F6RFK7,F6RFK7_MONDO,ENSMODP00000010936,MONDO,1.0,,,,,,,,,1,,,,,
F6REB6,F6REB6_MONDO,ENSMODP00000027991,MONDO,1.0,,,,,,,,,1,,,,,
F6RDC9,F6RDC9_MACMU,ENSMMUP00000020548,MACMU,1.0,,,,,,,,,1,,,,,
F6RDA5,F6RDA5_MONDO,ENSMODP00000008875,MONDO,1.0,,,,,,,,,1,,,,,
F6RD24,F6RD24_ORNAN,ENSOANP00000018275,ORNAN,1.0,,,,,,,,,1,,,,,
F6RNW7,F6RNW7_MONDO,ENSMODP00000024950,MONDO,1.0,,,,,,,,,1,,,,,
F6RP49,F6RP49_MACMU,ENSMMUP00000020375,MACMU,1.0,,,,,,,,,1,,,,,
F6RPH6,F6RPH6_MONDO,ENSMODP00000024942,MONDO,1.0,,,,,,,,,1,,,,,
F6S0W1,F6S0W1_MONDO,ENSMODP00000015993,MONDO,1.0,,,,,,,,,1,,,,,
F6S6H1,F6S6H1_MACMU,ENSMMUP00000006385,MACMU,1.0,,,,,,,,,1,,,,,
F6S668,F6S668_MACMU,ENSMMUP00000020673,MACMU,1.0,,,,,,,,,1,,,,,
F6S657,F6S657_MACMU,ENSMMUP00000020674,MACMU,1.0,,,,,,,,,1,,,,,
F6S462,F6S462_MACMU,ENSMMUP00000013387,MACMU,1.0,,,,,,,,,1,,,,,
F6S429,F6S429_MONDO,ENSMODP00000019283,MONDO,1.0,,,,,,,,,1,,,,,
F6S3Z6,F6S3Z6_MONDO,ENSMODP00000019287,MONDO,1.0,,,,,,,,,1,,,,,
F6S2Z0,F6S2Z0_MACMU,ENSMMUP00000025379,MACMU,1.0,,,,,,,,,1,,,,,
F6RZX7,F6RZX7_MACMU,ENSMMUP00000006389,MACMU,1.0,,,,,,,,,1,,,,,
F6RRT9,F6RRT9_MACMU,ENSMMUP00000028955,MACMU,1.0,,,,,,,,,1,,,,,
F6RY75,F6RY75_BOVIN,ENSBTAP00000041334,BOVIN,1.0,,,,,,,,,1,,,,,
F6RX66,F6RX66_MACMU,ENSMMUP00000006070,MACMU,1.0,,,,,,,,,1,,,,,
F6RU18,F6RU18_ORNAN,ENSOANP00000024029,ORNAN,1.0,,,,,,,,,1,,,,,
F6RTN3,F6RTN3_XENTR,ENSXETP00000033186,XENTR,1.0,,,,,,,,,1,,,,,
F6RTL0,F6RTL0_ORNAN,ENSOANP00000024034,ORNAN,1.0,,,,,,,,,1,,,,,
F6RTI6,F6RTI6_ORNAN,ENSOANP00000024035,ORNAN,1.0,,,,,,,,,1,,,,,
F6RSE2,F6RSE2_CIOIN,ENSCINP00000001121,CIOIN,1.0,,,,,,,,,1,,,,,
F6RBX7,F6RBX7_MONDO,ENSMODP00000031211,MONDO,1.0,,,,,,,,,1,,,,,
F6RAU8,F6RAU8_CIOIN,ENSCINP00000020005,CIOIN,1.0,,,,,,,,,1,,,,,
F6R9D7,F6R9D7_MACMU,ENSMMUP00000025526,MACMU,1.0,,,,,,,,,1,,,,,
F6QBQ4,F6QBQ4_MACMU,ENSMMUP00000032230,MACMU,1.0,,,,,,,,,1,,,,,
F6QFC2,F6QFC2_BOVIN,ENSBTAP00000052950,BOVIN,1.0,,,,,,,,,1,,,,,
F6QEP0,F6QEP0_MONDO,ENSMODP00000033209,MONDO,1.0,,,,,,,,,1,,,,,
F6QEL5,F6QEL5_MACMU,ENSMMUP00000016805,MACMU,1.0,,,,,,,,,1,,,,,
F6QCS3,F6QCS3_MONDO,ENSMODP00000038406,MONDO,1.0,,,,,,,,,1,,,,,
F6QCR3,F6QCR3_MACMU,ENSMMUP00000009873,MACMU,1.0,,,,,,,,,1,,,,,
F6QCF5,F6QCF5_MACMU,ENSMMUP00000037086,MACMU,1.0,,,,,,,,,1,,,,,
F6QC52,F6QC52_MONDO,ENSMODP00000002494,MONDO,1.0,,,,,,,,,1,,,,,
F6QA72,F6QA72_MACMU,ENSMMUP00000020293,MACMU,1.0,,,,,,,,,1,,,,,
F6QH59,F6QH59_MACMU,ENSMMUP00000025278,MACMU,1.0,,,,,,,,,1,,,,,
F6Q7N0,F6Q7N0_MACMU,ENSMMUP00000016811,MACMU,1.0,,,,,,,,,1,,,,,
F6Q7L7,F6Q7L7_MONDO,ENSMODP00000008493,MONDO,1.0,,,,,,,,,1,,,,,
F6Q7F4,F6Q7F4_MACMU,ENSMMUP00000016814,MACMU,1.0,,,,,,,,,1,,,,,
F6Q771,F6Q771_MACMU,ENSMMUP00000016818,MACMU,1.0,,,,,,,,,1,,,,,
F6Q6J1,F6Q6J1_MACMU,ENSMMUP00000016821,MACMU,1.0,,,,,,,,,1,,,,,
F6Q6D4,F6Q6D4_MACMU,ENSMMUP00000016825,MACMU,1.0,,,,,,,,,1,,,,,
F6Q4R0,F6Q4R0_MONDO,ENSMODP00000015601,MONDO,1.0,,,,,,,,,1,,,,,
F6QFH6,F6QFH6_ORNAN,ENSOANP00000001447,ORNAN,1.0,,,,,,,,,1,,,,,
F6QHD8,F6QHD8_MACMU,ENSMMUP00000037246,MACMU,1.0,,,,,,,,,1,,,,,
F6R8Y8,F6R8Y8_MONDO,ENSMODP00000012426,MONDO,1.0,,,,,,,,,1,,,,,
F6QW62,F6QW62_ORNAN,ENSOANP00000012088,ORNAN,1.0,,,,,,,,,1,,,,,
F6R8S4,F6R8S4_XENTR,ENSXETP00000034993,XENTR,1.0,,,,,,,,,1,,,,,
F6R8L0,F6R8L0_MACMU,ENSMMUP00000025530,MACMU,1.0,,,,,,,,,1,,,,,
F6R7V8,F6R7V8_MACMU,ENSMMUP00000001596,MACMU,1.0,,,,,,,,,1,,,,,
F6R6Y2,F6R6Y2_MACMU,ENSMMUP00000001244,MACMU,1.0,,,,,,,,,1,,,,,
F6QZQ2,F6QZQ2_MONDO,ENSMODP00000038252,MONDO,1.0,,,,,,,,,1,,,,,
F6QWU0,F6QWU0_ORNAN,ENSOANP00000008821,ORNAN,1.0,,,,,,,,,1,,,,,
F6QWR9,F6QWR9_ORNAN,ENSOANP00000008822,ORNAN,1.0,,,,,,,,,1,,,,,
F6QVW9,F6QVW9_MACMU,ENSMMUP00000018285,MACMU,1.0,,,,,,,,,1,,,,,
F6QIH4,F6QIH4_MONDO,ENSMODP00000031926,MONDO,1.0,,,,,,,,,1,,,,,
F6QST1,F6QST1_MACMU,ENSMMUP00000037548,MACMU,1.0,,,,,,,,,1,,,,,
F6QS50,F6QS50_MONDO,ENSMODP00000031228,MONDO,1.0,,,,,,,,,1,,,,,
F6QS42,F6QS42_MONDO,ENSMODP00000031229,MONDO,1.0,,,,,,,,,1,,,,,
F6QQY1,F6QQY1_MONDO,ENSMODP00000031275,MONDO,1.0,,,,,,,,,1,,,,,
F6QNH1,F6QNH1_MACMU,ENSMMUP00000001402,MACMU,1.0,,,,,,,,,1,,,,,
F6QLF7,F6QLF7_MACMU,ENSMMUP00000009831,MACMU,1.0,,,,,,,,,1,,,,,
F6QKV5,F6QKV5_MONDO,ENSMODP00000031772,MONDO,1.0,,,,,,,,,1,,,,,
F1PA97,F1PA97_CANFA,ENSCAFP00000030120,CANFA,1.0,,,,,,,,,1,,,,,
F1P9J5,F1P9J5_CANFA,ENSCAFP00000002451,CANFA,1.0,,,,,,,,,1,,,,,
F1P8E9,F1P8E9_CANFA,ENSCAFP00000024402,CANFA,1.0,,,,,,,,,1,,,,,
F1P8B9,F1P8B9_CANFA,ENSCAFP00000024436,CANFA,1.0,,,,,,,,,1,,,,,
F1ML18,F1ML18_BOVIN,ENSBTAP00000006604,BOVIN,1.0,,,,,,,,,1,,,,,
F1ML16,F1ML16_BOVIN,ENSBTAP00000049772,BOVIN,1.0,,,,,,,,,1,,,,,
F1MKQ4,F1MKQ4_BOVIN,ENSBTAP00000051646,BOVIN,1.0,,,,,,,,,1,,,,,
F1MK93,F1MK93_BOVIN,ENSBTAP00000018471,BOVIN,1.0,,,,,,,,,1,,,,,
F1MK15,F1MK15_BOVIN,ENSBTAP00000006170,BOVIN,1.0,,,,,,,,,1,,,,,
F1MK14,F1MK14_BOVIN,ENSBTAP00000006171,BOVIN,1.0,,,,,,,,,1,,,,,
F1MJI9,F1MJI9_BOVIN,ENSBTAP00000006133,BOVIN,1.0,,,,,,,,,1,,,,,
F1MJH3,F1MJH3_BOVIN,ENSBTAP00000051731,BOVIN,1.0,,,,,,,,,1,,,,,
F1MJE7,F1MJE7_BOVIN,ENSBTAP00000051755,BOVIN,1.0,,,,,,,,,1,,,,,
F1MJD3,F1MJD3_BOVIN,ENSBTAP00000049457,BOVIN,1.0,,,,,,,,,1,,,,,
F1MJ74,F1MJ74_BOVIN,ENSBTAP00000020613,BOVIN,1.0,,,,,,,,,1,,,,,
F1MJ44,F1MJ44_BOVIN,ENSBTAP00000049540,BOVIN,1.0,,,,,,,,,1,,,,,
F1MIK2,F1MIK2_BOVIN,ENSBTAP00000049568,BOVIN,1.0,,,,,,,,,1,,,,,
F1MIG6,F1MIG6_BOVIN,ENSBTAP00000013547,BOVIN,1.0,,,,,,,,,1,,,,,
F1MHZ4,F1MHZ4_BOVIN,ENSBTAP00000013588,BOVIN,1.0,,,,,,,,,1,,,,,
F1MHP3,F1MHP3_BOVIN,ENSBTAP00000024037,BOVIN,1.0,,,,,,,,,1,,,,,
F1MHJ3,F1MHJ3_BOVIN,ENSBTAP00000017111,BOVIN,1.0,,,,,,,,,1,,,,,
F1ML21,F1ML21_BOVIN,ENSBTAP00000049765,BOVIN,1.0,,,,,,,,,1,,,,,
F1MLE7,F1MLE7_BOVIN,ENSBTAP00000010143,BOVIN,1.0,,,,,,,,,1,,,,,
F1MLH2,F1MLH2_BOVIN,ENSBTAP00000049737,BOVIN,1.0,,,,,,,,,1,,,,,
F1MQS0,F1MQS0_BOVIN,ENSBTAP00000048632,BOVIN,1.0,,,,,,,,,1,,,,,
F1MRS4,F1MRS4_BOVIN,ENSBTAP00000052021,BOVIN,1.0,,,,,,,,,1,,,,,
F1MRQ1,F1MRQ1_BOVIN,ENSBTAP00000012763,BOVIN,1.0,,,,,,,,,1,,,,,
F1MR89,F1MR89_BOVIN,ENSBTAP00000000691,BOVIN,1.0,,,,,,,,,1,,,,,
F1MR85,F1MR85_BOVIN,ENSBTAP00000050902,BOVIN,1.0,,,,,,,,,1,,,,,
F1MQY7,F1MQY7_BOVIN,ENSBTAP00000048819,BOVIN,1.0,,,,,,,,,1,,,,,
F1MQU6,F1MQU6_BOVIN,ENSBTAP00000052171,BOVIN,1.0,,,,,,,,,1,,,,,
F1MQU3,F1MQU3_BOVIN,ENSBTAP00000052177,BOVIN,1.0,,,,,,,,,1,,,,,
F1MQ08,F1MQ08_BOVIN,ENSBTAP00000020989,BOVIN,1.0,,,,,,,,,1,,,,,
F1MLR0,F1MLR0_BOVIN,ENSBTAP00000041291,BOVIN,1.0,,,,,,,,,1,,,,,
F1MPI9,F1MPI9_BOVIN,ENSBTAP00000034226,BOVIN,1.0,,,,,,,,,1,,,,,
F1MP77,F1MP77_BOVIN,ENSBTAP00000053085,BOVIN,1.0,,,,,,,,,1,,,,,
F1MN03,F1MN03_BOVIN,ENSBTAP00000049904,BOVIN,1.0,,,,,,,,,1,,,,,
F1MML9,F1MML9_BOVIN,ENSBTAP00000049685,BOVIN,1.0,,,,,,,,,1,,,,,
F1MMF2,F1MMF2_BOVIN,ENSBTAP00000008008,BOVIN,1.0,,,,,,,,,1,,,,,
F1MM01,F1MM01_BOVIN,ENSBTAP00000022341,BOVIN,1.0,,,,,,,,,1,,,,,
F1MLT2,F1MLT2_BOVIN,ENSBTAP00000041262,BOVIN,1.0,,,,,,,,,1,,,,,
F1MHG2,F1MHG2_BOVIN,ENSBTAP00000017164,BOVIN,1.0,,,,,,,,,1,,,,,
F1MGZ7,F1MGZ7_BOVIN,ENSBTAP00000022702,BOVIN,1.0,,,,,,,,,1,,,,,
F1MGG4,F1MGG4_BOVIN,ENSBTAP00000050069,BOVIN,1.0,,,,,,,,,1,,,,,
F1M4T8,F1M4T8_RAT,ENSRNOP00000009095,RAT,1.0,,,,,,,,,1,,,,,
F1MA26,F1MA26_RAT,ENSRNOP00000038590,RAT,1.0,,,,,,,,,1,,,,,
F1M9J2,F1M9J2_RAT,ENSRNOP00000045589,RAT,1.0,,,,,,,,,1,,,,,
F1M8Z3,F1M8Z3_RAT,ENSRNOP00000017901,RAT,1.0,,,,,,,,,1,,,,,
F1M700,F1M700_RAT,ENSRNOP00000029983,RAT,1.0,,,,,,,,,1,,,,,
F1M6N1,F1M6N1_RAT,ENSRNOP00000035222,RAT,1.0,,,,,,,,,1,,,,,
F1M5G7,F1M5G7_RAT,ENSRNOP00000009270,RAT,1.0,,,,,,,,,1,,,,,
F1M568,F1M568_RAT,ENSRNOP00000040826,RAT,1.0,,,,,,,,,1,,,,,
F1M4J4,F1M4J4_RAT,ENSRNOP00000061844,RAT,1.0,,,,,,,,,1,,,,,
F1MAM5,F1MAM5_RAT,ENSRNOP00000024645,RAT,1.0,,,,,,,,,1,,,,,
F1M4E4,F1M4E4_RAT,ENSRNOP00000021981,RAT,1.0,,,,,,,,,1,,,,,
F1M4D5,F1M4D5_RAT,ENSRNOP00000045941,RAT,1.0,,,,,,,,,1,,,,,
F1M3Z8,F1M3Z8_RAT,ENSRNOP00000040976,RAT,1.0,,,,,,,,,1,,,,,
F1M3W3,F1M3W3_RAT,ENSRNOP00000047350,RAT,1.0,,,,,,,,,1,,,,,
F1M2Y6,F1M2Y6_RAT,ENSRNOP00000001455,RAT,1.0,,,,,,,,,1,,,,,
F1M1R7,F1M1R7_RAT,ENSRNOP00000023999,RAT,1.0,,,,,,,,,1,,,,,
F1M0F0,F1M0F0_RAT,ENSRNOP00000032553,RAT,1.0,,,,,,,,,1,,,,,
F1MAL0,F1MAL0_RAT,ENSRNOP00000042506,RAT,1.0,,,,,,,,,1,,,,,
F1MAM9,F1MAM9_RAT,ENSRNOP00000012506,RAT,1.0,,,,,,,,,1,,,,,
F1MG51,F1MG51_BOVIN,ENSBTAP00000048327,BOVIN,1.0,,,,,,,,,1,,,,,
F1MC96,F1MC96_BOVIN,ENSBTAP00000050538,BOVIN,1.0,,,,,,,,,1,,,,,
F1MFQ5,F1MFQ5_BOVIN,ENSBTAP00000010904,BOVIN,1.0,,,,,,,,,1,,,,,
F1MFG2,F1MFG2_BOVIN,ENSBTAP00000046605,BOVIN,1.0,,,,,,,,,1,,,,,
F1MEJ1,F1MEJ1_BOVIN,ENSBTAP00000022971,BOVIN,1.0,,,,,,,,,1,,,,,
F1ME60,F1ME60_BOVIN,ENSBTAP00000048140,BOVIN,1.0,,,,,,,,,1,,,,,
F1ME16,F1ME16_BOVIN,ENSBTAP00000000499,BOVIN,1.0,,,,,,,,,1,,,,,
F1ME08,F1ME08_BOVIN,ENSBTAP00000050706,BOVIN,1.0,,,,,,,,,1,,,,,
F1MDI6,F1MDI6_BOVIN,ENSBTAP00000050759,BOVIN,1.0,,,,,,,,,1,,,,,
F1MC07,F1MC07_BOVIN,ENSBTAP00000024283,BOVIN,1.0,,,,,,,,,1,,,,,
F1MAP1,F1MAP1_RAT,ENSRNOP00000008889,RAT,1.0,,,,,,,,,1,,,,,
F1MBX1,F1MBX1_BOVIN,ENSBTAP00000050564,BOVIN,1.0,,,,,,,,,1,,,,,
F1MBT9,F1MBT9_BOVIN,ENSBTAP00000031693,BOVIN,1.0,,,,,,,,,1,,,,,
F1MBS2,F1MBS2_BOVIN,ENSBTAP00000000545,BOVIN,1.0,,,,,,,,,1,,,,,
F1MBN9,F1MBN9_BOVIN,ENSBTAP00000003635,BOVIN,1.0,,,,,,,,,1,,,,,
F1MBI0,F1MBI0_BOVIN,ENSBTAP00000003993,BOVIN,1.0,,,,,,,,,1,,,,,
F1MB86,F1MB86_BOVIN,ENSBTAP00000051952,BOVIN,1.0,,,,,,,,,1,,,,,
F1MB05,F1MB05_BOVIN,ENSBTAP00000021095,BOVIN,1.0,,,,,,,,,1,,,,,
F1MSE6,F1MSE6_BOVIN,ENSBTAP00000029408,BOVIN,1.0,,,,,,,,,1,,,,,
F1MSI7,F1MSI7_BOVIN,ENSBTAP00000005584,BOVIN,1.0,,,,,,,,,1,,,,,
F1MSL7,F1MSL7_BOVIN,ENSBTAP00000029728,BOVIN,1.0,,,,,,,,,1,,,,,
F1N395,F1N395_BOVIN,ENSBTAP00000021935,BOVIN,1.0,,,,,,,,,1,,,,,
F1N5Q1,F1N5Q1_BOVIN,ENSBTAP00000021332,BOVIN,1.0,,,,,,,,,1,,,,,
F1N5B8,F1N5B8_BOVIN,ENSBTAP00000052520,BOVIN,1.0,,,,,,,,,1,,,,,
F1N471,F1N471_BOVIN,ENSBTAP00000002726,BOVIN,1.0,,,,,,,,,1,,,,,
F1N440,F1N440_BOVIN,ENSBTAP00000002495,BOVIN,1.0,,,,,,,,,1,,,,,
F1N3Y9,F1N3Y9_BOVIN,ENSBTAP00000002792,BOVIN,1.0,,,,,,,,,1,,,,,
F1N3X9,F1N3X9_BOVIN,ENSBTAP00000052681,BOVIN,1.0,,,,,,,,,1,,,,,
F1N3W3,F1N3W3_BOVIN,ENSBTAP00000052716,BOVIN,1.0,,,,,,,,,1,,,,,
F1N1Y9,F1N1Y9_BOVIN,ENSBTAP00000002533,BOVIN,1.0,,,,,,,,,1,,,,,
F1N628,F1N628_BOVIN,ENSBTAP00000026057,BOVIN,1.0,,,,,,,,,1,,,,,
F1N1U9,F1N1U9_BOVIN,ENSBTAP00000014891,BOVIN,1.0,,,,,,,,,1,,,,,
F1N1M0,F1N1M0_BOVIN,ENSBTAP00000007710,BOVIN,1.0,,,,,,,,,1,,,,,
F1N1G5,F1N1G5_BOVIN,ENSBTAP00000021836,BOVIN,1.0,,,,,,,,,1,,,,,
F1N193,F1N193_BOVIN,ENSBTAP00000021869,BOVIN,1.0,,,,,,,,,1,,,,,
F1N176,F1N176_BOVIN,ENSBTAP00000026911,BOVIN,1.0,,,,,,,,,1,,,,,
F1N146,F1N146_BOVIN,ENSBTAP00000038982,BOVIN,1.0,,,,,,,,,1,,,,,
F1N143,F1N143_BOVIN,ENSBTAP00000011050,BOVIN,1.0,,,,,,,,,1,,,,,
F1N5Z6,F1N5Z6_BOVIN,ENSBTAP00000033274,BOVIN,1.0,,,,,,,,,1,,,,,
F1N670,F1N670_BOVIN,ENSBTAP00000038008,BOVIN,1.0,,,,,,,,,1,,,,,
F1N130,F1N130_BOVIN,ENSBTAP00000030196,BOVIN,1.0,,,,,,,,,1,,,,,
F1NVC4,F1NVC4_CHICK,ENSGALP00000034579,CHICK,1.0,,,,,,,,,1,,,,,
F1P8A7,F1P8A7_CANFA,ENSCAFP00000024454,CANFA,1.0,,,,,,,,,1,,,,,
F1P836,F1P836_CANFA,ENSCAFP00000017838,CANFA,1.0,,,,,,,,,1,,,,,
F1P809,F1P809_CANFA,ENSCAFP00000021630,CANFA,1.0,,,,,,,,,1,,,,,
F1P7N4,F1P7N4_CANFA,ENSCAFP00000019856,CANFA,1.0,,,,,,,,,1,,,,,
F1P7D7,F1P7D7_CANFA,ENSCAFP00000017855,CANFA,1.0,,,,,,,,,1,,,,,
F1P3T2,F1P3T2_CHICK,ENSGALP00000001473,CHICK,1.0,,,,,,,,,1,,,,,
F1P020,F1P020_CHICK,ENSGALP00000039243,CHICK,1.0,,,,,,,,,1,,,,,
F1NUB6,F1NUB6_CHICK,ENSGALP00000026599,CHICK,1.0,,,,,,,,,1,,,,,
F1N7J9,F1N7J9_BOVIN,ENSBTAP00000024544,BOVIN,1.0,,,,,,,,,1,,,,,
F1NNA7,F1NNA7_CHICK,ENSGALP00000021108,CHICK,1.0,,,,,,,,,1,,,,,
F1NN94,F1NN94_CHICK,ENSGALP00000033117,CHICK,1.0,,,,,,,,,1,,,,,
F1NL13,F1NL13_CHICK,ENSGALP00000040347,CHICK,1.0,,,,,,,,,1,,,,,
F1NF21,F1NF21_CHICK,ENSGALP00000026902,CHICK,1.0,,,,,,,,,1,,,,,
F1NBB1,F1NBB1_CHICK,ENSGALP00000011620,CHICK,1.0,,,,,,,,,1,,,,,
F1N7R8,F1N7R8_BOVIN,ENSBTAP00000052233,BOVIN,1.0,,,,,,,,,1,,,,,
F1N7K0,F1N7K0_BOVIN,ENSBTAP00000000598,BOVIN,1.0,,,,,,,,,1,,,,,
F1N134,F1N134_BOVIN,ENSBTAP00000042161,BOVIN,1.0,,,,,,,,,1,,,,,
F1N118,F1N118_BOVIN,ENSBTAP00000042193,BOVIN,1.0,,,,,,,,,1,,,,,
F1MSU1,F1MSU1_BOVIN,ENSBTAP00000048894,BOVIN,1.0,,,,,,,,,1,,,,,
F1MUM3,F1MUM3_BOVIN,ENSBTAP00000049073,BOVIN,1.0,,,,,,,,,1,,,,,
F1MV65,F1MV65_BOVIN,ENSBTAP00000016857,BOVIN,1.0,,,,,,,,,1,,,,,
F1MV59,F1MV59_BOVIN,ENSBTAP00000049039,BOVIN,1.0,,,,,,,,,1,,,,,
F1MV30,F1MV30_BOVIN,ENSBTAP00000004602,BOVIN,1.0,,,,,,,,,1,,,,,
F1MV06,F1MV06_BOVIN,ENSBTAP00000004724,BOVIN,1.0,,,,,,,,,1,,,,,
F1MUX8,F1MUX8_BOVIN,ENSBTAP00000016862,BOVIN,1.0,,,,,,,,,1,,,,,
F1MUV6,F1MUV6_BOVIN,ENSBTAP00000049054,BOVIN,1.0,,,,,,,,,1,,,,,
F1MUM4,F1MUM4_BOVIN,ENSBTAP00000051389,BOVIN,1.0,,,,,,,,,1,,,,,
F1MUJ5,F1MUJ5_BOVIN,ENSBTAP00000016763,BOVIN,1.0,,,,,,,,,1,,,,,
F1MVY4,F1MVY4_BOVIN,ENSBTAP00000047801,BOVIN,1.0,,,,,,,,,1,,,,,
F1MU53,F1MU53_BOVIN,ENSBTAP00000049195,BOVIN,1.0,,,,,,,,,1,,,,,
F1MTT8,F1MTT8_BOVIN,ENSBTAP00000018075,BOVIN,1.0,,,,,,,,,1,,,,,
F1MTK8,F1MTK8_BOVIN,ENSBTAP00000001247,BOVIN,1.0,,,,,,,,,1,,,,,
F1MTF3,F1MTF3_BOVIN,ENSBTAP00000025240,BOVIN,1.0,,,,,,,,,1,,,,,
F1MTC4,F1MTC4_BOVIN,ENSBTAP00000037160,BOVIN,1.0,,,,,,,,,1,,,,,
F1MT59,F1MT59_BOVIN,ENSBTAP00000048848,BOVIN,1.0,,,,,,,,,1,,,,,
F1MT21,F1MT21_BOVIN,ENSBTAP00000017634,BOVIN,1.0,,,,,,,,,1,,,,,
F1MVL7,F1MVL7_BOVIN,ENSBTAP00000013096,BOVIN,1.0,,,,,,,,,1,,,,,
F1MVZ3,F1MVZ3_BOVIN,ENSBTAP00000023758,BOVIN,1.0,,,,,,,,,1,,,,,
F1N0Y6,F1N0Y6_BOVIN,ENSBTAP00000035023,BOVIN,1.0,,,,,,,,,1,,,,,
F1N038,F1N038_BOVIN,ENSBTAP00000016000,BOVIN,1.0,,,,,,,,,1,,,,,
F1N0R1,F1N0R1_BOVIN,ENSBTAP00000030565,BOVIN,1.0,,,,,,,,,1,,,,,
F1N0P5,F1N0P5_BOVIN,ENSBTAP00000004507,BOVIN,1.0,,,,,,,,,1,,,,,
F1N0P1,F1N0P1_BOVIN,ENSBTAP00000004511,BOVIN,1.0,,,,,,,,,1,,,,,
F1N0K1,F1N0K1_BOVIN,ENSBTAP00000028273,BOVIN,1.0,,,,,,,,,1,,,,,
F1N0I1,F1N0I1_BOVIN,ENSBTAP00000023578,BOVIN,1.0,,,,,,,,,1,,,,,
F1N0G9,F1N0G9_BOVIN,ENSBTAP00000047534,BOVIN,1.0,,,,,,,,,1,,,,,
F1N0E1,F1N0E1_BOVIN,ENSBTAP00000023285,BOVIN,1.0,,,,,,,,,,1,,,,
F1MZZ7,F1MZZ7_BOVIN,ENSBTAP00000023419,BOVIN,1.0,,,,,,,,,1,,,,,
F1MW80,F1MW80_BOVIN,ENSBTAP00000047971,BOVIN,1.0,,,,,,,,,1,,,,,
F1MZE1,F1MZE1_BOVIN,ENSBTAP00000035458,BOVIN,1.0,,,,,,,,,1,,,,,
F1MYX1,F1MYX1_BOVIN,ENSBTAP00000011635,BOVIN,1.0,,,,,,,,,1,,,,,
F1MY83,F1MY83_BOVIN,ENSBTAP00000004230,BOVIN,1.0,,,,,,,,,1,,,,,
F1MXU3,F1MXU3_BOVIN,ENSBTAP00000049089,BOVIN,1.0,,,,,,,,,1,,,,,
F1MXP4,F1MXP4_BOVIN,ENSBTAP00000051111,BOVIN,1.0,,,,,,,,,1,,,,,
F1MXB5,F1MXB5_BOVIN,ENSBTAP00000011959,BOVIN,1.0,,,,,,,,,1,,,,,
F1MW81,F1MW81_BOVIN,ENSBTAP00000047970,BOVIN,1.0,,,,,,,,,1,,,,,
nan,nan,ENSXETP00000054986,XENTR,1.0,,,,,,,,,1,,,,,
