ACC,ENTRY,ENS,SPEC,COUNT,InParanoid,InParanoidCore,OMA_Groups,OMA_Pairs,PANTHER8_LDO,RBH,RSD,Orthoinspector,Hieranoid_2,EnsemblCompara_v2,PANTHER8_all,Metaphors,PhylomeDB,EggNOG
Q58718,RAD50_METJA,nan,METJA,12.0,1,1,1,1,1,,1,1,1,,1,1,1,1
Q97WH0,RAD50_SULSO,nan,SULSO,12.0,1,1,1,1,1,,1,1,1,,1,1,1,1
Q9X1X1,RAD50_THEMA,nan,THEMA,8.0,1,1,,1,,,1,1,1,,,,1,1
Q5JHN1,RAD50_THEKO,nan,THEKO,8.0,1,1,,1,,,1,1,1,,1,,1,
O67124,RAD50_AQUAE,nan,AQUAE,8.0,1,1,,,,,1,1,1,,1,1,1,
B1L7F9,B1L7F9_KORCO,nan,KORCO,8.0,1,1,,,,,1,1,1,,,1,1,1
Q7NCW4,Q7NCW4_GLOVI,nan,GLOVI,7.0,1,1,,,,,1,1,,,1,1,1,
P73012,P73012_SYNY3,nan,SYNY3,6.0,1,1,,,,,,1,,,1,1,1,
A9WFV4,A9WFV4_CHLAA,nan,CHLAA,6.0,1,1,,,,,1,1,,,1,1,,
Q8TRL1,RAD50_METAC,nan,METAC,6.0,1,1,,,,,1,1,1,,,1,,
B8E2Q5,B8E2Q5_DICTD,nan,DICTD,6.0,1,1,,1,,,1,,1,,,,,1
B0R3J3,B0R3J3_HALS3,nan,HALS3,5.0,1,1,,,,,1,,1,,,1,,
Q8AB66,Q8AB66_BACTN,nan,BACTN,4.0,1,1,,1,,,1,,,,,,,
A7SX39,A7SX39_NEMVE,nan,NEMVE,4.0,1,1,,1,,,1,,,,,,,
O06714,SBCC_BACSU,nan,BACSU,4.0,1,1,,,,,,,,,1,,1,
Q7RVZ9,Q7RVZ9_NEUCR,nan,NEUCR,4.0,1,1,,1,,,1,,,,,,,
P13458,SBCC_ECOLI,nan,ECOLI,3.0,1,,,1,,,1,,,,,,,
Q9RT44,SBCC_DEIRA,nan,DEIRA,3.0,,,,1,,,,,,,,1,1,
B0XTR8,B0XTR8_ASPFC,nan,ASPFC,3.0,,,,,1,,,,,,1,1,,
A6V7X5,A6V7X5_PSEA7,nan,PSEA7,3.0,,,,,1,,,,,,1,1,,
A7F2U1,A7F2U1_SCLS1,nan,SCLS1,3.0,1,,,1,,,1,,,,,,,
Q0U227,Q0U227_PHANO,nan,PHANO,3.0,1,,,1,,,1,,,,,,,
Q8R6A0,Q8R6A0_FUSNN,nan,FUSNN,3.0,1,1,,,,,,1,,,,,,
B0Y4M4,B0Y4M4_ASPFC,nan,ASPFC,3.0,1,,,1,,,1,,,,,,,
B8CAM3,B8CAM3_THAPS,nan,THAPS,3.0,1,1,,,,,1,,,,,,,
A2FAD3,A2FAD3_TRIVA,nan,TRIVA,3.0,1,,,,,,1,1,,,,,,
Q7NG51,SMC_GLOVI,nan,GLOVI,2.0,,,,,1,,,,,,1,,,
C1M075,nan,nan,nan,2.0,,,,,,,,,,,,1,1,
Q7S024,Q7S024_NEUCR,nan,NEUCR,2.0,,,,,1,,,,,,1,,,
C3ZDB1,C3ZDB1_BRAFL,nan,BRAFL,2.0,,,,,,,,,,,,1,1,
A7EM75,A7EM75_SCLS1,nan,SCLS1,2.0,,,,,1,,,,,,1,,,
P51834,SMC_BACSU,nan,BACSU,2.0,,,,,1,,,,,,1,,,
P47037,SMC3_YEAST,nan,YEAST,2.0,,,,,1,,,,,,1,,,
Q9CW03,SMC3_MOUSE,nan,MOUSE,2.0,,,,,1,,,,,,1,,,
F6UIP3,F6UIP3_ORNAN,ENSOANP00000022874,ORNAN,2.0,,,,,,,,,,,,1,1,
C4PZH9,nan,nan,nan,2.0,1,1,,,,,,,,,,,,
P22523,MUKB_ECOLI,nan,ECOLI,2.0,,,,,1,,,,,,1,,,
A7S3W7,A7S3W7_NEMVE,nan,NEMVE,2.0,,,,,,,,,,,,1,1,
H2SXA8,H2SXA8_TAKRU,ENSTRUP00000017046,TAKRU,2.0,,,,,1,,,,,,1,,,
F6X732,F6X732_XENTR,ENSXETP00000048939,XENTR,2.0,,,,,,,,,,,,1,1,
P73340,SMC_SYNY3,nan,SYNY3,2.0,,,,,1,,,,,,1,,,
C4Q3J0,nan,nan,nan,2.0,,,,,1,,,,,,1,,,
Q9X0R4,Q9X0R4_THEMA,nan,THEMA,2.0,,,,,1,,,,,,1,,,
Q9W252,RAD50_DROME,nan,DROME,2.0,1,,,,,,1,,,,,,,
Q9W212,Q9W212_DROME,nan,DROME,2.0,,,,,,,,,,,,1,1,
Q9VP67,Q9VP67_DROME,nan,DROME,2.0,,,,,,,,,,,,1,1,
Q10970,nan,nan,nan,2.0,,,,,1,,,,,,1,,,
F6YNH3,F6YNH3_CIOIN,ENSCINP00000016550,CIOIN,2.0,,,,,,,,,,,,1,1,
H2QRG6,H2QRG6_PANTR,ENSPTRP00000029462,PANTR,2.0,1,,,,,,,,,,,1,,
Q9VF37,Q9VF37_DROME,nan,DROME,2.0,,,,,,,,,,,,1,1,
Q9UTJ8,RAD50_SCHPO,nan,SCHPO,2.0,1,,,1,,,,,,,,,,
Q9UQE7,SMC3_HUMAN,nan,HUMAN,2.0,,,,,1,,,,,,1,,,
Q6CI88,Q6CI88_YARLI,nan,YARLI,2.0,,,,,1,,,,,,1,,,
Q6DHI2,CCD65_DANRE,nan,DANRE,2.0,,,,,,,,,,,,1,1,
Q0UYB6,Q0UYB6_PHANO,nan,PHANO,2.0,,,,,1,,,,,,1,,,
F6XZD9,F6XZD9_XENTR,ENSXETP00000040494,XENTR,2.0,,,,,1,,,,,,1,,,
Q9U2C1,Q9U2C1_CAEEL,nan,CAEEL,2.0,,,,,1,,,,,,1,,,
H2R1R2,H2R1R2_PANTR,ENSPTRP00000042743,PANTR,2.0,,,,,1,,,,,,1,,,
Q06704,IMH1_YEAST,nan,YEAST,2.0,,,,,,,,,,,1,,1,
A2GIM1,A2GIM1_TRIVA,nan,TRIVA,2.0,,,,,,,,,,,,1,1,
C4Q3V1,nan,nan,nan,2.0,,,,,,,,,,,,1,1,
Q97WH8,Q97WH8_SULSO,nan,SULSO,2.0,,,,,,,,,,,1,1,,
Q5KIH7,Q5KIH7_CRYNJ,nan,CRYNJ,2.0,,,,,1,,,,,,1,,,
Q96MC2,DRC1_HUMAN,nan,HUMAN,2.0,,,,,,,,,,,,1,1,
Q803N2,Q803N2_DANRE,nan,DANRE,2.0,,,,,1,,,,,,1,,,
Q84EX7,Q84EX7_GEOSN,nan,GEOSL,2.0,,,,,1,,,,,,1,,,
A9UXB8,A9UXB8_MONBE,nan,MONBE,2.0,,,,,,,,,,,,1,1,
Q89SA9,Q89SA9_BRADU,nan,BRADU,2.0,,,,,1,,,,,,1,,,
Q8N8E3,CE112_HUMAN,nan,HUMAN,2.0,,,,,,,,,,,,1,1,
A9V0G8,A9V0G8_MONBE,nan,MONBE,2.0,,,,,,,,,,,,1,1,
Q89U26,Q89U26_BRADU,nan,BRADU,2.0,1,1,,,,,,,,,,,,
O66878,SMC_AQUAE,nan,AQUAE,2.0,,,,,1,,,,,,1,,,
Q8AWB8,Q8AWB8_CHICK,nan,CHICK,2.0,,,,,1,,,,,,1,,,
A9WFD8,A9WFD8_CHLAA,nan,CHLAA,2.0,,,,,1,,,,,,1,,,
Q8IXS2,CCD65_HUMAN,nan,HUMAN,2.0,,,,,,,,,,,,1,1,
B5YJS0,B5YJS0_THEYD,nan,THEYD,2.0,1,,,,,,1,,,,,,,
O42649,SMC3_SCHPO,nan,SCHPO,2.0,,,,,1,,,,,,1,,,
B0R358,B0R358_HALS3,nan,HALS3,2.0,,,,,1,,,,,,1,,,
O42184,CLIP1_CHICK,nan,CHICK,2.0,,,,,,,,,,,,1,1,
F1QAJ0,F1QAJ0_DANRE,ENSDARP00000103124,DANRE,2.0,,,,1,,,,,,,,,1,
Q8I952,Q8I952_ANOGA,nan,ANOGA,2.0,,,,,1,,,,,,1,,,
Q8I1U7,SMC3_PLAF7,nan,PLAF7,2.0,,,,,1,,,,,,1,,,
Q8I1P7,Q8I1P7_PLAF7,nan,PLAF7,2.0,,,,,,,,,,,,1,1,
B1L3H4,B1L3H4_KORCO,nan,KORCO,2.0,,,,,1,,,,,,1,,,
Q8REH4,SMC_FUSNN,nan,FUSNN,2.0,,,,,1,,,,,,1,,,
A9T2Z5,A9T2Z5_PHYPA,nan,PHYPA,2.0,,,,,,,,,,,,1,1,
B8JMI3,nan,nan,nan,2.0,,,,,,,,,,,,1,1,
H2UP02,H2UP02_TAKRU,ENSTRUP00000038673,TAKRU,2.0,,,,,,,,,,,,1,1,
A7SQ80,A7SQ80_NEMVE,nan,NEMVE,2.0,,,,,1,,,,,,1,,,
B8E1A0,B8E1A0_DICTD,nan,DICTD,2.0,,,,,1,,,,,,1,,,
A2F4J0,A2F4J0_TRIVA,nan,TRIVA,2.0,,,,,,,,,,,,1,1,
Q93IX0,Q93IX0_STRCO,nan,STRCO,2.0,1,1,,,,,,,,,,,,
Q92878,RAD50_HUMAN,nan,HUMAN,2.0,1,,,,,,,,,,,1,,
A7UUF4,A7UUF4_ANOGA,nan,ANOGA,2.0,,,,,,,,,,,,1,1,
B8C7Y7,B8C7Y7_THAPS,nan,THAPS,2.0,,,,,,,,,,,,1,1,
B8C7X4,B8C7X4_THAPS,nan,THAPS,2.0,,,,,,,,,,,,1,1,
A7Z065,A7Z065_BOVIN,ENSBTAP00000043550,BOVIN,2.0,,,,,1,,,,,,1,,,
H2TXK6,H2TXK6_TAKRU,ENSTRUP00000029415,TAKRU,2.0,,,,,,,,,,,,1,1,
Q7UQV4,SMC_RHOBA,nan,RHOBA,2.0,,,,,1,,,,,,1,,,
A8BT62,A8BT62_GIAIC,nan,GIAIC,2.0,,,,,,,,,,,,1,1,
F6SUR2,F6SUR2_CIOIN,ENSCINP00000014958,CIOIN,2.0,,,,1,,,,,,,,,1,
Q7ZAM9,Q7ZAM9_LEPIN,nan,LEPIN,2.0,,,,,1,,,,,,1,,,
Q8VHI7,CCD65_MOUSE,nan,MOUSE,2.0,,,,,,,,,,,,1,1,
A9RAY9,A9RAY9_PHYPA,nan,PHYPA,2.0,,,,,,,,,,,,1,1,
A9RJI2,A9RJI2_PHYPA,nan,PHYPA,2.0,,,,,,,,,,,,1,1,
Q8TPH6,Q8TPH6_METAC,nan,METAC,2.0,,,,,,,,,,,,1,1,
Q8TP90,RS17L_METAC,nan,METAC,2.0,,,,,,,,,,,,1,1,
P12753,RAD50_YEAST,nan,YEAST,2.0,1,,,,,,,,,,,1,,
F6X3T1,F6X3T1_XENTR,ENSXETP00000021622,XENTR,2.0,,,,,,,,,,,,1,1,
E2R7T4,E2R7T4_CANFA,ENSCAFP00000015858,CANFA,2.0,,,,,1,,,,,,1,,,
F7H4V6,F7H4V6_MACMU,ENSMMUP00000027521,MACMU,2.0,,,,1,,,,,,,,,1,
A2DBT0,A2DBT0_TRIVA,nan,TRIVA,2.0,,,,,,,,,,,,1,1,
nan,nan,ENSBTAP00000052981,BOVIN,2.0,,,,,,,,,,,,1,1,
A2DEK4,A2DEK4_TRIVA,nan,TRIVA,2.0,,,,,,,,,,,,1,1,
F7DTA7,F7DTA7_ORNAN,ENSOANP00000023073,ORNAN,2.0,,,,1,,,,,,,,,1,
E2RNF2,E2RNF2_CANFA,ENSCAFP00000006462,CANFA,2.0,,,,,,,,,,,,1,1,
Q4QIG8,Q4QIG8_LEIMA,nan,LEIMA,2.0,,,,,1,,,,,,1,,,
Q5AEZ0,Q5AEZ0_CANAL,nan,CANAL,2.0,,,,,1,,,,,,1,,,
Q4Q8R5,Q4Q8R5_LEIMA,nan,LEIMA,2.0,,,,,,,,,,,,1,1,
D4A1B9,D4A1B9_RAT,nan,RAT,2.0,,,,,1,,,,,,1,,,
nan,nan,ENSCINP00000007708,CIOIN,2.0,,,,,1,,,,,,1,,,
Q4Q096,Q4Q096_LEIMA,nan,LEIMA,2.0,,,,,,,,,,,,1,1,
Q2TA16,CCD65_BOVIN,ENSBTAP00000021022,BOVIN,2.0,,,,,,,,,,,,1,1,
A2DNK6,A2DNK6_TRIVA,nan,TRIVA,2.0,,,,,,,,,,,,1,1,
Q5JJA2,Q5JJA2_THEKO,nan,THEKO,2.0,,,,,1,,,,,,1,,,
Q5XIJ8,CCD65_RAT,nan,RAT,2.0,,,,,,,,,,,,1,1,
Q5SNZ0,GRDN_MOUSE,nan,MOUSE,2.0,,,,,,,,,,,,1,1,
F7BXP6,F7BXP6_MACMU,ENSMMUP00000018768,MACMU,2.0,,,,,,,,,,,,1,1,
A2DUX0,A2DUX0_TRIVA,nan,TRIVA,2.0,,,,,,,,,,,1,1,,
F7CUZ5,F7CUZ5_ORNAN,ENSOANP00000000834,ORNAN,2.0,,,,,,,,,,,,1,1,
Q4P674,Q4P674_USTMA,nan,USTMA,2.0,,,,,1,,,,,,1,,,
F7HNK4,F7HNK4_MACMU,ENSMMUP00000010470,MACMU,2.0,,,,,1,,,,,,1,,,
Q3USS3,DRC1_MOUSE,nan,MOUSE,2.0,,,,,,,,,,,,1,1,
F7C187,F7C187_XENTR,ENSXETP00000012128,XENTR,2.0,,,,,,,,,,,,1,1,
E1B970,E1B970_BOVIN,ENSBTAP00000012863,BOVIN,2.0,,,,,,,,,,,,1,1,
G2HHQ9,G2HHQ9_PANTR,ENSPTRP00000039082,PANTR,2.0,,,,,,,,,,,,1,1,
A2E7U2,A2E7U2_TRIVA,nan,TRIVA,2.0,,,,,,,,,,,,1,1,
nan,nan,ENSMODP00000013116,MONDO,2.0,,,,,1,,,,,,1,,,
G2HJW2,G2HJW2_PANTR,ENSPTRP00000008360,PANTR,2.0,,,,,,,,,,,,1,1,
Q5XI65,DRC1_RAT,nan,RAT,2.0,,,,,,,,,,,,1,1,
D3ZYD7,D3ZYD7_RAT,nan,RAT,2.0,,,,,,,,,,,,1,1,
Q59RN5,Q59RN5_CANAL,nan,CANAL,2.0,,,,,,,,,,,,1,1,
Q9ZBQ2,Q9ZBQ2_STRCO,nan,STRCO,2.0,,,,,1,,,,,,1,,,
Q24098,Q24098_DROME,nan,DROME,2.0,,,,,1,,,,,,1,,,
H2QDQ0,H2QDQ0_PANTR,ENSPTRP00000016232,PANTR,2.0,,,,,,,,,,,,1,1,
F7A1J4,F7A1J4_XENTR,ENSXETP00000036884,XENTR,2.0,,,,,,,,,,,,1,1,
Q555G2,Q555G2_DICDI,nan,DICDI,2.0,,,,1,,,,,,,,,1,
E2RS94,E2RS94_CANFA,ENSCAFP00000012948,CANFA,2.0,,,,,,,,,,,,1,1,
Q56YN8,SMC3_ARATH,nan,ARATH,2.0,,,,,1,,,,,,1,,,
Q59K46,Q59K46_CANAL,nan,CANAL,2.0,1,,,,,,,,,,,1,,
O44490,O44490_CAEEL,nan,CAEEL,1.0,,,,,,,,,,,,,1,
Q4P9T0,Q4P9T0_USTMA,nan,USTMA,1.0,,,,,,,,,,,1,,,
Q4PH73,Q4PH73_USTMA,nan,USTMA,1.0,,,,,,,,,,,,,1,
P0CK98,CCD39_DANRE,ENSDARP00000022810,DANRE,1.0,,,,,,,,,,,,,1,
O15320,CTGE5_HUMAN,nan,HUMAN,1.0,,,,,,,,,,,,,1,
P0CB05,CEP63_CHICK,nan,CHICK,1.0,,,,,,,,,,,,,1,
O17763,O17763_CAEEL,nan,CAEEL,1.0,,,,,,,,,,,,,1,
P08964,MYO1_YEAST,nan,YEAST,1.0,,,,,,,,,,,,,1,
O17117,O17117_CAEEL,nan,CAEEL,1.0,,,,,,,,,,,,,1,
P08928,LAM0_DROME,nan,DROME,1.0,,,,,,,,,,,,,1,
P02567,MYO1_CAEEL,nan,CAEEL,1.0,,,,,,,,,,,,,1,
P02566,MYO4_CAEEL,nan,CAEEL,1.0,,,,,,,,,,,,,1,
Q4PI15,Q4PI15_USTMA,nan,USTMA,1.0,,,,,,,,,,,,,1,
O23037,O23037_ARATH,nan,ARATH,1.0,,,,,,,,,,,,,1,
P10567,MYSP_CAEEL,nan,CAEEL,1.0,,,,,,,,,,,,1,,
Q4P7J3,Q4P7J3_USTMA,nan,USTMA,1.0,,,,,,,,,,,,,1,
Q4P9H0,Q4P9H0_USTMA,nan,USTMA,1.0,,,,,,,,,,,1,,,
O15078,CE290_HUMAN,nan,HUMAN,1.0,,,,,,,,,,,,,1,
Q4P0S9,Q4P0S9_USTMA,nan,USTMA,1.0,,,,,,,,,,,,,1,
P13533,MYH6_HUMAN,nan,HUMAN,1.0,,,,,,,,,,,,,1,
Q54QB4,Q54QB4_DICDI,nan,DICDI,1.0,,,,,,,,,,,,,1,
Q54PK4,SMC2_DICDI,nan,DICDI,1.0,,,,,,,,,,,1,,,
Q54NP8,KIF4_DICDI,nan,DICDI,1.0,,,,,,,,,,,,,1,
Q4P228,Q4P228_USTMA,nan,USTMA,1.0,,,,,,,,,,,1,,,
Q54MY6,Q54MY6_DICDI,nan,DICDI,1.0,,,,,,,,,,,,,1,
P12883,MYH7_HUMAN,nan,HUMAN,1.0,,,,,,,,,,,,,1,
P12882,MYH1_HUMAN,nan,HUMAN,1.0,,,,,,,,,,,,,1,
Q4P3M6,Q4P3M6_USTMA,nan,USTMA,1.0,,,,,,,,,,,,,1,
Q54LV0,SMC4_DICDI,nan,DICDI,1.0,,,,,,,,,,,1,,,
Q4P5T1,Q4P5T1_USTMA,nan,USTMA,1.0,,,,,,,,,,,,,1,
Q54L07,Q54L07_DICDI,nan,DICDI,1.0,,,,,,,,,,,,,1,
Q54JG6,Q54JG6_DICDI,nan,DICDI,1.0,,,,,,,,,,,,,1,
O35594,IFT81_MOUSE,nan,MOUSE,1.0,,,,,,,,,,,,,1,
P02563,MYH6_RAT,nan,RAT,1.0,,,,,,,,,,,,,1,
Q54HI5,LMNB1_DICDI,nan,DICDI,1.0,,,,,,,,,,,,,1,
O97294,O97294_PLAF7,nan,PLAF7,1.0,,,,,,,,,,,,,1,
Q4QJG2,Q4QJG2_LEIMA,nan,LEIMA,1.0,,,,,,,,,,,1,,,
O75116,ROCK2_HUMAN,nan,HUMAN,1.0,,,,,,,,,,,,,1,
Q4QHM1,Q4QHM1_LEIMA,nan,LEIMA,1.0,,,,,,,,,,,,,1,
Q54DR3,Q54DR3_DICDI,nan,DICDI,1.0,,,,,,,,,,,,,1,
O75071,EFC14_HUMAN,nan,HUMAN,1.0,,,,,,,,,,,,,1,
O74424,NU211_SCHPO,nan,SCHPO,1.0,,,,,,,,,,,,,1,
Q54BH4,Q54BH4_DICDI,nan,DICDI,1.0,,,,,,,,,,,,,1,
O42903,YBAC_SCHPO,nan,SCHPO,1.0,,,,,,,,,,,,,1,
Q4QJJ9,Q4QJJ9_LEIMA,nan,LEIMA,1.0,,,,,,,,,,,,,1,
O97291,O97291_PLAF7,nan,PLAF7,1.0,,,,,,,,,,,,1,,
Q4QJK2,Q4QJK2_LEIMA,nan,LEIMA,1.0,,,,,,,,,,,,,1,
Q4V308,nan,nan,nan,1.0,,,,,,,,,,,,,1,
Q4V8W6,Q4V8W6_DANRE,nan,DANRE,1.0,,,,,,,,,,,,,1,
Q4V8Z4,Q4V8Z4_DANRE,nan,DANRE,1.0,,,,,,,,,,,,,1,
Q508P8,Q508P8_DANRE,nan,DANRE,1.0,,,,,,,,,,,,,1,
O60749,SNX2_HUMAN,nan,HUMAN,1.0,,,,,,,,,,,,,1,
Q4VAA7,SNX33_MOUSE,nan,MOUSE,1.0,,,,,,,,,,,,,1,
O75150,BRE1B_HUMAN,nan,HUMAN,1.0,,,,,,,,,,,,,1,
O75665,OFD1_HUMAN,nan,HUMAN,1.0,,,,,,,,,,,,,1,
O76329,ACTNB_DICDI,nan,DICDI,1.0,,,,,,,,,,,,,1,
O76447,O76447_CAEEL,nan,CAEEL,1.0,,,,,,,,,,,,,1,
O60107,SNX41_SCHPO,nan,SCHPO,1.0,,,,,,,,,,,,,1,
O96133,YB145_PLAF7,nan,PLAF7,1.0,,,,,,,,,,,,,1,
Q4Q3I5,Q4Q3I5_LEIMA,nan,LEIMA,1.0,,,,,,,,,,,,,1,
O95347,SMC2_HUMAN,nan,HUMAN,1.0,,,,,,,,,,,1,,,
Q4Q6C5,Q4Q6C5_LEIMA,nan,LEIMA,1.0,,,,,,,,,,,,,1,
Q4Q6P1,Q4Q6P1_LEIMA,nan,LEIMA,1.0,,,,,,,,,,,,,1,
Q4Q8L7,Q4Q8L7_LEIMA,nan,LEIMA,1.0,,,,,,,1,,,,,,,
Q54E85,Q54E85_DICDI,nan,DICDI,1.0,,,,,,,,,,,1,,,
Q4QAL9,Q4QAL9_LEIMA,nan,LEIMA,1.0,,,,,,,,,,,,,1,
O95219,SNX4_HUMAN,nan,HUMAN,1.0,,,,,,,,,,,,,1,
O94488,MBO1_SCHPO,nan,SCHPO,1.0,,,,,,,,,,,,1,,
O94383,SMC1_SCHPO,nan,SCHPO,1.0,,,,,,,,,,,1,,,
Q4QDF2,Q4QDF2_LEIMA,nan,LEIMA,1.0,,,,,,,,,,,,,1,
Q4QES2,Q4QES2_LEIMA,nan,LEIMA,1.0,,,,,,,,,,,,,1,
P13542,MYH8_MOUSE,nan,MOUSE,1.0,,,,,,,,,,,,,1,
P13535,MYH8_HUMAN,nan,HUMAN,1.0,,,,,,,,,,,,,1,
Q1K7U8,Q1K7U8_NEUCR,nan,NEUCR,1.0,,,,,,,,,,,1,,,
P14105,MYH9_CHICK,nan,CHICK,1.0,,,,,,,,,,,,,1,
Q4P0N6,NDE1_USTMA,nan,USTMA,1.0,,,,,,,,,,,,,1,
Q0V4J1,Q0V4J1_PHANO,nan,PHANO,1.0,,,,,,,,,,,,1,,
Q0V447,Q0V447_PHANO,nan,PHANO,1.0,,,,,,,,,,,,,1,
Q0V1V1,Q0V1V1_PHANO,nan,PHANO,1.0,,,,,,,,,,,,,1,
Q0V0C7,Q0V0C7_PHANO,nan,PHANO,1.0,,,,,,,,,,,,,1,
Q28E02,SNX30_XENTR,ENSXETP00000004753,XENTR,1.0,,,,,,,,,,,,,1,
Q0UU96,Q0UU96_PHANO,nan,PHANO,1.0,,,,,,,,,,,,,1,
Q28GP7,SNX33_XENTR,ENSXETP00000033408,XENTR,1.0,,,,,,,,,,,,,1,
Q0UAF7,Q0UAF7_PHANO,nan,PHANO,1.0,,,,,,,,,,,,,1,
Q0U802,Q0U802_PHANO,nan,PHANO,1.0,,,,,,,,,,,1,,,
Q0U6G2,Q0U6G2_PHANO,nan,PHANO,1.0,,,,,,,,,,,1,,,
Q0U4W1,Q0U4W1_PHANO,nan,PHANO,1.0,,,,,,,,,,,,,1,
Q0U2A3,Q0U2A3_PHANO,nan,PHANO,1.0,,,,,,,,,,,,,1,
Q28IA9,Q28IA9_XENTR,ENSXETP00000018796,XENTR,1.0,,,,,,,,,,,,,1,
Q2KN97,CYTSA_CHICK,nan,CHICK,1.0,,,,,,,,,,,,,1,
Q09EF7,Q09EF7_CAEEL,nan,CAEEL,1.0,,,,,,,,,,,,,1,
Q2KN98,CYTSA_MOUSE,nan,MOUSE,1.0,,,,,,,,,,,,,1,
O14529,CUX2_HUMAN,nan,HUMAN,1.0,,,,,,,,,,,,,1,
Q09857,USO1_SCHPO,nan,SCHPO,1.0,,,,,,,,,,,,,1,
Q09591,MIX1_CAEEL,nan,CAEEL,1.0,,,,,,,,,,,1,,,
Q09459,FTM_CAEEL,nan,CAEEL,1.0,,,,,,,,,,,,,1,
Q07970,ATK1_ARATH,nan,ARATH,1.0,,,,,,,,,,,,,1,
Q27991,MYH10_BOVIN,ENSBTAP00000028188,BOVIN,1.0,,,,,,,,,,,,,1,
Q0V4M2,Q0V4M2_PHANO,nan,PHANO,1.0,,,,,,,,,,,,,1,
Q0V5I4,Q0V5I4_PHANO,nan,PHANO,1.0,,,,,,,,,,,1,,,
Q13596,SNX1_HUMAN,nan,HUMAN,1.0,,,,,,,,,,,,,1,
Q1WCB5,Q1WCB5_DANRE,nan,DANRE,1.0,,,,,,,,,,,,,1,
Q17QH9,IQCD_BOVIN,ENSBTAP00000029526,BOVIN,1.0,,,,,,,,,,,,,1,
Q17635,NDC80_CAEEL,nan,CAEEL,1.0,,,,,,,,,,,,,1,
Q16204,CCDC6_HUMAN,nan,HUMAN,1.0,,,,,,,,,,,,,1,
Q15431,SYCP1_HUMAN,nan,HUMAN,1.0,,,,,,,,,,,,,1,
Q14683,SMC1A_HUMAN,nan,HUMAN,1.0,,,,,,,,,,,1,,,
Q14203,DCTN1_HUMAN,nan,HUMAN,1.0,,,,,,,,,,,,,1,
Q20060,SMC4_CAEEL,nan,CAEEL,1.0,,,,,,,,,,,1,,,
Q20641,Q20641_CAEEL,nan,CAEEL,1.0,,,,,,,,,,,,,1,
Q12267,SMC4_YEAST,nan,YEAST,1.0,,,,,,,,,,,1,,,
Q0V6L7,Q0V6L7_PHANO,nan,PHANO,1.0,,,,,,,,,,,,,1,
Q12234,RUD3_YEAST,nan,YEAST,1.0,,,,,,,,,,,,,1,
Q21000,Q21000_CAEEL,nan,CAEEL,1.0,,,,,,,,,,,,,1,
Q11102,TG278_CAEEL,nan,CAEEL,1.0,,,,,,,,,,,,,1,
Q21022,nan,nan,nan,1.0,,,,,,,,,,,,1,,
Q10198,NDC80_SCHPO,nan,SCHPO,1.0,,,,,,,,,,,,,1,
Q0WQJ7,Q0WQJ7_ARATH,nan,ARATH,1.0,,,,,,,,,,,,,1,
Q0WQE7,Q0WQE7_ARATH,nan,ARATH,1.0,,,,,,,,,,,,,1,
Q21443,LMN1_CAEEL,nan,CAEEL,1.0,,,,,,,,,,,,,1,
Q0VFL6,Q0VFL6_XENTR,ENSXETP00000051022,XENTR,1.0,,,,,,,,,,,,,1,
Q076A8,Q076A8_CANFA,ENSCAFP00000025874,CANFA,1.0,,,,,,,,,,,,,1,
Q05D60,DEUP1_HUMAN,nan,HUMAN,1.0,,,,,,,,,,,,,1,
Q04431,KRE28_YEAST,nan,YEAST,1.0,,,,,,,,,,,,,1,
P32908,SMC1_YEAST,nan,YEAST,1.0,,,,,,,,,,,1,,,
P41003,SMC2_SCHPO,nan,SCHPO,1.0,,,,,,,,,,,1,,,
P40959,MVP1_YEAST,nan,YEAST,1.0,,,,,,,,,,,,,1,
Q3U319,BRE1B_MOUSE,nan,MOUSE,1.0,,,,,,,,,,,,,1,
P40460,NDC80_YEAST,nan,YEAST,1.0,,,,,,,,,,,,,1,
Q3UPP8,CEP63_MOUSE,nan,MOUSE,1.0,,,,,,,,,,,,,1,
P39880,CUX1_HUMAN,ENSP00000353401,HUMAN,1.0,,,,,,,,,,,,,1,
P38989,SMC2_YEAST,nan,YEAST,1.0,,,,,,,,,,,1,,,
P35749,MYH11_HUMAN,nan,HUMAN,1.0,,,,,,,,,,,,,1,
P34237,CASP_YEAST,nan,YEAST,1.0,,,,,,,,,,,,,1,
P30622,CLIP1_HUMAN,nan,HUMAN,1.0,,,,,,,,,,,,,1,
P45970,LIN5_CAEEL,nan,CAEEL,1.0,,,,,,,,,,,,,1,
P28023,DCTN1_RAT,nan,RAT,1.0,,,,,,,,,,,,,1,
P25386,USO1_YEAST,nan,YEAST,1.0,,,,,,,,,,,,1,,
Q1L949,Q1L949_DANRE,nan,DANRE,1.0,,,,,,,,,,,,,1,
P24043,LAMA2_HUMAN,nan,HUMAN,1.0,,,,,,,1,,,,,,,
Q3V125,CC110_MOUSE,nan,MOUSE,1.0,,,,,,,,,,,,,1,
Q3V6T2,GRDN_HUMAN,nan,HUMAN,1.0,,,,,,,,,,,,,1,
P16568,BICD_DROME,nan,DROME,1.0,,,,,,,,,,,,,1,
Q4KLY0,CEP63_RAT,nan,RAT,1.0,,,,,,,,,,,,,1,
Q4L180,FIL1L_HUMAN,nan,HUMAN,1.0,,,,,,,,,,,,,1,
P41004,SMC4_SCHPO,nan,SCHPO,1.0,,,,,,,,,,,1,,,
P46875,ATK3_ARATH,nan,ARATH,1.0,,,,,,,,,,,,,1,
Q03427,LAMC_DROME,nan,DROME,1.0,,,,,,,,,,,,,1,
P70388,RAD50_MOUSE,nan,MOUSE,1.0,1,,,,,,,,,,,,,
Q03410,SYCP1_RAT,nan,RAT,1.0,,,,,,,,,,,,,1,
Q02566,MYH6_MOUSE,nan,MOUSE,1.0,,,,,,,,,,,,,1,
Q02455,MLP1_YEAST,nan,YEAST,1.0,,,,,,,,,,,,,1,
Q2KN99,CYTSA_RAT,nan,RAT,1.0,,,,,,,,,,,,,1,
Q2KNA0,CYTSA_CANFA,ENSCAFP00000020373,CANFA,1.0,,,,,,,,,,,,,1,
Q00547,HMMR_MOUSE,nan,MOUSE,1.0,,,,,,,,,,,,,1,
P82094,TMF1_HUMAN,nan,HUMAN,1.0,,,,,,,,,,,,,1,
Q2PQA9,KINH_RAT,nan,RAT,1.0,,,,,,,,,,,,,1,
Q2Q1W5,Q2Q1W5_DANRE,nan,DANRE,1.0,,,,,,,1,,,,,,,
P70336,ROCK2_MOUSE,nan,MOUSE,1.0,,,,,,,,,,,,,1,
P47057,SNX4_YEAST,nan,YEAST,1.0,,,,,,,,,,,,,1,
P55937,GOGA3_MOUSE,nan,MOUSE,1.0,,,,,,,,,,,,,1,
Q2TA08,BAG5_BOVIN,ENSBTAP00000023084,BOVIN,1.0,,,,,,,,,,,,,1,
Q32L17,SPZ1_BOVIN,ENSBTAP00000034157,BOVIN,1.0,,,,,,,,,,,,,1,
P53564,CUX1_MOUSE,nan,MOUSE,1.0,,,,,,,,,,,,,1,
P53278,YG3A_YEAST,nan,YEAST,1.0,,,,,,,,,,,,,1,
Q32LT0,Q32LT0_DANRE,nan,DANRE,1.0,,,,,,,,,,,,,1,
Q3TMW1,C102A_MOUSE,nan,MOUSE,1.0,,,,,,,,,,,,,1,
P48996,DPY27_CAEEL,nan,CAEEL,1.0,,,,,,,,,,,1,,,
P47166,SGM1_YEAST,nan,YEAST,1.0,,,,,,,,,,,,,1,
O14777,NDC80_HUMAN,nan,HUMAN,1.0,,,,,,,,,,,,,1,
H2UW91,H2UW91_TAKRU,ENSTRUP00000041219,TAKRU,1.0,,,,,,,,,,,,,1,
O14243,SNX4_SCHPO,nan,SCHPO,1.0,,,,,,,,,,,,,1,
H2Q9K4,H2Q9K4_PANTR,ENSPTRP00000012232,PANTR,1.0,,,,,,,,,,,,,1,
H2QCA0,H2QCA0_PANTR,ENSPTRP00000014942,PANTR,1.0,,,,,,,,,,,,,1,
H2QC99,H2QC99_PANTR,ENSPTRP00000014940,PANTR,1.0,,,,,,,,,,,,,1,
H2QC98,H2QC98_PANTR,ENSPTRP00000014939,PANTR,1.0,,,,,,,,,,,,,1,
H2QC97,H2QC97_PANTR,ENSPTRP00000014936,PANTR,1.0,,,,,,,,,,,,,1,
H2QBH9,H2QBH9_PANTR,ENSPTRP00000014242,PANTR,1.0,,,,,,,,,,,,,1,
H2QB73,H2QB73_PANTR,ENSPTRP00000013930,PANTR,1.0,,,,,,,,,,,,,1,
H2QB37,H2QB37_PANTR,ENSPTRP00000013851,PANTR,1.0,,,,,,,,,,,,,1,
H2QAY5,H2QAY5_PANTR,ENSPTRP00000013697,PANTR,1.0,,,,,,,,,,,,,1,
H2QAM8,H2QAM8_PANTR,ENSPTRP00000013322,PANTR,1.0,,,,,,,,,,,,,1,
H2QAM7,H2QAM7_PANTR,ENSPTRP00000013321,PANTR,1.0,,,,,,,,,,,,,1,
H2Q9U6,H2Q9U6_PANTR,ENSPTRP00000012495,PANTR,1.0,,,,,,,,,,,,,1,
H2Q9Q2,H2Q9Q2_PANTR,ENSPTRP00000012368,PANTR,1.0,,,,,,,,,,,,,1,
H2Q9G6,H2Q9G6_PANTR,ENSPTRP00000012111,PANTR,1.0,,,,,,,,,,,,,1,
H2QE73,H2QE73_PANTR,ENSPTRP00000016733,PANTR,1.0,,,,,,,,,,,,,1,
H2Q8Z0,H2Q8Z0_PANTR,ENSPTRP00000011531,PANTR,1.0,,,,,,,,,,,,,1,
H2Q8Y5,H2Q8Y5_PANTR,ENSPTRP00000011507,PANTR,1.0,,,,,,,,,,,,,1,
H2Q8T6,H2Q8T6_PANTR,ENSPTRP00000011349,PANTR,1.0,,,,,,,,,,,,,1,
H2Q8S5,H2Q8S5_PANTR,ENSPTRP00000011302,PANTR,1.0,,,,,,,,,,,,,1,
H2Q8Q3,H2Q8Q3_PANTR,ENSPTRP00000011206,PANTR,1.0,,,,,,,,,,,,,1,
H2Q7M9,H2Q7M9_PANTR,ENSPTRP00000010075,PANTR,1.0,,,,,,,,,,,,,1,
H2Q6V3,H2Q6V3_PANTR,ENSPTRP00000009228,PANTR,1.0,,,,,,,,,,,,,1,
H2Q6M2,H2Q6M2_PANTR,ENSPTRP00000009009,PANTR,1.0,,,,,,,,,,,,,1,
H2Q6K6,H2Q6K6_PANTR,ENSPTRP00000008971,PANTR,1.0,,,,,,,,,,,,,1,
H2Q567,H2Q567_PANTR,ENSPTRP00000007729,PANTR,1.0,,,,,,,,,,,,,1,
H2Q4B7,H2Q4B7_PANTR,ENSPTRP00000006886,PANTR,1.0,,,,,,,,,,,,,1,
H2Q3D1,H2Q3D1_PANTR,ENSPTRP00000006043,PANTR,1.0,,,,,,,,,,,,,1,
H2QCA2,H2QCA2_PANTR,ENSPTRP00000014947,PANTR,1.0,,,,,,,,,,,,,1,
H2QEI8,H2QEI8_PANTR,ENSPTRP00000017030,PANTR,1.0,,,,,,,,,,,,,1,
H2Q1Z4,H2Q1Z4_PANTR,ENSPTRP00000004415,PANTR,1.0,,,,,,,,,,,,,1,
H2QV57,H2QV57_PANTR,ENSPTRP00000033441,PANTR,1.0,,,,,,,,,,,,,1,
H2R047,H2R047_PANTR,ENSPTRP00000040159,PANTR,1.0,,,,,,,,,,,,,1,
H2QZQ3,H2QZQ3_PANTR,ENSPTRP00000039353,PANTR,1.0,,,,,,,,,,,,,1,
H2QZL6,H2QZL6_PANTR,ENSPTRP00000039169,PANTR,1.0,,,,,,,,,,,,,1,
H2QYN1,H2QYN1_PANTR,ENSPTRP00000037651,PANTR,1.0,,,,,,,,,,,1,,,
H2QYB0,H2QYB0_PANTR,ENSPTRP00000037133,PANTR,1.0,,,,,,,,,,,,,1,
H2QXW2,H2QXW2_PANTR,ENSPTRP00000036510,PANTR,1.0,,,,,,,,,,,,,1,
H2QXP7,H2QXP7_PANTR,ENSPTRP00000036326,PANTR,1.0,,,,,,,,,,,,,1,
H2QXM0,H2QXM0_PANTR,ENSPTRP00000036242,PANTR,1.0,,,,,,,,,,,1,,,
H2QXG9,H2QXG9_PANTR,ENSPTRP00000036084,PANTR,1.0,,,,,,,,,,,,,1,
H2QXB0,H2QXB0_PANTR,ENSPTRP00000035843,PANTR,1.0,,,,,,,,,,,,,1,
H2QX55,H2QX55_PANTR,ENSPTRP00000035680,PANTR,1.0,,,,,,,,,,,,,1,
H2QW57,H2QW57_PANTR,ENSPTRP00000034671,PANTR,1.0,,,,,,,,,,,,,1,
H2QUT8,H2QUT8_PANTR,ENSPTRP00000033066,PANTR,1.0,,,,,,,,,,,,,1,
H2QEP0,H2QEP0_PANTR,ENSPTRP00000017162,PANTR,1.0,,,,,,,,,,,,,1,
H2QS95,H2QS95_PANTR,ENSPTRP00000030219,PANTR,1.0,,,,,,,,,,,,,1,
H2QQW2,H2QQW2_PANTR,ENSPTRP00000028896,PANTR,1.0,,,,,,,,,,,,,1,
H2QPQ9,H2QPQ9_PANTR,ENSPTRP00000027819,PANTR,1.0,,,,,,,,,,,,,1,
H2QPI2,H2QPI2_PANTR,ENSPTRP00000027649,PANTR,1.0,,,,,,,,,,,,,1,
H2QP43,H2QP43_PANTR,ENSPTRP00000027290,PANTR,1.0,,,,,,,,,,,,,1,
H2QP21,H2QP21_PANTR,ENSPTRP00000027184,PANTR,1.0,,,,,,,,,,,,,1,
H2QNP6,H2QNP6_PANTR,ENSPTRP00000026844,PANTR,1.0,,,,,,,,,,,,,1,
H2QNF1,H2QNF1_PANTR,ENSPTRP00000026578,PANTR,1.0,,,,,,,,,,,,,1,
H2QN95,H2QN95_PANTR,ENSPTRP00000026413,PANTR,1.0,,,,,,,,,,,,,1,
H2QMU6,H2QMU6_PANTR,ENSPTRP00000025999,PANTR,1.0,,,,,,,,,,,,,1,
H2QHX4,H2QHX4_PANTR,ENSPTRP00000020495,PANTR,1.0,,,,,,,,,,,,,1,
H2QFP4,H2QFP4_PANTR,ENSPTRP00000018168,PANTR,1.0,,,,,,,,,,,,,1,
H2Q2J9,H2Q2J9_PANTR,ENSPTRP00000005162,PANTR,1.0,,,,,,,,,,,,,1,
H2Q1R5,H2Q1R5_PANTR,ENSPTRP00000004027,PANTR,1.0,,,,,,,,,,,,,1,
H2R092,H2R092_PANTR,ENSPTRP00000040354,PANTR,1.0,,,,,,,,,,,,,1,
F7FYX0,F7FYX0_MACMU,ENSMMUP00000021541,MACMU,1.0,,,,,,,,,,,,,1,
F7GFA4,F7GFA4_MONDO,ENSMODP00000003122,MONDO,1.0,,,,,,,,,,,,,1,
F7GDT2,F7GDT2_MACMU,ENSMMUP00000014378,MACMU,1.0,,,,,,,,,,,,,1,
F7GDI3,F7GDI3_MONDO,ENSMODP00000026826,MONDO,1.0,,,,,,,,,,,,,1,
F7G7H2,F7G7H2_ORNAN,ENSOANP00000002498,ORNAN,1.0,,,,,,,,,,,,,1,
F7G5T1,F7G5T1_ORNAN,ENSOANP00000014886,ORNAN,1.0,,,,,,,,,,,,,1,
F7G493,F7G493_MACMU,ENSMMUP00000021676,MACMU,1.0,,,,,,,,,,,,,1,
F7G464,F7G464_MONDO,ENSMODP00000022529,MONDO,1.0,,,,,,,,,,,,,1,
F7G3X3,F7G3X3_MONDO,ENSMODP00000022531,MONDO,1.0,,,,,,,,,,,,,1,
F7G3V1,F7G3V1_MONDO,ENSMODP00000026621,MONDO,1.0,,,,,,,,,,,,,1,
F7G2Y1,F7G2Y1_MONDO,ENSMODP00000026843,MONDO,1.0,,,,,,,,,,,,,1,
F7G124,F7G124_MACMU,ENSMMUP00000019374,MACMU,1.0,,,,,,,,,,,,,1,
F7G0R4,F7G0R4_MACMU,ENSMMUP00000019382,MACMU,1.0,,,,,,,,,,,,,1,
F7FSB1,F7FSB1_MACMU,ENSMMUP00000026270,MACMU,1.0,,,,,,,,,,,,,1,
F7GHN1,F7GHN1_MONDO,ENSMODP00000037216,MONDO,1.0,,,,,,,,,,,,,1,
F7FRV9,F7FRV9_MONDO,ENSMODP00000007747,MONDO,1.0,,,,,,,,,,,,,1,
F7FNL5,F7FNL5_MONDO,ENSMODP00000011840,MONDO,1.0,,,,,,,,,,,,,1,
F7FNJ0,F7FNJ0_MACMU,ENSMMUP00000026290,MACMU,1.0,,,,,,,,,,,,,1,
F7FN92,F7FN92_ORNAN,ENSOANP00000007562,ORNAN,1.0,,,,,,,,,,,,,1,
F7FN32,F7FN32_ORNAN,ENSOANP00000021854,ORNAN,1.0,,,,,,,,,,,,,1,
F7FJC7,F7FJC7_MACMU,ENSMMUP00000035664,MACMU,1.0,,,,,,,,,,,,,1,
F7FIU7,F7FIU7_MONDO,ENSMODP00000013652,MONDO,1.0,,,,,,,,,,,,,1,
F7FHY2,F7FHY2_ORNAN,ENSOANP00000007170,ORNAN,1.0,,,,,,,,,,,,,1,
F7FHK9,F7FHK9_ORNAN,ENSOANP00000019159,ORNAN,1.0,,,,,,,,,,,,,1,
F7FHJ7,F7FHJ7_MONDO,ENSMODP00000018836,MONDO,1.0,,,,,,,,,,,,1,,
F7FGL7,F7FGL7_MACMU,ENSMMUP00000011831,MACMU,1.0,,,,,,,,,,,,,1,
F7FDS0,F7FDS0_MACMU,ENSMMUP00000030480,MACMU,1.0,,,,,,,,,,,,,1,
F7GFH6,F7GFH6_MONDO,ENSMODP00000034287,MONDO,1.0,,,,,,,,,,,,,1,
F7GK59,F7GK59_MONDO,ENSMODP00000035487,MONDO,1.0,,,,,,,,,,,,,1,
H2PZQ9,H2PZQ9_PANTR,ENSPTRP00000001960,PANTR,1.0,,,,,,,,,,,,,1,
F7HMH6,F7HMH6_MACMU,ENSMMUP00000010991,MACMU,1.0,,,,,,,,,,,,,1,
H2PZH1,H2PZH1_PANTR,ENSPTRP00000001717,PANTR,1.0,,,,,,,,,,,,,1,
H2PZG3,H2PZG3_PANTR,ENSPTRP00000001703,PANTR,1.0,,,,,,,,,,,,,1,
H2PZB8,H2PZB8_PANTR,ENSPTRP00000001586,PANTR,1.0,,,,,,,,,,,,,1,
H2PYZ2,H2PYZ2_PANTR,ENSPTRP00000001218,PANTR,1.0,,,,,,,,,,,,,1,
G7N162,G7N162_MACMU,ENSMMUP00000033837,MACMU,1.0,,,,,,,,,,,,,1,
G5E5P0,G5E5P0_BOVIN,ENSBTAP00000026739,BOVIN,1.0,,,,,,,,,,,,,1,
G5E519,G5E519_BOVIN,ENSBTAP00000002557,BOVIN,1.0,,,,,,,,,,,,,1,
G3X7C0,G3X7C0_BOVIN,ENSBTAP00000023619,BOVIN,1.0,,,,,,,,,,,1,,,
F7HUA3,F7HUA3_MACMU,ENSMMUP00000022753,MACMU,1.0,,,,,,,,,,,1,,,
F7HRA5,F7HRA5_MACMU,ENSMMUP00000031349,MACMU,1.0,,,,,,,,,,,,,1,
F7HQG6,F7HQG6_MACMU,ENSMMUP00000027433,MACMU,1.0,,,,,,,,,,,,,1,
F7HPC8,F7HPC8_MACMU,ENSMMUP00000027997,MACMU,1.0,,,,,,,,,,,,,1,
F7HL62,F7HL62_MACMU,ENSMMUP00000027479,MACMU,1.0,,,,,,,,,,,,,1,
F7GL08,F7GL08_MACMU,ENSMMUP00000021187,MACMU,1.0,,,,,,,,,,,,,1,
F7HKP2,F7HKP2_MACMU,ENSMMUP00000039600,MACMU,1.0,,,,,,,,,,,,,1,
F7HJU4,F7HJU4_MACMU,ENSMMUP00000008813,MACMU,1.0,,,,,,,,,,,,,1,
F7HJ36,F7HJ36_MACMU,ENSMMUP00000034469,MACMU,1.0,,,,,,,,,,,,,1,
F7HH41,F7HH41_MACMU,ENSMMUP00000024247,MACMU,1.0,,,,,,,,,,,,,1,
F7HGW4,F7HGW4_MACMU,ENSMMUP00000015306,MACMU,1.0,,,,,,,,,,,,,1,
F7HDL2,F7HDL2_MACMU,ENSMMUP00000027809,MACMU,1.0,,,,,,,,,,,,,1,
F7H3Y1,F7H3Y1_MACMU,ENSMMUP00000008767,MACMU,1.0,,,,,,,,,,,,,1,
F7H3L1,F7H3L1_MACMU,ENSMMUP00000012176,MACMU,1.0,,,,,,,,,,,1,,,
F7H3A8,F7H3A8_MACMU,ENSMMUP00000029154,MACMU,1.0,,,,,,,1,,,,,,,
F7H2P4,F7H2P4_MACMU,ENSMMUP00000039513,MACMU,1.0,,,,,,,,,,,,,1,
F7GZY6,F7GZY6_MACMU,ENSMMUP00000003934,MACMU,1.0,,,,,,,,,,,,,1,
F7GYQ6,F7GYQ6_MACMU,ENSMMUP00000026951,MACMU,1.0,,,,,,,,,,,1,,,
H2R080,H2R080_PANTR,ENSPTRP00000040316,PANTR,1.0,,,,,,,,,,,,,1,
H2R1Q2,H2R1Q2_PANTR,ENSPTRP00000042696,PANTR,1.0,,,,,,,,,,,,,1,
O13335,NDE1_NEUCR,nan,NEUCR,1.0,,,,,,,,,,,,,1,
H2U433,H2U433_TAKRU,ENSTRUP00000031695,TAKRU,1.0,,,,,,,,,,,,,1,
H2USJ3,H2USJ3_TAKRU,ENSTRUP00000039916,TAKRU,1.0,,,,,,,,,,,,,1,
H2USA6,H2USA6_TAKRU,ENSTRUP00000039829,TAKRU,1.0,,,,,,,,,,,,,1,
H2UQ44,H2UQ44_TAKRU,ENSTRUP00000039065,TAKRU,1.0,,,,,,,,,,,,,1,
H2UPT4,H2UPT4_TAKRU,ENSTRUP00000038955,TAKRU,1.0,,,,,,,,,,,,,1,
H2UGU6,H2UGU6_TAKRU,ENSTRUP00000036167,TAKRU,1.0,,,,,,,,,,,1,,,
H2UGS9,H2UGS9_TAKRU,ENSTRUP00000036150,TAKRU,1.0,,,,,,,,,,,,,1,
H2UBP0,H2UBP0_TAKRU,ENSTRUP00000034358,TAKRU,1.0,,,,,,,,,,,,,1,
H2UBJ2,H2UBJ2_TAKRU,ENSTRUP00000034310,TAKRU,1.0,,,,,,,,,,,,,1,
H2UBD8,H2UBD8_TAKRU,ENSTRUP00000034256,TAKRU,1.0,,,,,,,,,,,,,1,
H2U761,H2U761_TAKRU,ENSTRUP00000032777,TAKRU,1.0,,,,,,,,,,,,,1,
H2U4V0,H2U4V0_TAKRU,ENSTRUP00000031963,TAKRU,1.0,,,,,,,,,,,,,1,
H2U4Q3,H2U4Q3_TAKRU,ENSTRUP00000031915,TAKRU,1.0,,,,,,,,,,,,,1,
H2U2Q2,H2U2Q2_TAKRU,ENSTRUP00000031213,TAKRU,1.0,,,,,,,,,,,,,1,
H2UTA1,H2UTA1_TAKRU,ENSTRUP00000040174,TAKRU,1.0,,,,,,,,,,,,,1,
H2U2J0,H2U2J0_TAKRU,ENSTRUP00000031151,TAKRU,1.0,,,,,,,,,,,,,1,
H2U1G2,H2U1G2_TAKRU,ENSTRUP00000030773,TAKRU,1.0,,,,,,,,,,,,,1,
H2TYZ6,H2TYZ6_TAKRU,ENSTRUP00000029905,TAKRU,1.0,,,,,,,,,,,,,1,
H2TXH3,H2TXH3_TAKRU,ENSTRUP00000029382,TAKRU,1.0,,,,,,,,,,,,,1,
H2TU80,H2TU80_TAKRU,ENSTRUP00000028238,TAKRU,1.0,,,,,,,,,,,,,1,
H2TTH9,H2TTH9_TAKRU,ENSTRUP00000027987,TAKRU,1.0,,,,,,,,,,,,,1,
H2TTF1,H2TTF1_TAKRU,ENSTRUP00000027959,TAKRU,1.0,,,,,,,,,,,,,1,
H2TRJ6,H2TRJ6_TAKRU,ENSTRUP00000027303,TAKRU,1.0,,,,,,,,,,,,,1,
H2TQH6,H2TQH6_TAKRU,ENSTRUP00000026933,TAKRU,1.0,,,,,,,,,,,,,1,
H2TPJ2,H2TPJ2_TAKRU,ENSTRUP00000026598,TAKRU,1.0,,,,,,,,,,,,,1,
H2TNH5,H2TNH5_TAKRU,ENSTRUP00000026231,TAKRU,1.0,,,,,,,,,,,1,,,
H2TJW9,H2TJW9_TAKRU,ENSTRUP00000024973,TAKRU,1.0,,,,,,,,,,,,,1,
H2USQ7,H2USQ7_TAKRU,ENSTRUP00000039980,TAKRU,1.0,,,,,,,,,,,,,1,
H2UU90,H2UU90_TAKRU,ENSTRUP00000040515,TAKRU,1.0,,,,,,,,,,,,,1,
H2TJF2,H2TJF2_TAKRU,ENSTRUP00000024806,TAKRU,1.0,,,,,,,,,,,,,1,
H9H3S3,H9H3S3_MACMU,ENSMMUP00000019961,MACMU,1.0,,,,,,,,,,,,,1,
O08788,DCTN1_MOUSE,nan,MOUSE,1.0,,,,,,,,,,,,,1,
O01789,O01789_CAEEL,nan,CAEEL,1.0,,,,,,,,,,,1,,,
O00461,GOLI4_HUMAN,nan,HUMAN,1.0,,,,,,,,,,,,,1,
L7N3S6,L7N3S6_XENTR,ENSXETP00000045005,XENTR,1.0,,,,,,,,,,,,,1,
L7N3K0,L7N3K0_XENTR,ENSXETP00000035582,XENTR,1.0,,,,,,,,,,,,,1,
L7N2P9,L7N2P9_XENTR,ENSXETP00000009105,XENTR,1.0,,,,,,,,,,,,,1,
L7N0S1,L7N0S1_CIOIN,ENSCINP00000010100,CIOIN,1.0,,,,,,,,,,,,,1,
L7N0M1,L7N0M1_CANFA,ENSCAFP00000033769,CANFA,1.0,,,,,,,,,,,,,1,
L7N0J3,L7N0J3_CANFA,ENSCAFP00000031092,CANFA,1.0,,,,,,,,,,,,,1,
K9J839,K9J839_XENTR,ENSXETP00000025503,XENTR,1.0,,,,,,,,,,,,,1,
H9H7J3,H9H7J3_MONDO,ENSMODP00000024805,MONDO,1.0,,,,,,,,,,,,,1,
H9H468,H9H468_MACMU,ENSMMUP00000027286,MACMU,1.0,,,,,,,,,,,,,1,
H9GY37,H9GY37_DANRE,ENSDARP00000102654,DANRE,1.0,,,,,,,,,,,,,1,
H2UUE9,H2UUE9_TAKRU,ENSTRUP00000040574,TAKRU,1.0,,,,,,,,,,,,,1,
H2VEX8,H2VEX8_TAKRU,ENSTRUP00000047773,TAKRU,1.0,,,,,,,,,,,,,1,
H2VD56,H2VD56_TAKRU,ENSTRUP00000047150,TAKRU,1.0,,,,,,,,,,,,,1,
H2V9I2,H2V9I2_TAKRU,ENSTRUP00000045872,TAKRU,1.0,,,,,,,,,,,,,1,
H2V7J3,H2V7J3_TAKRU,ENSTRUP00000045182,TAKRU,1.0,,,,,,,,,,,,,1,
H2V5J9,H2V5J9_TAKRU,ENSTRUP00000044483,TAKRU,1.0,,,,,,,,,,,,,1,
H2V0Q5,H2V0Q5_TAKRU,ENSTRUP00000042785,TAKRU,1.0,,,,,,,,,,,,,1,
H2V0A1,H2V0A1_TAKRU,ENSTRUP00000042631,TAKRU,1.0,,,,,,,,,,,,,1,
H2UZR0,H2UZR0_TAKRU,ENSTRUP00000042439,TAKRU,1.0,,,,,,,,,,,,,1,
H2UXE8,H2UXE8_TAKRU,ENSTRUP00000041627,TAKRU,1.0,,,,,,,,,,,,,1,
H2UX49,H2UX49_TAKRU,ENSTRUP00000041528,TAKRU,1.0,,,,,,,,,,,,,1,
Q54R70,Q54R70_DICDI,nan,DICDI,1.0,,,,,,,,,,,,,1,
H2UW34,H2UW34_TAKRU,ENSTRUP00000041162,TAKRU,1.0,,,,,,,,,,,,,1,
H2TJN5,H2TJN5_TAKRU,ENSTRUP00000024889,TAKRU,1.0,,,,,,,,,,,,,1,
H2TES8,H2TES8_TAKRU,ENSTRUP00000023171,TAKRU,1.0,,,,,,,,,,,,,1,
H2R1Q9,H2R1Q9_PANTR,ENSPTRP00000042717,PANTR,1.0,,,,,,,,,,,1,,,
H2RDU3,H2RDU3_PANTR,ENSPTRP00000059355,PANTR,1.0,,,,,,,,,,,,,1,
H2S5K3,H2S5K3_TAKRU,ENSTRUP00000007675,TAKRU,1.0,,,,,,,,,,,,,1,
H2S271,H2S271_TAKRU,ENSTRUP00000006492,TAKRU,1.0,,,,,,,,,,,,,1,
H2S1X2,H2S1X2_TAKRU,ENSTRUP00000006393,TAKRU,1.0,,,,,,,,,,,,,1,
H2S074,H2S074_TAKRU,ENSTRUP00000005795,TAKRU,1.0,,,,,,,1,,,,,,,
H2RZM2,H2RZM2_TAKRU,ENSTRUP00000005593,TAKRU,1.0,,,,,,,,,,,,,1,
H2RYP3,H2RYP3_TAKRU,ENSTRUP00000005264,TAKRU,1.0,,,,,,,,,,,1,,,
H2RSH0,H2RSH0_TAKRU,ENSTRUP00000003086,TAKRU,1.0,,,,,,,,,,,,,1,
H2RPH4,H2RPH4_TAKRU,ENSTRUP00000002037,TAKRU,1.0,,,,,,,,,,,,,1,
H2RMM3,H2RMM3_TAKRU,ENSTRUP00000001386,TAKRU,1.0,,,,,,,,,,,,,1,
H2RM58,H2RM58_TAKRU,ENSTRUP00000001221,TAKRU,1.0,,,,,,,,,,,,,1,
H2RJJ7,H2RJJ7_TAKRU,ENSTRUP00000000310,TAKRU,1.0,,,,,,,,,,,,,1,
H2RIV2,H2RIV2_TAKRU,ENSTRUP00000000065,TAKRU,1.0,,,,,,,,,,,,,1,
H2RDD8,H2RDD8_PANTR,ENSPTRP00000058674,PANTR,1.0,,,,,,,,,,,,,1,
H2S978,H2S978_TAKRU,ENSTRUP00000008954,TAKRU,1.0,,,,,,,,,,,,,1,
H2RCW1,H2RCW1_PANTR,ENSPTRP00000057882,PANTR,1.0,,,,,,,,,,,,,1,
H2RCA0,H2RCA0_PANTR,ENSPTRP00000057000,PANTR,1.0,,,,,,,,,,,,,1,
H2R7X1,H2R7X1_PANTR,ENSPTRP00000050932,PANTR,1.0,,,,,,,,,,,,,1,
H2R7B0,H2R7B0_PANTR,ENSPTRP00000050152,PANTR,1.0,,,,,,,,,,,,,1,
H2R5G0,H2R5G0_PANTR,ENSPTRP00000048102,PANTR,1.0,,,,,,,,,,,,,1,
H2R4Z2,H2R4Z2_PANTR,ENSPTRP00000047650,PANTR,1.0,,,,,,,,,,,,,1,
H2R3G0,H2R3G0_PANTR,ENSPTRP00000045447,PANTR,1.0,,,,,,,,,,,1,,,
H2R2V8,H2R2V8_PANTR,ENSPTRP00000044520,PANTR,1.0,,,,,,,,,,,,,1,
H2R2N7,H2R2N7_PANTR,ENSPTRP00000044237,PANTR,1.0,,,,,,,,,,,,,1,
H2R2D3,H2R2D3_PANTR,ENSPTRP00000043779,PANTR,1.0,,,,,,,,,,,,,1,
H2R201,H2R201_PANTR,ENSPTRP00000043174,PANTR,1.0,,,,,,,,,,,,,1,
H2R1S9,H2R1S9_PANTR,ENSPTRP00000042807,PANTR,1.0,,,,,,,,,,,,,1,
H2S5R0,H2S5R0_TAKRU,ENSTRUP00000007732,TAKRU,1.0,,,,,,,,,,,,,1,
H2SBY5,H2SBY5_TAKRU,ENSTRUP00000009914,TAKRU,1.0,,,,,,,,,,,,,1,
H2TDE8,H2TDE8_TAKRU,ENSTRUP00000022690,TAKRU,1.0,,,,,,,,,,,,,1,
H2SUI9,H2SUI9_TAKRU,ENSTRUP00000016076,TAKRU,1.0,,,,,,,,,,,,,1,
H2TC93,H2TC93_TAKRU,ENSTRUP00000022285,TAKRU,1.0,,,,,,,,,,,,,1,
H2TBD7,H2TBD7_TAKRU,ENSTRUP00000021978,TAKRU,1.0,,,,,,,,,,,,,1,
H2T9S1,H2T9S1_TAKRU,ENSTRUP00000021411,TAKRU,1.0,,,,,,,,,,,,,1,
H2T840,H2T840_TAKRU,ENSTRUP00000020830,TAKRU,1.0,,,,,,,,,,,,,1,
H2T5G7,H2T5G7_TAKRU,ENSTRUP00000019906,TAKRU,1.0,,,,,,,,,,,,,1,
H2T2V3,H2T2V3_TAKRU,ENSTRUP00000018991,TAKRU,1.0,,,,,,,,,,,,,1,
H2SZB9,H2SZB9_TAKRU,ENSTRUP00000017757,TAKRU,1.0,,,,,,,,,,,,,1,
H2SYQ9,H2SYQ9_TAKRU,ENSTRUP00000017547,TAKRU,1.0,,,,,,,,,,,,,1,
H2SX53,H2SX53_TAKRU,ENSTRUP00000016991,TAKRU,1.0,,,,,,,,,,,1,,,
H2SX12,H2SX12_TAKRU,ENSTRUP00000016950,TAKRU,1.0,,,,,,,,,,,,,1,
H2SW17,H2SW17_TAKRU,ENSTRUP00000016605,TAKRU,1.0,,,,,,,,,,,,,1,
H2SUU3,H2SUU3_TAKRU,ENSTRUP00000016181,TAKRU,1.0,,,,,,,,,,,,,1,
H2ST92,H2ST92_TAKRU,ENSTRUP00000015629,TAKRU,1.0,,,,,,,,,,,,,1,
H2SCY0,H2SCY0_TAKRU,ENSTRUP00000010260,TAKRU,1.0,,,,,,,,,,,,,1,
H2ST48,H2ST48_TAKRU,ENSTRUP00000015585,TAKRU,1.0,,,,,,,,,,,,,1,
H2SSY8,H2SSY8_TAKRU,ENSTRUP00000015525,TAKRU,1.0,,,,,,,,,,,,,1,
H2SSA4,H2SSA4_TAKRU,ENSTRUP00000015291,TAKRU,1.0,,,,,,,,,,,,,1,
H2SPV1,H2SPV1_TAKRU,ENSTRUP00000014438,TAKRU,1.0,,,,,,,,,,,,,1,
H2SPJ6,H2SPJ6_TAKRU,ENSTRUP00000014333,TAKRU,1.0,,,,,,,,,,,,,1,
H2SNY3,H2SNY3_TAKRU,ENSTRUP00000014120,TAKRU,1.0,,,,,,,,,,,,,1,
H2SJR5,H2SJR5_TAKRU,ENSTRUP00000012648,TAKRU,1.0,,,,,,,,,,,,,1,
H2SH43,H2SH43_TAKRU,ENSTRUP00000011725,TAKRU,1.0,,,,,,,,,,,,,1,
H2SGG1,H2SGG1_TAKRU,ENSTRUP00000011493,TAKRU,1.0,,,,,,,,,,,,,1,
H2SFZ6,H2SFZ6_TAKRU,ENSTRUP00000011327,TAKRU,1.0,,,,,,,,,,,,,1,
H2SEJ7,H2SEJ7_TAKRU,ENSTRUP00000010828,TAKRU,1.0,,,,,,,,,,,,,1,
H2SE40,H2SE40_TAKRU,ENSTRUP00000010671,TAKRU,1.0,,,,,,,,,,,,,1,
Q54R15,Q54R15_DICDI,nan,DICDI,1.0,,,,,,,,,,,,,1,
A0A0A0MPC4,A0A0A0MPC4_CANFA,ENSCAFP00000016966,CANFA,1.0,,,,,,,,,,,,,1,
Q54VH3,Q54VH3_DICDI,nan,DICDI,1.0,,,,,,,,,,,,,1,
Q9NS87,KIF15_HUMAN,nan,HUMAN,1.0,,,,,,,,,,,,,1,
Q9N6I4,Q9N6I4_DROME,nan,DROME,1.0,,,,,,,,,,,1,,,
Q9MAA6,Q9MAA6_ARATH,nan,ARATH,1.0,,,,,,,,,,,,,1,
Q9M1T3,nan,nan,nan,1.0,,,,,,,,,,,1,,,
Q9M1G5,Q9M1G5_ARATH,nan,ARATH,1.0,,,,,,,,,,,,,1,
Q9LXV6,Q9LXV6_ARATH,nan,ARATH,1.0,,,,,,,,,,,,,1,
Q9LVQ4,Y5586_ARATH,nan,ARATH,1.0,,,,,,,,,,,,,1,
Q9LS42,CASP_ARATH,nan,ARATH,1.0,,,,,,,,,,,,,1,
Q9LFE4,Y5673_ARATH,nan,ARATH,1.0,,,,,,,,,,,,,1,
Q9JMH9,MY18A_MOUSE,nan,MOUSE,1.0,,,,,,,,,,,,,1,
Q9JIL8,RAD50_RAT,nan,RAT,1.0,1,,,,,,,,,,,,,
Q9I8F3,Q9I8F3_CHICK,nan,CHICK,1.0,,,,,,,,,,,,,1,
Q9I7U5,Q9I7U5_DROME,nan,DROME,1.0,,,,,,,,,,,,,1,
Q9H7C4,SYNCI_HUMAN,nan,HUMAN,1.0,,,,,,,,,,,,,1,
Q9H095,IQCG_HUMAN,nan,HUMAN,1.0,,,,,,,,,,,,,1,
Q9GZM8,NDEL1_HUMAN,nan,HUMAN,1.0,,,,,,,,,,,,,1,
Q9FYH0,Q9FYH0_ARATH,nan,ARATH,1.0,,,,,,,,,,,,,1,
Q9FJL0,SMC4_ARATH,nan,ARATH,1.0,,,,,,,,,,,1,,,
Q9FHD1,Q9FHD1_ARATH,nan,ARATH,1.0,,,,,,,,,,,,,1,
Q9FG38,SNX1_ARATH,nan,ARATH,1.0,,,,,,,,,,,,,1,
Q9ES39,NDE1_RAT,nan,RAT,1.0,,,,,,,,,,,,,1,
Q9ERR1,NDEL1_MOUSE,nan,MOUSE,1.0,,,,,,,,,,,,,1,
Q9EPQ2,RPGR1_MOUSE,nan,MOUSE,1.0,,,,,,,,,,,,,1,
Q9EP71,RAI14_MOUSE,nan,MOUSE,1.0,,,,,,,,,,,,,1,
Q9D5R3,CEP83_MOUSE,nan,MOUSE,1.0,,,,,,,,,,,,,1,
Q9D4H2,GCC1_MOUSE,nan,MOUSE,1.0,,,,,,,,,,,,,1,
Q9NCC3,Q9NCC3_DROME,nan,DROME,1.0,,,,,,,,,,,,,1,
Q9NTJ3,SMC4_HUMAN,nan,HUMAN,1.0,,,,,,,,,,,1,,,
Q9VGW4,Q9VGW4_DROME,nan,DROME,1.0,,,,,,,,,,,,,1,
Q9NXG0,CNTLN_HUMAN,nan,HUMAN,1.0,,,,,,,,,,,,,1,
Q9VB72,Q9VB72_DROME,nan,DROME,1.0,,,,,,,,,,,,,1,
Q9VB28,Q9VB28_DROME,nan,DROME,1.0,,,,,,,,,,,,,1,
Q9VAC8,SAS6_DROME,nan,DROME,1.0,,,,,,,,,,,,,1,
Q9V3A7,Q9V3A7_DROME,nan,DROME,1.0,,,,,,,,,,,1,,,
Q9UPS8,ANR26_HUMAN,nan,HUMAN,1.0,,,,,,,,,,,,,1,
Q9UNH6,SNX7_HUMAN,nan,HUMAN,1.0,,,,,,,,,,,,,1,
Q9ULJ1,ODF2L_HUMAN,nan,HUMAN,1.0,,,,,,,,,,,,,1,
Q9UL15,BAG5_HUMAN,nan,HUMAN,1.0,,,,,,,,,,,,,1,
Q9UKX3,MYH13_HUMAN,nan,HUMAN,1.0,,,,,,,,,,,,,1,
Q9UKX2,MYH2_HUMAN,nan,HUMAN,1.0,,,,,,,,,,,,,1,
Q9UFE4,CCD39_HUMAN,nan,HUMAN,1.0,,,,,,,,,,,,,1,
Q9UBC2,EP15R_HUMAN,nan,HUMAN,1.0,,,,,,,,,,,,,1,
Q9U2V3,Q9U2V3_CAEEL,nan,CAEEL,1.0,,,,,,,,,,,,,1,
Q9SZB6,WEL1_ARATH,nan,ARATH,1.0,,,,,,,,,,,,,1,
Q9SN90,SMC22_ARATH,nan,ARATH,1.0,,,,,,,,,,,1,,,
Q9SL02,RAD50_ARATH,nan,ARATH,1.0,1,,,,,,,,,,,,,
Q9SAF6,Q9SAF6_ARATH,nan,ARATH,1.0,,,,,,,,,,,,,1,
Q9SA62,nan,nan,nan,1.0,,,,,,,,,,,,,1,
Q9RVE0,RECF_DEIRA,nan,DEIRA,1.0,,,,,,,1,,,,,,,
Q9QYE6,GOGA5_MOUSE,nan,MOUSE,1.0,,,,,,,,,,,,,1,
Q9QX19,Q9QX19_RAT,nan,RAT,1.0,,,,,,,,,,,,,1,
Q9P779,YNYB_SCHPO,nan,SCHPO,1.0,,,,,,,,,,,,,1,
Q9P2M7,CING_HUMAN,nan,HUMAN,1.0,,,,,,,,,,,,,1,
Q9P1Z2,CACO1_HUMAN,nan,HUMAN,1.0,,,,,,,,,,,,,1,
Q9NXR1,NDE1_HUMAN,nan,HUMAN,1.0,,,,,,,,,,,,,1,
Q9D478,ODF2L_MOUSE,nan,MOUSE,1.0,,,,,,,,,,,,,1,
Q9D0F1,NDC80_MOUSE,nan,MOUSE,1.0,,,,,,,,,,,,,1,
Q9CZA6,NDE1_MOUSE,nan,MOUSE,1.0,,,,,,,,,,,,,1,
Q9CY18,SNX7_MOUSE,nan,MOUSE,1.0,,,,,,,,,,,,,1,
Q95XR6,Q95XR6_CAEEL,nan,CAEEL,1.0,,,,1,,,,,,,,,,
Q95XJ5,Q95XJ5_CAEEL,nan,CAEEL,1.0,,,,,,,,,,,,,1,
Q94174,nan,nan,nan,1.0,,,,,,,,,,,,,1,
Q92805,GOGA1_HUMAN,nan,HUMAN,1.0,,,,,,,,,,,,,1,
Q92351,PCP1_SCHPO,nan,SCHPO,1.0,,,,,,,,,,,,,1,
Q922J3,CLIP1_MOUSE,nan,MOUSE,1.0,,,,,,,,,,,,,1,
Q921M4,GOGA2_MOUSE,nan,MOUSE,1.0,,,,,,,,,,,,,1,
Q921C5,BICD2_MOUSE,nan,MOUSE,1.0,,,,,,,,,,,,,1,
Q920F6,SMC1B_MOUSE,nan,MOUSE,1.0,,,,,,,,,,,1,,,
Q91ZR2,SNX18_MOUSE,nan,MOUSE,1.0,,,,,,,,,,,,,1,
Q91YJ2,SNX4_MOUSE,nan,MOUSE,1.0,,,,,,,,,,,,,1,
Q91VH2,SNX9_MOUSE,nan,MOUSE,1.0,,,,,,,,,,,,,1,
Q90Z16,OPTN_CHICK,nan,CHICK,1.0,,,,,,,,,,,,,1,
Q90Y37,Q90Y37_DANRE,nan,DANRE,1.0,,,,,,,,,,,,,1,
Q90XD7,Q90XD7_DANRE,nan,DANRE,1.0,,,,,,,,,,,,,1,
Q8WYA0,IFT81_HUMAN,nan,HUMAN,1.0,,,,,,,,,,,,,1,
Q8WXW3,PIBF1_HUMAN,nan,HUMAN,1.0,,,,,,,,,,,,,1,
Q8WXA3,RUFY2_HUMAN,nan,HUMAN,1.0,,,,,,,,,,,,,1,
Q8WV41,SNX33_HUMAN,nan,HUMAN,1.0,,,,,,,,,,,,,1,
Q8VDD5,MYH9_MOUSE,nan,MOUSE,1.0,,,,,,,,,,,,,1,
Q8VD04,GRAP1_MOUSE,nan,MOUSE,1.0,,,,,,,,,,,,,1,
Q8TP36,Q8TP36_METAC,nan,METAC,1.0,,,,,,,,,,,,1,,
Q8TKI7,Q8TKI7_METAC,nan,METAC,1.0,,,,,,,,,,,,1,,
Q8TII6,Q8TII6_METAC,nan,METAC,1.0,,,,,,,,,,,,,1,
Q8TI23,Q8TI23_METAC,nan,METAC,1.0,,,,,,,,,,,,1,,
Q96A19,C102A_HUMAN,nan,HUMAN,1.0,,,,,,,,,,,,,1,
Q96CN9,GCC1_HUMAN,nan,HUMAN,1.0,,,,,,,,,,,,,1,
Q96G01,BICD1_HUMAN,nan,HUMAN,1.0,,,,,,,,,,,,,1,
Q9BZW7,TSG10_HUMAN,nan,HUMAN,1.0,,,,,,,,,,,,,1,
Q9CWK8,SNX2_MOUSE,nan,MOUSE,1.0,,,,,,,,,,,,,1,
Q9CW79,GOGA1_MOUSE,nan,MOUSE,1.0,,,,,,,,,,,,,1,
Q9CU62,SMC1A_MOUSE,nan,MOUSE,1.0,,,,,,,,,,,1,,,
Q9CS72,FLIP1_MOUSE,nan,MOUSE,1.0,,,,,,,,,,,,,1,
Q9CA42,Q9CA42_ARATH,nan,ARATH,1.0,,,,,,,,,,,,,1,
Q9C8T4,Q9C8T4_ARATH,nan,ARATH,1.0,,,,,,,,,,,,,1,
Q9C7V6,Q9C7V6_ARATH,nan,ARATH,1.0,,,,,,,,,,,,,1,
Q9C5Y4,SMC21_ARATH,nan,ARATH,1.0,,,,,,,,,,,1,,,
Q9C2E4,Q9C2E4_NEUCS,nan,NEUCR,1.0,,,,,,,,,,,,,1,
Q9C2D1,Q9C2D1_NEUCS,nan,NEUCR,1.0,,,,,,,,,,,,,1,
Q9C0U7,VPS5_SCHPO,nan,SCHPO,1.0,,,,,,,,,,,,,1,
Q9BXG8,SPZ1_HUMAN,nan,HUMAN,1.0,,,,,,,,,,,,,1,
Q96KN7,RPGR1_HUMAN,nan,HUMAN,1.0,,,,,,,,,,,,,1,
Q9BL02,CUT_CAEEL,nan,CAEEL,1.0,,,,,,,,,,,,,1,
Q99N27,SNX1_RAT,nan,RAT,1.0,,,,,,,,,,,,,1,
Q99MY0,SPZ1_MOUSE,nan,MOUSE,1.0,,,,,,,,,,,,,1,
Q99MI1,RB6I2_MOUSE,nan,MOUSE,1.0,,,,,,,,,,,,,1,
Q980C6,Q980C6_SULSO,nan,SULSO,1.0,,,,,,,,,,,1,,,
Q97WW7,Q97WW7_SULSO,nan,SULSO,1.0,,,,,,,,,,,1,,,
Q96U60,NDC80_NEUCR,nan,NEUCR,1.0,,,,,,,,,,,,,1,
Q96RF0,SNX18_HUMAN,nan,HUMAN,1.0,,,,,,,,,,,,,1,
Q96MT8,CEP63_HUMAN,nan,HUMAN,1.0,,,,,,,,,,,,,1,
Q96M91,CFA53_HUMAN,nan,HUMAN,1.0,,,,,,,,,,,,,1,
Q96LB3,IFT74_HUMAN,nan,HUMAN,1.0,,,,,,,,,,,,,1,
Q9VGE4,Q9VGE4_DROME,nan,DROME,1.0,,,,,,,,,,,,,1,
Q9VI32,Q9VI32_DROME,nan,DROME,1.0,,,,,,,,,,,,,1,
Q54WM1,Q54WM1_DICDI,nan,DICDI,1.0,,,,,,,,,,,,,1,
nan,nan,ENSPTRP00000021705,PANTR,1.0,,,,,,,,,,,,,1,
nan,nan,ENSPTRP00000020914,PANTR,1.0,,,,,,,,,,,,,1,
nan,nan,ENSPTRP00000014895,PANTR,1.0,,,,,,,,,,,,,1,
nan,nan,ENSPTRP00000010681,PANTR,1.0,,,,,,,,,,,,,1,
nan,nan,ENSPTRP00000010385,PANTR,1.0,,,,,,,,,,,,,1,
nan,nan,ENSP00000387851,HUMAN,1.0,,,,,,,,,,,,,1,
nan,nan,ENSP00000383642,HUMAN,1.0,,,,,,,,,,,,,1,
nan,nan,ENSOANP00000021160,ORNAN,1.0,,,,,,,,,,,,,1,
nan,nan,ENSOANP00000020999,ORNAN,1.0,,,,,,,,,,,,,1,
nan,nan,ENSOANP00000015037,ORNAN,1.0,,,,,,,,,,,,,1,
nan,nan,ENSOANP00000010834,ORNAN,1.0,,,,,,,,,,,,,1,
nan,nan,ENSOANP00000005358,ORNAN,1.0,,,,,,,,,,,,,1,
nan,nan,ENSOANP00000004246,ORNAN,1.0,,,,,,,,,,,,,1,
nan,nan,ENSOANP00000002073,ORNAN,1.0,,,,,,,,,,,,,1,
nan,nan,ENSMODP00000038039,MONDO,1.0,,,,,,,,,,,,,1,
nan,nan,ENSMODP00000037346,MONDO,1.0,,,,,,,,,,,,,1,
nan,nan,ENSMODP00000034672,MONDO,1.0,,,,,,,,,,,,,1,
nan,nan,ENSMODP00000032865,MONDO,1.0,,,,,,,,,,,,,1,
nan,nan,ENSMODP00000032670,MONDO,1.0,,,,,,,,,,,,,1,
nan,nan,ENSMODP00000031457,MONDO,1.0,,,,,,,,,,,,,1,
nan,nan,ENSMODP00000031270,MONDO,1.0,,,,,,,,,,,,,1,
nan,nan,ENSMODP00000030008,MONDO,1.0,,,,,,,,,,,,,1,
nan,nan,ENSMODP00000021234,MONDO,1.0,,,,,,,,,,,,,1,
nan,nan,ENSMODP00000015909,MONDO,1.0,,,,,,,,,,,,,1,
nan,nan,ENSMODP00000014289,MONDO,1.0,,,,,,,,,,,,,1,
nan,nan,ENSMODP00000007541,MONDO,1.0,,,,,,,,,,,,,1,
nan,nan,ENSPTRP00000020915,PANTR,1.0,,,,,,,,,,,,,1,
nan,nan,ENSPTRP00000031680,PANTR,1.0,,,,,,,,,,,,,1,
Q9VM67,Q9VM67_DROME,nan,DROME,1.0,,,,,,,,,,,,,1,
nan,nan,ENSPTRP00000032190,PANTR,1.0,,,,,,,,,,,,,1,
nan,nan,ENSXETP00000051650,XENTR,1.0,,,,,,,,,,,,,1,
nan,nan,ENSXETP00000051647,XENTR,1.0,,,,,,,,,,,,,1,
nan,nan,ENSXETP00000045267,XENTR,1.0,,,,,,,,,,,,,1,
nan,nan,ENSXETP00000037319,XENTR,1.0,,,,,,,,,,,,,1,
nan,nan,ENSXETP00000029479,XENTR,1.0,,,,,,,,,,,,,1,
nan,nan,ENSXETP00000021469,XENTR,1.0,,,,,,,,,,,,,1,
nan,nan,ENSXETP00000016276,XENTR,1.0,,,,,,,,,,,,,1,
nan,nan,ENSXETP00000015291,XENTR,1.0,,,,,,,,,,,,,1,
nan,nan,ENSXETP00000008212,XENTR,1.0,,,,,,,,,,,,,1,
nan,nan,ENSXETP00000006710,XENTR,1.0,,,,,,,,,,,,,1,
nan,nan,ENSXETP00000006666,XENTR,1.0,,,,,,,,,,,1,,,
nan,nan,ENSXETP00000001535,XENTR,1.0,,,,,,,,,,,,,1,
nan,nan,ENSRNOP00000055572,RAT,1.0,,,,,,,,,,,,,1,
nan,nan,ENSRNOP00000036961,RAT,1.0,,,,,,,,,,,,,1,
nan,nan,ENSRNOP00000004300,RAT,1.0,,,,,,,,,,,,,1,
nan,nan,ENSPTRP00000059621,PANTR,1.0,,,,,,,,,,,,,1,
nan,nan,ENSPTRP00000058575,PANTR,1.0,,,,,,,,,,,,,1,
nan,nan,ENSPTRP00000057781,PANTR,1.0,,,,,,,,,,,,,1,
nan,nan,ENSPTRP00000053874,PANTR,1.0,,,,,,,,,,,,,1,
nan,nan,ENSPTRP00000051840,PANTR,1.0,,,,,,,,,,,,,1,
nan,nan,ENSPTRP00000049297,PANTR,1.0,,,,,,,,,,,,,1,
nan,nan,ENSPTRP00000048860,PANTR,1.0,,,,,,,,,,,,,1,
nan,nan,ENSPTRP00000047154,PANTR,1.0,,,,,,,,,,,,,1,
nan,nan,ENSPTRP00000043731,PANTR,1.0,,,,,,,1,,,,,,,
nan,nan,ENSPTRP00000035845,PANTR,1.0,,,,,,,,,,,,,1,
nan,nan,ENSMODP00000006333,MONDO,1.0,,,,,,,,,,,,,1,
nan,nan,ENSMODP00000005446,MONDO,1.0,,,,,,,,,,,,,1,
nan,nan,ENSMODP00000005333,MONDO,1.0,,,,,,,,,,,,,1,
nan,nan,ENSGALP00000038048,CHICK,1.0,,,,,,,,,,,,,1,
nan,nan,ENSBTAP00000043560,BOVIN,1.0,,,,,,,,,,,,,1,
nan,nan,ENSBTAP00000036284,BOVIN,1.0,,,,,,,,,,,,,1,
nan,nan,ENSBTAP00000032929,BOVIN,1.0,,,,,,,,,,,,,1,
nan,nan,ENSBTAP00000015213,BOVIN,1.0,,,,,,,,,,,,,1,
nan,nan,ENSBTAP00000014105,BOVIN,1.0,,,,,,,,,,,,,1,
Q9ZQC5,ICR2_ARATH,nan,ARATH,1.0,,,,,,,,,,,,,1,
Q9Z220,TSG10_RAT,nan,RAT,1.0,,,,,,,,,,,,,1,
Q9Z1M9,SMC1A_RAT,nan,RAT,1.0,,,,,,,,,,,1,,,
Q9Y6D9,MD1L1_HUMAN,nan,HUMAN,1.0,,,,,,,,,,,,,1,
Q9Y623,MYH4_HUMAN,nan,HUMAN,1.0,,,,,,,,,,,,,1,
Q9Y5X1,SNX9_HUMAN,nan,HUMAN,1.0,,,,,,,,,,,,,1,
Q9Y5S2,MRCKB_HUMAN,nan,HUMAN,1.0,,,,,,,,,,,,,1,
Q9XXG2,nan,nan,nan,1.0,,,,,,,,,,,,,1,
Q9WZH0,Q9WZH0_THEMA,nan,THEMA,1.0,,,,,,,,,,,,,1,
Q9WVQ0,PMFBP_MOUSE,nan,MOUSE,1.0,,,,,,,,,,,,,1,
Q9WV80,SNX1_MOUSE,nan,MOUSE,1.0,,,,,,,,,,,,,1,
Q9WUF7,Q9WUF7_RAT,nan,RAT,1.0,,,,,,,,,,,,,1,
Q9WTX8,MD1L1_MOUSE,nan,MOUSE,1.0,,,,,,,,,,,,,1,
Q9W6T5,Q9W6T5_DANRE,nan,DANRE,1.0,,,,,,,,,,,,,1,
Q9VYB1,Q9VYB1_DROME,nan,DROME,1.0,,,,,,,,,,,,,1,
Q9VXU2,Q9VXU2_DROME,nan,DROME,1.0,,,,,,,,,,,,,1,
Q9VWC7,Q9VWC7_DROME,nan,DROME,1.0,,,,,,,,,,,,,1,
Q9VNE4,Q9VNE4_DROME,nan,DROME,1.0,,,,,,,,,,,,,1,
Q9VN57,Q9VN57_DROME,nan,DROME,1.0,,,,,,,,,,,,,1,
Q9VMC7,Q9VMC7_DROME,nan,DROME,1.0,,,,,,,,,,,,,1,
nan,nan,ENSBTAP00000050518,BOVIN,1.0,,,,,,,,,,,,,1,
nan,nan,ENSBTAP00000051871,BOVIN,1.0,,,,,,,,,,,,,1,
nan,nan,ENSCAFP00000009992,CANFA,1.0,,,,,,,,,,,,,1,
nan,nan,ENSCINP00000015545,CIOIN,1.0,,,,,,,1,,,,,,,
nan,nan,ENSGALP00000025259,CHICK,1.0,,,,,,,,,,,,,1,
nan,nan,ENSGALP00000017415,CHICK,1.0,,,,,,,,,,,,,1,
nan,nan,ENSGALP00000015754,CHICK,1.0,,,,,,,,,,,,,1,
nan,nan,ENSGALP00000012598,CHICK,1.0,,,,,,,,,,,,,1,
nan,nan,ENSGALP00000002667,CHICK,1.0,,,,,,,,,,,,,1,
nan,nan,ENSGALP00000002662,CHICK,1.0,,,,,,,,,,,,,1,
nan,nan,ENSCINP00000024754,CIOIN,1.0,,,,,,,,,,,,,1,
nan,nan,ENSCINP00000023783,CIOIN,1.0,,,,,,,,,,,,,1,
nan,nan,ENSCINP00000019915,CIOIN,1.0,,,,,,,,,,,,,1,
nan,nan,ENSCINP00000019372,CIOIN,1.0,,,,,,,,,,,,,1,
nan,nan,ENSCINP00000015968,CIOIN,1.0,,,,,,,,,,,,,1,
nan,nan,ENSCINP00000010958,CIOIN,1.0,,,,,,,,,,,,,1,
nan,nan,ENSCAFP00000015278,CANFA,1.0,,,,,,,,,,,,,1,
nan,nan,ENSCINP00000008906,CIOIN,1.0,,,,,,,,,,,1,,,
nan,nan,ENSCINP00000007545,CIOIN,1.0,,,,,,,,,,,1,,,
nan,nan,ENSCINP00000004140,CIOIN,1.0,,,,,,,,,,,,,1,
nan,nan,ENSCAFP00000035785,CANFA,1.0,,,,,,,,,,,,,1,
nan,nan,ENSCAFP00000035707,CANFA,1.0,,,,,,,,,,,,,1,
nan,nan,ENSCAFP00000035229,CANFA,1.0,,,,,,,,,,,,,1,
nan,nan,ENSCAFP00000034768,CANFA,1.0,,,,,,,,,,,,,1,
nan,nan,ENSCAFP00000025847,CANFA,1.0,,,,,,,,,,,,,1,
nan,nan,ENSCAFP00000023988,CANFA,1.0,,,,,,,,,,,,,1,
nan,nan,ENSCAFP00000023370,CANFA,1.0,,,,,,,,,,,,,1,
nan,nan,ENSCAFP00000020670,CANFA,1.0,,,,,,,,,,,,,1,
Q8TDY2,RBCC1_HUMAN,nan,HUMAN,1.0,,,,,,,,,,,,,1,
Q8TD16,BICD2_HUMAN,nan,HUMAN,1.0,,,,,,,,,,,,,1,
Q8TC20,CAGE1_HUMAN,nan,HUMAN,1.0,,,,,,,,,,,,,1,
Q6C0G9,Q6C0G9_YARLI,nan,YARLI,1.0,,,,,,,,,,,1,,,
Q6AYX5,ODFP2_RAT,nan,RAT,1.0,,,,,,,,,,,,,1,
Q6AXY9,SPZ1_RAT,nan,RAT,1.0,,,,,,,,,,,,,1,
Q68D86,C102B_HUMAN,nan,HUMAN,1.0,,,,,,,,,,,,,1,
Q68CZ6,HAUS3_HUMAN,nan,HUMAN,1.0,,,,,,,,,,,,,1,
Q68CZ1,FTM_HUMAN,nan,HUMAN,1.0,,,,,,,,,,,,,1,
Q66JL0,NDE1_XENTR,ENSXETP00000012155,XENTR,1.0,,,,,,,,,,,,,1,
Q66H89,CEP83_RAT,nan,RAT,1.0,,,,,,,,,,,,,1,
Q66H41,Q66H41_RAT,nan,RAT,1.0,,,,,,,,,,,,,1,
Q66GS9,CP135_HUMAN,nan,HUMAN,1.0,,,,,,,,,,,,,1,
Q640L5,CCD18_MOUSE,nan,MOUSE,1.0,,,,,,,,,,,,,1,
Q63714,Q63714_RAT,nan,RAT,1.0,,,,,,,,,,,,,1,
Q62839,GOGA2_RAT,nan,RAT,1.0,,,,,,,,,,,,,1,
Q61595,KTN1_MOUSE,nan,MOUSE,1.0,,,,,,,,,,,,,1,
Q60952,CP250_MOUSE,nan,MOUSE,1.0,,,,,,,,,,,,,1,
Q60902,EP15R_MOUSE,nan,MOUSE,1.0,,,,,,,,,,,,,1,
Q60675,LAMA2_MOUSE,nan,MOUSE,1.0,,,,,,,1,,,,,,,
Q5ZMV2,SAS6_CHICK,nan,CHICK,1.0,,,,,,,,,,,,,1,
Q5ZMC9,NDE1_CHICK,nan,CHICK,1.0,,,,,,,,,,,,,1,
Q5ZKH4,NDEL1_CHICK,nan,CHICK,1.0,,,,,,,,,,,,,1,
Q5W4T6,Q5W4T6_CHICK,nan,CHICK,1.0,,,,,,,,,,,,1,,
Q5VWJ9,SNX30_HUMAN,nan,HUMAN,1.0,,,,,,,,,,,,,1,
Q5U3Z6,DEUP1_RAT,nan,RAT,1.0,,,,,,,,,,,,,1,
Q5TZA2,CROCC_HUMAN,nan,HUMAN,1.0,,,,,,,,,,,,,1,
Q5TZ42,Q5TZ42_DANRE,nan,DANRE,1.0,,,,,,,,,,,,,1,
Q5TX73,Q5TX73_ANOGA,nan,ANOGA,1.0,,,,,,,,,,,,,1,
Q6BZU3,Q6BZU3_YARLI,nan,YARLI,1.0,,,,,,,,,,,,,1,
Q6C359,Q6C359_YARLI,nan,YARLI,1.0,1,,,,,,,,,,,,,
Q8TBY8,PMFBP_HUMAN,nan,HUMAN,1.0,,,,,,,,,,,,,1,
Q6C3S1,NDE1_YARLI,nan,YARLI,1.0,,,,,,,,,,,,,1,
Q6UVJ0,SAS6_HUMAN,nan,HUMAN,1.0,,,,,,,,,,,,,1,
Q6TGU8,Q6TGU8_DANRE,nan,DANRE,1.0,,,,,,,,,,,,,1,
Q6TEN8,Q6TEN8_DANRE,nan,DANRE,1.0,,,,,,,,,,,,,1,
Q6PH08,ERC2_MOUSE,nan,MOUSE,1.0,,,,,,,,,,,,,1,
Q6PGZ0,CEP63_DANRE,nan,DANRE,1.0,,,,,,,,,,,,,1,
Q6PCQ6,Q6PCQ6_MOUSE,nan,MOUSE,1.0,,,,,,,,,,,,,1,
Q6PBA8,MNS1_DANRE,nan,DANRE,1.0,,,,,,,,,,,,,1,
Q6P9L6,KIF15_MOUSE,nan,MOUSE,1.0,,,,,,,,,,,,,1,
Q6P5D4,CP135_MOUSE,nan,MOUSE,1.0,,,,,,,,,,,,,1,
Q6NZW0,C102A_DANRE,nan,DANRE,1.0,,,,,,,,,,,,,1,
Q6NY15,TSG10_MOUSE,nan,MOUSE,1.0,,,,,,,,,,,,,1,
Q6NSN8,Q6NSN8_DANRE,nan,DANRE,1.0,,,,,,,,,,,,,1,
Q6IVW2,Q6IVW2_DANRE,nan,DANRE,1.0,,,,,,,,,,,,,1,
Q6GMJ0,Q6GMJ0_DANRE,nan,DANRE,1.0,,,,,,,,,,,,,1,
Q6DRM9,Q6DRM9_DANRE,nan,DANRE,1.0,,,,,,,,,,,1,,,
Q6DRJ7,NDC80_DANRE,nan,DANRE,1.0,,,,,,,,,,,,,1,
Q6DI42,Q6DI42_DANRE,nan,DANRE,1.0,,,,,,,,,,,,,1,
Q6DEI1,Q6DEI1_DANRE,nan,DANRE,1.0,,,,,,,,,,,,,1,
Q6CGR9,Q6CGR9_YARLI,nan,YARLI,1.0,,,,,,,,,,,,,1,
Q6CEY7,NDC80_YARLI,nan,YARLI,1.0,,,,,,,,,,,,,1,
Q6CE46,Q6CE46_YARLI,nan,YARLI,1.0,,,,,,,,,,,,,1,
Q6CBH0,Q6CBH0_YARLI,nan,YARLI,1.0,,,,,,,,,,,,,1,
Q6CBG2,Q6CBG2_YARLI,nan,YARLI,1.0,,,,,,,,,,,1,,,
Q6C5Z2,Q6C5Z2_YARLI,nan,YARLI,1.0,,,,,,,,,,,,,1,
Q6C5S3,Q6C5S3_YARLI,nan,YARLI,1.0,,,,,,,,,,,1,,,
Q5TVN1,Q5TVN1_ANOGA,nan,ANOGA,1.0,,,,,,,,,,,,,1,
Q5TS71,Q5TS71_ANOGA,nan,ANOGA,1.0,,,,,,,,,,,1,,,
Q5TNU2,Q5TNU2_ANOGA,nan,ANOGA,1.0,,,,,,,,,,,,,1,
Q5T655,CFA58_HUMAN,nan,HUMAN,1.0,,,,,,,,,,,,,1,
Q5BJF6,ODFP2_HUMAN,nan,HUMAN,1.0,,,,,,,,,,,,,1,
Q5BJE1,CC178_HUMAN,nan,HUMAN,1.0,,,,,,,,,,,,,1,
Q5AMW9,Q5AMW9_CANAL,nan,CANAL,1.0,,,,,,,,,,,,,1,
Q5AMG3,Q5AMG3_CANAL,nan,CANAL,1.0,,,,,,,,,,,,,1,
Q5AHT0,Q5AHT0_CANAL,nan,CANAL,1.0,,,,,,,,,,,,,1,
Q5AHF5,Q5AHF5_CANAL,nan,CANAL,1.0,,,,,,,,,,,,,1,
Q5AD77,SNX4_CANAL,nan,CANAL,1.0,,,,,,,,,,,,,1,
Q5A4Y2,Q5A4Y2_CANAL,nan,CANAL,1.0,,,,,,,,,,,1,,,
Q5A4X0,BRE1_CANAL,nan,CANAL,1.0,,,,,,,,,,,,,1,
Q5A216,NDC80_CANAL,nan,CANAL,1.0,,,,,,,,,,,,,1,
Q5A1F2,Q5A1F2_CANAL,nan,CANAL,1.0,,,,,,,,,,,,,1,
Q5A166,Q5A166_CANAL,nan,CANAL,1.0,,,,,,,,,,,,,1,
Q5A021,Q5A021_CANAL,nan,CANAL,1.0,,,,,,,,,,,1,,,
Q59Y26,Q59Y26_CANAL,nan,CANAL,1.0,,,,,,,,,,,1,,,
Q59UK6,Q59UK6_CANAL,nan,CANAL,1.0,,,,,,,,,,,,,1,
Q59UF5,Q59UF5_CANAL,nan,CANAL,1.0,,,,,,,,,,,,,1,
Q59N33,Q59N33_CANAL,nan,CANAL,1.0,,,,,,,,,,,,,1,
Q58ED4,Q58ED4_DANRE,nan,DANRE,1.0,,,,,,,,,,,,,1,
Q58EC1,Q58EC1_DANRE,nan,DANRE,1.0,,,,,,,,,,,,,1,
Q568R2,Q568R2_DANRE,nan,DANRE,1.0,,,,,,,,,,,,,1,
Q566W7,SNX30_DANRE,nan,DANRE,1.0,,,,,,,,,,,,,1,
Q55BH2,Q55BH2_DICDI,nan,DICDI,1.0,,,,,,,,,,,,,1,
Q558Z2,SUN1_DICDI,nan,DICDI,1.0,,,,,,,,,,,,,1,
Q550K0,Q550K0_DICDI,nan,DICDI,1.0,,,,,,,,,,,,,1,
Q54Y97,Q54Y97_DICDI,nan,DICDI,1.0,,,,,,,,,,,,,1,
Q5DTD0,Q5DTD0_DANRE,nan,DANRE,1.0,,,,,,,,,,,,,1,
Q5DTM3,Q5DTM3_MOUSE,nan,MOUSE,1.0,,,,,,,,,,,,,1,
Q5F406,Q5F406_CHICK,nan,CHICK,1.0,,,,,,,,,,,,,1,
Q5KM80,Q5KM80_CRYNJ,nan,CRYNJ,1.0,,,,,,,,,,,1,,,
Q5T0U0,CC122_HUMAN,nan,HUMAN,1.0,,,,,,,,,,,,,1,
Q5SX41,nan,nan,nan,1.0,,,,,,,,,,,,,1,
Q5SPS1,Q5SPS1_DANRE,nan,DANRE,1.0,,,,,,,,,,,,,1,
Q5SPP1,Q5SPP1_DANRE,nan,DANRE,1.0,,,,,,,,,,,,,1,
Q5SP91,nan,nan,nan,1.0,,,,,,,,,,,,,1,
Q5RI09,Q5RI09_DANRE,nan,DANRE,1.0,,,,,,,,,,,,,1,
Q5RG45,CP135_DANRE,nan,DANRE,1.0,,,,,,,,,,,,,1,
Q5QJC9,BAG5_RAT,nan,RAT,1.0,,,,,,,,,,,,,1,
Q5PR68,CE112_MOUSE,nan,MOUSE,1.0,,,,,,,,,,,,,1,
Q5PQQ6,IQCG_RAT,nan,RAT,1.0,,,,,,,,,,,,,1,
Q5M9N0,CD158_HUMAN,nan,HUMAN,1.0,,,,,,,,,,,,,1,
Q5KJJ8,nan,nan,nan,1.0,,,,,,,,,,,,,1,
Q5F443,Q5F443_CHICK,nan,CHICK,1.0,,,,,,,,,,,,,1,
F7FDN6,F7FDN6_ORNAN,ENSOANP00000016048,ORNAN,1.0,,,,,,,,,,,,,1,
Q5KI36,Q5KI36_CRYNJ,nan,CRYNJ,1.0,,,,,,,,,,,,,1,
Q5KH77,Q5KH77_CRYNJ,nan,CRYNJ,1.0,,,,,,,,,,,1,,,
Q5KGR0,nan,nan,nan,1.0,,,,,,,,,,,,,1,
Q5KF30,Q5KF30_CRYNJ,nan,CRYNJ,1.0,,,,,,,,,,,,,1,
Q5KDF5,Q5KDF5_CRYNJ,nan,CRYNJ,1.0,,,,,,,,,,,1,,,
Q5KBH9,nan,nan,nan,1.0,,,,,,,,,,,,,1,
Q5KB80,Q5KB80_CRYNJ,nan,CRYNJ,1.0,,,,,,,,,,,,,1,
Q5KB59,Q5KB59_CRYNJ,nan,CRYNJ,1.0,,,,,,,,,,,,,1,
Q5K8T9,Q5K8T9_CRYNJ,nan,CRYNJ,1.0,,,,,,,,,,,,,1,
Q5F486,BAG5_CHICK,nan,CHICK,1.0,,,,,,,,,,,,,1,
Q6VGS5,DAPLE_MOUSE,nan,MOUSE,1.0,,,,,,,,,,,,,1,
Q6YJK1,Q6YJK1_DANRE,nan,DANRE,1.0,,,,,,,,,,,,,1,
Q6ZMV7,LEKR1_HUMAN,nan,HUMAN,1.0,,,,,,,,,,,,,1,
Q802Z4,Q802Z4_DANRE,nan,DANRE,1.0,,,,,,,,,,,,,1,
Q8CJB9,BRE1B_RAT,nan,RAT,1.0,,,,,,,,,,,,,1,
Q8CJ40,CROCC_MOUSE,nan,MOUSE,1.0,,,,,,,,,,,,,1,
Q8CI32,BAG5_MOUSE,nan,MOUSE,1.0,,,,,,,,,,,,,1,
Q8CG73,FTM_MOUSE,nan,MOUSE,1.0,,,,,,,,,,,,,1,
Q8CG48,SMC2_MOUSE,nan,MOUSE,1.0,,,,,,,,,,,1,,,
Q8CG47,SMC4_MOUSE,nan,MOUSE,1.0,,,,,,,,,,,1,,,
Q8CE50,SNX30_MOUSE,nan,MOUSE,1.0,,,,,,,,,,,,,1,
Q8CDV0,CC178_MOUSE,nan,MOUSE,1.0,,,,,,,,,,,,,1,
Q8CDM4,CCD73_MOUSE,nan,MOUSE,1.0,,,,,,,,,,,,,1,
Q8CDI7,CC150_MOUSE,nan,MOUSE,1.0,,,,,,,,,,,,,1,
Q8C9S4,CC186_MOUSE,nan,MOUSE,1.0,,,,,,,,,,,,,1,
Q8BSS9,LIPA2_MOUSE,nan,MOUSE,1.0,,,,,,,,,,,,,1,
Q8BL66,EEA1_MOUSE,nan,MOUSE,1.0,,,,,,,,,,,,,1,
Q8BIL5,HOOK1_MOUSE,nan,MOUSE,1.0,,,,,,,,,,,,,1,
Q8BIJ7,RUFY1_MOUSE,nan,MOUSE,1.0,,,,,,,,,,,,,1,
Q8AWB9,Q8AWB9_CHICK,nan,CHICK,1.0,,,,,,,,,,,1,,,
Q8AWB7,Q8AWB7_CHICK,nan,CHICK,1.0,,,,,,,,,,,1,,,
Q8A5J6,Q8A5J6_BACTN,nan,BACTN,1.0,,,,,,,,,,,,1,,
Q89TK4,Q89TK4_BRADU,nan,BRADU,1.0,,,,,,,1,,,,,,,
Q86IF6,Q86IF6_DICDI,nan,DICDI,1.0,,,,,,,,,,,,,1,
Q84VY2,NET4B_ARATH,nan,ARATH,1.0,,,,,,,,,,,,,1,
Q811D2,ANR26_MOUSE,nan,MOUSE,1.0,,,,,,,,,,,,,1,
Q80X59,TMC5B_MOUSE,nan,MOUSE,1.0,,,,,,,,,,,,,1,
Q80W32,IQCG_MOUSE,nan,MOUSE,1.0,,,,,,,,,,,,,1,
Q80UK7,SAS6_MOUSE,nan,MOUSE,1.0,,,,,,,,,,,,,1,
Q8F3E7,Q8F3E7_LEPIN,nan,LEPIN,1.0,,,,,,,,,,,,,1,
Q8GS71,FRA1_ARATH,nan,ARATH,1.0,,,,,,,,,,,,,1,
Q8I413,Q8I413_PLAF7,nan,PLAF7,1.0,,,,,,,,,,,1,,,
Q8JGS5,Q8JGS5_DANRE,nan,DANRE,1.0,,,,,,,,,,,1,,,
Q8TBA6,GOGA5_HUMAN,nan,HUMAN,1.0,,,,,,,,,,,,,1,
Q8S8N9,GOGC1_ARATH,nan,ARATH,1.0,,,,,,,,,,,,,1,
Q8R4C2,RUFY2_MOUSE,nan,MOUSE,1.0,,,,,,,,,,,,,1,
Q8QZX2,HAUS3_MOUSE,nan,MOUSE,1.0,,,,,,,,,,,,,1,
Q8NDV3,SMC1B_HUMAN,nan,HUMAN,1.0,,,,,,,,,,,1,,,
Q8NB25,F184A_HUMAN,nan,HUMAN,1.0,,,,,,,,,,,,,1,
Q8MS29,Q8MS29_DROME,nan,DROME,1.0,,,,,,,,,,,,,1,
Q8MR73,Q8MR73_DROME,nan,DROME,1.0,,,,,,,,,,,,,1,
Q8MNV4,nan,nan,nan,1.0,,,,,,,,,,,,,1,
Q8L5Z7,SNX2A_ARATH,nan,ARATH,1.0,,,,,,,,,,,,,1,
Q8K4T4,FLIP1_RAT,nan,RAT,1.0,,,,,,,,,,,,,1,
Q8IYT3,CC170_HUMAN,nan,HUMAN,1.0,,,,,,,,,,,,,1,
Q8I953,Q8I953_ANOGA,nan,ANOGA,1.0,,,,,,,,,,,1,,,
Q8IYE0,CC146_HUMAN,nan,HUMAN,1.0,,,,,,,,,,,,,1,
Q8IY63,AMOL1_HUMAN,nan,HUMAN,1.0,,,,,,,,,,,,,1,
Q8IVF6,AN18A_HUMAN,nan,HUMAN,1.0,,,,,,,,,,,,,1,
Q8IUD2,RB6I2_HUMAN,nan,HUMAN,1.0,,,,,,,,,,,,,1,
Q8ILS9,Q8ILS9_PLAF7,nan,PLAF7,1.0,,,,,,,,,,,,,1,
Q8ILA8,Q8ILA8_PLAF7,nan,PLAF7,1.0,,,,,,,,,,,,,1,
Q8IKG8,Q8IKG8_PLAF7,nan,PLAF7,1.0,,,,,,,,,,,,,1,
Q8IIG1,YK213_PLAF7,nan,PLAF7,1.0,,,,,,,,,,,,,1,
Q8IIF6,Q8IIF6_PLAF7,nan,PLAF7,1.0,,,,,,,,,,,,,1,
Q8IED2,SMC2_PLAF7,nan,PLAF7,1.0,,,,,,,,,,,1,,,
Q8IBB8,YPF15_PLAF7,nan,PLAF7,1.0,,,,,,,,,,,,1,,
Q803Q2,NDL1B_DANRE,nan,DANRE,1.0,,,,,,,,,,,,,1,
Q7ZZB1,Q7ZZB1_DANRE,nan,DANRE,1.0,,,,,,,,,,,,,1,
Q6ZP82,CC141_HUMAN,nan,HUMAN,1.0,,,,,,,,,,,,,1,
Q7ZVT3,SAS6_DANRE,nan,DANRE,1.0,,,,,,,,,,,,,1,
Q7QD42,Q7QD42_ANOGA,nan,ANOGA,1.0,,,,,,,,,,,1,,,
Q7QBX8,Q7QBX8_ANOGA,nan,ANOGA,1.0,,,,,,,,,,,,,1,
Q7QB32,Q7QB32_ANOGA,nan,ANOGA,1.0,,,,,,,,,,,,,1,
Q7QAJ3,Q7QAJ3_ANOGA,nan,ANOGA,1.0,,,,,,,1,,,,,,,
Q7Q553,Q7Q553_ANOGA,nan,ANOGA,1.0,,,,,,,,,,,,1,,
Q7Q3D7,Q7Q3D7_ANOGA,nan,ANOGA,1.0,,,,,,,,,,,1,,,
Q7Q189,Q7Q189_ANOGA,nan,ANOGA,1.0,,,,,,,,,,,,,1,
Q7Q0K7,Q7Q0K7_ANOGA,nan,ANOGA,1.0,,,,,,,,,,,,,1,
Q7PZ64,Q7PZ64_ANOGA,nan,ANOGA,1.0,,,,,,,,,,,,,1,
Q7PY65,Q7PY65_ANOGA,nan,ANOGA,1.0,,,,,,,,,,,,,1,
Q7PX97,Q7PX97_ANOGA,nan,ANOGA,1.0,,,,,,,,,,,,,1,
Q7PVK3,Q7PVK3_ANOGA,nan,ANOGA,1.0,,,,,,,,,,,,,1,
Q7PT19,Q7PT19_ANOGA,nan,ANOGA,1.0,,,,,,,,,,,,,1,
Q7PRV2,Q7PRV2_ANOGA,nan,ANOGA,1.0,,,,,,,,,,,,,1,
Q7PNQ2,Q7PNQ2_ANOGA,nan,ANOGA,1.0,,,,,,,,,,,,,1,
Q7NGH9,Q7NGH9_GLOVI,nan,GLOVI,1.0,,,,,,,,,,,1,,,
Q7M739,Q7M739_MOUSE,nan,MOUSE,1.0,,,,,,,,,,,,,1,
Q7KK96,Q7KK96_DROME,nan,DROME,1.0,,,,,,,,,,,1,,,
Q78PB6,NDEL1_RAT,nan,RAT,1.0,,,,,,,,,,,,,1,
Q76P38,Q76P38_DICDI,nan,DICDI,1.0,,,,,,,,,,,,,1,
Q76I89,NDC80_CHICK,nan,CHICK,1.0,,,,,,,,,,,,,1,
Q74CE9,Q74CE9_GEOSL,nan,GEOSL,1.0,,,,,,,1,,,,,,,
Q712J3,Q712J3_RAT,nan,RAT,1.0,,,,,,,,,,,,,1,
Q6ZU80,CE128_HUMAN,nan,HUMAN,1.0,,,,,,,,,,,,,1,
Q6ZRK6,CCD73_HUMAN,nan,HUMAN,1.0,,,,,,,,,,,,,1,
Q7QDG9,Q7QDG9_ANOGA,nan,ANOGA,1.0,,,,,,,,,,,,,1,
Q7QEG6,Q7QEG6_ANOGA,nan,ANOGA,1.0,,,,,,,,,,,,,1,
Q7QII2,Q7QII2_ANOGA,nan,ANOGA,1.0,,,,,,,,,,,,,1,
Q7T005,RFIP3_DANRE,nan,DANRE,1.0,,,,,,,,,,,,,1,
Q7ZVP6,Q7ZVP6_DANRE,nan,DANRE,1.0,,,,,,,,,,,,,1,
Q7ZVL0,Q7ZVL0_DANRE,nan,DANRE,1.0,,,,,,,,,,,,,1,
Q7ZUC4,Q7ZUC4_DANRE,nan,DANRE,1.0,,,,,,,,,,,,,1,
Q7ZU98,Q7ZU98_DANRE,nan,DANRE,1.0,,,,,,,,,,,,,1,
Q7ZTT2,Q7ZTT2_DANRE,nan,DANRE,1.0,,,,,,,,,,,,,1,
Q7Z7B0,FLIP1_HUMAN,nan,HUMAN,1.0,,,,,,,,,,,,,1,
Q7UYP8,Q7UYP8_RHOBA,nan,RHOBA,1.0,,,,,,,,,,,1,,,
Q7UKG2,Q7UKG2_RHOBA,nan,RHOBA,1.0,1,,,,,,,,,,,,,
Q7TSP2,KIF15_RAT,nan,RAT,1.0,,,,,,,,,,,,,1,
Q7T023,Q7T023_DANRE,nan,DANRE,1.0,,,,,,,,,,,,,1,
Q7T019,DZIP1_DANRE,nan,DANRE,1.0,,,,,,,,,,,,,1,
Q7SYB5,DEFI6_DANRE,nan,DANRE,1.0,,,,,,,,,,,,,1,
Q7QK40,Q7QK40_ANOGA,nan,ANOGA,1.0,,,,,,,,,,,,,1,
Q7SXI6,NDL1A_DANRE,nan,DANRE,1.0,,,,,,,,,,,,,1,
Q7SHC8,Q7SHC8_NEUCR,nan,NEUCR,1.0,,,,,,,,,,,,,1,
Q7SGV1,SNX4_NEUCR,nan,NEUCR,1.0,,,,,,,,,,,,,1,
Q7SB97,MVP1_NEUCR,nan,NEUCR,1.0,,,,,,,,,,,,,1,
Q7SB89,nan,nan,nan,1.0,,,,,,,,,,,,,1,
Q7S9M2,Q7S9M2_NEUCR,nan,NEUCR,1.0,,,,,,,,,,,1,,,
Q7S6K9,Q7S6K9_NEUCR,nan,NEUCR,1.0,,,,,,,,,,,,,1,
Q7S1T6,Q7S1T6_NEUCR,nan,NEUCR,1.0,,,,,,,,,,,1,,,
Q7RZ46,Q7RZ46_NEUCR,nan,NEUCR,1.0,,,,,,,,,,,,,1,
Q7RXI9,Q7RXI9_NEUCR,nan,NEUCR,1.0,,,,,,,,,,,,,1,
Q7QKF1,Q7QKF1_ANOGA,nan,ANOGA,1.0,,,,,,,,,,,,,1,
F7FDQ3,F7FDQ3_MACMU,ENSMMUP00000030483,MACMU,1.0,,,,,,,,,,,,,1,
F7DNQ6,F7DNQ6_MACMU,ENSMMUP00000004320,MACMU,1.0,,,,,,,,,,,,,1,
F7FBQ2,F7FBQ2_MACMU,ENSMMUP00000011862,MACMU,1.0,,,,,,,,,,,,,1,
B7Q5J9,B7Q5J9_IXOSC,nan,IXOSC,1.0,,,,,,,,,,,1,,,
B8A4D7,B8A4D7_DANRE,nan,DANRE,1.0,,,,,,,,,,,,,1,
B7ZVU3,B7ZVU3_DANRE,nan,DANRE,1.0,,,,,,,,,,,,,1,
B7ZVS4,B7ZVS4_DANRE,nan,DANRE,1.0,,,,,,,,,,,,,1,
B7ZNX8,B7ZNX8_MOUSE,nan,MOUSE,1.0,,,,,,,,,,,,,1,
B7YZS1,B7YZS1_DROME,nan,DROME,1.0,,,,,,,,,,,,,1,
B7QKB6,B7QKB6_IXOSC,nan,IXOSC,1.0,,,,,,,,,,,,,1,
B7QIX6,B7QIX6_IXOSC,nan,IXOSC,1.0,,,,,,,,,,,,,1,
B7QIT0,B7QIT0_IXOSC,nan,IXOSC,1.0,,,,,,,,,,,,,1,
B7Q9Y5,B7Q9Y5_IXOSC,nan,IXOSC,1.0,,,,,,,,,,,,,1,
B7Q8P2,B7Q8P2_IXOSC,nan,IXOSC,1.0,,,,,,,,,,,,,1,
B7Q750,B7Q750_IXOSC,nan,IXOSC,1.0,,,,,,,,,,,1,,,
B7Q677,B7Q677_IXOSC,nan,IXOSC,1.0,,,,,,,,,,,,,1,
B7PRE8,B7PRE8_IXOSC,nan,IXOSC,1.0,,,,,,,,,,,,,1,
B8A561,B8A561_DANRE,nan,DANRE,1.0,,,,,,,,,,,,,1,
B7PND8,B7PND8_IXOSC,nan,IXOSC,1.0,,,,,,,,,,,,,1,
B7PMJ3,B7PMJ3_IXOSC,nan,IXOSC,1.0,,,,,,,,,,,,,1,
B7PH72,B7PH72_IXOSC,nan,IXOSC,1.0,,,,,,,,,,,,,1,
B7PGW7,B7PGW7_IXOSC,nan,IXOSC,1.0,,,,,,,,,,,,,1,
B7P5D8,B7P5D8_IXOSC,nan,IXOSC,1.0,,,,,,,,,,,,,1,
B7P2Q4,B7P2Q4_IXOSC,nan,IXOSC,1.0,,,,,,,,,,,,,1,
B7P2K8,B7P2K8_IXOSC,nan,IXOSC,1.0,,,,,,,,,,,,,1,
B7P1Q2,B7P1Q2_IXOSC,nan,IXOSC,1.0,,,,,,,,,,,,,1,
B5YMT5,B5YMT5_THAPS,nan,THAPS,1.0,,,,,,,,,,,1,,,
B5YLW2,B5YLW2_THAPS,nan,THAPS,1.0,,,,,,,,,,,,,1,
B5RHZ3,B5RHZ3_DANRE,nan,DANRE,1.0,,,,,,,,,,,,,1,
B4F6N8,B4F6N8_XENTR,ENSXETP00000049822,XENTR,1.0,,,,,,,,,,,,,1,
B8A559,nan,nan,nan,1.0,,,,,,,,,,,,,1,
B8A568,B8A568_DANRE,nan,DANRE,1.0,,,,,,,,,,,,,1,
B2RYP4,B2RYP4_RAT,nan,RAT,1.0,,,,,,,,,,,,,1,
B9DFS6,SNX2B_ARATH,nan,ARATH,1.0,,,,,,,,,,,,,1,
C3YH55,C3YH55_BRAFL,nan,BRAFL,1.0,,,,,,,,,,,,,1,
C3YF04,C3YF04_BRAFL,nan,BRAFL,1.0,,,,,,,,,,,,,1,
C3YCN9,C3YCN9_BRAFL,nan,BRAFL,1.0,,,,,,,,,,,,,1,
C3Y9K6,C3Y9K6_BRAFL,nan,BRAFL,1.0,,,,,,,,,,,,,1,
C3XYI2,C3XYI2_BRAFL,nan,BRAFL,1.0,,,,,,,,,,,,,1,
C3XVE3,C3XVE3_BRAFL,nan,BRAFL,1.0,,,,,,,,,,,,,1,
C3XTU3,C3XTU3_BRAFL,nan,BRAFL,1.0,,,,,,,,,,,,,1,
C3XTM9,C3XTM9_BRAFL,nan,BRAFL,1.0,,,,,,,,,,,,,1,
C3XSS2,C3XSS2_BRAFL,nan,BRAFL,1.0,,,,,,,,,,,,,1,
C1M0I8,nan,nan,nan,1.0,,,,,,,,,,,1,,,
C0H4N4,C0H4N4_PLAF7,nan,PLAF7,1.0,,,,,,,,,,,,,1,
B9EKI3,TMF1_MOUSE,nan,MOUSE,1.0,,,,,,,,,,,,,1,
B8JIT9,B8JIT9_DANRE,nan,DANRE,1.0,,,,,,,,,,,,,1,
B8A5E2,B8A5E2_DANRE,nan,DANRE,1.0,,,,,,,,,,,,,1,
B8CCQ8,B8CCQ8_THAPS,nan,THAPS,1.0,,,,,,,,,,,,1,,
B8CCH3,B8CCH3_THAPS,nan,THAPS,1.0,,,,,,,,,,,,,1,
B8CCA2,B8CCA2_THAPS,nan,THAPS,1.0,,,,,,,,,,,1,,,
B8CB07,B8CB07_THAPS,nan,THAPS,1.0,,,,,,,,,,,,,1,
B8C638,B8C638_THAPS,nan,THAPS,1.0,,,,,,,,,,,,,1,
B8C5U8,B8C5U8_THAPS,nan,THAPS,1.0,,,,,,,,,,,,,1,
B8C5Q6,B8C5Q6_THAPS,nan,THAPS,1.0,,,,,,,,,,,,,1,
B8C4Z2,B8C4Z2_THAPS,nan,THAPS,1.0,,,,,,,,,,,,,1,
B8BWP3,B8BWP3_THAPS,nan,THAPS,1.0,,,,,,,,,,,,,1,
B8BQT7,B8BQT7_THAPS,nan,THAPS,1.0,,,,,,,,,,,1,,,
B8A5N0,B8A5N0_DANRE,nan,DANRE,1.0,,,,,,,,,,,,,1,
B8A5K9,B8A5K9_DANRE,nan,DANRE,1.0,,,,,,,,,,,1,,,
B3DKM6,B3DKM6_DANRE,nan,DANRE,1.0,,,,,,,,,,,,,1,
B2RYI6,B2RYI6_RAT,nan,RAT,1.0,,,,,,,,,,,,,1,
C3YK10,C3YK10_BRAFL,nan,BRAFL,1.0,,,,,,,,,,,1,,,
A9U0I4,A9U0I4_PHYPA,nan,PHYPA,1.0,,,,,,,,,,,,,1,
A9V528,A9V528_MONBE,nan,MONBE,1.0,,,,,,,,,,,,,1,
A9V500,A9V500_MONBE,nan,MONBE,1.0,,,,,,,,,,,,,1,
A9UYC9,A9UYC9_MONBE,nan,MONBE,1.0,,,,,,,,,,,1,,,
A9UXZ1,A9UXZ1_MONBE,nan,MONBE,1.0,,,,,,,,,,,,,1,
A9UXR8,A9UXR8_MONBE,nan,MONBE,1.0,,,,,,,,,,,,,1,
A9UWJ6,A9UWJ6_MONBE,nan,MONBE,1.0,,,,,,,,,,,1,,,
A9UUI4,A9UUI4_MONBE,nan,MONBE,1.0,,,,,,,,,,,,,1,
A9UST8,A9UST8_MONBE,nan,MONBE,1.0,,,,,,,,,,,,,1,
A9USJ1,A9USJ1_MONBE,nan,MONBE,1.0,,,,,,,,,,,,,1,
A9UR98,A9UR98_MONBE,nan,MONBE,1.0,,,,,,,,,,,,,1,
A9UR15,A9UR15_MONBE,nan,MONBE,1.0,,,,,,,,,,,,1,,
A9UQ42,A9UQ42_MONBE,nan,MONBE,1.0,,,,,,,,,,,,,1,
A9TZW2,A9TZW2_PHYPA,nan,PHYPA,1.0,,,,,,,,,,,,,1,
A9VAD4,A9VAD4_MONBE,nan,MONBE,1.0,,,,,,,,,,,,,1,
A9TNY9,A9TNY9_PHYPA,nan,PHYPA,1.0,,,,,,,,,,,,,1,
A9T5I6,A9T5I6_PHYPA,nan,PHYPA,1.0,,,,,,,,,,,,,1,
A9SWM0,A9SWM0_PHYPA,nan,PHYPA,1.0,,,,,,,,,,,,,1,
A9ST27,A9ST27_PHYPA,nan,PHYPA,1.0,,,,,,,,,,,,,1,
A9SB46,A9SB46_PHYPA,nan,PHYPA,1.0,,,,,,,,,,,,,1,
A9S1W2,A9S1W2_PHYPA,nan,PHYPA,1.0,,,,,,,,,,,,,1,
A9S1F2,A9S1F2_PHYPA,nan,PHYPA,1.0,,,,,,,,,,,,,1,
A9RSS9,A9RSS9_PHYPA,nan,PHYPA,1.0,,,,,,,,,,,,,1,
A9RHP1,A9RHP1_PHYPA,nan,PHYPA,1.0,,,,,,,,,,,,,1,
A9RBZ8,A9RBZ8_PHYPA,nan,PHYPA,1.0,,,,,,,,,,,,,1,
A8Y4X2,nan,nan,nan,1.0,,,,,,,,,,,,,1,
A8WG43,CCD89_DANRE,nan,DANRE,1.0,,,,,,,,,,,,,1,
A9V7U4,A9V7U4_MONBE,nan,MONBE,1.0,,,,,,,,,,,,,1,
A9VCR1,A9VCR1_MONBE,nan,MONBE,1.0,,,,,,,,,,,,,1,
B2RW38,CFA58_MOUSE,nan,MOUSE,1.0,,,,,,,,,,,,,1,
B0XTV8,B0XTV8_ASPFC,nan,ASPFC,1.0,,,,,,,,,,,1,,,
B2RSU7,B2RSU7_MOUSE,nan,MOUSE,1.0,,,,,,,,,,,,,1,
B1WBY4,B1WBY4_RAT,nan,RAT,1.0,,,,,,,,,,,,,1,
B1WB57,nan,nan,nan,1.0,,,,,,,,,,,,,1,
B1H2X3,B1H2X3_XENTR,ENSXETP00000021409,XENTR,1.0,,,,,,,,,,,,,1,
B1H1D9,B1H1D9_XENTR,ENSXETP00000051366,XENTR,1.0,,,,,,,,,,,,,1,
B1AR69,B1AR69_MOUSE,nan,MOUSE,1.0,,,,,,,,,,,,,1,
B0Y4P9,B0Y4P9_ASPFC,nan,ASPFC,1.0,,,,,,,,,,,,,1,
B0Y4N8,B0Y4N8_ASPFC,nan,ASPFC,1.0,,,,,,,,,,,,,1,
B0XYZ5,B0XYZ5_ASPFC,nan,ASPFC,1.0,,,,,,,,,,,,,1,
B0XYG6,B0XYG6_ASPFC,nan,ASPFC,1.0,,,,,,,,,,,1,,,
B0XXY3,B0XXY3_ASPFC,nan,ASPFC,1.0,,,,,,,,,,,,,1,
B0XVL1,B0XVL1_ASPFC,nan,ASPFC,1.0,,,,,,,,,,,,,1,
B0XSE2,B0XSE2_ASPFC,nan,ASPFC,1.0,,,,,,,,,,,1,,,
A9VCS8,A9VCS8_MONBE,nan,MONBE,1.0,,,,,,,,,,,,,1,
B0XRR9,B0XRR9_ASPFC,nan,ASPFC,1.0,,,,,,,,,,,,,1,
B0XRL2,B0XRL2_ASPFC,nan,ASPFC,1.0,,,,,,,,,,,,,1,
B0XPW5,B0XPW5_ASPFC,nan,ASPFC,1.0,,,,,,,,,,,,,1,
B0XMQ4,B0XMQ4_ASPFC,nan,ASPFC,1.0,,,,,,,,,,,,,1,
B0XM26,B0XM26_ASPFC,nan,ASPFC,1.0,,,,,,,,,,,,,1,
B0S753,B0S753_DANRE,nan,DANRE,1.0,,,,,,,,,,,,,1,
B0R9X9,SPH1_HALS3,nan,HALS3,1.0,,,,,,,,,,,,1,,
B0R0G8,nan,nan,nan,1.0,,,,,,,,,,,,,1,
B0JZL5,B0JZL5_DANRE,nan,DANRE,1.0,,,,,,,,,,,,,1,
B0BNM3,B0BNM3_RAT,nan,RAT,1.0,,,,,,,,,,,,,1,
B0BLU3,B0BLU3_XENTR,ENSXETP00000025690,XENTR,1.0,,,,,,,,,,,,,1,
A9VDE4,A9VDE4_MONBE,nan,MONBE,1.0,,,,,,,,,,,,,1,
C3YII9,C3YII9_BRAFL,nan,BRAFL,1.0,,,,,,,,,,,,,1,
C3YLJ7,C3YLJ7_BRAFL,nan,BRAFL,1.0,,,,,,,,,,,,,1,
A8JNQ1,A8JNQ1_DROME,nan,DROME,1.0,,,,,,,,,,,,,1,
D3ZM44,nan,nan,nan,1.0,,,,,,,,,,,,,1,
D3ZZU3,nan,nan,nan,1.0,,,,,,,,,,,,,1,
D3ZWV9,nan,nan,nan,1.0,,,,,,,,,,,,,1,
D3ZW61,nan,nan,nan,1.0,,,,,,,,,,,,,1,
D3ZVS7,D3ZVS7_RAT,nan,RAT,1.0,,,,,,,,,,,,,1,
D3ZV60,D3ZV60_RAT,ENSRNOP00000032795,RAT,1.0,,,,,,,,,,,,,1,
D3ZUK8,nan,nan,nan,1.0,,,,,,,,,,,,,1,
D3ZUD5,D3ZUD5_RAT,nan,RAT,1.0,,,,,,,,,,,,,1,
D3ZTM7,D3ZTM7_RAT,nan,RAT,1.0,,,,,,,,,,,,,1,
D3ZSR7,D3ZSR7_RAT,ENSRNOP00000035778,RAT,1.0,,,,,,,,,,,,,1,
D3ZQ23,nan,nan,nan,1.0,,,,,,,,,,,,,1,
D3ZNM6,nan,nan,nan,1.0,,,,,,,,,,,,,1,
D3ZNM2,nan,nan,nan,1.0,,,,,,,,,,,,,1,
D3ZLD5,D3ZLD5_RAT,nan,RAT,1.0,,,,,,,,,,,,1,,
D4A2C2,nan,nan,nan,1.0,,,,,,,,,,,,,1,
D3ZKW4,D3ZKW4_RAT,nan,RAT,1.0,,,,,,,,,,,,,1,
D3ZK60,nan,nan,nan,1.0,,,,,,,,,,,,,1,
D3ZIV3,D3ZIV3_RAT,nan,RAT,1.0,,,,,,,,,,,,,1,
D3ZI35,D3ZI35_RAT,nan,RAT,1.0,,,,,,,,,,,,,1,
D3ZHI1,D3ZHI1_RAT,ENSRNOP00000006995,RAT,1.0,,,,,,,,,,,,,1,
D3ZGP0,nan,nan,nan,1.0,,,,,,,,,,,,,1,
D3ZEY0,D3ZEY0_RAT,nan,RAT,1.0,,,,,,,,,,,,,1,
D3ZE73,D3ZE73_RAT,nan,RAT,1.0,,,,,,,,,,,1,,,
D3Z9Y0,D3Z9Y0_RAT,ENSRNOP00000022886,RAT,1.0,,,,,,,,,,,,,1,
D3Z8K2,CCD39_RAT,nan,RAT,1.0,,,,,,,,,,,,,1,
D3Z8G3,D3Z8G3_RAT,nan,RAT,1.0,,,,,,,,,,,,,1,
D3Z2N8,D3Z2N8_MOUSE,nan,MOUSE,1.0,,,,,,,,,,,,,1,
D4A060,D4A060_RAT,ENSRNOP00000056176,RAT,1.0,,,,,,,,,,,,,1,
D4A3B7,D4A3B7_RAT,nan,RAT,1.0,,,,,,,,,,,,,1,
D2XZ47,D2XZ47_DANRE,nan,DANRE,1.0,,,,,,,,,,,,,1,
E1B7T1,E1B7T1_BOVIN,ENSBTAP00000037944,BOVIN,1.0,,,,,,,,,,,,,1,
E1BJ04,E1BJ04_BOVIN,ENSBTAP00000029400,BOVIN,1.0,,,,,,,,,,,,,1,
E1BHK6,E1BHK6_BOVIN,ENSBTAP00000016186,BOVIN,1.0,,,,,,,,,,,,,1,
E1BF82,E1BF82_BOVIN,ENSBTAP00000031011,BOVIN,1.0,,,,,,,,,,,,,1,
E1BF47,E1BF47_BOVIN,ENSBTAP00000015848,BOVIN,1.0,,,,,,,,,,,,,1,
E1BE64,E1BE64_BOVIN,ENSBTAP00000025277,BOVIN,1.0,,,,,,,,,,,,,1,
E1BDZ5,E1BDZ5_BOVIN,ENSBTAP00000042103,BOVIN,1.0,,,,,,,,,,,,,1,
E1BDP9,E1BDP9_BOVIN,ENSBTAP00000009235,BOVIN,1.0,,,,,,,,,,,,,1,
E1BCQ3,E1BCQ3_BOVIN,ENSBTAP00000053705,BOVIN,1.0,,,,,,,,,,,,,1,
E1BC41,E1BC41_BOVIN,ENSBTAP00000053783,BOVIN,1.0,,,,,,,,,,,,,1,
E1BAS3,E1BAS3_BOVIN,ENSBTAP00000020951,BOVIN,1.0,,,,,,,,,,,,,1,
E1B9F5,E1B9F5_BOVIN,ENSBTAP00000045492,BOVIN,1.0,,,,,,,,,,,,,1,
E1B8M0,E1B8M0_BOVIN,ENSBTAP00000006763,BOVIN,1.0,,,,,,,,,,,,,1,
E1B7E3,E1B7E3_BOVIN,ENSBTAP00000022033,BOVIN,1.0,,,,,,,,,,,,,1,
D4A3N6,nan,nan,nan,1.0,,,,,,,,,,,,,1,
E0CYH7,E0CYH7_MOUSE,nan,MOUSE,1.0,,,,,,,,,,,,,1,
D9IWE2,D9IWE2_DANRE,nan,DANRE,1.0,,,,,,,,,,,,,1,
D4AEK9,D4AEK9_RAT,nan,RAT,1.0,,,,,,,,,,,,,1,
D4ADZ2,D4ADZ2_RAT,nan,RAT,1.0,,,,,,,,,,,,,1,
D4ACQ6,nan,nan,nan,1.0,,,,,,,,,,,,,1,
D4AB57,nan,nan,nan,1.0,,,,,,,,,,,1,,,
D4A9W1,D4A9W1_RAT,nan,RAT,1.0,,,,,,,,,,,,,1,
D4A7U7,nan,nan,nan,1.0,,,,,,,,,,,,,1,
D4A7M7,nan,nan,nan,1.0,,,,,,,,,,,,,1,
D4A562,D4A562_RAT,nan,RAT,1.0,,,,,,,,,,,,,1,
D4A4X4,D4A4X4_RAT,nan,RAT,1.0,,,,,,,,,,,,,1,
D4A3X7,D4A3X7_RAT,nan,RAT,1.0,,,,,,,,,,,,,1,
D3YZP9,CCDC6_MOUSE,nan,MOUSE,1.0,,,,,,,,,,,,,1,
C6KSS4,C6KSS4_PLAF7,nan,PLAF7,1.0,,,,,,,,,,,,,1,
C3YM28,C3YM28_BRAFL,nan,BRAFL,1.0,,,,,,,,,,,,,1,
C3ZFA1,C3ZFA1_BRAFL,nan,BRAFL,1.0,,,,,,,,,,,,,1,
C4Q5W3,nan,nan,nan,1.0,,,,,,,,,,,,,1,
C4Q4U3,nan,nan,nan,1.0,,,,,,,,,,,,,1,
C4Q4U2,nan,nan,nan,1.0,,,,,,,,,,,,,1,
C4Q4L1,nan,nan,nan,1.0,,,,,,,,,,,1,,,
C4Q4B9,nan,nan,nan,1.0,,,,,,,,,,,,,1,
C4Q3N2,nan,nan,nan,1.0,,,,,,,,,,,,,1,
C4Q349,nan,nan,nan,1.0,,,,,,,,,,,,,1,
C4Q348,nan,nan,nan,1.0,,,,,,,,,,,,,1,
C4Q347,nan,nan,nan,1.0,,,,,,,,,,,,,1,
C4PWW0,nan,nan,nan,1.0,,,,,,,,,,,,,1,
C3ZKZ2,C3ZKZ2_BRAFL,nan,BRAFL,1.0,,,,,,,,,,,,,1,
C3ZIR2,C3ZIR2_BRAFL,nan,BRAFL,1.0,,,,,,,,,,,,,1,
C3ZF21,C3ZF21_BRAFL,nan,BRAFL,1.0,,,,,,,,,,,,,1,
C4Q5W6,nan,nan,nan,1.0,,,,,,,,,,,,,1,
C3ZAM5,C3ZAM5_BRAFL,nan,BRAFL,1.0,,,,,,,,,,,,,1,
C3ZAJ9,C3ZAJ9_BRAFL,nan,BRAFL,1.0,,,,,,,,,,,,,1,
C3Z6R3,C3Z6R3_BRAFL,nan,BRAFL,1.0,,,,,,,,,,,,,1,
C3Z5H0,C3Z5H0_BRAFL,nan,BRAFL,1.0,,,,,,,,,,,,,1,
C3Z0E4,C3Z0E4_BRAFL,nan,BRAFL,1.0,,,,,,,,,,,,,1,
C3YWZ4,C3YWZ4_BRAFL,nan,BRAFL,1.0,,,,,,,,,,,,,1,
C3YWJ9,C3YWJ9_BRAFL,nan,BRAFL,1.0,,,,,,,,,,,,,1,
C3YT48,C3YT48_BRAFL,nan,BRAFL,1.0,,,,,,,,,,,1,,,
C3YQ41,C3YQ41_BRAFL,nan,BRAFL,1.0,,,,,,,,,,,,,1,
C3YPR1,C3YPR1_BRAFL,nan,BRAFL,1.0,,,,,,,,,,,,,1,
C3YNR4,C3YNR4_BRAFL,nan,BRAFL,1.0,,,,,,,,,,,,,1,
C3YN80,C3YN80_BRAFL,nan,BRAFL,1.0,,,,,,,,,,,,,1,
C4Q5W4,nan,nan,nan,1.0,,,,,,,,,,,,,1,
C4Q5W7,nan,nan,nan,1.0,,,,,,,,,,,,,1,
C5J8Z0,nan,nan,nan,1.0,,,,,,,,,,,,,1,
C4QES3,nan,nan,nan,1.0,,,,,,,,,,,,,1,
C4QMN2,nan,nan,nan,1.0,,,,,,,,,,,,,1,
C4QLN8,nan,nan,nan,1.0,,,,,,,,,,,,,1,
C4QLH8,nan,nan,nan,1.0,,,,,,,,,,,1,,,
C4QKS8,nan,nan,nan,1.0,,,,,,,,,,,,,1,
C4QKF3,C4QKF3_SCHMA,nan,SCHMA,1.0,,,,,,,,,,,,,1,
C4QKA7,nan,nan,nan,1.0,,,,,,,,,,,,,1,
C4QKA6,nan,nan,nan,1.0,,,,,,,,,,,,,1,
C4QIG6,nan,nan,nan,1.0,,,,,,,,,,,,,1,
C4QHA5,nan,nan,nan,1.0,,,,,,,,,,,,,1,
C4QFR6,nan,nan,nan,1.0,,,,,,,,,,,,,1,
C4QFQ7,nan,nan,nan,1.0,,,,,,,,,,,,,1,
C4QFB4,nan,nan,nan,1.0,,,,,,,,,,,,,1,
C4QEK5,nan,nan,nan,1.0,,,,,,,,,,,,,1,
C4Q5W8,nan,nan,nan,1.0,,,,,,,,,,,,,1,
C4QEG7,nan,nan,nan,1.0,,,,,,,,,,,,,1,
C4QEC0,nan,nan,nan,1.0,,,,,,,,,,,,,1,
C4QE96,nan,nan,nan,1.0,,,,,,,,,,,,,1,
C4QD57,nan,nan,nan,1.0,,,,,,,,,,,,,1,
C4QAV5,nan,nan,nan,1.0,,,,,,,,,,,,,1,
C4QAV4,nan,nan,nan,1.0,,,,,,,,,,,,,1,
C4QAV3,nan,nan,nan,1.0,,,,,,,,,,,,,1,
C4QAP1,nan,nan,nan,1.0,,,,,,,,,,,,,1,
C4Q652,nan,nan,nan,1.0,,,,,,,,,,,,,1,
C4Q634,nan,nan,nan,1.0,,,,,,,,,,,,,1,
C4Q5X1,nan,nan,nan,1.0,,,,,,,,,,,,,1,
C4Q5W9,nan,nan,nan,1.0,,,,,,,,,,,,,1,
A8MPV3,nan,nan,nan,1.0,,,,,,,,,,,,,1,
A8DYR7,A8DYR7_CAEEL,nan,CAEEL,1.0,,,,,,,,,,,,,1,
F7FAN2,F7FAN2_MONDO,ENSMODP00000004502,MONDO,1.0,,,,,,,,,,,,,1,
A2EIM9,A2EIM9_TRIVA,nan,TRIVA,1.0,,,,,,,,,,,,,1,
A2EQM5,A2EQM5_TRIVA,nan,TRIVA,1.0,,,,,,,,,,,,,1,
A2EQD0,A2EQD0_TRIVA,nan,TRIVA,1.0,,,,,,,,,,,,,1,
A2EPY5,A2EPY5_TRIVA,nan,TRIVA,1.0,,,,,,,,,,,,,1,
A2EPG1,A2EPG1_TRIVA,nan,TRIVA,1.0,,,,,,,,,,,,,1,
A2EMR6,A2EMR6_TRIVA,nan,TRIVA,1.0,,,,,,,,,,,,1,,
A2EM03,A2EM03_TRIVA,nan,TRIVA,1.0,,,,,,,,,,,,,1,
A2ELG4,A2ELG4_TRIVA,nan,TRIVA,1.0,,,,,,,,,,,,,1,
A2ELC5,A2ELC5_TRIVA,nan,TRIVA,1.0,,,,,,,,,,,1,,,
A2EKX3,A2EKX3_TRIVA,nan,TRIVA,1.0,,,,,,,,,,,,,1,
A2EKI4,A2EKI4_TRIVA,nan,TRIVA,1.0,,,,,,,,,,,1,,,
A2EJU2,A2EJU2_TRIVA,nan,TRIVA,1.0,,,,,,,,,,,,,1,
A2EJ44,A2EJ44_TRIVA,nan,TRIVA,1.0,,,,,,,,,,,,,1,
A2EHY8,A2EHY8_TRIVA,nan,TRIVA,1.0,,,,,,,,,,,,,1,
A2ERB8,A2ERB8_TRIVA,nan,TRIVA,1.0,,,,,,,,,,,,,1,
A2EH94,A2EH94_TRIVA,nan,TRIVA,1.0,,,,,,,,,,,,,1,
A2EH28,A2EH28_TRIVA,nan,TRIVA,1.0,,,,,,,,,,,,,1,
A2EGS2,A2EGS2_TRIVA,nan,TRIVA,1.0,,,,,,,,,,,,,1,
A2EG26,A2EG26_TRIVA,nan,TRIVA,1.0,,,,,,,,,,,,,1,
A2EF33,A2EF33_TRIVA,nan,TRIVA,1.0,,,,,,,,,,,,,1,
A2EET7,A2EET7_TRIVA,nan,TRIVA,1.0,,,,,,,,,,,,,1,
A2EEJ3,A2EEJ3_TRIVA,nan,TRIVA,1.0,,,,,,,,,,,,,1,
A2EC28,A2EC28_TRIVA,nan,TRIVA,1.0,,,,,,,,,,,,,1,
A2EBX2,A2EBX2_TRIVA,nan,TRIVA,1.0,,,,,,,,,,,,,1,
A2EBU9,A2EBU9_TRIVA,nan,TRIVA,1.0,,,,,,,,,,,,,1,
A2E929,A2E929_TRIVA,nan,TRIVA,1.0,,,,,,,,,,,,,1,
A2E8T3,A2E8T3_TRIVA,nan,TRIVA,1.0,,,,,,,,,,,,,1,
A2EQQ6,A2EQQ6_TRIVA,nan,TRIVA,1.0,,,,,,,,,,,,,1,
A2ESG7,A2ESG7_TRIVA,nan,TRIVA,1.0,,,,,,,,,,,,,1,
A2E737,A2E737_TRIVA,nan,TRIVA,1.0,,,,,,,,,,,,,1,
A2F4N9,A2F4N9_TRIVA,nan,TRIVA,1.0,,,,,,,,,,,,,1,
A2F9J8,A2F9J8_TRIVA,nan,TRIVA,1.0,,,,,,,,,,,,,1,
A2F9J1,A2F9J1_TRIVA,nan,TRIVA,1.0,,,,,,,,,,,,,1,
A2F901,A2F901_TRIVA,nan,TRIVA,1.0,,,,,,,,,,,,,1,
A2F8Y3,A2F8Y3_TRIVA,nan,TRIVA,1.0,,,,,,,,,,,,,1,
A2F8F1,A2F8F1_TRIVA,nan,TRIVA,1.0,,,,,,,,,,,,,1,
A2F860,A2F860_TRIVA,nan,TRIVA,1.0,,,,,,,,,,,,,1,
A2F7U2,A2F7U2_TRIVA,nan,TRIVA,1.0,,,,,,,,,,,,,1,
A2F6X8,A2F6X8_TRIVA,nan,TRIVA,1.0,,,,,,,,,,,,,1,
A2F6M0,A2F6M0_TRIVA,nan,TRIVA,1.0,,,,,,,,,,,,,1,
A2F6L9,A2F6L9_TRIVA,nan,TRIVA,1.0,,,,,,,,,,,,,1,
A2F640,A2F640_TRIVA,nan,TRIVA,1.0,,,,,,,,,,,,,1,
A2F5K7,A2F5K7_TRIVA,nan,TRIVA,1.0,,,,,,,,,,,,,1,
A2F156,A2F156_TRIVA,nan,TRIVA,1.0,,,,,,,,,,,,,1,
A2ETC5,A2ETC5_TRIVA,nan,TRIVA,1.0,,,,,,,,,,,,,1,
A2F135,A2F135_TRIVA,nan,TRIVA,1.0,,,,,,,,,,,,,1,
A2F112,A2F112_TRIVA,nan,TRIVA,1.0,,,,,,,,,,,,,1,
A2F0Q2,A2F0Q2_TRIVA,nan,TRIVA,1.0,,,,,,,,,,,,,1,
A2F0Q1,A2F0Q1_TRIVA,nan,TRIVA,1.0,,,,,,,,,,,,,1,
A2F0K0,A2F0K0_TRIVA,nan,TRIVA,1.0,,,,,,,,,,,,,1,
A2EXX1,A2EXX1_TRIVA,nan,TRIVA,1.0,,,,,,,,,,,,,1,
A2EWU6,A2EWU6_TRIVA,nan,TRIVA,1.0,,,,,,,,,,,,,1,
A2EWQ8,A2EWQ8_TRIVA,nan,TRIVA,1.0,,,,,,,,,,,,1,,
A2EWG0,A2EWG0_TRIVA,nan,TRIVA,1.0,,,,,,,,,,,,,1,
A2EVM5,A2EVM5_TRIVA,nan,TRIVA,1.0,,,,,,,,,,,,,1,
A2EVM4,A2EVM4_TRIVA,nan,TRIVA,1.0,,,,,,,,,,,,,1,
A2EUN2,A2EUN2_TRIVA,nan,TRIVA,1.0,,,,,,,,,,,,,1,
A2E771,A2E771_TRIVA,nan,TRIVA,1.0,,,,,,,,,,,,,1,
A2E4A2,A2E4A2_TRIVA,nan,TRIVA,1.0,,,,,,,,,,,,,1,
A2FA75,A2FA75_TRIVA,nan,TRIVA,1.0,,,,,,,,,,,,,1,
A2CEB4,A2CEB4_DANRE,nan,DANRE,1.0,,,,,,,,,,,,,1,
A2DES2,A2DES2_TRIVA,nan,TRIVA,1.0,,,,,,,,,,,,,1,
A2DER5,A2DER5_TRIVA,nan,TRIVA,1.0,,,,,,,,,,,,,1,
A2DE23,A2DE23_TRIVA,nan,TRIVA,1.0,,,,,,,,,,,,,1,
A2DDY5,A2DDY5_TRIVA,nan,TRIVA,1.0,,,,,,,,,,,,,1,
A2DDP1,A2DDP1_TRIVA,nan,TRIVA,1.0,,,,,,,,,,,,,1,
A2DDE8,A2DDE8_TRIVA,nan,TRIVA,1.0,,,,,,,,,,,,,1,
A2DDD0,A2DDD0_TRIVA,nan,TRIVA,1.0,,,,,,,,,,,,,1,
A2DC60,A2DC60_TRIVA,nan,TRIVA,1.0,,,,,,,,,,,,,1,
A2DBH7,A2DBH7_TRIVA,nan,TRIVA,1.0,,,,,,,,,,,,,1,
A2D926,A2D926_TRIVA,nan,TRIVA,1.0,,,,,,,,,,,,,1,
A2D8W9,A2D8W9_TRIVA,nan,TRIVA,1.0,,,,,,,,,,,,,1,
A2D7K4,A2D7K4_TRIVA,nan,TRIVA,1.0,,,,,,,,,,,,,1,
A2BIB0,nan,nan,nan,1.0,,,,,,,,,,,,,1,
A2DFY1,A2DFY1_TRIVA,nan,TRIVA,1.0,,,,,,,,,,,,,1,
A2BHL8,nan,nan,nan,1.0,,,,,,,,,,,,,1,
A2AVI3,nan,nan,nan,1.0,,,,,,,,,,,,,1,
A2A2Z9,AN18B_HUMAN,nan,HUMAN,1.0,,,,,,,,,,,,,1,
A1L275,A1L275_DANRE,nan,DANRE,1.0,,,,,,,,,,,,,1,
A1IH00,A1IH00_DANRE,nan,DANRE,1.0,,,,,,,,,,,,,1,
A1A4L0,SNX4_BOVIN,ENSBTAP00000015120,BOVIN,1.0,,,,,,,,,,,,,1,
A0NDF7,A0NDF7_ANOGA,nan,ANOGA,1.0,,,,,,,,,,,,,1,
A0ND51,A0ND51_ANOGA,nan,ANOGA,1.0,,,,,,,,,,,,,1,
A0NCN7,A0NCN7_ANOGA,nan,ANOGA,1.0,,,,,,,,,,,,,1,
A0MZ66,SHOT1_HUMAN,nan,HUMAN,1.0,,,,,,,,,,,,,1,
A0JNH6,C102A_BOVIN,ENSBTAP00000000588,BOVIN,1.0,,,,,,,,,,,,,1,
A0JMQ7,MTS1A_DANRE,nan,DANRE,1.0,,,,,,,,,,,,,1,
A2DFA4,A2DFA4_TRIVA,nan,TRIVA,1.0,,,,,,,,,,,,,1,
A2DG91,A2DG91_TRIVA,nan,TRIVA,1.0,,,,,,,,,,,,,1,
A2E3P6,A2E3P6_TRIVA,nan,TRIVA,1.0,,,,,,,,,,,,,1,
A2DV16,A2DV16_TRIVA,nan,TRIVA,1.0,,,,,,,,,,,,,1,
A2E032,A2E032_TRIVA,nan,TRIVA,1.0,,,,,,,,,,,,,1,
A2DZF5,A2DZF5_TRIVA,nan,TRIVA,1.0,,,,,,,,,,,,,1,
A2DZ81,A2DZ81_TRIVA,nan,TRIVA,1.0,,,,,,,,,,,,,1,
A2DZ08,A2DZ08_TRIVA,nan,TRIVA,1.0,,,,,,,,,,,,,1,
A2DYN8,A2DYN8_TRIVA,nan,TRIVA,1.0,,,,,,,,,,,,,1,
A2DYN6,A2DYN6_TRIVA,nan,TRIVA,1.0,,,,,,,,,,,,,1,
A2DXJ2,A2DXJ2_TRIVA,nan,TRIVA,1.0,,,,,,,,,,,,,1,
A2DWU5,A2DWU5_TRIVA,nan,TRIVA,1.0,,,,,,,,,,,,,1,
A2DWI6,A2DWI6_TRIVA,nan,TRIVA,1.0,,,,,,,,,,,,,1,
A2DVM8,A2DVM8_TRIVA,nan,TRIVA,1.0,,,,,,,,,,,,,1,
A2DVM1,A2DVM1_TRIVA,nan,TRIVA,1.0,,,,,,,,,,,,,1,
A2DV97,A2DV97_TRIVA,nan,TRIVA,1.0,,,,,,,,,,,,,1,
A2DU96,A2DU96_TRIVA,nan,TRIVA,1.0,,,,,,,,,,,,,1,
A2DG96,A2DG96_TRIVA,nan,TRIVA,1.0,,,,,,,,,,,,,1,
A2DSS7,A2DSS7_TRIVA,nan,TRIVA,1.0,,,,,,,,,,,,,1,
A2DSN1,A2DSN1_TRIVA,nan,TRIVA,1.0,,,,,,,,,,,1,,,
A2DRZ1,A2DRZ1_TRIVA,nan,TRIVA,1.0,,,,,,,,,,,,,1,
A2DQS9,A2DQS9_TRIVA,nan,TRIVA,1.0,,,,,,,,,,,,,1,
A2DNX1,A2DNX1_TRIVA,nan,TRIVA,1.0,,,,,,,,,,,,,1,
A2DMU6,A2DMU6_TRIVA,nan,TRIVA,1.0,,,,,,,,,,,,,1,
A2DM54,A2DM54_TRIVA,nan,TRIVA,1.0,,,,,,,,,,,,,1,
A2DLG1,A2DLG1_TRIVA,nan,TRIVA,1.0,,,,,,,,,,,,,1,
A2DKS1,A2DKS1_TRIVA,nan,TRIVA,1.0,,,,,,,,,,,,,1,
A2DJ99,A2DJ99_TRIVA,nan,TRIVA,1.0,,,,,,,,,,,,,1,
A2DHF7,A2DHF7_TRIVA,nan,TRIVA,1.0,,,,,,,,,,,,,1,
A2DGV9,A2DGV9_TRIVA,nan,TRIVA,1.0,,,,,,,,,,,,,1,
A2F9N9,A2F9N9_TRIVA,nan,TRIVA,1.0,,,,,,,,,,,,,1,
A2FAC7,A2FAC7_TRIVA,nan,TRIVA,1.0,,,,,,,,,,,,1,,
A8DY79,A8DY79_DROME,nan,DROME,1.0,,,,,,,,,,,,,1,
A7MB59,A7MB59_BOVIN,ENSBTAP00000003210,BOVIN,1.0,,,,,,,,,,,,,1,
A7S6N1,A7S6N1_NEMVE,nan,NEMVE,1.0,,,,,,,,,,,1,,,
A7S5X0,A7S5X0_NEMVE,nan,NEMVE,1.0,,,,,,,,,,,,,1,
A7S4M3,A7S4M3_NEMVE,nan,NEMVE,1.0,,,,,,,,,,,,,1,
A7S1K9,A7S1K9_NEMVE,nan,NEMVE,1.0,,,,,,,,,,,,,1,
A7RUM4,A7RUM4_NEMVE,nan,NEMVE,1.0,,,,,,,,,,,,,1,
A7RT63,A7RT63_NEMVE,nan,NEMVE,1.0,,,,,,,,,,,,,1,
A7RP50,A7RP50_NEMVE,nan,NEMVE,1.0,,,,,,,,,,,,,1,
A7RNQ3,A7RNQ3_NEMVE,nan,NEMVE,1.0,,,,,,,,,,,,,1,
A7RK74,A7RK74_NEMVE,nan,NEMVE,1.0,,,,,,,,,,,,,1,
A7RGV7,A7RGV7_NEMVE,nan,NEMVE,1.0,,,,,,,,,,,,,1,
A7RFF3,A7RFF3_NEMVE,nan,NEMVE,1.0,,,,,,,,,,,1,,,
A7REN9,A7REN9_NEMVE,nan,NEMVE,1.0,,,,,,,,,,,,,1,
A7MB30,A7MB30_BOVIN,ENSBTAP00000017060,BOVIN,1.0,,,,,,,,,,,,,1,
A7S9D2,A7S9D2_NEMVE,nan,NEMVE,1.0,,,,,,,,,,,,,1,
A7FA05,A7FA05_SCLS1,nan,SCLS1,1.0,,,,,,,,,,,,,1,
A7F0A8,A7F0A8_SCLS1,nan,SCLS1,1.0,,,,,,,,,,,1,,,
A7EWP4,A7EWP4_SCLS1,nan,SCLS1,1.0,,,,,,,,,,,1,,,
A7EPY7,A7EPY7_SCLS1,nan,SCLS1,1.0,,,,,,,,,,,,,1,
A7EP81,A7EP81_SCLS1,nan,SCLS1,1.0,,,,,,,,,,,1,,,
A7ENW5,A7ENW5_SCLS1,nan,SCLS1,1.0,,,,,,,,,,,,,1,
A7EM00,A7EM00_SCLS1,nan,SCLS1,1.0,,,,,,,,,,,,,1,
A7EL31,A7EL31_SCLS1,nan,SCLS1,1.0,,,,,,,,,,,,,1,
A7EFC4,A7EFC4_SCLS1,nan,SCLS1,1.0,,,,,,,,,,,,,1,
A7EE18,A7EE18_SCLS1,nan,SCLS1,1.0,,,,,,,,,,,,,1,
A7ED85,A7ED85_SCLS1,nan,SCLS1,1.0,,,,,,,,,,,,,1,
A7ECZ4,A7ECZ4_SCLS1,nan,SCLS1,1.0,,,,,,,,,,,,,1,
A7S8J6,A7S8J6_NEMVE,nan,NEMVE,1.0,,,,,,,,,,,,,1,
A7SC81,A7SC81_NEMVE,nan,NEMVE,1.0,,,,,,,,,,,,,1,
A6V3V9,A6V3V9_PSEA7,nan,PSEA7,1.0,,,,,,,,,,,1,,,
A7UTP9,A7UTP9_ANOGA,nan,ANOGA,1.0,,,,,,,,,,,,,1,
A8BXQ9,A8BXQ9_GIAIC,nan,GIAIC,1.0,,,,,,,,,,,,,1,
A8BQF9,A8BQF9_GIAIC,nan,GIAIC,1.0,,,,,,,,,,,,,1,
A8BER9,A8BER9_GIAIC,nan,GIAIC,1.0,,,,,,,,,,,,,1,
A8B9Q0,A8B9Q0_GIAIC,nan,GIAIC,1.0,,,,,,,,,,,1,,,
A8B8X0,A8B8X0_GIAIC,nan,GIAIC,1.0,,,,,,,,,,,1,,,
A8B740,A8B740_GIAIC,nan,GIAIC,1.0,,,,,,,,,,,,,1,
A8B6W9,A8B6W9_GIAIC,nan,GIAIC,1.0,,,,,,,,,,,,,1,
A8B5M0,A8B5M0_GIAIC,nan,GIAIC,1.0,,,,,,,,,,,,,1,
A8B296,A8B296_GIAIC,nan,GIAIC,1.0,,,,,,,,,,,,,1,
A7UV09,A7UV09_ANOGA,nan,ANOGA,1.0,,,,,,,,,,,,,1,
A7UUP3,A7UUP3_ANOGA,nan,ANOGA,1.0,,,,,,,,,,,,,1,
A7UUH8,A7UUH8_ANOGA,nan,ANOGA,1.0,,,,,,,,,,,,,1,
A7URF9,A7URF9_ANOGA,nan,ANOGA,1.0,,,,,,,,,,,,,1,
A7SF82,A7SF82_NEMVE,nan,NEMVE,1.0,,,,,,,,,,,,,1,
A7T385,A7T385_NEMVE,nan,NEMVE,1.0,,,,,,,,,,,,,1,
A7SXV9,A7SXV9_NEMVE,nan,NEMVE,1.0,,,,,,,,,,,,,1,
A7SW17,A7SW17_NEMVE,nan,NEMVE,1.0,,,,,,,,,,,,,1,
A7SUB4,A7SUB4_NEMVE,nan,NEMVE,1.0,,,,,,,,,,,,,1,
A7SS20,A7SS20_NEMVE,nan,NEMVE,1.0,,,,,,,,,,,,,1,
A7SQP0,A7SQP0_NEMVE,nan,NEMVE,1.0,,,,,,,,,,,,,1,
A7SQE6,A7SQE6_NEMVE,nan,NEMVE,1.0,,,,,,,,,,,,,1,
A7SPT5,A7SPT5_NEMVE,nan,NEMVE,1.0,,,,,,,,,,,,,1,
A7SP72,A7SP72_NEMVE,nan,NEMVE,1.0,,,,,,,,,,,,,1,
A7SN36,A7SN36_NEMVE,nan,NEMVE,1.0,,,,,,,,,,,,,1,
A7SKD8,A7SKD8_NEMVE,nan,NEMVE,1.0,,,,,,,,,,,,,1,
A7SJM7,A7SJM7_NEMVE,nan,NEMVE,1.0,,,,,,,,,,,,,1,
A6VAV0,A6VAV0_PSEA7,nan,PSEA7,1.0,,,,,,,1,,,,,,,
A6QLS4,A6QLS4_BOVIN,ENSBTAP00000021265,BOVIN,1.0,,,,,,,,,,,,,1,
A2FAK5,A2FAK5_TRIVA,nan,TRIVA,1.0,,,,,,,,,,,,,1,
A2FMV8,A2FMV8_TRIVA,nan,TRIVA,1.0,,,,,,,,,,,,,1,
A2FY22,A2FY22_TRIVA,nan,TRIVA,1.0,,,,,,,,,,,,,1,
A2FXN9,A2FXN9_TRIVA,nan,TRIVA,1.0,,,,,,,,,,,,,1,
A2FVQ3,A2FVQ3_TRIVA,nan,TRIVA,1.0,,,,,,,,,,,,,1,
A2FUM1,A2FUM1_TRIVA,nan,TRIVA,1.0,,,,,,,,,,,,,1,
A2FU34,A2FU34_TRIVA,nan,TRIVA,1.0,,,,,,,,,,,,,1,
A2FTZ2,A2FTZ2_TRIVA,nan,TRIVA,1.0,,,,,,,,,,,,,1,
A2FSU7,A2FSU7_TRIVA,nan,TRIVA,1.0,,,,,,,,,,,,,1,
A2FSU5,A2FSU5_TRIVA,nan,TRIVA,1.0,,,,,,,,,,,,,1,
A2FRC3,A2FRC3_TRIVA,nan,TRIVA,1.0,,,,,,,,,,,,,1,
A2FRB9,A2FRB9_TRIVA,nan,TRIVA,1.0,,,,,,,,,,,,,1,
A2FQT6,A2FQT6_TRIVA,nan,TRIVA,1.0,,,,,,,,,,,,,1,
A2FNA9,A2FNA9_TRIVA,nan,TRIVA,1.0,,,,,,,,,,,,,1,
A2FMQ9,A2FMQ9_TRIVA,nan,TRIVA,1.0,,,,,,,,,,,,,1,
A2FYV1,A2FYV1_TRIVA,nan,TRIVA,1.0,,,,,,,,,,,,,1,
A2FMF0,A2FMF0_TRIVA,nan,TRIVA,1.0,,,,,,,,,,,,,1,
A2FM33,A2FM33_TRIVA,nan,TRIVA,1.0,,,,,,,,,,,,,1,
A2FLX8,A2FLX8_TRIVA,nan,TRIVA,1.0,,,,,,,,,,,,,1,
A2FLW6,A2FLW6_TRIVA,nan,TRIVA,1.0,,,,,,,,,,,,,1,
A2FKS2,A2FKS2_TRIVA,nan,TRIVA,1.0,,,,,,,,,,,,,1,
A2FHC4,A2FHC4_TRIVA,nan,TRIVA,1.0,,,,,,,,,,,,,1,
A2FH06,A2FH06_TRIVA,nan,TRIVA,1.0,,,,,,,,,,,,,1,
A2FGV2,A2FGV2_TRIVA,nan,TRIVA,1.0,,,,,,,,,,,,,1,
A2FF90,A2FF90_TRIVA,nan,TRIVA,1.0,,,,,,,,,,,,,1,
A2FE22,A2FE22_TRIVA,nan,TRIVA,1.0,,,,,,,,,,,,,1,
A2FDK3,A2FDK3_TRIVA,nan,TRIVA,1.0,,,,,,,,,,,,,1,
A2FDG8,A2FDG8_TRIVA,nan,TRIVA,1.0,,,,,,,,,,,,,1,
A2FY63,A2FY63_TRIVA,nan,TRIVA,1.0,,,,,,,,,,,,,1,
A2FYY0,A2FYY0_TRIVA,nan,TRIVA,1.0,,,,,,,,,,,,,1,
A6PWD2,FHAD1_MOUSE,ENSMUSP00000101405,MOUSE,1.0,,,,,,,,,,,,,1,
A2GFR4,A2GFR4_TRIVA,nan,TRIVA,1.0,,,,,,,,,,,1,,,
A5WUE6,nan,nan,nan,1.0,,,,,,,,,,,,,1,
A5PN27,A5PN27_DANRE,nan,DANRE,1.0,1,,,,,,,,,,,,,
A5PMM5,A5PMM5_DANRE,nan,DANRE,1.0,,,,,,,,,,,,,1,
A5PLI1,A5PLI1_DANRE,nan,DANRE,1.0,,,,,,,,,,,,,1,
A5PJJ1,A5PJJ1_BOVIN,ENSBTAP00000023926,BOVIN,1.0,,,,,,,,,,,,,1,
A5D7A5,A5D7A5_BOVIN,ENSBTAP00000006036,BOVIN,1.0,,,,,,,,,,,,,1,
A4IG44,A4IG44_DANRE,nan,DANRE,1.0,,,,,,,,,,,,,1,
A4IFN6,A4IFN6_BOVIN,ENSBTAP00000040053,BOVIN,1.0,,,,,,,,,,,,,1,
A3KQH2,A3KQH2_DANRE,nan,DANRE,1.0,,,,,,,,,,,,,1,
A3KGV1,ODFP2_MOUSE,nan,MOUSE,1.0,,,,,,,,,,,,,1,
A2HJM9,A2HJM9_TRIVA,nan,TRIVA,1.0,,,,,,,,,,,,,1,
A2GM00,A2GM00_TRIVA,nan,TRIVA,1.0,,,,,,,,,,,,1,,
A2GD49,A2GD49_TRIVA,nan,TRIVA,1.0,,,,,,,,,,,,,1,
A2G053,A2G053_TRIVA,nan,TRIVA,1.0,,,,,,,,,,,,,1,
A2GC89,A2GC89_TRIVA,nan,TRIVA,1.0,,,,,,,,,,,,,1,
A2GBW1,A2GBW1_TRIVA,nan,TRIVA,1.0,,,,,,,,,,,,,1,
A2GB01,A2GB01_TRIVA,nan,TRIVA,1.0,,,,,,,,,,,,,1,
A2GAN7,A2GAN7_TRIVA,nan,TRIVA,1.0,,,,,,,,,,,,,1,
A2G9D2,A2G9D2_TRIVA,nan,TRIVA,1.0,,,,,,,,,,,,,1,
A2G757,A2G757_TRIVA,nan,TRIVA,1.0,,,,,,,,,,,,,1,
A2G6N6,A2G6N6_TRIVA,nan,TRIVA,1.0,,,,,,,,,,,,,1,
A2G5Q5,A2G5Q5_TRIVA,nan,TRIVA,1.0,,,,,,,,,,,,,1,
A2G4T1,A2G4T1_TRIVA,nan,TRIVA,1.0,,,,,,,,,,,,,1,
A2G463,A2G463_TRIVA,nan,TRIVA,1.0,,,,,,,,,,,,,1,
A2G2W1,A2G2W1_TRIVA,nan,TRIVA,1.0,,,,,,,,,,,,,1,
A2G272,A2G272_TRIVA,nan,TRIVA,1.0,,,,,,,,,,,,,1,
E1BJB4,E1BJB4_BOVIN,ENSBTAP00000016585,BOVIN,1.0,,,,,,,,,,,,,1,
E1BKH6,E1BKH6_BOVIN,ENSBTAP00000000106,BOVIN,1.0,,,,,,,,,,,,,1,
E1BKN3,E1BKN3_BOVIN,ENSBTAP00000011189,BOVIN,1.0,,,,,,,,,,,,,1,
F6UXN3,F6UXN3_XENTR,ENSXETP00000029829,XENTR,1.0,,,,,,,,,,,,,1,
F6VSX1,F6VSX1_XENTR,ENSXETP00000017348,XENTR,1.0,,,,,,,,,,,,,1,
F6VQV7,F6VQV7_MACMU,ENSMMUP00000020858,MACMU,1.0,,,,,,,,,,,,,1,
F6VQK0,F6VQK0_CIOIN,ENSCINP00000029781,CIOIN,1.0,,,,,,,,,,,,,1,
F6VPZ1,F6VPZ1_CIOIN,ENSCINP00000000936,CIOIN,1.0,,,,,,,,,,,,,1,
F6VNU1,F6VNU1_MACMU,ENSMMUP00000004024,MACMU,1.0,,,,,,,,,,,,,1,
F6VLN8,F6VLN8_ORNAN,ENSOANP00000022462,ORNAN,1.0,,,,,,,,,,,,,1,
F6VGA5,F6VGA5_XENTR,ENSXETP00000035249,XENTR,1.0,,,,,,,,,,,,,1,
F6VFE7,F6VFE7_MACMU,ENSMMUP00000030325,MACMU,1.0,,,,,,,,,,,,,1,
F6V6D4,F6V6D4_MONDO,ENSMODP00000005912,MONDO,1.0,,,,,,,,,,,,,1,
F6V533,F6V533_CANFA,ENSCAFP00000001188,CANFA,1.0,,,,,,,,,,,1,,,
F6V4N5,F6V4N5_XENTR,ENSXETP00000012039,XENTR,1.0,,,,,,,,,,,,,1,
F6UY64,F6UY64_CANFA,ENSCAFP00000031847,CANFA,1.0,,,,,,,,,,,,,1,
F6UX86,F6UX86_XENTR,ENSXETP00000033098,XENTR,1.0,,,,,,,,,,,,,1,
F6VTF4,F6VTF4_CIOIN,ENSCINP00000012345,CIOIN,1.0,,,,,,,,,,,,,1,
F6UTD4,F6UTD4_CIOIN,ENSCINP00000011281,CIOIN,1.0,,,,,,,,,,,,,1,
F6USY8,F6USY8_CIOIN,ENSCINP00000009207,CIOIN,1.0,,,,,,,,,,,,,1,
F6UQD2,F6UQD2_CIOIN,ENSCINP00000028666,CIOIN,1.0,,,,,,,,,,,,,1,
F6UMF1,F6UMF1_CANFA,ENSCAFP00000012680,CANFA,1.0,,,,,,,,,,,,,1,
F6UK45,F6UK45_CIOIN,ENSCINP00000003405,CIOIN,1.0,,,,,,,,,,,,,1,
F6UJH6,F6UJH6_XENTR,ENSXETP00000053274,XENTR,1.0,,,,,,,,,,,1,,,
F6UJC0,F6UJC0_XENTR,ENSXETP00000053285,XENTR,1.0,,,,,,,,,,,,,1,
F6UHH2,F6UHH2_MONDO,ENSMODP00000014527,MONDO,1.0,,,,,,,,,,,,,1,
F6UHC9,F6UHC9_CIOIN,ENSCINP00000008817,CIOIN,1.0,,,,,,,,,,,,,1,
F6UGD9,F6UGD9_XENTR,ENSXETP00000022515,XENTR,1.0,,,,,,,,,,,1,,,
F6UBV0,F6UBV0_MONDO,ENSMODP00000005205,MONDO,1.0,,,,,,,,,,,,,1,
F6UAT5,F6UAT5_MACMU,ENSMMUP00000023258,MACMU,1.0,,,,,,,,,,,,,1,
F6VT97,F6VT97_MACMU,ENSMMUP00000021934,MACMU,1.0,,,,,,,,,,,,,1,
F6VWT2,F6VWT2_MONDO,ENSMODP00000008989,MONDO,1.0,,,,,,,,,,,1,,,
F6U906,F6U906_MONDO,ENSMODP00000031856,MONDO,1.0,,,,,,,,,,,,,1,
F6WRD6,F6WRD6_MACMU,ENSMMUP00000011161,MACMU,1.0,,,,,,,,,,,,,1,
F6XPA4,F6XPA4_CANFA,ENSCAFP00000003966,CANFA,1.0,,,,,,,,,,,,,1,
F6XIL6,F6XIL6_CIOIN,ENSCINP00000007615,CIOIN,1.0,,,,,,,,,,,,,1,
F6XGT6,F6XGT6_ORNAN,ENSOANP00000001985,ORNAN,1.0,,,,,,,,,,,,,1,
F6XFF5,F6XFF5_CANFA,ENSCAFP00000015612,CANFA,1.0,,,,,,,,,,,,,1,
F6XD61,F6XD61_CIOIN,ENSCINP00000023717,CIOIN,1.0,,,,,,,,,,,,,1,
F6XCU5,F6XCU5_MONDO,ENSMODP00000007317,MONDO,1.0,,,,,,,,,,,,,1,
F6XCQ4,F6XCQ4_MONDO,ENSMODP00000021602,MONDO,1.0,,,,,,,,,,,,,1,
F6XCB6,F6XCB6_ORNAN,ENSOANP00000008132,ORNAN,1.0,,,,,,,,,,,,,1,
F6X156,F6X156_XENTR,ENSXETP00000038983,XENTR,1.0,,,,,,,,,,,,,1,
F6WXK8,F6WXK8_MONDO,ENSMODP00000021489,MONDO,1.0,,,,,,,,,,,,,1,
F6WXC5,F6WXC5_CIOIN,ENSCINP00000019061,CIOIN,1.0,,,,,,,,,,,,,1,
F6WSY8,F6WSY8_ORNAN,ENSOANP00000009913,ORNAN,1.0,,,,,,,,,,,,,1,
F6WRA7,F6WRA7_MACMU,ENSMMUP00000011164,MACMU,1.0,,,,,,,,,,,,,1,
F6VYU4,F6VYU4_MONDO,ENSMODP00000019361,MONDO,1.0,,,,,,,,,,,,,1,
F6WMR1,F6WMR1_MONDO,ENSMODP00000024661,MONDO,1.0,,,,,,,,,,,,,1,
F6WML7,F6WML7_ORNAN,ENSOANP00000013564,ORNAN,1.0,,,,,,,,,,,,,1,
F6WL66,F6WL66_XENTR,ENSXETP00000050517,XENTR,1.0,,,,,,,,,,,,,1,
F6WIS8,F6WIS8_MONDO,ENSMODP00000002186,MONDO,1.0,,,,,,,,,,,,,1,
F6WI51,F6WI51_MONDO,ENSMODP00000038117,MONDO,1.0,,,,,,,,,,,,,1,
F6WHW2,F6WHW2_XENTR,ENSXETP00000043860,XENTR,1.0,,,,,,,,,,,,,1,
F6WE84,F6WE84_MACMU,ENSMMUP00000030160,MACMU,1.0,,,,,,,,,,,,,1,
F6WBG6,F6WBG6_ORNAN,ENSOANP00000010862,ORNAN,1.0,,,,,,,,,,,,,1,
F6WB99,F6WB99_CIOIN,ENSCINP00000002206,CIOIN,1.0,,,,,,,,,,,,,1,
F6W5W5,F6W5W5_MACMU,ENSMMUP00000007452,MACMU,1.0,,,,,,,,,,,,,1,
F6W1P5,F6W1P5_MONDO,ENSMODP00000002329,MONDO,1.0,,,,,,,,,,,,,1,
F6W156,F6W156_ORNAN,ENSOANP00000023852,ORNAN,1.0,,,,,,,,,,,,,1,
F6UAF4,F6UAF4_MACMU,ENSMMUP00000035234,MACMU,1.0,,,,,,,,,,,,,1,
F6U8Y3,F6U8Y3_MACMU,ENSMMUP00000026834,MACMU,1.0,,,,,,,,,,,,,1,
F6Y037,F6Y037_CANFA,ENSCAFP00000027843,CANFA,1.0,,,,,,,,,,,,,1,
F6R7N6,F6R7N6_ORNAN,ENSOANP00000001827,ORNAN,1.0,,,,,,,,,,,,,1,
F6SDZ0,F6SDZ0_CIOIN,ENSCINP00000000757,CIOIN,1.0,,,,,,,,,,,,,1,
F6SCL3,F6SCL3_ORNAN,ENSOANP00000016977,ORNAN,1.0,,,,,,,,,,,,,1,
F6S9V4,F6S9V4_MONDO,ENSMODP00000000960,MONDO,1.0,,,,,,,,,,,,,1,
F6RVZ2,F6RVZ2_MACMU,ENSMMUP00000037367,MACMU,1.0,,,,,,,,,,,,,1,
F6RPM9,F6RPM9_MACMU,ENSMMUP00000001537,MACMU,1.0,,,,,,,,,,,,,1,
F6RNW6,F6RNW6_MACMU,ENSMMUP00000018067,MACMU,1.0,,,,,,,,,,,,,1,
F6RNV8,F6RNV8_MACMU,ENSMMUP00000018068,MACMU,1.0,,,,,,,,,,,,,1,
F6RN00,F6RN00_XENTR,ENSXETP00000054006,XENTR,1.0,,,,,,,,,,,,,1,
F6RH16,F6RH16_CIOIN,ENSCINP00000023948,CIOIN,1.0,,,,,,,,,,,,,1,
F6RGG6,F6RGG6_MACMU,ENSMMUP00000025511,MACMU,1.0,,,,,,,,,,,,,1,
F6RFN1,F6RFN1_XENTR,ENSXETP00000046180,XENTR,1.0,,,,,,,,,,,,,1,
F6RDM8,F6RDM8_MONDO,ENSMODP00000000063,MONDO,1.0,,,,,,,,,,,,,1,
F6R7B5,F6R7B5_CIOIN,ENSCINP00000018342,CIOIN,1.0,,,,,,,,,,,,,1,
F6SHK6,F6SHK6_MONDO,ENSMODP00000036034,MONDO,1.0,,,,,,,,,,,,,1,
F6R5G9,F6R5G9_MONDO,ENSMODP00000005611,MONDO,1.0,,,,,,,,,,,,,1,
F6R310,F6R310_MACMU,ENSMMUP00000001084,MACMU,1.0,,,,,,,,,,,,,1,
F6R122,F6R122_ORNAN,ENSOANP00000022516,ORNAN,1.0,,,,,,,,,,,,,1,
F6R0G6,F6R0G6_MACMU,ENSMMUP00000013584,MACMU,1.0,,,,,,,,,,,,,1,
F6R0F5,F6R0F5_MACMU,ENSMMUP00000013585,MACMU,1.0,,,,,,,,,,,,,1,
F6QWF4,F6QWF4_MONDO,ENSMODP00000026427,MONDO,1.0,,,,,,,,,,,,,1,
F6QVT1,F6QVT1_MONDO,ENSMODP00000022916,MONDO,1.0,,,,,,,,,,,,,1,
F6QUM4,F6QUM4_ORNAN,ENSOANP00000017183,ORNAN,1.0,,,,,,,,,,,,,1,
F6QUC5,F6QUC5_MACMU,ENSMMUP00000013071,MACMU,1.0,,,,,,,,,,,,,1,
F6QUC0,F6QUC0_MONDO,ENSMODP00000022933,MONDO,1.0,,,,,,,,,,,,,1,
F6QN47,F6QN47_MACMU,ENSMMUP00000001420,MACMU,1.0,,,,,,,,,,,,,1,
F6QK42,F6QK42_XENTR,ENSXETP00000042871,XENTR,1.0,,,,,,,,,,,,,1,
F6SER7,F6SER7_ORNAN,ENSOANP00000028745,ORNAN,1.0,,,,,,,,,,,,,1,
F6SM01,F6SM01_MONDO,ENSMODP00000021575,MONDO,1.0,,,,,,,,,,,,,1,
F6U7C5,F6U7C5_MACMU,ENSMMUP00000019892,MACMU,1.0,,,,,,,,,,,,,1,
F6TI87,F6TI87_MACMU,ENSMMUP00000030289,MACMU,1.0,,,,,,,,,,,1,,,
F6U6R6,F6U6R6_XENTR,ENSXETP00000048718,XENTR,1.0,,,,,,,,,,,,,1,
F6U336,F6U336_MONDO,ENSMODP00000019068,MONDO,1.0,,,,,,,,,,,,,1,
F6U254,F6U254_CIOIN,ENSCINP00000023805,CIOIN,1.0,,,,,,,,,,,,,1,
F6U1G8,F6U1G8_ORNAN,ENSOANP00000020518,ORNAN,1.0,,,,,,,,,,,,,1,
F6TZZ6,F6TZZ6_MACMU,ENSMMUP00000014539,MACMU,1.0,,,,,,,,,,,,,1,
F6TYV3,F6TYV3_MONDO,ENSMODP00000003921,MONDO,1.0,,,,,,,,,,,,,1,
F6TWN1,F6TWN1_MACMU,ENSMMUP00000019534,MACMU,1.0,,,,,,,,,,,,,1,
F6TTI7,F6TTI7_XENTR,ENSXETP00000010166,XENTR,1.0,,,,,,,,,,,,,1,
F6TND6,F6TND6_MACMU,ENSMMUP00000019593,MACMU,1.0,,,,,,,,,,,,,1,
F6TN60,F6TN60_MONDO,ENSMODP00000005994,MONDO,1.0,,,,,,,,,,,,,1,
F6TME5,F6TME5_MACMU,ENSMMUP00000002713,MACMU,1.0,,,,,,,,,,,,,1,
F6TKI6,F6TKI6_MACMU,ENSMMUP00000007761,MACMU,1.0,,,,,,,,,,,,,1,
F6THX2,F6THX2_MACMU,ENSMMUP00000011104,MACMU,1.0,,,,,,,,,,,,,1,
F6SP00,F6SP00_CIOIN,ENSCINP00000010089,CIOIN,1.0,,,,,,,,,,,,,1,
F6THV5,F6THV5_MACMU,ENSMMUP00000011106,MACMU,1.0,,,,,,,,,,,,,1,
F6TEJ9,F6TEJ9_CIOIN,ENSCINP00000023598,CIOIN,1.0,,,,,,,,,,,,,1,
F6TEJ1,F6TEJ1_ORNAN,ENSOANP00000016338,ORNAN,1.0,,,,,,,,,,,,,1,
F6TCQ8,F6TCQ8_ORNAN,ENSOANP00000004569,ORNAN,1.0,,,,,,,,,,,,,1,
F6TB78,F6TB78_XENTR,ENSXETP00000019103,XENTR,1.0,,,,,,,,,,,1,,,
F6T5J5,F6T5J5_MACMU,ENSMMUP00000020483,MACMU,1.0,,,,,,,,,,,,,1,
F6T4A4,F6T4A4_MACMU,ENSMMUP00000028874,MACMU,1.0,,,,,,,,,,,,,1,
F6T3N9,F6T3N9_MACMU,ENSMMUP00000009705,MACMU,1.0,,,,,,,,,,,,,1,
F6SYL2,F6SYL2_ORNAN,ENSOANP00000022091,ORNAN,1.0,,,,,,,,,,,,,1,
F6SVX1,F6SVX1_MONDO,ENSMODP00000005403,MONDO,1.0,,,,,,,,,,,,,1,
F6STL9,F6STL9_MACMU,ENSMMUP00000009932,MACMU,1.0,,,,,,,,,,,,,1,
F6SR49,F6SR49_MACMU,ENSMMUP00000001338,MACMU,1.0,,,,,,,,,,,,,1,
F6XY62,F6XY62_MACMU,ENSMMUP00000005321,MACMU,1.0,,,,,,,,,,,,,1,
F6Y057,F6Y057_CANFA,ENSCAFP00000027841,CANFA,1.0,,,,,,,,,,,,,1,
E1BKQ6,E1BKQ6_BOVIN,ENSBTAP00000023111,BOVIN,1.0,,,,,,,,,,,,,1,
F7CRB3,F7CRB3_MONDO,ENSMODP00000035538,MONDO,1.0,,,,,,,1,,,,,,,
F7DEU7,F7DEU7_XENTR,ENSXETP00000051403,XENTR,1.0,,,,,,,,,,,,,1,
F7DDR5,F7DDR5_XENTR,ENSXETP00000051664,XENTR,1.0,,,,,,,,,,,,,1,
F7DDM5,F7DDM5_ORNAN,ENSOANP00000019098,ORNAN,1.0,,,,,,,,,,,,,1,
F7DC44,F7DC44_MONDO,ENSMODP00000004243,MONDO,1.0,,,,,,,,,,,,,1,
F7DA68,F7DA68_MONDO,ENSMODP00000023555,MONDO,1.0,,,,,,,,,,,,,1,
F7D6K9,F7D6K9_ORNAN,ENSOANP00000017458,ORNAN,1.0,,,,,,,,,,,,,1,
F7D5Z0,F7D5Z0_MACMU,ENSMMUP00000001837,MACMU,1.0,,,,,,,,,,,,,1,
F7D3S8,F7D3S8_MONDO,ENSMODP00000020684,MONDO,1.0,,,,,,,,,,,1,,,
F7D2G5,F7D2G5_XENTR,ENSXETP00000009700,XENTR,1.0,,,,,,,,,,,,,1,
F7D003,F7D003_MONDO,ENSMODP00000022170,MONDO,1.0,,,,,,,,,,,,,1,
F7CWK9,F7CWK9_MACMU,ENSMMUP00000027094,MACMU,1.0,,,,,,,,,,,,,1,
F7CVH4,F7CVH4_MONDO,ENSMODP00000026737,MONDO,1.0,,,,,,,,,,,,,1,
F7CPR3,F7CPR3_MONDO,ENSMODP00000011727,MONDO,1.0,,,,,,,,,,,,,1,
F7DIK1,F7DIK1_XENTR,ENSXETP00000051652,XENTR,1.0,,,,,,,,,,,,,1,
F7CPF6,F7CPF6_MACMU,ENSMMUP00000034209,MACMU,1.0,,,,,,,,,,,,,1,
F7CNZ6,F7CNZ6_MONDO,ENSMODP00000016766,MONDO,1.0,,,,,,,,,,,,,1,
F7CMC5,F7CMC5_MONDO,ENSMODP00000004967,MONDO,1.0,,,,,,,,,,,1,,,
F7CL14,F7CL14_MONDO,ENSMODP00000009982,MONDO,1.0,,,,,,,,,,,,,1,
F7CKK8,F7CKK8_MACMU,ENSMMUP00000025688,MACMU,1.0,,,,,,,,,,,,,1,
F7CJX2,F7CJX2_ORNAN,ENSOANP00000011586,ORNAN,1.0,,,,,,,,,,,,,1,
F7CJR3,F7CJR3_ORNAN,ENSOANP00000009458,ORNAN,1.0,,,,,,,,,,,,,1,
F7CIV0,F7CIV0_XENTR,ENSXETP00000020161,XENTR,1.0,,,,,,,,,,,,,1,
F7CAG6,F7CAG6_MACMU,ENSMMUP00000025892,MACMU,1.0,,,,,,,,,,,,,1,
F7CA74,F7CA74_XENTR,ENSXETP00000028140,XENTR,1.0,,,,,,,,,,,,,1,
F7C9V0,F7C9V0_MACMU,ENSMMUP00000022102,MACMU,1.0,,,,,,,,,,,,,1,
F7C8E0,F7C8E0_XENTR,ENSXETP00000006760,XENTR,1.0,,,,,,,,,,,,,1,
F7DGI4,F7DGI4_MACMU,ENSMMUP00000004184,MACMU,1.0,1,,,,,,,,,,,,,
F7DMQ2,F7DMQ2_MACMU,ENSMMUP00000009365,MACMU,1.0,,,,,,,,,,,,,1,
F7C3G0,F7C3G0_MONDO,ENSMODP00000016956,MONDO,1.0,,,,,,,,,,,,,1,
F7EH75,F7EH75_XENTR,ENSXETP00000051537,XENTR,1.0,,,,,,,,,,,,,1,
F7F6S0,F7F6S0_MACMU,ENSMMUP00000028382,MACMU,1.0,,,,,,,,,,,,,1,
F7F4A1,F7F4A1_MACMU,ENSMMUP00000011355,MACMU,1.0,,,,,,,,,,,,,1,
F7F3H1,F7F3H1_ORNAN,ENSOANP00000024906,ORNAN,1.0,,,,,,,,,,,1,,,
F7EVZ3,F7EVZ3_ORNAN,ENSOANP00000000981,ORNAN,1.0,,,,,,,,,,,,,1,
F7EUM1,F7EUM1_XENTR,ENSXETP00000028906,XENTR,1.0,,,,,,,,,,,,,1,
F7ETA1,F7ETA1_ORNAN,ENSOANP00000002571,ORNAN,1.0,,,,,,,,,,,,,1,
F7EPF8,F7EPF8_ORNAN,ENSOANP00000012752,ORNAN,1.0,,,,,,,,,,,,1,,
F7EP76,F7EP76_ORNAN,ENSOANP00000000789,ORNAN,1.0,,,,,,,,,,,,,1,
F7EP65,F7EP65_MONDO,ENSMODP00000025663,MONDO,1.0,,,,,,,,,,,,,1,
F7EN86,F7EN86_MACMU,ENSMMUP00000016758,MACMU,1.0,,,,,,,,,,,,,1,
F7ELR7,F7ELR7_MONDO,ENSMODP00000010111,MONDO,1.0,,,,,,,,,,,,,1,
F7EHP0,F7EHP0_XENTR,ENSXETP00000009802,XENTR,1.0,,,,,,,,,,,,,1,
F7EDM2,F7EDM2_MACMU,ENSMMUP00000009621,MACMU,1.0,,,,,,,,,,,,,1,
A0AUQ3,A0AUQ3_DANRE,nan,DANRE,1.0,,,,,,,,,,,,,1,
F7E9V0,F7E9V0_MONDO,ENSMODP00000009907,MONDO,1.0,,,,,,,,,,,,,1,
F7E9I8,F7E9I8_MACMU,ENSMMUP00000023938,MACMU,1.0,,,,,,,,,,,,,1,
F7E6E6,F7E6E6_MACMU,ENSMMUP00000028271,MACMU,1.0,,,,,,,,,,,,,1,
F7E4E2,F7E4E2_MONDO,ENSMODP00000010173,MONDO,1.0,,,,,,,,,,,,,1,
F7E484,F7E484_MONDO,ENSMODP00000010397,MONDO,1.0,,,,,,,,,,,,,1,
F7E381,F7E381_XENTR,ENSXETP00000037502,XENTR,1.0,,,,,,,,,,,,,1,
F7E2Y4,F7E2Y4_XENTR,ENSXETP00000001733,XENTR,1.0,,,,,,,,,,,,,1,
F7E1U8,F7E1U8_ORNAN,ENSOANP00000023063,ORNAN,1.0,,,,,,,,,,,,1,,
F7DXL8,F7DXL8_ORNAN,ENSOANP00000021335,ORNAN,1.0,,,,,,,,,,,,,1,
F7DSH7,F7DSH7_XENTR,ENSXETP00000049739,XENTR,1.0,,,,,,,,,,,,,1,
F7DSA7,F7DSA7_MONDO,ENSMODP00000004914,MONDO,1.0,,,,,,,,,,,,,1,
F7DRA9,F7DRA9_ORNAN,ENSOANP00000024590,ORNAN,1.0,,,,,,,,,,,,,1,
F7C3W0,F7C3W0_MONDO,ENSMODP00000004978,MONDO,1.0,,,,,,,,,,,,,1,
F7BZU9,F7BZU9_MONDO,ENSMODP00000025511,MONDO,1.0,,,,,,,,,,,,,1,
F6Y4Y7,F6Y4Y7_CANFA,ENSCAFP00000009803,CANFA,1.0,,,,,,,,,,,,,1,
F6YWK2,F6YWK2_MACMU,ENSMMUP00000005662,MACMU,1.0,,,,,,,,,,,,,1,
F6ZG94,F6ZG94_ORNAN,ENSOANP00000016831,ORNAN,1.0,,,,,,,,,,,,,1,
F6ZDU2,F6ZDU2_MACMU,ENSMMUP00000005789,MACMU,1.0,,,,,,,,,,,,,1,
F6ZBH1,F6ZBH1_XENTR,ENSXETP00000019292,XENTR,1.0,,,,,,,,,,,,,1,
F6Z996,F6Z996_ORNAN,ENSOANP00000018559,ORNAN,1.0,,,,,,,,,,,,,1,
F6Z8E1,F6Z8E1_XENTR,ENSXETP00000042111,XENTR,1.0,,,,,,,,,,,,,1,
F6Z7A4,F6Z7A4_CIOIN,ENSCINP00000004533,CIOIN,1.0,,,,,,,,,,,,,1,
F6Z792,F6Z792_XENTR,ENSXETP00000030176,XENTR,1.0,,,,,,,,,,,,,1,
F6Z5X9,F6Z5X9_CIOIN,ENSCINP00000018623,CIOIN,1.0,,,,,,,,,,,,,1,
F6Z0D0,F6Z0D0_MACMU,ENSMMUP00000000916,MACMU,1.0,,,,,,,,,,,,,1,
F6Z0A4,F6Z0A4_MONDO,ENSMODP00000004165,MONDO,1.0,,,,,,,,,,,1,,,
F6YZ49,F6YZ49_XENTR,ENSXETP00000022688,XENTR,1.0,,,,,,,,,,,,,1,
F6YY62,F6YY62_MACMU,ENSMMUP00000017494,MACMU,1.0,,,,,,,,,,,,,1,
F6YSW6,F6YSW6_MONDO,ENSMODP00000037031,MONDO,1.0,,,,,,,,,,,,,1,
F6ZHU6,F6ZHU6_MACMU,ENSMMUP00000012785,MACMU,1.0,,,,,,,,,,,,,1,
F6YQT4,F6YQT4_XENTR,ENSXETP00000052115,XENTR,1.0,,,,,,,,,,,,,1,
F6YL07,F6YL07_ORNAN,ENSOANP00000001163,ORNAN,1.0,,,,,,,,,,,,,1,
F6YKH2,F6YKH2_XENTR,ENSXETP00000030189,XENTR,1.0,,,,,,,,,,,,,1,
F6YJC8,F6YJC8_ORNAN,ENSOANP00000001307,ORNAN,1.0,,,,,,,,,,,,,1,
F6YIH8,F6YIH8_CIOIN,ENSCINP00000015324,CIOIN,1.0,,,,,,,,,,,,,1,
F6YGW0,F6YGW0_MONDO,ENSMODP00000015343,MONDO,1.0,,,,,,,,,,,,,1,
F6YG81,F6YG81_CIOIN,ENSCINP00000008759,CIOIN,1.0,,,,,,,,,,,,,1,
F6YF84,F6YF84_MACMU,ENSMMUP00000024441,MACMU,1.0,,,,,,,,,,,,,1,
F6YD88,F6YD88_MACMU,ENSMMUP00000024940,MACMU,1.0,,,,,,,,,,,,,1,
F6YBF4,F6YBF4_MONDO,ENSMODP00000012116,MONDO,1.0,,,,,,,,,,,,,1,
F6Y7C9,F6Y7C9_ORNAN,ENSOANP00000015691,ORNAN,1.0,,,,,,,,,,,,,1,
F6Y5G4,F6Y5G4_MACMU,ENSMMUP00000012986,MACMU,1.0,,,,,,,,,,,,,1,
F6ZGK3,F6ZGK3_MONDO,ENSMODP00000001098,MONDO,1.0,,,,,,,,,,,,,1,
F6ZIC3,F6ZIC3_MACMU,ENSMMUP00000012779,MACMU,1.0,,,,,,,,,,,,,1,
F7BZD6,F7BZD6_XENTR,ENSXETP00000029410,XENTR,1.0,,,,,,,,,,,,,1,
F7AUT4,F7AUT4_ORNAN,ENSOANP00000020639,ORNAN,1.0,,,,,,,,,,,,,1,
F7BZ54,F7BZ54_MONDO,ENSMODP00000020888,MONDO,1.0,,,,,,,,,,,,,1,
F7BW65,F7BW65_ORNAN,ENSOANP00000011793,ORNAN,1.0,,,,,,,,,,,,,1,
F7BR13,F7BR13_MONDO,ENSMODP00000023063,MONDO,1.0,,,,,,,,,,,,,1,
F7BE59,F7BE59_CIOIN,ENSCINP00000023317,CIOIN,1.0,,,,,,,,,,,,,1,
F7BC03,F7BC03_ORNAN,ENSOANP00000022972,ORNAN,1.0,,,,,,,,,,,,,1,
F7B639,F7B639_ORNAN,ENSOANP00000016208,ORNAN,1.0,,,,,,,,,,,,,1,
F7B4T0,F7B4T0_CIOIN,ENSCINP00000008992,CIOIN,1.0,,,,,,,,,,,,,1,
F7B322,F7B322_XENTR,ENSXETP00000023333,XENTR,1.0,,,,,,,,,,,,,1,
F7B068,F7B068_MONDO,ENSMODP00000016431,MONDO,1.0,,,,,,,,,,,,,1,
F7AY44,F7AY44_CIOIN,ENSCINP00000019271,CIOIN,1.0,,,,,,,,,,,,,1,
F7AX34,F7AX34_MACMU,ENSMMUP00000037945,MACMU,1.0,,,,,,,,,,,,,1,
F7AV87,F7AV87_MACMU,ENSMMUP00000006467,MACMU,1.0,,,,,,,,,,,,,1,
F7AL82,F7AL82_CIOIN,ENSCINP00000008699,CIOIN,1.0,,,,,,,,,,,,,1,
F6ZIH3,F6ZIH3_MACMU,ENSMMUP00000012770,MACMU,1.0,,,,,,,,,,,,,1,
F7AIB4,F7AIB4_MONDO,ENSMODP00000019638,MONDO,1.0,,,,,,,,,,,,,1,
F7AGW1,F7AGW1_MONDO,ENSMODP00000023084,MONDO,1.0,,,,,,,,,,,,,1,
F7AFV3,F7AFV3_ORNAN,ENSOANP00000005004,ORNAN,1.0,,,,,,,,,,,,,1,
F7AFU8,F7AFU8_CIOIN,ENSCINP00000002086,CIOIN,1.0,,,,,,,,,,,,,1,
F7ADK0,F7ADK0_MONDO,ENSMODP00000011440,MONDO,1.0,,,,,,,,,,,,,1,
F7ADE2,F7ADE2_MONDO,ENSMODP00000011449,MONDO,1.0,,,,,,,,,,,,,1,
F7ACF9,F7ACF9_ORNAN,ENSOANP00000016244,ORNAN,1.0,,,,,,,,,,,,,1,
F7AA33,F7AA33_MACMU,ENSMMUP00000012366,MACMU,1.0,,,,,,,,,,,,,1,
F7A6W2,F7A6W2_XENTR,ENSXETP00000043089,XENTR,1.0,,,,,,,,,,,,,1,
F7A432,F7A432_ORNAN,ENSOANP00000020451,ORNAN,1.0,,,,,,,,,,,,,1,
F7A369,F7A369_XENTR,ENSXETP00000029253,XENTR,1.0,,,,,,,,,,,,,1,
F6ZYW1,F6ZYW1_MONDO,ENSMODP00000025963,MONDO,1.0,,,,,,,,,,,,,1,
F6QIM2,F6QIM2_MACMU,ENSMMUP00000018404,MACMU,1.0,,,,,,,,,,,,,1,
F6QFU1,F6QFU1_ORNAN,ENSOANP00000013414,ORNAN,1.0,,,,,,,,,,,,,1,
F6QBA2,F6QBA2_XENTR,ENSXETP00000023785,XENTR,1.0,,,,,,,,,,,,,1,
E2R271,E2R271_CANFA,ENSCAFP00000010895,CANFA,1.0,,,,,,,,,,,,,1,
E2RCK4,E2RCK4_CANFA,ENSCAFP00000010176,CANFA,1.0,,,,,,,,,,,,,1,
E2RCA9,E2RCA9_CANFA,ENSCAFP00000010402,CANFA,1.0,,,,,,,,,,,,,1,
E2RBD2,E2RBD2_CANFA,ENSCAFP00000030021,CANFA,1.0,,,,,,,,,,,,,1,
E2RB63,E2RB63_CANFA,ENSCAFP00000030052,CANFA,1.0,,,,,,,,,,,,,1,
E2RAZ5,E2RAZ5_CANFA,ENSCAFP00000013583,CANFA,1.0,,,,,,,,,,,,,1,
E2RAG6,E2RAG6_CANFA,ENSCAFP00000027001,CANFA,1.0,,,,,,,,,,,,,1,
E2R7R8,E2R7R8_CANFA,ENSCAFP00000003892,CANFA,1.0,,,,,,,,,,,1,,,
E2R5Y7,E2R5Y7_CANFA,ENSCAFP00000008716,CANFA,1.0,,,,,,,,,,,,,1,
E2R5D2,E2R5D2_CANFA,ENSCAFP00000005391,CANFA,1.0,,,,,,,,,,,,,1,
E2R5A9,E2R5A9_CANFA,ENSCAFP00000027620,CANFA,1.0,,,,,,,,,,,,,1,
E2R4C9,E2R4C9_CANFA,ENSCAFP00000020107,CANFA,1.0,,,,,,,,,,,,,1,
E2R498,E2R498_CANFA,ENSCAFP00000004138,CANFA,1.0,,,,,,,,,,,,,1,
E2R1L5,E2R1L5_CANFA,ENSCAFP00000024560,CANFA,1.0,,,,,,,,,,,,,1,
E2RE20,E2RE20_CANFA,ENSCAFP00000034620,CANFA,1.0,,,,,,,,,,,,,1,
E2R103,E2R103_CANFA,ENSCAFP00000000053,CANFA,1.0,,,,,,,,,,,,,1,
E2QZV8,E2QZV8_CANFA,ENSCAFP00000011896,CANFA,1.0,,,,,,,,,,,,,1,
E2QYJ3,E2QYJ3_CANFA,ENSCAFP00000025091,CANFA,1.0,,,,,,,,,,,,,1,
E2QXY6,E2QXY6_CANFA,ENSCAFP00000012383,CANFA,1.0,,,,,,,,,,,,,1,
E2QXP7,E2QXP7_CANFA,ENSCAFP00000011167,CANFA,1.0,,,,,,,,,,,,,1,
E2QXA9,E2QXA9_CANFA,ENSCAFP00000009329,CANFA,1.0,,,,,,,,,,,,,1,
E2QWD0,E2QWD0_CANFA,ENSCAFP00000011688,CANFA,1.0,,,,,,,,,,,,,1,
E2QV07,E2QV07_CANFA,ENSCAFP00000023956,CANFA,1.0,,,,,,,,,,,1,,,
E2QUU0,E2QUU0_CANFA,ENSCAFP00000016009,CANFA,1.0,,,,,,,,,,,,,1,
E1C9C3,E1C9C3_CHICK,ENSGALP00000012288,CHICK,1.0,,,,,,,,,,,,,1,
E1C947,E1C947_CHICK,nan,CHICK,1.0,,,,,,,,,,,,,1,
E1C8U6,E1C8U6_CHICK,nan,CHICK,1.0,,,,,,,,,,,,,1,
E2RCX4,E2RCX4_CANFA,ENSCAFP00000021110,CANFA,1.0,,,,,,,,,,,1,,,
E2RHE5,E2RHE5_CANFA,ENSCAFP00000010085,CANFA,1.0,,,,,,,,,,,,,1,
E1C7U7,E1C7U7_CHICK,ENSGALP00000036760,CHICK,1.0,,,,,,,,,,,,,1,
E2RTK7,E2RTK7_CANFA,ENSCAFP00000024827,CANFA,1.0,,,,,,,,,,,,,1,
E7FD18,E7FD18_DANRE,ENSDARP00000088086,DANRE,1.0,,,,,,,,,,,,,1,
E7FCQ1,E7FCQ1_DANRE,ENSDARP00000101548,DANRE,1.0,,,,,,,,,,,,,1,
E7FC18,E7FC18_DANRE,ENSDARP00000071861,DANRE,1.0,,,,,,,,,,,,,1,
E7FA52,E7FA52_DANRE,ENSDARP00000106063,DANRE,1.0,,,,,,,,,,,,,1,
E7F9X9,E7F9X9_DANRE,ENSDARP00000076414,DANRE,1.0,,,,,,,,,,,,,1,
E7F5K6,E7F5K6_DANRE,ENSDARP00000107201,DANRE,1.0,,,,,,,,,,,,,1,
E7F5A6,E7F5A6_DANRE,ENSDARP00000100869,DANRE,1.0,,,,,,,,,,,,,1,
E7F4J9,E7F4J9_DANRE,ENSDARP00000075613,DANRE,1.0,,,,,,,,,,,,,1,
E7F2T0,E7F2T0_DANRE,ENSDARP00000065237,DANRE,1.0,,,,,,,,,,,,,1,
E7F2H4,E7F2H4_DANRE,ENSDARP00000081005,DANRE,1.0,,,,,,,,,,,,,1,
E7EZ46,E7EZ46_DANRE,ENSDARP00000122898,DANRE,1.0,,,,,,,,,,,,,1,
E3W9A2,E3W9A2_BOVIN,ENSBTAP00000022319,BOVIN,1.0,,,,,,,,,,,,,1,
E2RSU2,E2RSU2_CANFA,ENSCAFP00000029714,CANFA,1.0,,,,,,,,,,,,,1,
E2RIY7,E2RIY7_CANFA,ENSCAFP00000027183,CANFA,1.0,,,,,,,,,,,,,1,
E2RSU1,E2RSU1_CANFA,ENSCAFP00000029717,CANFA,1.0,,,,,,,,,,,,,1,
E2RSF5,E2RSF5_CANFA,ENSCAFP00000006251,CANFA,1.0,,,,,,,,,,,,,1,
E2RS50,E2RS50_CANFA,ENSCAFP00000006296,CANFA,1.0,,,,,,,,,,,,,1,
E2RR71,E2RR71_CANFA,ENSCAFP00000025478,CANFA,1.0,,,,,,,,,,,,,1,
E2RQX1,E2RQX1_CANFA,ENSCAFP00000018339,CANFA,1.0,,,,,,,,,,,,,1,
E2RQU1,E2RQU1_CANFA,ENSCAFP00000020668,CANFA,1.0,,,,,,,,,,,,,1,
E2RQF3,E2RQF3_CANFA,ENSCAFP00000029668,CANFA,1.0,,,,,,,,,,,,,1,
E2RPJ7,E2RPJ7_CANFA,ENSCAFP00000003325,CANFA,1.0,,,,,,,,,,,,,1,
E2RP12,E2RP12_CANFA,ENSCAFP00000002349,CANFA,1.0,,,,,,,,,,,,,1,
E2RL15,E2RL15_CANFA,ENSCAFP00000026656,CANFA,1.0,,,,,,,,,,,,,1,
E2RK70,E2RK70_CANFA,ENSCAFP00000013952,CANFA,1.0,,,,,,,,,,,,,1,
E2RJ12,E2RJ12_CANFA,ENSCAFP00000027162,CANFA,1.0,,,,,,,,,,,,,1,
E1C8Q1,E1C8Q1_CHICK,nan,CHICK,1.0,,,,,,,,,,,,,1,
E1C772,nan,nan,nan,1.0,,,,,,,,,,,,,1,
F6Q4J7,F6Q4J7_MACMU,ENSMMUP00000020228,MACMU,1.0,,,,,,,,,,,,,1,
E1BQ78,E1BQ78_CHICK,ENSGALP00000025581,CHICK,1.0,,,,,,,,,,,,,1,
E1BUL2,nan,nan,nan,1.0,,,,,,,,,,,,,1,
E1BUJ5,E1BUJ5_CHICK,ENSGALP00000033782,CHICK,1.0,,,,,,,,,,,,,1,
E1BU04,E1BU04_CHICK,nan,CHICK,1.0,,,,,,,,,,,,,1,
E1BTY4,E1BTY4_CHICK,nan,CHICK,1.0,,,,,,,,,,,,,1,
E1BTT2,nan,nan,nan,1.0,,,,,,,,,,,,,1,
E1BSR4,E1BSR4_CHICK,ENSGALP00000007576,CHICK,1.0,,,,,,,,,,,,,1,
E1BS91,nan,nan,nan,1.0,,,,,,,,,,,,,1,
E1BRZ7,E1BRZ7_CHICK,ENSGALP00000006321,CHICK,1.0,,,,,,,,,,,,,1,
E1BRG8,nan,nan,nan,1.0,,,,,,,,,,,,,1,
E1BQV7,E1BQV7_CHICK,nan,CHICK,1.0,,,,,,,,,,,,,1,
E1BQR7,E1BQR7_CHICK,nan,CHICK,1.0,,,,,,,,,,,,,1,
E1BQF6,E1BQF6_CHICK,nan,CHICK,1.0,,,,,,,,,,,,,1,
E1BPW2,E1BPW2_BOVIN,ENSBTAP00000053339,BOVIN,1.0,,,,,,,,,,,,,1,
E1BW54,E1BW54_CHICK,nan,CHICK,1.0,,,,,,,,,,,,,1,
E1BP64,E1BP64_BOVIN,ENSBTAP00000053426,BOVIN,1.0,,,,,,,,,,,,,1,
E1BNK1,E1BNK1_BOVIN,ENSBTAP00000053507,BOVIN,1.0,,,,,,,,,,,,,1,
E1BND7,E1BND7_BOVIN,ENSBTAP00000053568,BOVIN,1.0,,,,,,,,,,,,,1,
E1BN16,E1BN16_BOVIN,ENSBTAP00000026887,BOVIN,1.0,,,,,,,,,,,,,1,
E1BMZ9,E1BMZ9_BOVIN,ENSBTAP00000007705,BOVIN,1.0,,,,,,,,,,,1,,,
E1BMQ2,E1BMQ2_BOVIN,ENSBTAP00000003382,BOVIN,1.0,,,,,,,,,,,,,1,
E1BM95,E1BM95_BOVIN,ENSBTAP00000053288,BOVIN,1.0,,,,,,,,,,,,,1,
E1BLT0,E1BLT0_BOVIN,ENSBTAP00000015044,BOVIN,1.0,,,,,,,,,,,,,1,
E1BLP9,E1BLP9_BOVIN,ENSBTAP00000008842,BOVIN,1.0,,,,,,,,,,,,,1,
E1BLN1,E1BLN1_BOVIN,ENSBTAP00000030740,BOVIN,1.0,,,,,,,,,,,,,1,
E1BLC3,E1BLC3_BOVIN,ENSBTAP00000022622,BOVIN,1.0,,,,,,,,,,,,,1,
E1BKZ3,E1BKZ3_BOVIN,ENSBTAP00000023634,BOVIN,1.0,,,,,,,,,,,,,1,
E1BVU7,E1BVU7_CHICK,nan,CHICK,1.0,,,,,,,,,,,,,1,
E1BWP7,E1BWP7_CHICK,nan,CHICK,1.0,,,,,,,,,,,,,1,
E1C749,nan,nan,nan,1.0,,,,,,,,,,,,,1,
E1C2P7,E1C2P7_CHICK,nan,CHICK,1.0,,,,,,,,,,,,,1,
E1C6R7,E1C6R7_CHICK,nan,CHICK,1.0,,,,,,,,,,,,,1,
E1C6R0,E1C6R0_CHICK,nan,CHICK,1.0,,,,,,,,,,,,,1,
E1C611,nan,nan,nan,1.0,,,,,,,,,,,1,,,
E1C5U0,E1C5U0_CHICK,nan,CHICK,1.0,,,,,,,,,,,,,1,
E1C5N0,E1C5N0_CHICK,nan,CHICK,1.0,,,,,,,,,,,,,1,
E1C5D5,E1C5D5_CHICK,nan,CHICK,1.0,,,,,,,,,,,,,1,
E1C523,E1C523_CHICK,ENSGALP00000012485,CHICK,1.0,,,,,,,,,,,,,1,
E1C4N7,E1C4N7_CHICK,nan,CHICK,1.0,,,,,,,,,,,,,1,
E1C357,nan,nan,nan,1.0,,,,,,,,,,,,,1,
E1C330,E1C330_CHICK,nan,CHICK,1.0,,,,,,,,,,,,,1,
E1C316,E1C316_CHICK,nan,CHICK,1.0,,,,,,,,,,,,,1,
E1C2S3,E1C2S3_CHICK,nan,CHICK,1.0,,,,,,,,,,,,,1,
E1C2N3,E1C2N3_CHICK,nan,CHICK,1.0,,,,,,,,,,,,,1,
E1BWV9,E1BWV9_CHICK,ENSGALP00000014550,CHICK,1.0,,,,,,,,,,,,,1,
E1C1Z7,nan,nan,nan,1.0,,,,,,,,,,,,,1,
E1C1Z5,E1C1Z5_CHICK,nan,CHICK,1.0,,,,,,,,,,,,,1,
E1C1N7,E1C1N7_CHICK,nan,CHICK,1.0,,,,,,,,,,,,,1,
E1C1F2,E1C1F2_CHICK,nan,CHICK,1.0,,,,,,,,,,,,,1,
E1C0J0,E1C0J0_CHICK,ENSGALP00000009454,CHICK,1.0,,,,,,,,,,,,,1,
E1BZ97,E1BZ97_CHICK,nan,CHICK,1.0,,,,,,,,,,,,,1,
E1BZ82,E1BZ82_CHICK,nan,CHICK,1.0,,,,,,,,,,,,,1,
E1BYS5,E1BYS5_CHICK,nan,CHICK,1.0,,,,,,,,,,,,,1,
E1BYE7,E1BYE7_CHICK,nan,CHICK,1.0,,,,,,,,,,,,,1,
E1BY68,nan,nan,nan,1.0,,,,,,,,,,,,,1,
E1BXH4,E1BXH4_CHICK,nan,CHICK,1.0,,,,,,,,,,,,,1,
E1BX08,E1BX08_CHICK,nan,CHICK,1.0,,,,,,,,,,,,,1,
E7FE29,E7FE29_DANRE,ENSDARP00000083081,DANRE,1.0,,,,,,,,,,,,,1,
E7FEF9,E7FEF9_DANRE,ENSDARP00000105407,DANRE,1.0,,,,,,,,,,,1,,,
E9AD01,E9AD01_LEIMA,nan,LEIMA,1.0,,,,,,,,,,,,,1,
F1P7K4,F1P7K4_CANFA,ENSCAFP00000017310,CANFA,1.0,,,,,,,,,,,,,1,
F1PKQ6,F1PKQ6_CANFA,ENSCAFP00000008241,CANFA,1.0,,,,,,,,,,,,,1,
F1PIR4,F1PIR4_CANFA,ENSCAFP00000008839,CANFA,1.0,,,,,,,,,,,,,1,
F1PGJ8,F1PGJ8_CANFA,ENSCAFP00000012626,CANFA,1.0,,,,,,,,,,,,,1,
F1PEF9,F1PEF9_CANFA,ENSCAFP00000026721,CANFA,1.0,,,,,,,,,,,,,1,
F1PDX3,F1PDX3_CANFA,ENSCAFP00000012796,CANFA,1.0,,,,,,,,,,,,,1,
F1PDJ8,F1PDJ8_CANFA,ENSCAFP00000021940,CANFA,1.0,,,,,,,,,,,,,1,
F1PDF4,F1PDF4_CANFA,ENSCAFP00000017079,CANFA,1.0,,,,,,,,,,,,,1,
F1PD61,F1PD61_CANFA,ENSCAFP00000005658,CANFA,1.0,,,,,,,,,,,,,1,
F1PBG7,F1PBG7_CANFA,ENSCAFP00000000887,CANFA,1.0,,,,,,,,,,,,,1,
F1P9F8,F1P9F8_CANFA,ENSCAFP00000002981,CANFA,1.0,,,,,,,,,,,,,1,
F1P917,F1P917_CANFA,ENSCAFP00000012997,CANFA,1.0,,,,,,,,,,,,,1,
F1P8I8,F1P8I8_CANFA,ENSCAFP00000023057,CANFA,1.0,,,,,,,,,,,,,1,
F1P693,F1P693_CANFA,ENSCAFP00000026572,CANFA,1.0,,,,,,,,,,,,,1,
F1PLU7,F1PLU7_CANFA,ENSCAFP00000018716,CANFA,1.0,,,,,,,,,,,,,1,
F1P5U1,F1P5U1_CHICK,ENSGALP00000008787,CHICK,1.0,,,,,,,,,,,,,1,
F1P4Y0,F1P4Y0_CHICK,ENSGALP00000006517,CHICK,1.0,,,,,,,,,,,,,1,
F1P3X4,F1P3X4_CHICK,ENSGALP00000001418,CHICK,1.0,,,,,,,,,,,,,1,
F1P2G2,F1P2G2_CHICK,ENSGALP00000006220,CHICK,1.0,,,,,,,,,,,,,1,
F1P1D5,F1P1D5_CHICK,ENSGALP00000022340,CHICK,1.0,,,,,,,,,,,,,1,
F1P070,F1P070_CHICK,ENSGALP00000003285,CHICK,1.0,,,,,,,,,,,,,1,
F1NX73,F1NX73_CHICK,ENSGALP00000022963,CHICK,1.0,,,,,,,,,,,1,,,
F1NW87,F1NW87_CHICK,ENSGALP00000034083,CHICK,1.0,,,,,,,,,,,,,1,
F1NQ51,F1NQ51_CHICK,ENSGALP00000024241,CHICK,1.0,,,,,,,1,,,,,,,
F1NPR9,F1NPR9_CHICK,ENSGALP00000021066,CHICK,1.0,,,,,,,,,,,,,1,
F1NPP4,F1NPP4_CHICK,ENSGALP00000033069,CHICK,1.0,,,,,,,,,,,,,1,
F1NPH5,F1NPH5_CHICK,ENSGALP00000033495,CHICK,1.0,,,,,,,,,,,,,1,
F1PLI7,F1PLI7_CANFA,ENSCAFP00000027341,CANFA,1.0,,,,,,,,,,,,,1,
F1PMB5,F1PMB5_CANFA,ENSCAFP00000034493,CANFA,1.0,,,,,,,,,,,,,1,
E9AFH5,E9AFH5_LEIMA,nan,LEIMA,1.0,,,,,,,,,,,1,,,
F1Q3P2,F1Q3P2_CANFA,ENSCAFP00000004554,CANFA,1.0,,,,,,,,,,,,,1,
F6Q3Y6,F6Q3Y6_ORNAN,ENSOANP00000010568,ORNAN,1.0,,,,,,,,,,,,,1,
F6PZK6,F6PZK6_MACMU,ENSMMUP00000020438,MACMU,1.0,,,,,,,,,,,,,1,
F6PW59,F6PW59_XENTR,ENSXETP00000042953,XENTR,1.0,,,,,,,,,,,,,1,
F6PND4,F6PND4_MACMU,ENSMMUP00000022372,MACMU,1.0,,,,,,,,,,,,,1,
F6PKH5,F6PKH5_XENTR,ENSXETP00000035670,XENTR,1.0,,,,,,,,,,,,,1,
F6PIY7,F6PIY7_MONDO,ENSMODP00000015745,MONDO,1.0,,,,,,,,,,,,,1,
F6PHS7,F6PHS7_XENTR,ENSXETP00000035699,XENTR,1.0,,,,,,,,,,,,,1,
F2Z4F6,F2Z4F6_BOVIN,ENSBTAP00000042058,BOVIN,1.0,,,,,,,,,,,,,1,
F1QM39,F1QM39_DANRE,ENSDARP00000069215,DANRE,1.0,,,,,,,,,,,,,1,
F1QF42,F1QF42_DANRE,ENSDARP00000111923,DANRE,1.0,,,,,,,,,,,,,1,
F1QC64,F1QC64_DANRE,ENSDARP00000086805,DANRE,1.0,,,,,,,,,,,,,1,
F1Q796,F1Q796_DANRE,ENSDARP00000103390,DANRE,1.0,,,,,,,,,,,,,1,
F1PZZ3,F1PZZ3_CANFA,ENSCAFP00000030633,CANFA,1.0,,,,,,,,,,,,,1,
F1PPM7,F1PPM7_CANFA,ENSCAFP00000027764,CANFA,1.0,,,,,,,,,,,,,1,
F1PZ34,F1PZ34_CANFA,ENSCAFP00000023135,CANFA,1.0,,,,,,,,,,,,,1,
F1PXD5,F1PXD5_CANFA,ENSCAFP00000020169,CANFA,1.0,,,,,,,,,,,,,1,
F1PWM1,F1PWM1_CANFA,ENSCAFP00000034101,CANFA,1.0,,,,,,,,,,,,,1,
F1PWH2,F1PWH2_CANFA,ENSCAFP00000034132,CANFA,1.0,,,,,,,,,,,,,1,
F1PUC2,F1PUC2_CANFA,ENSCAFP00000020760,CANFA,1.0,,,,,,,,,,,,,1,
F1PTN3,F1PTN3_CANFA,ENSCAFP00000025145,CANFA,1.0,,,,,,,,,,,,,1,
F1PSL9,F1PSL9_CANFA,ENSCAFP00000020805,CANFA,1.0,,,,,,,,,,,,,1,
F1PS99,F1PS99_CANFA,ENSCAFP00000015615,CANFA,1.0,,,,,,,,,,,,,1,
F1PS86,F1PS86_CANFA,ENSCAFP00000015632,CANFA,1.0,,,,,,,,,,,,,1,
F1PRN4,F1PRN4_CANFA,ENSCAFP00000003196,CANFA,1.0,,,,,,,,,,,,,1,
F1PQU7,F1PQU7_CANFA,ENSCAFP00000025727,CANFA,1.0,,,,,,,,,,,,,1,
F1PPN5,F1PPN5_CANFA,ENSCAFP00000015776,CANFA,1.0,,,,,,,,,,,,,1,
F1NNV4,F1NNV4_CHICK,ENSGALP00000014343,CHICK,1.0,,,,,,,,,,,,,1,
F1NN95,F1NN95_CHICK,ENSGALP00000021134,CHICK,1.0,,,,,,,,,,,,,1,
F1NLA8,F1NLA8_CHICK,ENSGALP00000000744,CHICK,1.0,,,,,,,,,,,,,1,
F1MBB9,F1MBB9_BOVIN,ENSBTAP00000050597,BOVIN,1.0,,,,,,,,,,,,,1,
F1MU43,F1MU43_BOVIN,ENSBTAP00000020325,BOVIN,1.0,,,,,,,,,,,,,1,
F1MT15,F1MT15_BOVIN,ENSBTAP00000017642,BOVIN,1.0,,,,,,,,,,,,,1,
F1MP58,F1MP58_BOVIN,ENSBTAP00000003121,BOVIN,1.0,,,,,,,,,,,,,1,
F1MNX4,F1MNX4_BOVIN,ENSBTAP00000049883,BOVIN,1.0,,,,,,,,,,,,,1,
F1MNN1,F1MNN1_BOVIN,ENSBTAP00000034403,BOVIN,1.0,,,,,,,,,,,,,1,
F1MMT4,F1MMT4_BOVIN,ENSBTAP00000053175,BOVIN,1.0,,,,,,,,,,,,,1,
F1MMP2,F1MMP2_BOVIN,ENSBTAP00000022486,BOVIN,1.0,,,,,,,,,,,,,1,
F1MMN4,F1MMN4_BOVIN,ENSBTAP00000046462,BOVIN,1.0,,,,,,,,,,,,,1,
F1ML98,F1ML98_BOVIN,ENSBTAP00000037765,BOVIN,1.0,,,,,,,,,,,,,1,
F1MHH2,F1MHH2_BOVIN,ENSBTAP00000017157,BOVIN,1.0,,,,,,,,,,,,,1,
F1MFC7,F1MFC7_BOVIN,ENSBTAP00000000161,BOVIN,1.0,,,,,,,,,,,,,1,
F1ME99,F1ME99_BOVIN,ENSBTAP00000012468,BOVIN,1.0,,,,,,,,,,,,,1,
F1MAD9,F1MAD9_RAT,ENSRNOP00000013931,RAT,1.0,,,,1,,,,,,,,,,
F1NKN7,F1NKN7_CHICK,ENSGALP00000024322,CHICK,1.0,,,,,,,,,,,,,1,
F1M8W2,F1M8W2_RAT,ENSRNOP00000026149,RAT,1.0,,,,,,,,,,,,,1,
F1M8S9,F1M8S9_RAT,ENSRNOP00000040531,RAT,1.0,,,,,,,,,,,,,1,
F1M7H6,F1M7H6_RAT,ENSRNOP00000017859,RAT,1.0,,,,,,,,,,,,,1,
F1LW90,F1LW90_RAT,ENSRNOP00000000475,RAT,1.0,,,,,,,,,,,,,1,
F1LUA1,F1LUA1_RAT,ENSRNOP00000029575,RAT,1.0,,,,,,,,,,,,,1,
E9QGP5,E9QGP5_DANRE,ENSDARP00000122502,DANRE,1.0,,,,,,,,,,,,,1,
E9QFE1,E9QFE1_DANRE,ENSDARP00000114445,DANRE,1.0,,,,,,,,,,,,,1,
E9QF71,E9QF71_DANRE,ENSDARP00000116840,DANRE,1.0,,,,,,,,,,,,,1,
E9QF07,E9QF07_DANRE,ENSDARP00000114580,DANRE,1.0,,,,,,,,,,,,,1,
E9QBC3,E9QBC3_DANRE,ENSDARP00000119133,DANRE,1.0,,,,,,,,,,,,,1,
E9PU13,E9PU13_RAT,ENSRNOP00000002432,RAT,1.0,,,,,,,,,,,,,1,
E9AFQ5,E9AFQ5_LEIMA,nan,LEIMA,1.0,,,,,,,,,,,,,1,
F1MUH9,F1MUH9_BOVIN,ENSBTAP00000028787,BOVIN,1.0,,,,,,,,,,,,,1,
F1MUW6,F1MUW6_BOVIN,ENSBTAP00000044097,BOVIN,1.0,,,,,,,,,,,,,1,
F1MWI0,F1MWI0_BOVIN,ENSBTAP00000023995,BOVIN,1.0,,,,,,,,,,,,,1,
F1MWN8,F1MWN8_BOVIN,ENSBTAP00000009529,BOVIN,1.0,,,,,,,,,,,,,1,
F1NJ81,F1NJ81_CHICK,ENSGALP00000031931,CHICK,1.0,,,,,,,,,,,,,1,
F1NHB9,F1NHB9_CHICK,ENSGALP00000021833,CHICK,1.0,,,,,,,,,,,,,1,
F1NF84,F1NF84_CHICK,ENSGALP00000007779,CHICK,1.0,,,,,,,,,,,,,1,
F1NDB1,F1NDB1_CHICK,ENSGALP00000013212,CHICK,1.0,,,,,,,,,,,,,1,
F1ND98,F1ND98_CHICK,ENSGALP00000025200,CHICK,1.0,,,,,,,,,,,,,1,
F1NCD4,F1NCD4_CHICK,ENSGALP00000020445,CHICK,1.0,,,,,,,,,,,,,1,
F1NBI3,F1NBI3_CHICK,ENSGALP00000016592,CHICK,1.0,,,,,,,,,,,,,1,
F1N961,F1N961_CHICK,ENSGALP00000023964,CHICK,1.0,,,,,,,,,,,,,1,
F1N7I5,F1N7I5_BOVIN,ENSBTAP00000024553,BOVIN,1.0,,,,,,,,,,,,,1,
F1N775,F1N775_BOVIN,ENSBTAP00000053653,BOVIN,1.0,,,,,,,,,,,,,1,
F1N747,F1N747_BOVIN,ENSBTAP00000053674,BOVIN,1.0,,,,,,,,,,,,,1,
F1N6W6,F1N6W6_BOVIN,ENSBTAP00000008296,BOVIN,1.0,,,,,,,,,,,,,1,
F1N6C8,F1N6C8_BOVIN,ENSBTAP00000014005,BOVIN,1.0,,,,,,,,,,,1,,,
F1N424,F1N424_BOVIN,ENSBTAP00000019419,BOVIN,1.0,,,,,,,,,,,,,1,
F1N399,F1N399_BOVIN,ENSBTAP00000002609,BOVIN,1.0,,,,,,,,,,,,,1,
F1N2G0,F1N2G0_BOVIN,ENSBTAP00000007359,BOVIN,1.0,,,,,,,,,,,,,1,
F1N1G7,F1N1G7_BOVIN,ENSBTAP00000033805,BOVIN,1.0,,,,,,,,,,,,,1,
F1N091,F1N091_BOVIN,ENSBTAP00000004143,BOVIN,1.0,,,,,,,,,,,,,1,
F1N037,F1N037_BOVIN,ENSBTAP00000019992,BOVIN,1.0,,,,,,,,,,,,,1,
F1MZX6,F1MZX6_BOVIN,ENSBTAP00000035421,BOVIN,1.0,,,,,,,,,,,,,1,
F1MZN7,F1MZN7_BOVIN,ENSBTAP00000035453,BOVIN,1.0,,,,,,,,,,,,,1,
F1MZ78,F1MZ78_BOVIN,ENSBTAP00000004335,BOVIN,1.0,,,,,,,,,,,,,1,
F1MY41,F1MY41_BOVIN,ENSBTAP00000011562,BOVIN,1.0,,,,,,,,,,,1,,,
F1MX93,F1MX93_BOVIN,ENSBTAP00000004905,BOVIN,1.0,,,,,,,,,,,,,1,
F1MWT4,F1MWT4_BOVIN,ENSBTAP00000023971,BOVIN,1.0,,,,,,,,,,,,,1,
nan,nan,ENSXETP00000053792,XENTR,1.0,,,,,,,,,,,,,1,
