ACC,ENTRY,ENS,SPEC,COUNT,InParanoid,InParanoidCore,OMA_Groups,OMA_Pairs,PANTHER8_LDO,RBH,RSD,Orthoinspector,Hieranoid_2,EnsemblCompara_v2,PANTHER8_all,Metaphors,PhylomeDB,EggNOG
nan,nan,ENSXETP00000053857,XENTR,12.0,1,,1,1,,1,1,1,1,1,1,1,1,1
H2Q3N0,H2Q3N0_PANTR,ENSPTRP00000006298,PANTR,8.0,1,,,1,,1,1,1,1,,,1,1,
D3ZBT8,D3ZBT8_RAT,nan,RAT,7.0,1,,,,,1,1,1,,,,1,1,1
F6WZK0,F6WZK0_MACMU,ENSMMUP00000000883,MACMU,7.0,1,,,,,1,1,1,1,,,1,1,
nan,nan,ENSBTAP00000050868,BOVIN,6.0,,,,,,1,1,1,,,,1,1,1
E1C3R7,nan,nan,nan,6.0,,,,,,1,1,1,1,,1,,1,
F6YSN8,F6YSN8_MONDO,ENSMODP00000025060,MONDO,6.0,,,1,,,1,,1,1,,,1,1,
Q8NGF4,O5AP2_HUMAN,nan,HUMAN,5.0,,,,,,,1,1,1,,,1,1,
F6YSJ0,F6YSJ0_MONDO,ENSMODP00000025066,MONDO,5.0,,,,,,,1,,1,,1,1,1,
nan,nan,ENSCAFP00000033804,CANFA,5.0,,,,,,1,,1,,,,1,1,1
Q7TR44,Q7TR44_MOUSE,nan,MOUSE,5.0,,,,,,,1,1,,,,1,1,1
Q7TR43,Q7TR43_MOUSE,nan,MOUSE,5.0,,,,,,1,,1,,,,1,1,1
nan,nan,ENSCAFP00000034186,CANFA,5.0,,,1,,,,1,,1,,,1,1,
F7CP40,F7CP40_ORNAN,ENSOANP00000012140,ORNAN,5.0,,,,,,1,1,1,,,,1,1,
E2R1P1,E2R1P1_CANFA,ENSCAFP00000011846,CANFA,4.0,,,,,,,,,1,,1,1,1,
nan,nan,ENSBTAP00000047684,BOVIN,4.0,,,,,,,,1,,,,1,1,1
Q7TR47,Q7TR47_MOUSE,nan,MOUSE,4.0,,,,,,,,1,,,,1,1,1
Q96R08,OR5BC_HUMAN,nan,HUMAN,4.0,,,,,,1,,1,,,,1,1,
Q8N127,O5AS1_HUMAN,nan,HUMAN,4.0,,,,,,,,,1,,1,1,1,
F6UMQ2,F6UMQ2_ORNAN,ENSOANP00000015307,ORNAN,4.0,,,,,,,,1,1,,,1,1,
Q8NGP9,O5AR1_HUMAN,nan,HUMAN,4.0,,,,,,,,1,1,,,1,1,
D4A338,nan,nan,nan,3.0,,,,,,,,,1,,,1,1,
E1B9Z0,E1B9Z0_BOVIN,ENSBTAP00000049333,BOVIN,3.0,,,,,,,,1,,,,1,1,
F7FTS5,F7FTS5_MACMU,ENSMMUP00000021237,MACMU,3.0,,,,,,,,,,,1,1,1,
D3Z961,D3Z961_RAT,nan,RAT,3.0,,,,,,,,,,,1,1,1,
F6YBX5,F6YBX5_ORNAN,ENSOANP00000027063,ORNAN,3.0,,,,,,,,,1,,,1,1,
nan,nan,ENSBTAP00000049658,BOVIN,3.0,,,,,,,,1,,,,1,1,
Q8VFZ3,Q8VFZ3_MOUSE,nan,MOUSE,3.0,,,,,,,,,,,1,1,1,
F6YRA4,F6YRA4_MONDO,ENSMODP00000025208,MONDO,3.0,,,,,,,,,,,1,1,1,
Q8VFK7,O1020_MOUSE,nan,MOUSE,3.0,,,,,,,,,1,,,1,1,
F7F0P9,F7F0P9_MONDO,ENSMODP00000033821,MONDO,3.0,,,,,,,,,1,,,1,1,
nan,nan,ENSBTAP00000050764,BOVIN,3.0,,,,,,,,,,,1,1,1,
F7ETZ0,F7ETZ0_MACMU,ENSMMUP00000023396,MACMU,3.0,,,,,,,,,,,1,1,1,
nan,nan,ENSBTAP00000051303,BOVIN,3.0,,,,,,,,1,,,,1,1,
nan,nan,ENSBTAP00000051588,BOVIN,3.0,,,,,,,,,,,1,1,1,
nan,nan,ENSBTAP00000052640,BOVIN,3.0,,,,,,,,1,,,,1,1,
nan,nan,ENSBTAP00000052983,BOVIN,3.0,,,,,,,,,1,,,1,1,
D3Z9Z6,D3Z9Z6_RAT,nan,RAT,3.0,,,,,,,,,1,,,1,1,
D3ZD44,D3ZD44_RAT,nan,RAT,3.0,,,,,,,,,1,,,1,1,
F7FTS9,F7FTS9_MACMU,ENSMMUP00000021236,MACMU,3.0,,,,,,,,,,,1,1,1,
D4AD51,nan,nan,nan,3.0,,,,,,,,1,,,,1,1,
D3ZD41,nan,nan,nan,3.0,,,,,,,,,1,,,1,1,
F7A7F1,F7A7F1_MONDO,ENSMODP00000025016,MONDO,3.0,,,,,,,,,,,1,1,1,
F7A6X9,F7A6X9_MONDO,ENSMODP00000025023,MONDO,3.0,,,,,,,,,1,,,1,1,
Q8NH85,OR5R1_HUMAN,nan,HUMAN,3.0,,,,,,,,,1,,,1,1,
F6ZH36,F6ZH36_MONDO,ENSMODP00000025037,MONDO,3.0,,,,,,,,,1,,,1,1,
D4A5L8,D4A5L8_RAT,nan,RAT,3.0,,,,,,,,,,,1,1,1,
F6ZH23,F6ZH23_MONDO,ENSMODP00000025038,MONDO,3.0,,,,,,,,,1,,,1,1,
F6ZGI4,F6ZGI4_MONDO,ENSMODP00000025040,MONDO,3.0,,,,,,,,,1,,,1,1,
F7CQ28,F7CQ28_ORNAN,ENSOANP00000012107,ORNAN,3.0,,,,,,,,,,,1,1,1,
F6ZGE0,F6ZGE0_MONDO,ENSMODP00000025045,MONDO,3.0,,,,,,,,,1,,,1,1,
nan,nan,ENSBTAP00000047217,BOVIN,3.0,,,,,,,,,,,1,1,1,
D3ZJV6,nan,nan,nan,3.0,,,,,,,,,,,1,1,1,
D3ZJD9,D3ZJD9_RAT,nan,RAT,3.0,,,,,,,,,1,,,1,1,
F6YT52,F6YT52_MONDO,ENSMODP00000025055,MONDO,3.0,,,,,,,,,1,,,1,1,
nan,nan,ENSBTAP00000047957,BOVIN,3.0,,,,,,,,,1,,,1,1,
Q8VGS3,O1019_MOUSE,nan,MOUSE,3.0,,,,,,,,,1,,,1,1,
H2Q3L6,H2Q3L6_PANTR,ENSPTRP00000006272,PANTR,3.0,,,,,,,,1,,,,1,1,
nan,nan,ENSBTAP00000050121,BOVIN,3.0,,,,,,,,,1,,,1,1,
nan,nan,ENSCAFP00000011431,CANFA,3.0,,,,,,,,,,,1,1,1,
F6R3J0,F6R3J0_MONDO,ENSMODP00000024974,MONDO,3.0,,,,,,,,,1,,,1,1,
F1Q3T9,F1Q3T9_CANFA,ENSCAFP00000035299,CANFA,3.0,,,,,,,,,,,1,1,1,
E1C6J1,nan,nan,nan,3.0,,,,,,,,1,1,,,,1,
F1Q100,F1Q100_CANFA,ENSCAFP00000011844,CANFA,3.0,,,,,,,,,1,,,1,1,
Q7TR55,Q7TR55_MOUSE,nan,MOUSE,3.0,,,,,,,,,1,,,1,1,
F1Q005,F1Q005_CANFA,ENSCAFP00000011932,CANFA,3.0,,,,,,,,,1,,,1,1,
nan,nan,ENSCAFP00000034329,CANFA,3.0,,,,,,,,,1,,,1,1,
H2Q3L7,H2Q3L7_PANTR,ENSPTRP00000006273,PANTR,3.0,,,,,,,,,1,,,1,1,
Q7TR38,Q7TR38_MOUSE,nan,MOUSE,3.0,,,,,,,,,1,,,1,1,
D3ZS23,D3ZS23_RAT,nan,RAT,3.0,,,,,,,,,,,1,1,1,
E2RN07,E2RN07_CANFA,ENSCAFP00000033764,CANFA,3.0,,,,,,,,,,,1,1,1,
H2R7T5,H2R7T5_PANTR,ENSPTRP00000050801,PANTR,3.0,,,,,,,,,1,,,1,1,
H2R7T6,H2R7T6_PANTR,ENSPTRP00000050805,PANTR,3.0,,,,,,,,,1,,,1,1,
H2R7T9,H2R7T9_PANTR,ENSPTRP00000050810,PANTR,3.0,,,,,,,,,,,1,1,1,
Q13606,OR5I1_HUMAN,nan,HUMAN,3.0,,,,,,,,,1,,,1,1,
nan,nan,ENSPTRP00000044808,PANTR,3.0,,,,,,,,,,,1,1,1,
Q0VBI4,Q0VBI4_MOUSE,nan,MOUSE,3.0,,,,,,,,,,,1,1,1,
F1M660,F1M660_RAT,ENSRNOP00000007603,RAT,3.0,,,,,,,,,1,,,1,1,
F6QRU2,F6QRU2_MACMU,ENSMMUP00000037567,MACMU,3.0,,,,,,,,,1,,,1,1,
E2REL4,E2REL4_CANFA,ENSCAFP00000033391,CANFA,3.0,,,,,,,,,1,,,1,1,
nan,nan,ENSCAFP00000011969,CANFA,3.0,,,,,,,,1,,,,1,1,
Q7TR81,Q7TR81_MOUSE,nan,MOUSE,3.0,,,,,,,,,,,1,1,1,
H2Q3M3,H2Q3M3_PANTR,ENSPTRP00000006284,PANTR,3.0,,,,,,,,,,,1,1,1,
H2Q3L8,H2Q3L8_PANTR,ENSPTRP00000006277,PANTR,3.0,,,,,,,,,1,,,1,1,
H9H6B0,H9H6B0_MONDO,ENSMODP00000011552,MONDO,2.0,,,,,,,,,,,,1,1,
H9H838,H9H838_MONDO,ENSMODP00000026959,MONDO,2.0,,,,,,,,,,,1,,1,
H2Q3L4,H2Q3L4_PANTR,ENSPTRP00000006268,PANTR,2.0,,,,,,,,,,,,1,1,
F7FTU9,F7FTU9_MACMU,ENSMMUP00000021231,MACMU,2.0,,,,,,,,,,,,1,1,
F7FYV4,F7FYV4_ORNAN,ENSOANP00000012662,ORNAN,2.0,,,,,,,,,,,,1,1,
F7FYW0,F7FYW0_ORNAN,ENSOANP00000012660,ORNAN,2.0,,,,,,,,,,,,1,1,
H2Q3L3,H2Q3L3_PANTR,ENSPTRP00000006267,PANTR,2.0,,,,,,,,,,,1,,1,
F7G4B6,F7G4B6_ORNAN,ENSOANP00000012655,ORNAN,2.0,,,,,,,,,,,1,,1,
F7G8I7,F7G8I7_MONDO,ENSMODP00000025249,MONDO,2.0,,,,,,,,,,,,1,1,
F7G4C3,F7G4C3_ORNAN,ENSOANP00000012651,ORNAN,2.0,,,,,,,,,,,,1,1,
F7FTU2,F7FTU2_MACMU,ENSMMUP00000021233,MACMU,2.0,,,,,,,,,,,1,,1,
H9H3V1,H9H3V1_MACMU,ENSMMUP00000021397,MACMU,2.0,,,,,,,,,,,,1,1,
F7G8K1,F7G8K1_MONDO,ENSMODP00000025243,MONDO,2.0,,,,,,,,,,,,1,1,
F7GBL2,F7GBL2_MONDO,ENSMODP00000004332,MONDO,2.0,,,,,,,,,,,,1,1,
H9H2P1,H9H2P1_MACMU,ENSMMUP00000000696,MACMU,2.0,,,,,,,,,,,1,,1,
H2Q345,H2Q345_PANTR,ENSPTRP00000005806,PANTR,2.0,,,,,,,,,,,,1,1,
H2R7T7,H2R7T7_PANTR,ENSPTRP00000050806,PANTR,2.0,,,,,,,,,,,,1,1,
F7GBP9,F7GBP9_MONDO,ENSMODP00000004324,MONDO,2.0,,,,,,,,,,,,1,1,
F7FTU5,F7FTU5_MACMU,ENSMMUP00000021232,MACMU,2.0,,,,,,,,,,,,1,1,
H2Q3M4,H2Q3M4_PANTR,ENSPTRP00000006285,PANTR,2.0,,,,,,,,,,,,1,1,
H2Q3L9,H2Q3L9_PANTR,ENSPTRP00000006279,PANTR,2.0,,,,,,,,,,,,1,1,
L7N0A2,L7N0A2_CANFA,ENSCAFP00000011813,CANFA,2.0,,,,,,,,,,,,1,1,
F7EI14,F7EI14_MONDO,ENSMODP00000033842,MONDO,2.0,,,,,,,,,,,1,,1,
F7EI19,F7EI19_MONDO,ENSMODP00000033841,MONDO,2.0,,,,,,,,,,,,1,1,
F7EIA6,F7EIA6_MONDO,ENSMODP00000033836,MONDO,2.0,,,,,,,,,,,,1,1,
F7EIB5,F7EIB5_MONDO,ENSMODP00000033834,MONDO,2.0,,,,,,,,,,,,1,1,
F7EID0,F7EID0_MONDO,ENSMODP00000033832,MONDO,2.0,,,,,,,,,,,,1,1,
F7EIE1,F7EIE1_MONDO,ENSMODP00000033831,MONDO,2.0,,,,,,,,,,,,1,1,
L7N0A4,L7N0A4_CANFA,ENSCAFP00000011912,CANFA,2.0,,,,,,,,,,,,1,1,
F7F1D0,F7F1D0_MONDO,ENSMODP00000033806,MONDO,2.0,,,,,,,,,,,,1,1,
H2Q1H9,H2Q1H9_PANTR,ENSPTRP00000003751,PANTR,2.0,,,,,,,,,,,1,,1,
F7F7G7,F7F7G7_ORNAN,ENSOANP00000002728,ORNAN,2.0,,,,,,,,,,,1,,1,
F7FQ93,F7FQ93_MONDO,ENSMODP00000004379,MONDO,2.0,,,,,,,,,,,,1,1,
F7FQD3,F7FQD3_MONDO,ENSMODP00000004371,MONDO,2.0,,,,,,,,,,,,1,1,
F7FR61,F7FR61_MONDO,ENSMODP00000028189,MONDO,2.0,,,,,,,,,,,1,,1,
L7N099,L7N099_CANFA,ENSCAFP00000011428,CANFA,2.0,,,,,,,,,,,,1,1,
F7FTS2,F7FTS2_MACMU,ENSMMUP00000021238,MACMU,2.0,,,,,,,,,1,,,,1,
H9H851,H9H851_MONDO,ENSMODP00000026972,MONDO,2.0,,,,,,,,,,,,1,1,
H2Q328,H2Q328_PANTR,ENSPTRP00000005783,PANTR,2.0,,,,,,,,,,,1,,1,
H2R7T2,H2R7T2_PANTR,ENSPTRP00000050781,PANTR,2.0,,,,,,,,,,,,1,1,
F7GI35,F7GI35_MONDO,ENSMODP00000025220,MONDO,2.0,,,,,,,,,,,,1,1,
F7HCB6,F7HCB6_MACMU,ENSMMUP00000015369,MACMU,2.0,,,,,,,,,,,,1,1,
H2Q3P6,H2Q3P6_PANTR,ENSPTRP00000006342,PANTR,2.0,,,,,,,,,,,,1,1,
G3V6Q8,G3V6Q8_RAT,ENSRNOP00000007560,RAT,2.0,,,,,,,,,,,,1,1,
F7GIJ2,F7GIJ2_MONDO,ENSMODP00000025074,MONDO,2.0,,,,,,,,,,,,1,1,
F7GIK0,F7GIK0_MONDO,ENSMODP00000025072,MONDO,2.0,,,,,,,,,,,,1,1,
F8VQ31,F8VQ31_MOUSE,ENSMUSP00000071604,MOUSE,2.0,,,,,,,,,,,,1,1,
H2Q3N3,H2Q3N3_PANTR,ENSPTRP00000006301,PANTR,2.0,,,,,,,,,,,,1,1,
F7GIK5,F7GIK5_MONDO,ENSMODP00000025071,MONDO,2.0,,,,,,,,,,,,1,1,
F7GKV8,F7GKV8_MONDO,ENSMODP00000004176,MONDO,2.0,,,,,,,,,,,,1,1,
F7HRV4,F7HRV4_MACMU,ENSMMUP00000008632,MACMU,2.0,,,,,,,,,,,1,,1,
H2Q3N2,H2Q3N2_PANTR,ENSPTRP00000006300,PANTR,2.0,,,,,,,,,,,,1,1,
F7GSU7,F7GSU7_MACMU,ENSMMUP00000029859,MACMU,2.0,,,,,,,,,,,1,,1,
H2Q3N1,H2Q3N1_PANTR,ENSPTRP00000006299,PANTR,2.0,,,,,,,,,,,,1,1,
A0PK55,A0PK55_MOUSE,nan,MOUSE,2.0,,,,,,,,,,,1,,1,
F7HCB8,F7HCB8_MACMU,ENSMMUP00000015368,MACMU,2.0,,,,,,,,,,,,1,1,
F7HA29,F7HA29_MACMU,ENSMMUP00000015386,MACMU,2.0,,,,,,,,,,,,1,1,
F7HC70,F7HC70_MACMU,ENSMMUP00000015371,MACMU,2.0,,,,,,,,,,,,1,1,
F7EHZ8,F7EHZ8_MONDO,ENSMODP00000033844,MONDO,2.0,,,,,,,,,,,,1,1,
H2Q3Q8,H2Q3Q8_PANTR,ENSPTRP00000006366,PANTR,2.0,,,,,,,,,,,,1,1,
F7GII8,F7GII8_MONDO,ENSMODP00000025075,MONDO,2.0,,,,,,,,,,,,1,1,
H2Q3M1,H2Q3M1_PANTR,ENSPTRP00000006281,PANTR,2.0,,,,,,,,,,,,1,1,
H2R2M3,H2R2M3_PANTR,ENSPTRP00000044184,PANTR,2.0,,,,,,,,,,,,1,1,
F7GI68,F7GI68_MONDO,ENSMODP00000025094,MONDO,2.0,,,,,,,,,,,,1,1,
G5E6G0,G5E6G0_BOVIN,ENSBTAP00000051917,BOVIN,2.0,,,,,,,,,,,,1,1,
F7GI76,F7GI76_MONDO,ENSMODP00000025090,MONDO,2.0,,,,,,,,,,,,1,1,
F7GIB6,F7GIB6_MONDO,ENSMODP00000025087,MONDO,2.0,,,,,,,,,,,,1,1,
F7GIC6,F7GIC6_MONDO,ENSMODP00000025084,MONDO,2.0,,,,,,,,,,,,1,1,
H2R5E8,H2R5E8_PANTR,ENSPTRP00000048083,PANTR,2.0,,,,,,,,,,,,1,1,
H2Q3M0,H2Q3M0_PANTR,ENSPTRP00000006280,PANTR,2.0,,,,,,,,,,,,1,1,
H2QXU5,H2QXU5_PANTR,ENSPTRP00000036458,PANTR,2.0,,,,,,,,,,,,1,1,
F7GII4,F7GII4_MONDO,ENSMODP00000025076,MONDO,2.0,,,,,,,,,,,,1,1,
G5E557,G5E557_BOVIN,ENSBTAP00000004541,BOVIN,2.0,,,,,,,,,,,,1,1,
G3X8D1,G3X8D1_BOVIN,ENSBTAP00000052944,BOVIN,2.0,,,,,,,,,,,,1,1,
H2Q7Y0,H2Q7Y0_PANTR,ENSPTRP00000010377,PANTR,2.0,,,,,,,,,,,,1,1,
F7GID2,F7GID2_MONDO,ENSMODP00000025083,MONDO,2.0,,,,,,,,,,,,1,1,
H2Q505,H2Q505_PANTR,ENSPTRP00000007550,PANTR,2.0,,,,,,,,,,,,1,1,
F7GIE1,F7GIE1_MONDO,ENSMODP00000025080,MONDO,2.0,,,,,,,,,,,,1,1,
F7GIH9,F7GIH9_MONDO,ENSMODP00000025077,MONDO,2.0,,,,,,,,,,,,1,1,
F7EI08,F7EI08_MONDO,ENSMODP00000033843,MONDO,2.0,,,,,,,,,,,,1,1,
F7BTA9,F7BTA9_MONDO,ENSMODP00000034657,MONDO,2.0,,,,,,,,,,,,1,1,
F7EHY8,F7EHY8_MONDO,ENSMODP00000033845,MONDO,2.0,,,,,,,,,,,,1,1,
F6UK58,F6UK58_MACMU,ENSMMUP00000038635,MACMU,2.0,,,,,,,,,,,1,,1,
F1Q199,F1Q199_CANFA,ENSCAFP00000011814,CANFA,2.0,,,,,,,,,,,,1,1,
F1Q1A3,F1Q1A3_CANFA,ENSCAFP00000011806,CANFA,2.0,,,,,,,,,,,,1,1,
F1Q395,F1Q395_CANFA,ENSCAFP00000030424,CANFA,2.0,,,,,,,,,,,,1,1,
F6Q470,F6Q470_MACMU,ENSMMUP00000020233,MACMU,2.0,,,,,,,,,,,,1,1,
F6R3L1,F6R3L1_MONDO,ENSMODP00000024972,MONDO,2.0,,,,,,,,,,,,1,1,
F6RN74,F6RN74_MONDO,ENSMODP00000024967,MONDO,2.0,,,,,,,,,,,,1,1,
F6RNV9,F6RNV9_MONDO,ENSMODP00000024953,MONDO,2.0,,,,,,,,,,,,1,1,
F6SJI3,F6SJI3_MACMU,ENSMMUP00000037195,MACMU,2.0,,,,,,,,,,,,1,1,
F6SJK6,F6SJK6_MACMU,ENSMMUP00000037192,MACMU,2.0,,,,,,,,,,,,1,1,
F6SJY0,F6SJY0_MACMU,ENSMMUP00000037187,MACMU,2.0,,,,,,,,,,,,1,1,
F6SMG5,F6SMG5_MONDO,ENSMODP00000033540,MONDO,2.0,,,,,,,,,,,1,,1,
F6V0E0,F6V0E0_MONDO,ENSMODP00000033696,MONDO,2.0,,,,,,,,,,,,1,1,
F1Q0L8,F1Q0L8_CANFA,ENSCAFP00000011892,CANFA,2.0,,,,,,,,,,,,1,1,
F6V0I4,F6V0I4_MONDO,ENSMODP00000033690,MONDO,2.0,,,,,,,,,,,,1,1,
F6V0K6,F6V0K6_MONDO,ENSMODP00000033687,MONDO,2.0,,,,,,,,,,,,1,1,
F6V0L7,F6V0L7_MONDO,ENSMODP00000033686,MONDO,2.0,,,,,,,,,,,,1,1,
F6V0M5,F6V0M5_MONDO,ENSMODP00000033685,MONDO,2.0,,,,,,,,,,,,1,1,
F6V0N2,F6V0N2_MONDO,ENSMODP00000033684,MONDO,2.0,,,,,,,,,,,,1,1,
F6V0R0,F6V0R0_MONDO,ENSMODP00000033681,MONDO,2.0,,,,,,,,,,,,1,1,
F6V1C4,F6V1C4_MONDO,ENSMODP00000038328,MONDO,2.0,,,,,,,,,,,1,,1,
F6VHD4,F6VHD4_MONDO,ENSMODP00000033673,MONDO,2.0,,,,,,,,,,,,1,1,
F6VHF0,F6VHF0_MONDO,ENSMODP00000033671,MONDO,2.0,,,,,,,,,,,,1,1,
F6VII7,F6VII7_MONDO,ENSMODP00000033658,MONDO,2.0,,,,,,,,,,,,1,1,
F6VIJ4,F6VIJ4_MONDO,ENSMODP00000033657,MONDO,2.0,,,,,,,,,,,,1,1,
F1Q0V3,F1Q0V3_CANFA,ENSCAFP00000011884,CANFA,2.0,,,,,,,,,,,,1,1,
F1Q006,F1Q006_CANFA,ENSCAFP00000011931,CANFA,2.0,,,,,,,,,,,,1,1,
F7E1J3,F7E1J3_MONDO,ENSMODP00000033858,MONDO,2.0,,,,,,,,,,,1,,1,
F1MUY1,F1MUY1_BOVIN,ENSBTAP00000032090,BOVIN,2.0,,,,,,,,,,,,1,1,
F1LYF5,F1LYF5_RAT,ENSRNOP00000039843,RAT,2.0,,,,,,,,,,,,1,1,
F1M376,F1M376_RAT,ENSRNOP00000013190,RAT,2.0,,,,,,,,,,,,1,1,
F1MCV0,F1MCV0_BOVIN,ENSBTAP00000050245,BOVIN,2.0,,,,,,,,,,,,1,1,
F1ME33,F1ME33_BOVIN,ENSBTAP00000050478,BOVIN,2.0,,,,,,,,,,,,1,1,
F1MFI3,F1MFI3_BOVIN,ENSBTAP00000008346,BOVIN,2.0,,,,,,,,,,,,1,1,
F1MHS6,F1MHS6_BOVIN,ENSBTAP00000050010,BOVIN,2.0,,,,,,,,,,,,1,1,
F1MI77,F1MI77_BOVIN,ENSBTAP00000051620,BOVIN,2.0,,,,,,,,,,,1,,1,
F1MJL7,F1MJL7_BOVIN,ENSBTAP00000051728,BOVIN,2.0,,,,,,,,,,,,1,1,
F1MNK9,F1MNK9_BOVIN,ENSBTAP00000044802,BOVIN,2.0,,,,,,,,,,,,1,1,
F1MQY6,F1MQY6_BOVIN,ENSBTAP00000052072,BOVIN,2.0,,,,,,,,,,,,1,1,
F1MRD3,F1MRD3_BOVIN,ENSBTAP00000048706,BOVIN,2.0,,,,,,,,,,,,1,1,
F1MXG3,F1MXG3_BOVIN,ENSBTAP00000011955,BOVIN,2.0,,,,,,,,,,,1,,1,
F1PPA7,F1PPA7_CANFA,ENSCAFP00000032918,CANFA,2.0,,,,,,,,,,,,1,1,
F1N075,F1N075_BOVIN,ENSBTAP00000016138,BOVIN,2.0,,,,,,,,,,,,1,1,
F1N0V5,F1N0V5_BOVIN,ENSBTAP00000047637,BOVIN,2.0,,,,,,,,,,,1,,1,
F1N273,F1N273_BOVIN,ENSBTAP00000019371,BOVIN,2.0,,,,,,,,,,,,1,1,
F1N6H5,F1N6H5_BOVIN,ENSBTAP00000017951,BOVIN,2.0,,,,,,,,,,,,1,1,
F1NT59,F1NT59_CHICK,ENSGALP00000007018,CHICK,2.0,,,,,,,,,,,,1,1,
F1NTB2,F1NTB2_CHICK,ENSGALP00000005702,CHICK,2.0,,,,,,,,,,,,1,1,
F1P9M2,F1P9M2_CANFA,ENSCAFP00000033599,CANFA,2.0,,,,,,,,,,,,1,1,
F1PBZ2,F1PBZ2_CANFA,ENSCAFP00000030047,CANFA,2.0,,,,,,,,,,,,1,1,
F1PHK5,F1PHK5_CANFA,ENSCAFP00000033783,CANFA,2.0,,,,,,,,,,,,1,1,
F1PIG6,F1PIG6_CANFA,ENSCAFP00000033177,CANFA,2.0,,,,,,,,,,,1,,1,
F1PL61,F1PL61_CANFA,ENSCAFP00000032559,CANFA,2.0,,,,,,,,,,,,1,1,
F6VIK6,F6VIK6_MONDO,ENSMODP00000033655,MONDO,2.0,,,,,,,,,,,,1,1,
F6VIR7,F6VIR7_MONDO,ENSMODP00000033650,MONDO,2.0,,,,,,,,,,,,1,1,
F6XMD5,F6XMD5_MONDO,ENSMODP00000024607,MONDO,2.0,,,,,,,,,,,,1,1,
F7DCZ7,F7DCZ7_MONDO,ENSMODP00000004076,MONDO,2.0,,,,,,,,,,,,1,1,
F7BRF0,F7BRF0_MONDO,ENSMODP00000011089,MONDO,2.0,,,,,,,,,,,1,,1,
F7BRH7,F7BRH7_MONDO,ENSMODP00000011082,MONDO,2.0,,,,,,,,,,,,1,1,
L7N0C6,L7N0C6_CANFA,ENSCAFP00000016579,CANFA,2.0,,,,,,,,,,,,1,1,
F7C209,F7C209_MACMU,ENSMMUP00000018550,MACMU,2.0,,,,,,,,,,,,1,1,
F7C831,F7C831_MONDO,ENSMODP00000004291,MONDO,2.0,,,,,,,,,,,,1,1,
F7C9Y4,F7C9Y4_MONDO,ENSMODP00000007813,MONDO,2.0,,,,,,,,,,,1,,1,
F7CTJ0,F7CTJ0_MONDO,ENSMODP00000004092,MONDO,2.0,,,,,,,,,,,,1,1,
F7D5S5,F7D5S5_MONDO,ENSMODP00000025174,MONDO,2.0,,,,,,,,,,,,1,1,
F7D5V2,F7D5V2_MONDO,ENSMODP00000025172,MONDO,2.0,,,,,,,,,,,,1,1,
F7D5W3,F7D5W3_MONDO,ENSMODP00000025170,MONDO,2.0,,,,,,,,,,,,1,1,
F7DAF3,F7DAF3_MONDO,ENSMODP00000009266,MONDO,2.0,,,,,,,,,,,1,,1,
F7DEP4,F7DEP4_MACMU,ENSMMUP00000030990,MACMU,2.0,,,,,,,,,,,1,,1,
F6XUD1,F6XUD1_MONDO,ENSMODP00000034942,MONDO,2.0,,,,,,,,,,,,1,1,
F7DGA7,F7DGA7_MONDO,ENSMODP00000033887,MONDO,2.0,,,,,,,,,,,,1,1,
F7DGB9,F7DGB9_MONDO,ENSMODP00000033885,MONDO,2.0,,,,,,,,,,,1,,1,
F7DGD1,F7DGD1_MONDO,ENSMODP00000033883,MONDO,2.0,,,,,,,,,,,,1,1,
F7DGD7,F7DGD7_MONDO,ENSMODP00000033882,MONDO,2.0,,,,,,,,,,,,1,1,
F7DQP5,F7DQP5_MACMU,ENSMMUP00000035421,MACMU,2.0,,,,,,,,,,,1,,1,
F7DQR3,F7DQR3_MONDO,ENSMODP00000025157,MONDO,2.0,,,,,,,,,,,,1,1,
F7DXZ9,F7DXZ9_MONDO,ENSMODP00000004060,MONDO,2.0,,,,,,,,,,,,1,1,
F7DYL6,F7DYL6_MONDO,ENSMODP00000004050,MONDO,2.0,,,,,,,,,,,,1,1,
F7E0K9,F7E0K9_MONDO,ENSMODP00000033877,MONDO,2.0,,,,,,,,,,,,1,1,
F7E0M1,F7E0M1_MONDO,ENSMODP00000033875,MONDO,2.0,,,,,,,,,,,,1,1,
F7E0N4,F7E0N4_MONDO,ENSMODP00000033873,MONDO,2.0,,,,,,,,,,,,1,1,
F7B7Z1,F7B7Z1_MONDO,ENSMODP00000034416,MONDO,2.0,,,,,,,,,,,1,,1,
F7B6G1,F7B6G1_MONDO,ENSMODP00000034685,MONDO,2.0,,,,,,,,,,,,1,1,
F7B6C8,F7B6C8_MONDO,ENSMODP00000034690,MONDO,2.0,,,,,,,,,,,,1,1,
F7B4E0,F7B4E0_MONDO,ENSMODP00000011091,MONDO,2.0,,,,,,,,,,,1,,1,
F6YBT0,F6YBT0_ORNAN,ENSOANP00000027069,ORNAN,2.0,,,,,,,,,,,1,,1,
F6YBU1,F6YBU1_ORNAN,ENSOANP00000027068,ORNAN,2.0,,,,,,,,,,,,1,1,
F6YQT6,F6YQT6_MONDO,ENSMODP00000025215,MONDO,2.0,,,,,,,,,,,,1,1,
F6YQU4,F6YQU4_MONDO,ENSMODP00000025214,MONDO,2.0,,,,,,,,,,,,1,1,
F6YQV1,F6YQV1_MONDO,ENSMODP00000025213,MONDO,2.0,,,,,,,,,,,,1,1,
F6YQV9,F6YQV9_MONDO,ENSMODP00000025212,MONDO,2.0,,,,,,,,,,,,1,1,
F6YQW7,F6YQW7_MONDO,ENSMODP00000025211,MONDO,2.0,,,,,,,,,,,,1,1,
F6YRC7,F6YRC7_MONDO,ENSMODP00000025204,MONDO,2.0,,,,,,,,,,,,1,1,
F6YRD6,F6YRD6_MONDO,ENSMODP00000025203,MONDO,2.0,,,,,,,,,,,,1,1,
F6YT77,F6YT77_MONDO,ENSMODP00000025053,MONDO,2.0,,,,,,,,,,,1,,1,
F6Z4Z9,F6Z4Z9_MONDO,ENSMODP00000033770,MONDO,2.0,,,,,,,,,,,,1,1,
F6Z5U2,F6Z5U2_MONDO,ENSMODP00000033758,MONDO,2.0,,,,,,,,,,,,1,1,
F6ZGA6,F6ZGA6_MONDO,ENSMODP00000025048,MONDO,2.0,,,,,,,,,,,,1,1,
F6ZGB3,F6ZGB3_MONDO,ENSMODP00000025047,MONDO,2.0,,,,,,,,,,,,1,1,
F6ZGD2,F6ZGD2_MONDO,ENSMODP00000025046,MONDO,2.0,,,,,,,,,,,,1,1,
F6ZH50,F6ZH50_MONDO,ENSMODP00000025036,MONDO,2.0,,,,,,,,,,,,1,1,
F6ZH84,F6ZH84_MONDO,ENSMODP00000025032,MONDO,2.0,,,,,,,,,,,,1,1,
F6ZQ26,F6ZQ26_MONDO,ENSMODP00000004100,MONDO,2.0,,,,,,,,,,,,1,1,
F6ZTZ4,F6ZTZ4_MONDO,ENSMODP00000033749,MONDO,2.0,,,,,,,,,,,,1,1,
F7A6X2,F7A6X2_MONDO,ENSMODP00000025027,MONDO,2.0,,,,,,,,,,,,1,1,
F7A6Z3,F7A6Z3_MONDO,ENSMODP00000025020,MONDO,2.0,,,,,,,,,,,,1,1,
F7ACA7,F7ACA7_MONDO,ENSMODP00000004489,MONDO,2.0,,,,,,,,,,,,1,1,
F7AHD1,F7AHD1_MONDO,ENSMODP00000033935,MONDO,2.0,,,,,,,,,,,,1,1,
L7N0A5,L7N0A5_CANFA,ENSCAFP00000011941,CANFA,2.0,,,,,,,,,,,,1,1,
Q7TR34,Q7TR34_MOUSE,nan,MOUSE,2.0,,,,,,,,,,,,1,1,
L7N0K8,L7N0K8_CANFA,ENSCAFP00000032822,CANFA,2.0,,,,,,,,,,,,1,1,
nan,nan,ENSBTAP00000049301,BOVIN,2.0,,,,,,,,,,,,1,1,
nan,nan,ENSBTAP00000047852,BOVIN,2.0,,,,,,,,,,,,1,1,
nan,nan,ENSBTAP00000047933,BOVIN,2.0,,,,,,,,,,,,1,1,
nan,nan,ENSBTAP00000047989,BOVIN,2.0,,,,,,,,,,,,1,1,
nan,nan,ENSBTAP00000048067,BOVIN,2.0,,,,,,,,,,,,1,1,
nan,nan,ENSBTAP00000048191,BOVIN,2.0,,,,,,,,,,,,1,1,
nan,nan,ENSBTAP00000048330,BOVIN,2.0,,,,,,,,,,,,1,1,
nan,nan,ENSBTAP00000048536,BOVIN,2.0,,,,,,,,,,,,1,1,
nan,nan,ENSBTAP00000048679,BOVIN,2.0,,,,,,,,,,,,1,1,
nan,nan,ENSBTAP00000048879,BOVIN,2.0,,,,,,,,,,,,1,1,
nan,nan,ENSBTAP00000048945,BOVIN,2.0,,,,,,,,,,,,1,1,
nan,nan,ENSBTAP00000049265,BOVIN,2.0,,,,,,,,,,,,1,1,
nan,nan,ENSBTAP00000049289,BOVIN,2.0,,,,,,,,,,,,1,1,
nan,nan,ENSBTAP00000049486,BOVIN,2.0,,,,,,,,,,,,1,1,
nan,nan,ENSBTAP00000052074,BOVIN,2.0,,,,,,,,,,,,1,1,
nan,nan,ENSBTAP00000049839,BOVIN,2.0,,,,,,,,,,,,1,1,
nan,nan,ENSBTAP00000049980,BOVIN,2.0,,,,,,,,,,,,1,1,
nan,nan,ENSBTAP00000049990,BOVIN,2.0,,,,,,,,,,,,1,1,
nan,nan,ENSBTAP00000050673,BOVIN,2.0,,,,,,,,,,,,1,1,
nan,nan,ENSBTAP00000050685,BOVIN,2.0,,,,,,,,,,,,1,1,
nan,nan,ENSBTAP00000050844,BOVIN,2.0,,,,,,,,,,,,1,1,
nan,nan,ENSBTAP00000051105,BOVIN,2.0,,,,,,,,,,,,1,1,
nan,nan,ENSBTAP00000051157,BOVIN,2.0,,,,,,,,,,,,1,1,
nan,nan,ENSBTAP00000051239,BOVIN,2.0,,,,,,,,,,,,1,1,
nan,nan,ENSBTAP00000051315,BOVIN,2.0,,,,,,,,,,,,1,1,
nan,nan,ENSBTAP00000051452,BOVIN,2.0,,,,,,,,,,,,1,1,
nan,nan,ENSBTAP00000051491,BOVIN,2.0,,,,,,,,,,,1,,1,
nan,nan,ENSBTAP00000047820,BOVIN,2.0,,,,,,,,,,,,1,1,
nan,nan,ENSBTAP00000047803,BOVIN,2.0,,,,,,,,,,,1,,1,
nan,nan,ENSBTAP00000047711,BOVIN,2.0,,,,,,,,,,,,1,1,
nan,nan,ENSBTAP00000047690,BOVIN,2.0,,,,,,,,,,,,1,1,
Q8VG43,OL472_MOUSE,nan,MOUSE,2.0,,,,,,,,,,,1,,1,
Q8VG44,OL473_MOUSE,nan,MOUSE,2.0,,,,,,,,,,,1,,1,
Q8VG76,Q8VG76_MOUSE,nan,MOUSE,2.0,,,,,,,,,,,,1,1,
Q8VG97,Q8VG97_MOUSE,nan,MOUSE,2.0,,,,,,,,,,,,1,1,
Q8VGB4,Q8VGB4_MOUSE,nan,MOUSE,2.0,,,,,,,,,,,,1,1,
Q8VGI4,OL476_MOUSE,nan,MOUSE,2.0,,,,,,,,,,,,1,1,
Q8VGI5,OL481_MOUSE,nan,MOUSE,2.0,,,,,,,,,,,,1,1,
Q8VGI6,OL477_MOUSE,nan,MOUSE,2.0,,,,,,,,,,,,1,1,
Q8VGR8,O1052_MOUSE,nan,MOUSE,2.0,,,,,,,,,,,,1,1,
Q8VGR9,O1044_MOUSE,nan,MOUSE,2.0,,,,,,,,,,,,1,1,
Q8WZ94,OR5P3_HUMAN,nan,HUMAN,2.0,,,,,,,,,,,,1,1,
Q96R09,OR5B2_HUMAN,nan,HUMAN,2.0,,,,,,,,,,,,1,1,
Q96R84,OR1F2_HUMAN,nan,HUMAN,2.0,,,,,,,,,,,1,,1,
Q9EQ93,Q9EQ93_MOUSE,nan,MOUSE,2.0,,,,,,,,,,,,1,1,
Q9EQ98,Q9EQ98_MOUSE,nan,MOUSE,2.0,,,,,,,,,,,,1,1,
Q9EQB8,Q9EQB8_MOUSE,nan,MOUSE,2.0,,,,,,,,,,,,1,1,
Q9QY00,OL154_MOUSE,nan,MOUSE,2.0,,,,,,,,,,,,1,1,
nan,nan,ENSBTAP00000003417,BOVIN,2.0,,,,,,,,,,,,1,1,
nan,nan,ENSBTAP00000008662,BOVIN,2.0,,,,,,,,,,,,1,1,
nan,nan,ENSBTAP00000016761,BOVIN,2.0,,,,,,,,,,,,1,1,
nan,nan,ENSBTAP00000019292,BOVIN,2.0,,,,,,,,,,,,1,1,
nan,nan,ENSBTAP00000033232,BOVIN,2.0,,,,,,,,,,,,1,1,
nan,nan,ENSBTAP00000041315,BOVIN,2.0,,,,,,,,,,,,1,1,
nan,nan,ENSBTAP00000044822,BOVIN,2.0,,,,,,,,,,,,1,1,
nan,nan,ENSBTAP00000047574,BOVIN,2.0,,,,,,,,,,,,1,1,
nan,nan,ENSBTAP00000051773,BOVIN,2.0,,,,,,,,,,,,1,1,
nan,nan,ENSBTAP00000052116,BOVIN,2.0,,,,,,,,,,,,1,1,
L7N1X5,L7N1X5_MOUSE,ENSMUSP00000057998,MOUSE,2.0,,,,,,,,,,,,1,1,
nan,nan,ENSMODP00000025091,MONDO,2.0,,,,,,,,,,,,1,1,
nan,nan,ENSCAFP00000034122,CANFA,2.0,,,,,,,,,,,,1,1,
nan,nan,ENSCAFP00000035165,CANFA,2.0,,,,,,,,,,,,1,1,
nan,nan,ENSCAFP00000035176,CANFA,2.0,,,,,,,,,,,,1,1,
nan,nan,ENSCAFP00000035387,CANFA,2.0,,,,,,,,,,,1,,1,
nan,nan,ENSCAFP00000035606,CANFA,2.0,,,,,,,,,,,1,,1,
nan,nan,ENSCAFP00000035737,CANFA,2.0,,,,,,,,,,,,1,1,
nan,nan,ENSCAFP00000035751,CANFA,2.0,,,,,,,,,,,,1,1,
nan,nan,ENSGALP00000000133,CHICK,2.0,,,,,,,,,,,1,,1,
nan,nan,ENSGALP00000028543,CHICK,2.0,,,,,,,,,,,,1,1,
nan,nan,ENSGALP00000035030,CHICK,2.0,,,,,,,,,,,1,,1,
nan,nan,ENSGALP00000035220,CHICK,2.0,,,,,,,,,,,1,,1,
nan,nan,ENSMODP00000004470,MONDO,2.0,,,,,,,,,,,,1,1,
nan,nan,ENSMODP00000033612,MONDO,2.0,,,,,,,,,,,,1,1,
nan,nan,ENSBTAP00000052264,BOVIN,2.0,,,,,,,,,,,,1,1,
nan,nan,ENSMODP00000033807,MONDO,2.0,,,,,,,,,,,,1,1,
nan,nan,ENSMODP00000038333,MONDO,2.0,,,,,,,,,,,,1,1,
nan,nan,ENSPTRP00000005804,PANTR,2.0,,,,,,,,,,,1,,1,
nan,nan,ENSPTRP00000006290,PANTR,2.0,,,,,,,,,,,1,,1,
nan,nan,ENSPTRP00000006326,PANTR,2.0,,,,,,,,,,,1,,1,
nan,nan,ENSPTRP00000054998,PANTR,2.0,,,,,,,,,,,1,,1,
nan,nan,ENSPTRP00000059500,PANTR,2.0,,,,,,,,,,,,1,1,
nan,nan,ENSRNOP00000038955,RAT,2.0,,,,,,,,,,,,1,1,
nan,nan,ENSRNOP00000042335,RAT,2.0,,,,,,,,,,,,1,1,
nan,nan,ENSRNOP00000043194,RAT,2.0,,,,,,,,,,,,1,1,
nan,nan,ENSRNOP00000049869,RAT,2.0,,,,,,,,,,,,1,1,
nan,nan,ENSRNOP00000063147,RAT,2.0,,,,,,,,,,,,1,1,
nan,nan,ENSCAFP00000034063,CANFA,2.0,,,,,,,,,,,,1,1,
nan,nan,ENSCAFP00000033810,CANFA,2.0,,,,,,,,,,,,1,1,
nan,nan,ENSCAFP00000033597,CANFA,2.0,,,,,,,,,,,,1,1,
nan,nan,ENSCAFP00000033504,CANFA,2.0,,,,,,,,,,,,1,1,
nan,nan,ENSBTAP00000052266,BOVIN,2.0,,,,,,,,,,,,1,1,
nan,nan,ENSBTAP00000052486,BOVIN,2.0,,,,,,,,,,,,1,1,
nan,nan,ENSBTAP00000053043,BOVIN,2.0,,,,,,,,,,,,1,1,
nan,nan,ENSCAFP00000011421,CANFA,2.0,,,,,,,,,,,,1,1,
nan,nan,ENSCAFP00000011437,CANFA,2.0,,,,,,,,,,,,1,1,
nan,nan,ENSCAFP00000011438,CANFA,2.0,,,,,,,,,,,,1,1,
nan,nan,ENSCAFP00000011915,CANFA,2.0,,,,,,,,,,,,1,1,
nan,nan,ENSCAFP00000011927,CANFA,2.0,,,,,,,,,,,,1,1,
nan,nan,ENSCAFP00000011965,CANFA,2.0,,,,,,,,,1,,,,1,
nan,nan,ENSCAFP00000011979,CANFA,2.0,,,,,,,,,,,,1,1,
nan,nan,ENSCAFP00000016643,CANFA,2.0,,,,,,,,,,,,1,1,
nan,nan,ENSCAFP00000028518,CANFA,2.0,,,,,,,,,,,1,,1,
nan,nan,ENSCAFP00000031211,CANFA,2.0,,,,,,,,,,,,1,1,
nan,nan,ENSCAFP00000031567,CANFA,2.0,,,,,,,,,,,,1,1,
nan,nan,ENSCAFP00000032054,CANFA,2.0,,,,,,,,,,,,1,1,
nan,nan,ENSCAFP00000032211,CANFA,2.0,,,,,,,,,,,,1,1,
nan,nan,ENSCAFP00000032415,CANFA,2.0,,,,,,,,,,,,1,1,
nan,nan,ENSCAFP00000032755,CANFA,2.0,,,,,,,,,,,,1,1,
nan,nan,ENSCAFP00000032826,CANFA,2.0,,,,,,,,,,,,1,1,
nan,nan,ENSCAFP00000032844,CANFA,2.0,,,,,,,,,,,,1,1,
nan,nan,ENSCAFP00000032852,CANFA,2.0,,,,,,,,,,,,1,1,
nan,nan,ENSCAFP00000033227,CANFA,2.0,,,,,,,,,,,1,,1,
nan,nan,ENSCAFP00000033292,CANFA,2.0,,,,,,,,,,,1,,1,
nan,nan,ENSCAFP00000033294,CANFA,2.0,,,,,,,,,,,,1,1,
nan,nan,ENSCAFP00000033485,CANFA,2.0,,,,,,,,,,,,1,1,
Q8VG42,OL508_MOUSE,nan,MOUSE,2.0,,,,,,,,,,,,1,1,
Q8VG38,Q8VG38_MOUSE,nan,MOUSE,2.0,,,,,,,,,,,,1,1,
Q8VG37,Q8VG37_MOUSE,nan,MOUSE,2.0,,,,,,,,,,,,1,1,
Q8N162,OR8H2_HUMAN,nan,HUMAN,2.0,,,,,,,,,,,,1,1,
Q7TR94,Q7TR94_MOUSE,nan,MOUSE,2.0,,,,,,,,,,,,1,1,
Q7TR95,Q7TR95_MOUSE,nan,MOUSE,2.0,,,,,,,,,,,,1,1,
Q7TR96,O1013_MOUSE,nan,MOUSE,2.0,,,,,,,,,,,,1,1,
Q7TR99,Q7TR99_MOUSE,nan,MOUSE,2.0,,,,,,,,,,,,1,1,
Q7TRC0,Q7TRC0_MOUSE,nan,MOUSE,2.0,,,,,,,,,,,,1,1,
Q7TRC9,Q7TRC9_MOUSE,nan,MOUSE,2.0,,,,,,,,,,,,1,1,
Q7TRH2,Q7TRH2_MOUSE,nan,MOUSE,2.0,,,,,,,,,,,,1,1,
Q7TRV2,Q7TRV2_MOUSE,nan,MOUSE,2.0,,,,,,,,,,,,1,1,
Q7TS02,Q7TS02_MOUSE,nan,MOUSE,2.0,,,,,,,,,,,1,,1,
Q7TS20,Q7TS20_MOUSE,nan,MOUSE,2.0,,,,,,,,,,,,1,1,
Q8N0Y5,OR8I2_HUMAN,nan,HUMAN,2.0,,,,,,,,,,,,1,1,
Q8N146,OR8H3_HUMAN,nan,HUMAN,2.0,,,,,,,,,,,,1,1,
Q8NG75,OR5T1_HUMAN,nan,HUMAN,2.0,,,,,,,,,,,,1,1,
Q8VG08,OL497_MOUSE,nan,MOUSE,2.0,,,,,,,,,,,1,,1,
Q8NGC0,O5AU1_HUMAN,nan,HUMAN,2.0,,,,,,,,,,,,1,1,
Q8NGC8,O11H7_HUMAN,nan,HUMAN,2.0,,,,,,,,,,,1,,1,
Q8NGF7,OR5BH_HUMAN,nan,HUMAN,2.0,,,,,,,,,,,,1,1,
Q8NGG2,OR5T2_HUMAN,nan,HUMAN,2.0,,,,,,,,,,,1,,1,
Q8NGG3,OR5T3_HUMAN,nan,HUMAN,2.0,,,,,,,,,,,,1,1,
Q8NGG4,OR8H1_HUMAN,nan,HUMAN,2.0,,,,,,,,,,,,1,1,
Q8NGJ0,OR5A1_HUMAN,nan,HUMAN,2.0,,,,,,,,,,,,1,1,
Q8NGL0,OR5L2_HUMAN,nan,HUMAN,2.0,,,,,,,,,,,,1,1,
Q8NGL2,OR5L1_HUMAN,nan,HUMAN,2.0,,,,,,,,,,,,1,1,
Q8NGL3,OR5DE_HUMAN,nan,HUMAN,2.0,,,,,,,,,,,1,,1,
Q8NGM9,OR8D4_HUMAN,nan,HUMAN,2.0,,,,,,,,,,,,1,1,
Q8NGP3,OR5M9_HUMAN,nan,HUMAN,2.0,,,,,,,,,,,1,,1,
Q7TR90,Q7TR90_MOUSE,nan,MOUSE,2.0,,,,,,,,,,,,1,1,
Q7TR89,Q7TR89_MOUSE,nan,MOUSE,2.0,,,,,,,,,,,,1,1,
Q7TR87,Q7TR87_MOUSE,nan,MOUSE,2.0,,,,,,,,,,,,1,1,
Q7TR84,Q7TR84_MOUSE,nan,MOUSE,2.0,,,,,,,,,,,,1,1,
O95221,OR5F1_HUMAN,nan,HUMAN,2.0,,,,,,,,,,,,1,1,
P0C626,OR5G3_HUMAN,nan,HUMAN,2.0,,,,,,,,,,,,1,1,
P0C7N1,OR8U8_HUMAN,nan,HUMAN,2.0,,,,,,,,,,,,1,1,
P0C7N8,OR9G9_HUMAN,nan,HUMAN,2.0,,,,,,,,,,,,1,1,
Q0VEV7,Q0VEV7_MOUSE,nan,MOUSE,2.0,,,,,,,,,,,,1,1,
Q60880,OL141_MOUSE,nan,MOUSE,2.0,,,,,,,,,,,,1,1,
Q60890,OLF11_MOUSE,nan,MOUSE,2.0,,,,,,,,,,,1,,1,
Q60893,OL151_MOUSE,nan,MOUSE,2.0,,,,,,,,,,,,1,1,
Q6W030,Q6W030_MOUSE,nan,MOUSE,2.0,,,,,,,,,,,,1,1,
Q7TQQ6,Q7TQQ6_MOUSE,nan,MOUSE,2.0,,,,,,,,,,,,1,1,
Q7TQQ7,Q7TQQ7_MOUSE,nan,MOUSE,2.0,,,,,,,,,,,,1,1,
Q7TQQ8,Q7TQQ8_MOUSE,nan,MOUSE,2.0,,,,,,,,,,,,1,1,
Q7TQQ9,Q7TQQ9_MOUSE,nan,MOUSE,2.0,,,,,,,,,,,,1,1,
Q7TQR2,Q7TQR2_MOUSE,nan,MOUSE,2.0,,,,,,,,,,,,1,1,
Q7TQR3,Q7TQR3_MOUSE,nan,MOUSE,2.0,,,,,,,,,,,,1,1,
F1LUC6,F1LUC6_RAT,ENSRNOP00000050234,RAT,2.0,,,,,,,,,,,,1,1,
Q7TR40,Q7TR40_MOUSE,nan,MOUSE,2.0,,,,,,,,,,,,1,1,
Q7TR42,Q7TR42_MOUSE,nan,MOUSE,2.0,,,,,,,,,,,,1,1,
Q7TR45,Q7TR45_MOUSE,nan,MOUSE,2.0,,,,,,,,,,,,1,1,
Q7TR48,Q7TR48_MOUSE,nan,MOUSE,2.0,,,,,,,,,,,,1,1,
Q7TR57,Q7TR57_MOUSE,nan,MOUSE,2.0,,,,,,,,,,,,1,1,
Q7TR58,Q7TR58_MOUSE,nan,MOUSE,2.0,,,,,,,,,,1,,,1,
Q7TR59,Q7TR59_MOUSE,nan,MOUSE,2.0,,,,,,,,,,,,1,1,
Q7TR74,Q7TR74_MOUSE,nan,MOUSE,2.0,,,,,,,,,,,,1,1,
Q7TR79,Q7TR79_MOUSE,nan,MOUSE,2.0,,,,,,,,,,,,1,1,
Q8NGQ1,OR9G4_HUMAN,nan,HUMAN,2.0,,,,,,,,,,,,1,1,
Q8NGQ6,OR9I1_HUMAN,nan,HUMAN,2.0,,,,,,,,,,,,1,1,
Q8NGR4,OR5C1_HUMAN,nan,HUMAN,2.0,,,,,,,,,,,,1,1,
Q8VFQ3,Q8VFQ3_MOUSE,nan,MOUSE,2.0,,,,,,,,,,,,1,1,
Q8VFQ6,Q8VFQ6_MOUSE,nan,MOUSE,2.0,,,,,,,,,,,,1,1,
Q8VFQ7,Q8VFQ7_MOUSE,nan,MOUSE,2.0,,,,,,,,,,,,1,1,
Q8VFQ8,Q8VFQ8_MOUSE,nan,MOUSE,2.0,,,,,,,,,,,,1,1,
Q8VFQ9,Q8VFQ9_MOUSE,nan,MOUSE,2.0,,,,,,,,,,,,1,1,
Q8VFT6,Q8VFT6_MOUSE,nan,MOUSE,2.0,,,,,,,,,,,1,,1,
Q8VFU4,Q8VFU4_MOUSE,nan,MOUSE,2.0,,,,,,,,,,,,1,1,
Q8VFV2,Q8VFV2_MOUSE,nan,MOUSE,2.0,,,,,,,,,,,,1,1,
Q8VFV9,Q8VFV9_MOUSE,nan,MOUSE,2.0,,,,,,,,,,,,1,1,
Q8VFW1,Q8VFW1_MOUSE,nan,MOUSE,2.0,,,,,,,,,,,,1,1,
Q8VFW2,Q8VFW2_MOUSE,nan,MOUSE,2.0,,,,,,,,,,,,1,1,
Q8VFW3,Q8VFW3_MOUSE,nan,MOUSE,2.0,,,,,,,,,,,,1,1,
Q8VFW4,Q8VFW4_MOUSE,nan,MOUSE,2.0,,,,,,,,,,,,1,1,
Q8VFW5,Q8VFW5_MOUSE,nan,MOUSE,2.0,,,,,,,,,,,,1,1,
Q8VFW8,Q8VFW8_MOUSE,nan,MOUSE,2.0,,,,,,,,,,,,1,1,
Q8VFW9,Q8VFW9_MOUSE,nan,MOUSE,2.0,,,,,,,,,,,,1,1,
Q8VFX0,Q8VFX0_MOUSE,nan,MOUSE,2.0,,,,,,,,,,,,1,1,
Q8VFX1,Q8VFX1_MOUSE,nan,MOUSE,2.0,,,,,,,,,,,,1,1,
Q8VFX2,O1444_MOUSE,nan,MOUSE,2.0,,,,,,,,,,,,1,1,
Q8VFX3,Q8VFX3_MOUSE,nan,MOUSE,2.0,,,,,,,,,,,,1,1,
Q8VFX4,Q8VFX4_MOUSE,nan,MOUSE,2.0,,,,,,,,,,,,1,1,
Q8VFX5,Q8VFX5_MOUSE,nan,MOUSE,2.0,,,,,,,,,,,,1,1,
Q8VG03,OL482_MOUSE,nan,MOUSE,2.0,,,,,,,,,,,1,,1,
Q8VG05,OL483_MOUSE,nan,MOUSE,2.0,,,,,,,,,,,1,,1,
Q8VG06,OL491_MOUSE,nan,MOUSE,2.0,,,,,,,,,,,,1,1,
Q8VG07,OL494_MOUSE,nan,MOUSE,2.0,,,,,,,,,,,1,,1,
Q8VFQ5,Q8VFQ5_MOUSE,nan,MOUSE,2.0,,,,,,,,,,,,1,1,
Q8VFM1,Q8VFM1_MOUSE,nan,MOUSE,2.0,,,,,,,,,,,,1,1,
Q8NGX3,O10T2_HUMAN,nan,HUMAN,2.0,,,,,,,,,,,1,,1,
Q8VFL9,O1086_MOUSE,nan,MOUSE,2.0,,,,,,,,,,,,1,1,
Q8NH18,OR5J2_HUMAN,nan,HUMAN,2.0,,,,,,,,,,,,1,1,
Q8NH48,OR5B3_HUMAN,nan,HUMAN,2.0,,,,,,,,,,,,1,1,
Q8NH69,OR5W2_HUMAN,nan,HUMAN,2.0,,,,,,,,,,,,1,1,
Q8NHC7,O14CZ_HUMAN,nan,HUMAN,2.0,,,,,,,,,,,1,,1,
Q8VES2,O1102_MOUSE,nan,MOUSE,2.0,,,,,,,,,,,,1,1,
Q8VEU6,Q8VEU6_MOUSE,nan,MOUSE,2.0,,,,,,,,,,,,1,1,
Q8VEU8,Q8VEU8_MOUSE,nan,MOUSE,2.0,,,,,,,,,,,,1,1,
Q8VEV6,Q8VEV6_MOUSE,nan,MOUSE,2.0,,,,,,,,,,,,1,1,
Q8VEV7,Q8VEV7_MOUSE,nan,MOUSE,2.0,,,,,,,,,,,,1,1,
Q8VEV8,Q8VEV8_MOUSE,nan,MOUSE,2.0,,,,,,,,,,,,1,1,
Q8VEW2,OL498_MOUSE,nan,MOUSE,2.0,,,,,,,,,,,1,,1,
Q8VEW6,OL510_MOUSE,nan,MOUSE,2.0,,,,,,,,,,,1,,1,
Q8VEZ0,OL480_MOUSE,nan,MOUSE,2.0,,,,,,,,,,,,1,1,
Q8VF13,O1094_MOUSE,nan,MOUSE,2.0,,,,,,,,,,,,1,1,
Q8VF14,Q8VF14_MOUSE,nan,MOUSE,2.0,,,,,,,,,,,,1,1,
Q8VF19,Q8VF19_MOUSE,nan,MOUSE,2.0,,,,,,,,,,,,1,1,
Q8VF22,Q8VF22_MOUSE,nan,MOUSE,2.0,,,,,,,,,,,,1,1,
Q8VF76,OL998_MOUSE,nan,MOUSE,2.0,,,,,,,,,,,,1,1,
Q8VFD3,OL484_MOUSE,nan,MOUSE,2.0,,,,,,,,,,,1,,1,
Q8VFJ7,Q8VFJ7_MOUSE,nan,MOUSE,2.0,,,,,,,,,,,,1,1,
Q8VFK1,O1009_MOUSE,nan,MOUSE,2.0,,,,,,,,,,,,1,1,
Q8VFK2,O1002_MOUSE,nan,MOUSE,2.0,,,,,,,,,,,,1,1,
Q8VFK3,Q8VFK3_MOUSE,nan,MOUSE,2.0,,,,,,,,,,,,1,1,
Q8VFL0,Q8VFL0_MOUSE,nan,MOUSE,2.0,,,,,,,,,,,,1,1,
Q8VFL5,O1030_MOUSE,nan,MOUSE,2.0,,,,,,,,,,,,1,1,
F1LWN7,F1LWN7_RAT,ENSRNOP00000046049,RAT,2.0,,,,,,,,,,,,1,1,
F7GUF5,F7GUF5_MACMU,ENSMMUP00000019104,MACMU,2.0,,,,,,,,,,,,1,1,
D3ZB20,D3ZB20_RAT,ENSRNOP00000007665,RAT,2.0,,,,,,,,,,,,1,1,
D3ZH94,nan,nan,nan,2.0,,,,,,,,,,,,1,1,
D4A9A2,D4A9A2_RAT,nan,RAT,2.0,,,,,,,,,,,1,,1,
D3ZIU7,nan,nan,nan,2.0,,,,,,,,,,,1,,1,
D3ZYB9,nan,nan,nan,2.0,,,,,,,,,,,,1,1,
D3ZIR5,nan,nan,nan,2.0,,,,,,,,,,,,1,1,
D3ZYG7,nan,nan,nan,2.0,,,,,,,,,,,,1,1,
D3ZYN3,nan,nan,nan,2.0,,,,,,,,,,,,1,1,
D3ZZ59,nan,nan,nan,2.0,,,,,,,,,,,,1,1,
E1BCB5,E1BCB5_BOVIN,ENSBTAP00000050730,BOVIN,2.0,,,,,,,,,,,,1,1,
D3ZHZ5,nan,nan,nan,2.0,,,,,,,,,,,,1,1,
E1BB47,E1BB47_BOVIN,ENSBTAP00000051855,BOVIN,2.0,,,,,,,,,,,,1,1,
D4A0G4,D4A0G4_RAT,nan,RAT,2.0,,,,,,,,,,,,1,1,
D3ZH69,nan,nan,nan,2.0,,,,,,,,,,,,1,1,
E1BF80,E1BF80_BOVIN,ENSBTAP00000031016,BOVIN,2.0,,,,,,,,,,,,1,1,
D3ZGU8,D3ZGU8_RAT,nan,RAT,2.0,,,,,,,,,,,1,,1,
D4A1G9,D4A1G9_RAT,nan,RAT,2.0,,,,,,,,,,,,1,1,
D3ZGU4,D3ZGU4_RAT,nan,RAT,2.0,,,,,,,,,,,,1,1,
D4A220,D4A220_RAT,nan,RAT,2.0,,,,,,,,,,,,1,1,
D3ZGS6,nan,nan,nan,2.0,,,,,,,,,,,,1,1,
D3ZGL9,D3ZGL9_RAT,nan,RAT,2.0,,,,,,,,,,,,1,1,
D3ZGK5,nan,nan,nan,2.0,,,,,,,,,,,,1,1,
D3ZGE7,D3ZGE7_RAT,nan,RAT,2.0,,,,,,,,,,,,1,1,
D3ZG51,nan,nan,nan,2.0,,,,,,,,,,,,1,1,
D3ZFZ6,D3ZFZ6_RAT,nan,RAT,2.0,,,,,,,,,,,1,,1,
D3Z4R8,nan,nan,nan,2.0,,,,,,,,,,,,1,1,
E1BEF5,E1BEF5_BOVIN,ENSBTAP00000048340,BOVIN,2.0,,,,,,,,,,,,1,1,
E1BFG5,E1BFG5_BOVIN,ENSBTAP00000051495,BOVIN,2.0,,,,,,,,,,,,1,1,
D4ADG8,D4ADG8_RAT,nan,RAT,2.0,,,,,,,,,,,,1,1,
A2AVC1,nan,nan,nan,2.0,,,,,,,,,,,,1,1,
E2R0Q5,E2R0Q5_CANFA,ENSCAFP00000011879,CANFA,2.0,,,,,,,,,,,,1,1,
D3ZTQ7,D3ZTQ7_RAT,nan,RAT,2.0,,,,,,,,,,,,1,1,
E2QW47,E2QW47_CANFA,ENSCAFP00000011920,CANFA,2.0,,,,,,,,,,,,1,1,
E2QVR1,E2QVR1_CANFA,ENSCAFP00000035169,CANFA,2.0,,,,,,,,,,,,1,1,
D3ZLV0,D3ZLV0_RAT,nan,RAT,2.0,,,,,,,,,,,,1,1,
A2AVB5,A2AVB5_MOUSE,nan,MOUSE,2.0,,,,,,,,,,,,1,1,
E1BVC9,E1BVC9_CHICK,nan,CHICK,2.0,,,,,,,,,,,,1,1,
A2AVB8,A2AVB8_MOUSE,nan,MOUSE,2.0,,,,,,,,,,,,1,1,
D3ZLQ7,D3ZLQ7_RAT,nan,RAT,2.0,,,,,,,,,,,,1,1,
A2AVC0,A2AVC0_MOUSE,nan,MOUSE,2.0,,,,,,,,,,,,1,1,
E1BPD5,E1BPD5_BOVIN,ENSBTAP00000052980,BOVIN,2.0,,,,,,,,,,,,1,1,
E1BNR4,E1BNR4_BOVIN,ENSBTAP00000046394,BOVIN,2.0,,,,,,,,,,,,1,1,
E1BGW6,E1BGW6_BOVIN,ENSBTAP00000042936,BOVIN,2.0,,,,,,,,,,,,1,1,
A2AVT0,A2AVT0_MOUSE,nan,MOUSE,2.0,,,,,,,,,,,,1,1,
D3ZU37,D3ZU37_RAT,nan,RAT,2.0,,,,,,,,,,,,1,1,
D3ZU58,nan,nan,nan,2.0,,,,,,,,,,,,1,1,
D3ZV69,D3ZV69_RAT,nan,RAT,2.0,,,,,,,,,,,,1,1,
E1BMR5,E1BMR5_BOVIN,ENSBTAP00000007721,BOVIN,2.0,,,,,,,,,,,,1,1,
A3KPP5,A3KPP5_MOUSE,nan,MOUSE,2.0,,,,,,,,,,,,1,1,
D3ZVQ4,D3ZVQ4_RAT,nan,RAT,2.0,,,,,,,,,,,,1,1,
A6NL26,OR5BL_HUMAN,nan,HUMAN,2.0,,,,,,,,,,,,1,1,
D3ZKQ1,D3ZKQ1_RAT,nan,RAT,2.0,,,,,,,,,,,,1,1,
E1BH88,E1BH88_BOVIN,ENSBTAP00000048627,BOVIN,2.0,,,,,,,,,,,,1,1,
D3ZWQ1,nan,nan,nan,2.0,,,,,,,,,,,,1,1,
D3ZF73,D3ZF73_RAT,nan,RAT,2.0,,,,,,,,,,,,1,1,
D4ADB6,nan,nan,nan,2.0,,,,,,,,,,,,1,1,
A2AVB0,A2AVB0_MOUSE,nan,MOUSE,2.0,,,,,,,,,,,,1,1,
D4AAR2,D4AAR2_RAT,nan,RAT,2.0,,,,,,,,,,,1,,1,
D4A5T5,nan,nan,nan,2.0,,,,,,,,,,,,1,1,
D4A630,nan,nan,nan,2.0,,,,,,,,,,,,1,1,
D3ZAF4,nan,nan,nan,2.0,,,,,,,,,,,,1,1,
D3ZAG5,D3ZAG5_RAT,nan,RAT,2.0,,,,,,,,,,,,1,1,
D3ZAM7,nan,nan,nan,2.0,,,,,,,,,,,,1,1,
D4A6R8,nan,nan,nan,2.0,,,,,,,,,,,1,,1,
D3ZD14,nan,nan,nan,2.0,,,,,,,,,,,,1,1,
D4AB32,nan,nan,nan,2.0,,,,,,,,,,,,1,1,
D4A7V3,D4A7V3_RAT,nan,RAT,2.0,,,,,,,,,,,1,,1,
D4A819,nan,nan,nan,2.0,,,,,,,,,,,1,,1,
D3ZAV6,D3ZAV6_RAT,nan,RAT,2.0,,,,,,,,,,,,1,1,
D4AAQ5,D4AAQ5_RAT,nan,RAT,2.0,,,,,,,,,,,1,,1,
D3ZAA2,nan,nan,nan,2.0,,,,,,,,,,,,1,1,
D3ZCS8,D3ZCS8_RAT,nan,RAT,2.0,,,,,,,,,,,,1,1,
D4A854,nan,nan,nan,2.0,,,,,,,,,,,,1,1,
D3ZB20,D3ZB20_RAT,nan,RAT,2.0,,,,,,,,,,,,1,1,
D3ZB54,D3ZB54_RAT,nan,RAT,2.0,,,,,,,,,,,,1,1,
D4AAC2,D4AAC2_RAT,nan,RAT,2.0,,,,,,,,,,,,1,1,
D4AAB8,nan,nan,nan,2.0,,,,,,,,,,,,1,1,
D4A8M9,nan,nan,nan,2.0,,,,,,,,,,,,1,1,
D3ZC44,nan,nan,nan,2.0,,,,,,,,,,,,1,1,
D4AA86,D4AA86_RAT,nan,RAT,2.0,,,,,,,,,,,,1,1,
D4A8P0,D4A8P0_RAT,nan,RAT,2.0,,,,,,,,,,,,1,1,
D4A9Y9,D4A9Y9_RAT,nan,RAT,2.0,,,,,,,,,,,,1,1,
D3ZAC2,D3ZAC2_RAT,nan,RAT,2.0,,,,,,,,,,,,1,1,
D4A5R9,D4A5R9_RAT,nan,RAT,2.0,,,,,,,,,,,,1,1,
D4ADA6,D4ADA6_RAT,nan,RAT,2.0,,,,,,,,,,,,1,1,
D4ACA4,D4ACA4_RAT,nan,RAT,2.0,,,,,,,,,,,1,,1,
D3ZER5,nan,nan,nan,2.0,,,,,,,,,,,,1,1,
D3Z859,nan,nan,nan,2.0,,,,,,,,,,,,1,1,
D4ACW2,D4ACW2_RAT,nan,RAT,2.0,,,,,,,,,,,1,,1,
D4A2S5,D4A2S5_RAT,nan,RAT,2.0,,,,,,,,,,,,1,1,
D4ACV6,D4ACV6_RAT,nan,RAT,2.0,,,,,,,,,,,,1,1,
D4ACP7,nan,nan,nan,2.0,,,,,,,,,,,,1,1,
D3Z8G1,D3Z8G1_RAT,nan,RAT,2.0,,,,,,,,,,,,1,1,
D3ZEE2,D3ZEE2_RAT,nan,RAT,2.0,,,,,,,,,,,,1,1,
D3Z984,D3Z984_RAT,nan,RAT,2.0,,,,,,,,,,,,1,1,
D3Z9F3,D3Z9F3_RAT,nan,RAT,2.0,,,,,,,,,,,,1,1,
D3ZDX4,nan,nan,nan,2.0,,,,,,,,,,,,1,1,
D4A3Q9,nan,nan,nan,2.0,,,,,,,,,,,,1,1,
D4AC22,nan,nan,nan,2.0,,,,,,,,,,,1,,1,
D4A3V1,D4A3V1_RAT,nan,RAT,2.0,,,,,,,,,,,1,,1,
D4A403,D4A403_RAT,nan,RAT,2.0,,,,,,,,,,,1,,1,
D3Z9V0,D3Z9V0_RAT,nan,RAT,2.0,,,,,,,,,,,1,,1,
D3Z9W6,D3Z9W6_RAT,nan,RAT,2.0,,,,,,,,,,,,1,1,
D4A4D2,D4A4D2_RAT,nan,RAT,2.0,,,,,,,,,,,,1,1,
D4A4L0,D4A4L0_RAT,nan,RAT,2.0,,,,,,,,,,,,1,1,
D4A4N0,D4A4N0_RAT,nan,RAT,2.0,,,,,,,,,,,,1,1,
D4A4W0,D4A4W0_RAT,nan,RAT,2.0,,,,,,,,,,,,1,1,
D3ZDN2,nan,nan,nan,2.0,,,,,,,,,,,,1,1,
D3ZDL4,D3ZDL4_RAT,nan,RAT,2.0,,,,,,,,,,,,1,1,
D3ZA29,D3ZA29_RAT,nan,RAT,2.0,,,,,,,,,,,,1,1,
D3ZLZ1,D3ZLZ1_RAT,nan,RAT,2.0,,,,,,,,,,,,1,1,
D4A977,D4A977_RAT,nan,RAT,2.0,,,,,,,,,,,,1,1,
D3ZTP7,D3ZTP7_RAT,nan,RAT,2.0,,,,,,,,,,,,1,1,
D3ZST0,D3ZST0_RAT,nan,RAT,2.0,,,,,,,,,,,,1,1,
D3ZMV7,D3ZMV7_RAT,nan,RAT,2.0,,,,,,,,,,,,1,1,
D3ZNG2,D3ZNG2_RAT,nan,RAT,2.0,,,,,,,,,,,,1,1,
D3ZSJ0,D3ZSJ0_RAT,nan,RAT,2.0,,,,,,,,,,,,1,1,
D3ZRJ4,D3ZRJ4_RAT,nan,RAT,2.0,,,,,,,,,,,,1,1,
D3ZSI3,D3ZSI3_RAT,nan,RAT,2.0,,,,,,,,,,,,1,1,
D3ZNL1,nan,nan,nan,2.0,,,,,,,,,,,,1,1,
E2R7A5,E2R7A5_CANFA,ENSCAFP00000016857,CANFA,2.0,,,,,,,,,,,,1,1,
E9PW59,E9PW59_MOUSE,ENSMUSP00000053405,MOUSE,2.0,,,,,,,,,,,,1,1,
D3ZQB3,D3ZQB3_RAT,nan,RAT,2.0,,,,,,,,,,,,1,1,
A2ARY1,A2ARY1_MOUSE,nan,MOUSE,2.0,,,,,,,,,,,,1,1,
A2ARY0,A2ARY0_MOUSE,nan,MOUSE,2.0,,,,,,,,,,,,1,1,
E9Q2B9,E9Q2B9_MOUSE,ENSMUSP00000062692,MOUSE,2.0,,,,,,,,,,,,1,1,
E2REB9,E2REB9_CANFA,ENSCAFP00000033676,CANFA,2.0,,,,,,,,,,,1,,1,
A2ALD2,A2ALD2_MOUSE,nan,MOUSE,2.0,,,,,,,,,,,,1,1,
D3ZQW9,D3ZQW9_RAT,nan,RAT,2.0,,,,,,,,,,,,1,1,
A2ATE3,A2ATE3_MOUSE,nan,MOUSE,2.0,,,,,,,,,,,,1,1,
A2ATE0,A2ATE0_MOUSE,nan,MOUSE,2.0,,,,,,,,,,,,1,1,
D3ZRD7,D3ZRD7_RAT,nan,RAT,2.0,,,,,,,,,,,,1,1,
D3ZP02,D3ZP02_RAT,nan,RAT,2.0,,,,,,,,,,,,1,1,
A2AVA9,A2AVA9_MOUSE,nan,MOUSE,2.0,,,,,,,,,,,,1,1,
D3ZMA8,D3ZMA8_RAT,nan,RAT,2.0,,,,,,,,,,,,1,1,
D3ZPS1,nan,nan,nan,2.0,,,,,,,,,,,,1,1,
D3ZPS6,D3ZPS6_RAT,nan,RAT,2.0,,,,,,,,,,,,1,1,
A2ASV2,A2ASV2_MOUSE,nan,MOUSE,2.0,,,,,,,,,,,,1,1,
D3ZPS2,D3ZPS2_RAT,nan,RAT,2.0,,,,,,,,,,,,1,1,
D3ZTL4,nan,nan,nan,2.0,,,,,,,,,,,,1,1,
A2AT96,A2AT96_MOUSE,nan,MOUSE,2.0,,,,,,,,,,,,1,1,
A2ASU8,nan,nan,nan,2.0,,,,,,,,,,,,1,1,
D3ZGI2,D3ZGI2_RAT,nan,RAT,1.0,,,,,,,,,,,,,1,
Q7TRZ7,Q7TRZ7_MOUSE,nan,MOUSE,1.0,,,,,,,,,,,,,1,
Q8VGB8,Q8VGB8_MOUSE,nan,MOUSE,1.0,,,,,,,,,,,1,,,
D3ZNH5,D3ZNH5_RAT,nan,RAT,1.0,,,,,,,,,,,,,1,
D3ZFR4,D3ZFR4_RAT,nan,RAT,1.0,,,,,,,,,,,,,1,
Q8VGA6,Q8VGA6_MOUSE,nan,MOUSE,1.0,,,,,,,,,,,,,1,
Q8VGA0,Q8VGA0_MOUSE,nan,MOUSE,1.0,,,,,,,,,,,,,1,
Q7TS03,Q7TS03_MOUSE,nan,MOUSE,1.0,,,,,,,,,,,,,1,
Q7TRZ4,Q7TRZ4_MOUSE,nan,MOUSE,1.0,,,,,,,,,,,,,1,
Q8VG90,Q8VG90_MOUSE,nan,MOUSE,1.0,,,,,,,,,,,,,1,
Q8VG89,Q8VG89_MOUSE,nan,MOUSE,1.0,,,,,,,,,,,,,1,
Q7TS04,Q7TS04_MOUSE,nan,MOUSE,1.0,,,,,,,,,,,,,1,
D3ZE89,nan,nan,nan,1.0,,,,,,,,,,,,,1,
Q8VGC6,Q8VGC6_MOUSE,nan,MOUSE,1.0,,,,,,,,,,,,,1,
Q7TRY2,Q7TRY2_MOUSE,nan,MOUSE,1.0,,,,,,,,,,,,,1,
Q8VG65,Q8VG65_MOUSE,nan,MOUSE,1.0,,,,,,,,,,,,,1,
Q7TRN3,Q7TRN3_MOUSE,nan,MOUSE,1.0,,,,,,,,,,,,,1,
Q7TRN4,Q7TRN4_MOUSE,nan,MOUSE,1.0,,,,,,,,,,,,,1,
Q7TRU0,Q7TRU0_MOUSE,nan,MOUSE,1.0,,,,,,,,,,,1,,,
D3ZDX0,nan,nan,nan,1.0,,,,,,,,,,,,,1,
Q7TRU6,Q7TRU6_MOUSE,nan,MOUSE,1.0,,,,,,,,,,,,,1,
Q8VGF0,Q8VGF0_MOUSE,nan,MOUSE,1.0,,,,,,,,,,,,,1,
Q7TRU9,Q7TRU9_MOUSE,nan,MOUSE,1.0,,,,,,,,,,,,,1,
Q8VGD9,Q8VGD9_MOUSE,nan,MOUSE,1.0,,,,,,,,,,,,,1,
D3ZNH9,D3ZNH9_RAT,nan,RAT,1.0,,,,,,,,,,,,,1,
Q8VGD7,Q8VGD7_MOUSE,nan,MOUSE,1.0,,,,,,,,,,,,,1,
Q7TRW8,Q7TRW8_MOUSE,nan,MOUSE,1.0,,,,,,,,,,,1,,,
Q8C0S2,Q8C0S2_MOUSE,nan,MOUSE,1.0,,,,,,,,,,,,,1,
Q80ZX9,Q80ZX9_MOUSE,nan,MOUSE,1.0,,,,,,,,,,,,,1,
Q8VGD6,OLF56_MOUSE,nan,MOUSE,1.0,,,,,,,,,,,,,1,
Q8VGC7,Q8VGC7_MOUSE,nan,MOUSE,1.0,,,,,,,,,,,,,1,
Q8VG66,Q8VG66_MOUSE,nan,MOUSE,1.0,,,,,,,,,,,,,1,
Q8VG50,Q8VG50_MOUSE,nan,MOUSE,1.0,,,,,,,,,,,,,1,
Q8VG53,Q8VG53_MOUSE,nan,MOUSE,1.0,,,,,,,,,,,,,1,
Q7TS23,Q7TS23_MOUSE,nan,MOUSE,1.0,,,,,,,,,,,,,1,
D3ZF04,nan,nan,nan,1.0,,,,,,,,,,,,,1,
Q8VG02,OL488_MOUSE,nan,MOUSE,1.0,,,,,,,,,,,,,1,
D3ZF09,D3ZF09_RAT,nan,RAT,1.0,,,,,,,,,,,,,1,
Q7TS53,Q7TS53_MOUSE,nan,MOUSE,1.0,,,,,,,,,,,,,1,
Q8VFX8,Q8VFX8_MOUSE,nan,MOUSE,1.0,,,,,,,,,,,1,,,
Q8VFX7,Q8VFX7_MOUSE,nan,MOUSE,1.0,,,,,,,,,,,1,,,
Q7TS38,Q7TS38_MOUSE,nan,MOUSE,1.0,,,,,,,,,,,,,1,
D3ZEZ1,nan,nan,nan,1.0,,,,,,,,,,,,,1,
Q7TS40,Q7TS40_MOUSE,nan,MOUSE,1.0,,,,,,,,,,,,,1,
Q8VFX6,Q8VFX6_MOUSE,nan,MOUSE,1.0,,,,,,,,,,,1,,,
D3ZF62,D3ZF62_RAT,nan,RAT,1.0,,,,,,,,,,,,,1,
Q7TS43,Q7TS43_MOUSE,nan,MOUSE,1.0,,,,,,,,,,,,,1,
D3ZFV2,D3ZFV2_RAT,nan,RAT,1.0,,,,,,,,,,,,,1,
Q7TS51,Q7TS51_MOUSE,nan,MOUSE,1.0,,,,,,,,,,,,,1,
Q8VG04,OL478_MOUSE,nan,MOUSE,1.0,,,,,,,,,,,,,1,
D3ZEZ0,nan,nan,nan,1.0,,,,,,,,,,,,,1,
D3ZGH1,D3ZGH1_RAT,nan,RAT,1.0,,,,,,,,,,,,,1,
D3ZG67,D3ZG67_RAT,nan,RAT,1.0,,,,,,,,,,,,,1,
D3ZEE3,D3ZEE3_RAT,nan,RAT,1.0,,,,,,,,,,,,,1,
D3ZG80,D3ZG80_RAT,nan,RAT,1.0,,,,,,,,,,,,,1,
D3ZEF1,D3ZEF1_RAT,nan,RAT,1.0,,,,,,,,,,,,,1,
D3ZEG7,nan,nan,nan,1.0,,,,,,,,,,,,,1,
Q7TS06,Q7TS06_MOUSE,nan,MOUSE,1.0,,,,,,,,,,,,,1,
D3ZEL9,D3ZEL9_RAT,nan,RAT,1.0,,,,,,,,,,,,,1,
Q8VG32,Q8VG32_MOUSE,nan,MOUSE,1.0,,,,,,,,,,,,,1,
D3ZEY6,nan,nan,nan,1.0,,,,,,,,,,,,,1,
Q7TS07,Q7TS07_MOUSE,nan,MOUSE,1.0,,,,,,,,,,,,,1,
Q8VG16,Q8VG16_MOUSE,nan,MOUSE,1.0,,,,,,,,,,,,,1,
Q8VG13,OL507_MOUSE,nan,MOUSE,1.0,,,,,,,,,,,,,1,
Q8VG11,Q8VG11_MOUSE,nan,MOUSE,1.0,,,,,,,,,,,,,1,
Q8VG09,OL502_MOUSE,nan,MOUSE,1.0,,,,,,,,,,,,,1,
Q7TS08,Q7TS08_MOUSE,nan,MOUSE,1.0,,,,,,,,,,,,,1,
D3ZEN9,D3ZEN9_RAT,nan,RAT,1.0,,,,,,,,,,,,,1,
Q8VGQ6,Q8VGQ6_MOUSE,nan,MOUSE,1.0,,,,,,,,,,,,,1,
Q8VGJ5,Q8VGJ5_MOUSE,nan,MOUSE,1.0,,,,,,,,,,,,,1,
Q7TRB7,Q7TRB7_MOUSE,nan,MOUSE,1.0,,,,,,,,,,,,,1,
Q9EQA5,Q9EQA5_MOUSE,nan,MOUSE,1.0,,,,,,,,,,,,,1,
Q9EQA2,Q9EQA2_MOUSE,nan,MOUSE,1.0,,,,,,,,,,,,,1,
Q7TRB8,Q7TRB8_MOUSE,nan,MOUSE,1.0,,,,,,,,,,,,,1,
Q9EQA0,Q9EQA0_MOUSE,nan,MOUSE,1.0,,,,,,,,,,,,,1,
D3ZCI7,nan,nan,nan,1.0,,,,,,,,,,,,,1,
Q9EQ97,Q9EQ97_MOUSE,nan,MOUSE,1.0,,,,,,,,,,,,,1,
Q9EQ96,Q9EQ96_MOUSE,nan,MOUSE,1.0,,,,,,,,,,,,,1,
Q9EQ95,Q9EQ95_MOUSE,nan,MOUSE,1.0,,,,,,,,,,,,,1,
Q7TRB9,Q7TRB9_MOUSE,nan,MOUSE,1.0,,,,,,,,,,,,,1,
D3ZNU6,D3ZNU6_RAT,nan,RAT,1.0,,,,,,,,,,,,,1,
Q9EPF8,Q9EPF8_MOUSE,nan,MOUSE,1.0,,,,,,,,,,,,,1,
Q9EPF7,Q9EPF7_MOUSE,nan,MOUSE,1.0,,,,,,,,,,,,,1,
Q9EPF5,Q9EPF5_MOUSE,nan,MOUSE,1.0,,,,,,,,,,,,,1,
Q9D3U9,Q9D3U9_MOUSE,nan,MOUSE,1.0,,,,,,,,,,,,,1,
Q96RD1,OR6C1_HUMAN,nan,HUMAN,1.0,,,,,,,,,,,,,1,
Q96RD0,OR8B2_HUMAN,nan,HUMAN,1.0,,,,,,,,,,,,,1,
Q96RC9,OR8B4_HUMAN,nan,HUMAN,1.0,,,,,,,,,,,1,,,
Q9EQA6,Q9EQA6_MOUSE,nan,MOUSE,1.0,,,,,,,,,,,,,1,
Q9EQA9,Q9EQA9_MOUSE,nan,MOUSE,1.0,,,,,,,,,,,,,1,
Q8VGL6,Q8VGL6_MOUSE,nan,MOUSE,1.0,,,,,,,,,,,,,1,
Q9EQB4,Q9EQB4_MOUSE,nan,MOUSE,1.0,,,,,,,,,,,,,1,
Q9W3V5,Q9W3V5_DROME,nan,DROME,1.0,,,,,,,,,,,1,,,
Q9VCZ3,OCTB1_DROME,nan,DROME,1.0,,,,,,,,,,,1,,,
Q9VAA2,Q9VAA2_DROME,nan,DROME,1.0,,,,,,,,,,,1,,,
Q9UGF5,O14J1_HUMAN,nan,HUMAN,1.0,,,,,,,,,,,,,1,
Q7TRA6,Q7TRA6_MOUSE,nan,MOUSE,1.0,,,,,,,,,,,,,1,
Q9UGF5,O14J1_HUMAN,ENSP00000389802,HUMAN,1.0,,,,,,,,,,,,,1,
Q9QZ19,Q9QZ19_MOUSE,nan,MOUSE,1.0,,,,,,,,,,,,,1,
D3ZCF9,D3ZCF9_RAT,nan,RAT,1.0,,,,,,,,,,,,,1,
Q9QWX0,Q9QWX0_RAT,nan,RAT,1.0,,,,,,,,,,,1,,,
Q9NZP5,O5AC2_HUMAN,nan,HUMAN,1.0,,,,,,,,,,,,,1,
Q9NQN1,OR2S1_HUMAN,nan,HUMAN,1.0,,,,,,,,,,,,,1,
Q9H205,O2AG1_HUMAN,nan,HUMAN,1.0,,,,,,,,,,,,,1,
Q9GZK6,OR2J1_HUMAN,nan,HUMAN,1.0,,,,,,,,,,,,,1,
Q7TRA7,Q7TRA7_MOUSE,nan,MOUSE,1.0,,,,,,,,,,,,,1,
Q9GZK6,OR2J1_HUMAN,ENSP00000414527,HUMAN,1.0,,,,,,,,,,,,,1,
D3ZCH0,D3ZCH0_RAT,nan,RAT,1.0,,,,,,,,,,,,,1,
Q9EQB7,Q9EQB7_MOUSE,nan,MOUSE,1.0,,,,,,,,,,,,,1,
Q96RB7,OR5MB_HUMAN,nan,HUMAN,1.0,,,,,,,,,,,,,1,
D3ZCW9,D3ZCW9_RAT,nan,RAT,1.0,,,,,,,,,,,,,1,
Q7TRC2,Q7TRC2_MOUSE,nan,MOUSE,1.0,,,,,,,,,,,,,1,
Q7TRC7,Q7TRC7_MOUSE,nan,MOUSE,1.0,,,,,,,,,,,,,1,
Q8VGU3,Q8VGU3_MOUSE,nan,MOUSE,1.0,,,,,,,,,,,,,1,
Q7TRJ3,Q7TRJ3_MOUSE,nan,MOUSE,1.0,,,,,,,,,,,,,1,
Q7TRJ5,Q7TRJ5_MOUSE,nan,MOUSE,1.0,,,,,,,,,,,,,1,
Q8VGT9,Q8VGT9_MOUSE,nan,MOUSE,1.0,,,,,,,,,,,1,,,
Q8VGS7,Q8VGS7_MOUSE,nan,MOUSE,1.0,,,,,,,,,,,,,1,
D3ZD42,D3ZD42_RAT,nan,RAT,1.0,,,,,,,,,,,,,1,
Q7TRJ6,Q7TRJ6_MOUSE,nan,MOUSE,1.0,,,,,,,,,,,,,1,
Q8VGS2,Q8VGS2_MOUSE,nan,MOUSE,1.0,,,,,,,,,,,,,1,
Q8VGS0,Q8VGS0_MOUSE,nan,MOUSE,1.0,,,,,,,,,,,,,1,
Q7TRL9,Q7TRL9_MOUSE,nan,MOUSE,1.0,,,,,,,,,,,,,1,
D3ZDH5,D3ZDH5_RAT,nan,RAT,1.0,,,,,,,,,,,,,1,
D3ZDJ1,D3ZDJ1_RAT,nan,RAT,1.0,,,,,,,,,,,,,1,
Q8VGQ7,OL181_MOUSE,nan,MOUSE,1.0,,,,,,,,,,,,,1,
Q8VFV8,Q8VFV8_MOUSE,nan,MOUSE,1.0,,,,,,,,,,,,,1,
Q8VGQ3,Q8VGQ3_MOUSE,nan,MOUSE,1.0,,,,,,,,,,,,,1,
Q7TRM9,Q7TRM9_MOUSE,nan,MOUSE,1.0,,,,,,,,,,,,,1,
Q8VGP9,Q8VGP9_MOUSE,nan,MOUSE,1.0,,,,,,,,,,,,,1,
Q8VGX2,Q8VGX2_MOUSE,nan,MOUSE,1.0,,,,,,,,,,,,,1,
Q8VH10,Q8VH10_MOUSE,nan,MOUSE,1.0,,,,,,,,,,,1,,,
Q8WZ84,OR8D1_HUMAN,nan,HUMAN,1.0,,,,,,,,,,,,,1,
Q96R27,OR2M4_HUMAN,nan,HUMAN,1.0,,,,,,,,,,,,,1,
Q96R54,O14A2_HUMAN,nan,HUMAN,1.0,,,,,,,,,,,,,1,
Q96R48,OR2A5_HUMAN,nan,HUMAN,1.0,,,,,,,,,,,,,1,
Q96R47,O2A14_HUMAN,nan,HUMAN,1.0,,,,,,,,,,,,,1,
Q7TRE0,Q7TRE0_MOUSE,nan,MOUSE,1.0,,,,,,,,,,,,,1,
Q96R28,OR2M2_HUMAN,nan,HUMAN,1.0,,,,,,,,,,,,,1,
Q7TRE4,Q7TRE4_MOUSE,nan,MOUSE,1.0,,,,,,,,,,,,,1,
Q7TRF6,Q7TRF6_MOUSE,nan,MOUSE,1.0,,,,,,,,,,,1,,,
D3ZNI0,D3ZNI0_RAT,nan,RAT,1.0,,,,,,,,,,,,,1,
Q8WZ92,OR5P2_HUMAN,nan,HUMAN,1.0,,,,,,,,,,,,,1,
D3ZD26,nan,nan,nan,1.0,,,,,,,,,,,,,1,
Q923Q8,Q923Q8_MOUSE,nan,MOUSE,1.0,,,,,,,,,,,,,1,
Q7TRJ0,Q7TRJ0_MOUSE,nan,MOUSE,1.0,,,,,,,,,,,,,1,
Q923Q6,Q923Q6_MOUSE,nan,MOUSE,1.0,,,,,,,,,,,,,1,
Q7TRJ1,Q7TRJ1_MOUSE,nan,MOUSE,1.0,,,,,,,,,,,,,1,
Q90806,Q90806_CHICK,nan,CHICK,1.0,,,,,,,,1,,,,,,
D3ZD30,nan,nan,nan,1.0,,,,,,,,,,,,,1,
D3ZNF9,D3ZNF9_RAT,nan,RAT,1.0,,,,,,,,,,,,,1,
D3ZN02,D3ZN02_RAT,nan,RAT,1.0,,,,,,,,,,,,,1,
Q8VFV4,O1440_MOUSE,nan,MOUSE,1.0,,,,,,,,,,,,,1,
D3ZMK1,D3ZMK1_RAT,nan,RAT,1.0,,,,,,,,,,,,,1,
D3ZL55,nan,nan,nan,1.0,,,,,,,,,,,,,1,
Q8NH51,OR8K3_HUMAN,nan,HUMAN,1.0,,,,,,,,,,,,,1,
Q8NH50,OR8K5_HUMAN,nan,HUMAN,1.0,,,,,,,,,,,,,1,
D3ZL87,nan,nan,nan,1.0,,,,,,,,,,,,,1,
Q8NH33,Q8NH33_HUMAN,nan,HUMAN,1.0,,,,,,,,,,,1,,,
D3ZLF8,D3ZLF8_RAT,nan,RAT,1.0,,,,,,,,,,,,,1,
Q8NH16,OR2L2_HUMAN,nan,HUMAN,1.0,,,,,,,,,,,,,1,
Q8NH04,O2T27_HUMAN,nan,HUMAN,1.0,,,,,,,,,,,,,1,
Q8NH03,OR2T3_HUMAN,nan,HUMAN,1.0,,,,,,,,,,,,,1,
Q8NGE7,OR9K2_HUMAN,nan,HUMAN,1.0,,,,,,,,,,,,,1,
Q8NH02,O2T29_HUMAN,nan,HUMAN,1.0,,,,,,,,,,,,,1,
Q8NH01,O2T11_HUMAN,nan,HUMAN,1.0,,,,,,,,,,,,,1,
Q8NH00,OR2T4_HUMAN,nan,HUMAN,1.0,,,,,,,,,,,,,1,
Q8NGZ9,O2T10_HUMAN,nan,HUMAN,1.0,,,,,,,,,,,,,1,
Q8NGZ2,O14K1_HUMAN,nan,HUMAN,1.0,,,,,,,,,,,,,1,
Q8NGZ0,O2AJ1_HUMAN,nan,HUMAN,1.0,,,,,,,,,,,,,1,
Q8NGY9,OR2L8_HUMAN,nan,HUMAN,1.0,,,,,,,,,,,,,1,
Q8NGY6,OR6N2_HUMAN,nan,HUMAN,1.0,,,,,,,,,,,,,1,
D3ZL36,D3ZL36_RAT,nan,RAT,1.0,,,,,,,,,,,,,1,
Q8NH89,O5AK3_HUMAN,nan,HUMAN,1.0,,,,,,,,,,,,,1,
Q8NH90,O5AK2_HUMAN,nan,HUMAN,1.0,,,,,,,,,,,,,1,
Q8NH95,O13C6_HUMAN,nan,HUMAN,1.0,,,,,,,,,,,,,1,
D3ZK85,D3ZK85_RAT,nan,RAT,1.0,,,,,,,,,,,,,1,
Q8VEV0,Q8VEV0_MOUSE,nan,MOUSE,1.0,,,,,,,,,,,,,1,
D3ZKF9,D3ZKF9_RAT,nan,RAT,1.0,,,,,,,,,,,,,1,
D3ZKL5,D3ZKL5_RAT,nan,RAT,1.0,,,,,,,,,,,,,1,
Q8VET3,Q8VET3_MOUSE,nan,MOUSE,1.0,,,,,,,,,,,,,1,
Q8VET2,Q8VET2_MOUSE,nan,MOUSE,1.0,,,,,,,,,,,,,1,
Q8NGC1,O11G2_HUMAN,nan,HUMAN,1.0,,,,,,,,,,,,,1,
Q8T0P6,Q8T0P6_DROME,nan,DROME,1.0,,,,,,,,,,,1,,,
Q8NHC8,OR2T6_HUMAN,nan,HUMAN,1.0,,,,,,,,,,,,,1,
D3ZKT5,D3ZKT5_RAT,nan,RAT,1.0,,,,,,,,,,,,,1,
Q8NHC6,O14L1_HUMAN,nan,HUMAN,1.0,,,,,,,,,,,,,1,
Q8NHC5,O14AG_HUMAN,nan,HUMAN,1.0,,,,,,,,,,,,,1,
Q8NHC4,O10J5_HUMAN,nan,HUMAN,1.0,,,,,,,,,,,,,1,
Q8NHB8,OR5K2_HUMAN,nan,HUMAN,1.0,,,,,,,,,,,,,1,
Q8NGC7,O11H6_HUMAN,nan,HUMAN,1.0,,,,,,,,,,,,,1,
Q8NHB7,OR5K1_HUMAN,nan,HUMAN,1.0,,,,,,,,,,,,,1,
Q8NHA8,OR1FC_HUMAN,nan,HUMAN,1.0,,,,,,,,,,,,,1,
Q8NGY1,O10Z1_HUMAN,nan,HUMAN,1.0,,,,,,,,,,,1,,,
Q8NGX5,O10K1_HUMAN,nan,HUMAN,1.0,,,,,,,,,,,,,1,
D3ZJY3,D3ZJY3_RAT,nan,RAT,1.0,,,,,,,,,,,1,,,
Q8NGG6,OR8BC_HUMAN,nan,HUMAN,1.0,,,,,,,,,,,,,1,
D3ZMF1,D3ZMF1_RAT,nan,RAT,1.0,,,,,,,,,,,,,1,
D3ZME1,D3ZME1_RAT,nan,RAT,1.0,,,,,,,,,,,,,1,
Q8NGQ5,OR9Q1_HUMAN,nan,HUMAN,1.0,,,,,,,,,,,,,1,
D3ZLS8,D3ZLS8_RAT,nan,RAT,1.0,,,,,,,,,,,1,,,
Q8NGG5,OR8K1_HUMAN,nan,HUMAN,1.0,,,,,,,,,,,,,1,
Q8NGP8,OR5M1_HUMAN,nan,HUMAN,1.0,,,,,,,,,,,,,1,
Q8NGP6,OR5M8_HUMAN,nan,HUMAN,1.0,,,,,,,,,,,,,1,
Q8NGP4,OR5M3_HUMAN,nan,HUMAN,1.0,,,,,,,,,,,,,1,
D3ZLU2,D3ZLU2_RAT,nan,RAT,1.0,,,,,,,,,,,,,1,
Q8NGE9,OR9Q2_HUMAN,nan,HUMAN,1.0,,,,,,,,,,,,,1,
Q8NGG7,OR8A1_HUMAN,nan,HUMAN,1.0,,,,,,,,,,,,,1,
Q8NGP2,OR8J1_HUMAN,nan,HUMAN,1.0,,,,,,,,,,,,,1,
Q8NGG8,OR8B3_HUMAN,nan,HUMAN,1.0,,,,,,,,,,,,,1,
D3ZLY6,D3ZLY6_RAT,nan,RAT,1.0,,,,,,,,,,,,,1,
Q8NGI6,OR4DA_HUMAN,nan,HUMAN,1.0,,,,,,,,,,,1,,,
D3ZLY7,D3ZLY7_RAT,nan,RAT,1.0,,,,,,,,,,,,,1,
Q8NGI8,O5AN1_HUMAN,nan,HUMAN,1.0,,,,,,,,,,,,,1,
Q8NGI9,OR5A2_HUMAN,nan,HUMAN,1.0,,,,,,,,,,,,,1,
Q8NGG1,OR8J2_HUMAN,nan,HUMAN,1.0,,,,,,,,,,,,,1,
D3ZLM2,D3ZLM2_RAT,nan,RAT,1.0,,,,,,,,,,,,,1,
D3ZLK0,D3ZLK0_RAT,nan,RAT,1.0,,,,,,,,,,,,,1,
Q8NGR6,OR1B1_HUMAN,nan,HUMAN,1.0,,,,,,,,,,,1,,,
D3ZLI7,nan,nan,nan,1.0,,,,,,,,,,,,,1,
Q8NGX2,O2T35_HUMAN,nan,HUMAN,1.0,,,,,,,,,,,,,1,
D3ZMJ0,nan,nan,nan,1.0,,,,,,,,,,,,,1,
Q8NGX1,O2T34_HUMAN,nan,HUMAN,1.0,,,,,,,,,,,,,1,
Q8NGF6,O10W1_HUMAN,nan,HUMAN,1.0,,,,,,,,,,,1,,,
Q8NGV7,OR5H2_HUMAN,nan,HUMAN,1.0,,,,,,,,,,,,,1,
Q8NGV6,OR5H6_HUMAN,nan,HUMAN,1.0,,,,,,,,,,,,,1,
Q8NGT7,O2A12_HUMAN,nan,HUMAN,1.0,,,,,,,,,,,,,1,
D3ZMI5,nan,nan,nan,1.0,,,,,,,,,,,,,1,
Q8NGT2,O13J1_HUMAN,nan,HUMAN,1.0,,,,,,,,,,,,,1,
Q8NGT0,O13C9_HUMAN,nan,HUMAN,1.0,,,,,,,,,,,,,1,
Q8NGS9,O13C2_HUMAN,nan,HUMAN,1.0,,,,,,,,,,,,,1,
Q8NGG0,OR8J3_HUMAN,nan,HUMAN,1.0,,,,,,,,,,,,,1,
Q8NGS8,O13C5_HUMAN,nan,HUMAN,1.0,,,,,,,,,,,,,1,
Q8NGS7,O13C8_HUMAN,nan,HUMAN,1.0,,,,,,,,,,,,,1,
Q8NGS5,O13C4_HUMAN,nan,HUMAN,1.0,,,,,,,,,,,,,1,
Q8NGS4,O13F1_HUMAN,nan,HUMAN,1.0,,,,,,,,,,,,,1,
D3ZK10,D3ZK10_RAT,nan,RAT,1.0,,,,,,,,,,,,,1,
D3ZJX2,nan,nan,nan,1.0,,,,,,,,,,,,,1,
Q8VFV3,Q8VFV3_MOUSE,nan,MOUSE,1.0,,,,,,,,,,,,,1,
Q8NG80,OR2L5_HUMAN,nan,HUMAN,1.0,,,,,,,,,,,,,1,
Q8NG76,O2T33_HUMAN,nan,HUMAN,1.0,,,,,,,,,,,,,1,
Q8VFM5,Q8VFM5_MOUSE,nan,MOUSE,1.0,,,,,,,,,,,,,1,
Q8VFM4,Q8VFM4_MOUSE,nan,MOUSE,1.0,,,,,,,,,,,,,1,
Q8VFM3,Q8VFM3_MOUSE,nan,MOUSE,1.0,,,,,,,,,,,,,1,
D3ZHS4,D3ZHS4_RAT,nan,RAT,1.0,,,,,,,,,,,1,,,
D3ZHT8,D3ZHT8_RAT,nan,RAT,1.0,,,,,,,,,,,,,1,
Q8NG77,O2T12_HUMAN,nan,HUMAN,1.0,,,,,,,,,,,,,1,
Q8NG78,OR8G5_HUMAN,nan,HUMAN,1.0,,,,,,,,,,,,,1,
D3ZHZ7,nan,nan,nan,1.0,,,,,,,,,,,,,1,
Q8VFG7,Q8VFG7_MOUSE,nan,MOUSE,1.0,,,,,,,,,,,,,1,
D3ZI10,D3ZI10_RAT,nan,RAT,1.0,,,,,,,,,,,,,1,
Q8VFK5,Q8VFK5_MOUSE,nan,MOUSE,1.0,,,,,,,,,,,,,1,
Q8VFK4,Q8VFK4_MOUSE,nan,MOUSE,1.0,,,,,,,,,,,,,1,
D3ZIB6,nan,nan,nan,1.0,,,,,,,,,,,,,1,
D3ZID3,D3ZID3_RAT,nan,RAT,1.0,,,,,,,,,,,,,1,
Q8NG81,OR2M7_HUMAN,nan,HUMAN,1.0,,,,,,,,,,,,,1,
D3ZIL2,D3ZIL2_RAT,nan,RAT,1.0,,,,,,,,,,,,,1,
D3ZIL7,nan,nan,nan,1.0,,,,,,,,,,,,,1,
Q8VFM9,OLF24_MOUSE,nan,MOUSE,1.0,,,,,,,,,,,1,,,
Q8VFN3,Q8VFN3_MOUSE,nan,MOUSE,1.0,,,,,,,,,,,,,1,
Q8VFN4,Q8VFN4_MOUSE,nan,MOUSE,1.0,,,,,,,,,,,,,1,
Q8VFN5,Q8VFN5_MOUSE,nan,MOUSE,1.0,,,,,,,,,,,,,1,
D3ZNF0,D3ZNF0_RAT,nan,RAT,1.0,,,,,,,,,,,,,1,
Q8VFU7,Q8VFU7_MOUSE,nan,MOUSE,1.0,,,,,,,,,,,,,1,
D3ZM88,D3ZM88_RAT,nan,RAT,1.0,,,,,,,,,,,1,,,
Q8VFU6,Q8VFU6_MOUSE,nan,MOUSE,1.0,,,,,,,,,,,,,1,
D3ZMX8,nan,nan,nan,1.0,,,,,,,,,,,,,1,
D3ZGZ7,D3ZGZ7_RAT,nan,RAT,1.0,,,,,,,,,,,,,1,
Q8VFS4,nan,nan,nan,1.0,,,,,,,,,,,,,1,
Q8VFS3,Q8VFS3_MOUSE,nan,MOUSE,1.0,,,,,,,,,,,,,1,
Q8VFR3,Q8VFR3_MOUSE,nan,MOUSE,1.0,,,,,,,,,,,,,1,
D3ZH01,nan,nan,nan,1.0,,,,,,,,,,,1,,,
D3ZH13,D3ZH13_RAT,nan,RAT,1.0,,,,,,,,,,,,,1,
D3ZH51,D3ZH51_RAT,nan,RAT,1.0,,,,,,,,,,,,,1,
Q8N349,OR2LD_HUMAN,nan,HUMAN,1.0,,,,,,,,,,,,,1,
Q8VFQ4,Q8VFQ4_MOUSE,nan,MOUSE,1.0,,,,,,,,,,,,,1,
D3ZHL9,nan,nan,nan,1.0,,,,,,,,,,,,,1,
Q8VFQ2,Q8VFQ2_MOUSE,nan,MOUSE,1.0,,,,,,,,,,,,,1,
Q8VFN8,Q8VFN8_MOUSE,nan,MOUSE,1.0,,,,,,,,,,,,,1,
Q8NG83,OR2M3_HUMAN,nan,HUMAN,1.0,,,,,,,,,,,,,1,
Q8VFD8,Q8VFD8_MOUSE,nan,MOUSE,1.0,,,,,,,,,,,1,,,
Q8VEW5,OL493_MOUSE,nan,MOUSE,1.0,,,,,,,,,,,,,1,
D3ZJ20,nan,nan,nan,1.0,,,,,,,,,,,,,1,
Q8VF37,Q8VF37_MOUSE,nan,MOUSE,1.0,,,,,,,,,,,,,1,
Q8VF35,Q8VF35_MOUSE,nan,MOUSE,1.0,,,,,,,,,,,,,1,
Q8VF25,Q8VF25_MOUSE,nan,MOUSE,1.0,,,,,,,,,,,,,1,
Q8NGA6,O10H5_HUMAN,nan,HUMAN,1.0,,,,,,,,,,,,,1,
D3ZIV6,D3ZIV6_RAT,nan,RAT,1.0,,,,,,,,,,,,,1,
D3ZIW2,D3ZIW2_RAT,nan,RAT,1.0,,,,,,,,,,,,,1,
Q8VF17,Q8VF17_MOUSE,nan,MOUSE,1.0,,,,,,,,,,,,,1,
D3ZJ03,nan,nan,nan,1.0,,,,,,,,,,,,,1,
Q8VF12,OL495_MOUSE,nan,MOUSE,1.0,,,,,,,,,,,,,1,
Q8VFD7,Q8VFD7_MOUSE,nan,MOUSE,1.0,,,,,,,,,,,1,,,
Q8VF05,Q8VF05_MOUSE,nan,MOUSE,1.0,,,,,,,,,,,,,1,
Q8NGB5,Q8NGB5_HUMAN,nan,HUMAN,1.0,,,,,,,,,,,1,,,
D3ZJ45,nan,nan,nan,1.0,,,,,,,,,,,,,1,
D3ZML9,nan,nan,nan,1.0,,,,,,,,,,,1,,,
Q8VEY1,Q8VEY1_MOUSE,nan,MOUSE,1.0,,,,,,,,,,,,,1,
Q8VEX6,OL187_MOUSE,nan,MOUSE,1.0,,,,,,,,,,,,,1,
Q8VEX5,OL186_MOUSE,nan,MOUSE,1.0,,,,,,,,,,,,,1,
D3ZJT7,nan,nan,nan,1.0,,,,,,,,,,,1,,,
Q8VF52,Q8VF52_MOUSE,nan,MOUSE,1.0,,,,,,,,,,,,,1,
Q8VF59,Q8VF59_MOUSE,nan,MOUSE,1.0,,,,,,,,,,,,,1,
Q8VF63,Q8VF63_MOUSE,nan,MOUSE,1.0,,,,,,,,,,,,,1,
Q8VF64,Q8VF64_MOUSE,nan,MOUSE,1.0,,,,,,,,,,,,,1,
Q8VFD2,OL490_MOUSE,nan,MOUSE,1.0,,,,,,,,,,,,,1,
Q8VFD1,OL492_MOUSE,nan,MOUSE,1.0,,,,,,,,,,,,,1,
Q8VFD0,OL486_MOUSE,nan,MOUSE,1.0,,,,,,,,,,,,,1,
Q8VFC9,OL474_MOUSE,nan,MOUSE,1.0,,,,,,,,,,,,,1,
Q8NG84,O2AK2_HUMAN,nan,HUMAN,1.0,,,,,,,,,,,,,1,
Q8VFC4,Q8VFC4_MOUSE,nan,MOUSE,1.0,,,,,,,,,,,,,1,
Q8VFB9,OL183_MOUSE,nan,MOUSE,1.0,,,,,,,,,,,,,1,
Q8VFA2,Q8VFA2_MOUSE,nan,MOUSE,1.0,,,,,,,,,,,,,1,
Q8VF89,Q8VF89_MOUSE,nan,MOUSE,1.0,,,,,,,,,,,,,1,
Q8VF87,Q8VF87_MOUSE,nan,MOUSE,1.0,,,,,,,,,,,,,1,
Q8NG85,OR2L3_HUMAN,nan,HUMAN,1.0,,,,,,,,,,,,,1,
Q8VF75,Q8VF75_MOUSE,nan,MOUSE,1.0,,,,,,,,,,,,,1,
Q8NG97,OR2Z1_HUMAN,nan,HUMAN,1.0,,,,,,,,,,,,,1,
Q8VF73,Q8VF73_MOUSE,nan,MOUSE,1.0,,,,,,,,,,,,,1,
Q8VF66,OL469_MOUSE,nan,MOUSE,1.0,,,,,,,,,,,,,1,
Q8VF65,OL470_MOUSE,nan,MOUSE,1.0,,,,,,,,,,,,,1,
Q8NGA1,OR1M1_HUMAN,nan,HUMAN,1.0,,,,,,,,,,,,,1,
Q8VF74,Q8VF74_MOUSE,nan,MOUSE,1.0,,,,,,,,,,,,,1,
E9Q9Z0,E9Q9Z0_MOUSE,ENSMUSP00000073251,MOUSE,1.0,,,,,,,,,,,,,1,
Q9Y4A9,O10H1_HUMAN,nan,HUMAN,1.0,,,,,,,,,,,,,1,
nan,nan,ENSCAFP00000033969,CANFA,1.0,,,,,,,,,,,1,,,
A2AVY0,A2AVY0_MOUSE,nan,MOUSE,1.0,,,,,,,,,,,,,1,
nan,nan,ENSCAFP00000033789,CANFA,1.0,,,,,,,,,,,,,1,
nan,nan,ENSCAFP00000033729,CANFA,1.0,,,,,,,,,,,,,1,
nan,nan,ENSCAFP00000033661,CANFA,1.0,,,,,,,,,,,,,1,
A2BDZ3,A2BDZ3_MOUSE,nan,MOUSE,1.0,,,,,,,,,,,,,1,
A2BDZ7,A2BDZ7_MOUSE,nan,MOUSE,1.0,,,,,,,,,,,,,1,
A2BHP7,A2BHP7_MOUSE,nan,MOUSE,1.0,,,,,,,,,,,,,1,
nan,nan,ENSCAFP00000033350,CANFA,1.0,,,,,,,,,,,,,1,
A2G4G3,A2G4G3_TRIVA,nan,TRIVA,1.0,,,,,,,,,,,1,,,
A2RTP5,A2RTP5_MOUSE,nan,MOUSE,1.0,,,,,,,,,,,,,1,
nan,nan,ENSCAFP00000033263,CANFA,1.0,,,,,,,,,,,,,1,
nan,nan,ENSCAFP00000033250,CANFA,1.0,,,,,,,,,,,,,1,
A3KFT3,OR2M5_HUMAN,nan,HUMAN,1.0,,,,,,,,,,,,,1,
nan,nan,ENSCAFP00000033222,CANFA,1.0,,,,,,,,,,,,,1,
nan,nan,ENSCAFP00000033040,CANFA,1.0,,,,,,,,,,,,,1,
A6ND48,O14I1_HUMAN,nan,HUMAN,1.0,,,,,,,,,,,,,1,
A6NDH6,O5H15_HUMAN,nan,HUMAN,1.0,,,,,,,,,,,,,1,
nan,nan,ENSCAFP00000032816,CANFA,1.0,,,,,,,,,,,,,1,
nan,nan,ENSCAFP00000032807,CANFA,1.0,,,,,,,,,,,,,1,
nan,nan,ENSCAFP00000032802,CANFA,1.0,,,,,,,,,,,,,1,
A6NET4,OR5K3_HUMAN,nan,HUMAN,1.0,,,,,,,,,,,,,1,
A2AVX9,A2AVX9_MOUSE,nan,MOUSE,1.0,,,,,,,,,,,,,1,
nan,nan,ENSCAFP00000033980,CANFA,1.0,,,,,,,,,,,,,1,
nan,nan,ENSCAFP00000032518,CANFA,1.0,,,,,,,,,,,,,1,
A2AVX7,nan,nan,nan,1.0,,,,,,,,,,,,,1,
nan,nan,ENSCAFP00000035648,CANFA,1.0,,,,,,,,,,,,,1,
nan,nan,ENSCAFP00000035642,CANFA,1.0,,,,,,,,,,,,,1,
nan,nan,ENSCAFP00000035637,CANFA,1.0,,,,,,,,,,,,,1,
nan,nan,ENSCAFP00000035610,CANFA,1.0,,,,,,,,,,,,,1,
nan,nan,ENSCAFP00000035529,CANFA,1.0,,,,,,,,,,,,,1,
nan,nan,ENSCAFP00000035487,CANFA,1.0,,,,,,,,,,,,,1,
nan,nan,ENSCAFP00000035431,CANFA,1.0,,,,,,,,,,,,,1,
nan,nan,ENSCAFP00000035409,CANFA,1.0,,,,,,,,,,,,,1,
nan,nan,ENSCAFP00000035383,CANFA,1.0,,,,,,,,,,,,,1,
nan,nan,ENSCAFP00000035264,CANFA,1.0,,,,,,,,,,,,,1,
nan,nan,ENSCAFP00000035245,CANFA,1.0,,,,,,,,,,,1,,,
nan,nan,ENSCAFP00000035107,CANFA,1.0,,,,,,,,,,,,,1,
nan,nan,ENSCAFP00000035079,CANFA,1.0,,,,,,,,,,,,,1,
nan,nan,ENSCAFP00000035075,CANFA,1.0,,,,,,,,,,,,,1,
nan,nan,ENSCAFP00000034661,CANFA,1.0,,,,,,,,,,,1,,,
nan,nan,ENSCAFP00000034579,CANFA,1.0,,,,,,,,,,,,,1,
nan,nan,ENSCAFP00000034522,CANFA,1.0,,,,,,,,,,,,,1,
A2AVC3,A2AVC3_MOUSE,nan,MOUSE,1.0,,,,,,,,,,,,,1,
nan,nan,ENSCAFP00000034257,CANFA,1.0,,,,,,,,,,,1,,,
nan,nan,ENSCAFP00000034196,CANFA,1.0,,,,,,,,,,,,,1,
A2AVC4,A2AVC4_MOUSE,nan,MOUSE,1.0,,,,,,,,,,,,,1,
nan,nan,ENSCAFP00000032750,CANFA,1.0,,,,,,,,,,,,,1,
A6NH00,OR2T8_HUMAN,nan,HUMAN,1.0,,,,,,,,,,,,,1,
nan,nan,ENSCAFP00000035714,CANFA,1.0,,,,,,,,,,,,,1,
nan,nan,ENSCAFP00000013456,CANFA,1.0,,,,,,,,,,,,,1,
nan,nan,ENSCAFP00000011974,CANFA,1.0,,,,,,,,,,,,,1,
B7P9L3,B7P9L3_IXOSC,nan,IXOSC,1.0,,,,,,,,,,,1,,,
B7PNA8,B7PNA8_IXOSC,nan,IXOSC,1.0,,,,,,,,,,,1,,,
nan,nan,ENSCAFP00000011946,CANFA,1.0,,,,,,,,,,,,,1,
B7Q337,B7Q337_IXOSC,nan,IXOSC,1.0,,,,,,,,,,,1,,,
nan,nan,ENSCAFP00000011918,CANFA,1.0,,,,,,,,,,,,,1,
B7Q4W1,B7Q4W1_IXOSC,nan,IXOSC,1.0,,,,,,,,,,,1,,,
nan,nan,ENSCAFP00000011910,CANFA,1.0,,,,,,,,,,,,,1,
nan,nan,ENSCAFP00000011907,CANFA,1.0,,,,,,,,,,,,,1,
nan,nan,ENSCAFP00000011903,CANFA,1.0,,,,,,,,,,,,,1,
nan,nan,ENSCAFP00000011897,CANFA,1.0,,,,,,,,,,,,,1,
nan,nan,ENSCAFP00000011859,CANFA,1.0,,,,,,,,,,,,,1,
nan,nan,ENSCAFP00000011817,CANFA,1.0,,,,,,,,,,,,,1,
nan,nan,ENSCAFP00000011784,CANFA,1.0,,,,,,,,,,,,,1,
C3Y3T4,C3Y3T4_BRAFL,nan,BRAFL,1.0,,,,,,,,,,,1,,,
C3Y436,C3Y436_BRAFL,nan,BRAFL,1.0,,,,,,,,,,,1,,,
C3Y7I4,C3Y7I4_BRAFL,nan,BRAFL,1.0,,,,,,,,,,,1,,,
C3YK82,C3YK82_BRAFL,nan,BRAFL,1.0,,,,,,,,,1,,,,,
nan,nan,ENSCAFP00000011326,CANFA,1.0,,,,,,,,,,,,,1,
nan,nan,ENSCAFP00000010217,CANFA,1.0,,,,,,,,,,,,,1,
nan,nan,ENSCAFP00000009879,CANFA,1.0,,,,,,,,,,,,,1,
B2RVZ1,B2RVZ1_MOUSE,nan,MOUSE,1.0,,,,,,,,,,,,,1,
nan,nan,ENSCAFP00000013473,CANFA,1.0,,,,,,,,,,,,,1,
nan,nan,ENSCAFP00000032214,CANFA,1.0,,,,,,,,,,,,,1,
B2RVX8,B2RVX8_MOUSE,nan,MOUSE,1.0,,,,,,,,,,,,,1,
A6NHG9,O5H14_HUMAN,nan,HUMAN,1.0,,,,,,,,,,,,,1,
A6NKK0,OR5H1_HUMAN,nan,HUMAN,1.0,,,,,,,,,,,,,1,
nan,nan,ENSCAFP00000031908,CANFA,1.0,,,,,,,,,,,,,1,
nan,nan,ENSCAFP00000031880,CANFA,1.0,,,,,,,,,,,,,1,
nan,nan,ENSCAFP00000031862,CANFA,1.0,,,,,,,,,,,,,1,
nan,nan,ENSCAFP00000031647,CANFA,1.0,,,,,,,,,,,,,1,
nan,nan,ENSCAFP00000031536,CANFA,1.0,,,,,,,,,,,,,1,
nan,nan,ENSCAFP00000031220,CANFA,1.0,,,,,,,,,,,,,1,
A6NM03,O2AG2_HUMAN,nan,HUMAN,1.0,,,,,,,,,,,,,1,
nan,nan,ENSCAFP00000031003,CANFA,1.0,,,,,,,,,,,1,,,
nan,nan,ENSCAFP00000028527,CANFA,1.0,,,,,,,,,,,1,,,
A6NMS3,OR5K4_HUMAN,nan,HUMAN,1.0,,,,,,,,,,,,,1,
nan,nan,ENSCAFP00000023920,CANFA,1.0,,,,,,,,,,,,,1,
nan,nan,ENSCAFP00000023908,CANFA,1.0,,,,,,,,,,,1,,,
nan,nan,ENSCAFP00000023273,CANFA,1.0,,,,,,,,,,,,,1,
nan,nan,ENSCAFP00000023254,CANFA,1.0,,,,,,,,,,,,,1,
nan,nan,ENSCAFP00000023251,CANFA,1.0,,,,,,,,,,,,,1,
nan,nan,ENSCAFP00000018589,CANFA,1.0,,,,,,,,,,,,,1,
nan,nan,ENSCAFP00000018586,CANFA,1.0,,,,,,,,,,,1,,,
nan,nan,ENSCAFP00000018571,CANFA,1.0,,,,,,,,,,,,,1,
nan,nan,ENSCAFP00000018030,CANFA,1.0,,,,,,,,,,,,,1,
nan,nan,ENSCAFP00000035683,CANFA,1.0,,,,,,,,,,,,,1,
nan,nan,ENSCAFP00000035722,CANFA,1.0,,,,,,,,,,,,,1,
Q9Z226,Q9Z226_RAT,nan,RAT,1.0,,,,,,,,,,,1,,,
nan,nan,ENSPTRP00000054543,PANTR,1.0,,,,,,,,,,,1,,,
nan,nan,ENSPTRP00000051205,PANTR,1.0,,,,,,,,,,,,,1,
nan,nan,ENSPTRP00000051203,PANTR,1.0,,,,,,,,,,,,,1,
nan,nan,ENSPTRP00000050955,PANTR,1.0,,,,,,,,,,,,,1,
nan,nan,ENSPTRP00000050949,PANTR,1.0,,,,,,,,,,,,,1,
nan,nan,ENSPTRP00000050809,PANTR,1.0,,,,,,,,,,,,,1,
nan,nan,ENSPTRP00000048085,PANTR,1.0,,,,,,,,,,,1,,,
nan,nan,ENSPTRP00000047593,PANTR,1.0,,,,,,,,,,,1,,,
nan,nan,ENSPTRP00000047591,PANTR,1.0,,,,,,,,,,,,,1,
A2AM35,A2AM35_MOUSE,nan,MOUSE,1.0,,,,,,,,,,,,,1,
nan,nan,ENSPTRP00000043638,PANTR,1.0,,,,,,,,,,,,,1,
nan,nan,ENSPTRP00000039190,PANTR,1.0,,,,,,,,,,,,,1,
nan,nan,ENSPTRP00000036251,PANTR,1.0,,,,,,,,,,,,,1,
nan,nan,ENSPTRP00000006304,PANTR,1.0,,,,,,,,,,,,,1,
nan,nan,ENSPTRP00000006295,PANTR,1.0,,,,,,,,,,,,,1,
nan,nan,ENSPTRP00000006282,PANTR,1.0,,,,,,,,,,,,,1,
nan,nan,ENSPTRP00000006278,PANTR,1.0,,,,,,,,,,,,,1,
nan,nan,ENSPTRP00000006274,PANTR,1.0,,,,,,,,,,,1,,,
A2ARZ0,A2ARZ0_MOUSE,nan,MOUSE,1.0,,,,,,,,,,,,,1,
nan,nan,ENSPTRP00000002547,PANTR,1.0,,,,,,,,,,,1,,,
nan,nan,ENSP00000424840,HUMAN,1.0,,,,,,,,,,,1,,,
nan,nan,ENSP00000400691,HUMAN,1.0,,,,,,,,,,,,,1,
nan,nan,ENSPTRP00000053190,PANTR,1.0,,,,,,,,,,,1,,,
nan,nan,ENSPTRP00000056554,PANTR,1.0,,,,,,,,,,,,,1,
nan,nan,ENSP00000322295,HUMAN,1.0,,,,,,,,,,,,,1,
nan,nan,ENSPTRP00000056824,PANTR,1.0,,,,,,,,,,,,,1,
A0PK57,A0PK57_MOUSE,nan,MOUSE,1.0,,,,,,,,,,,,,1,
nan,nan,ENSRNOP00000058546,RAT,1.0,,,,,,,,,,,,,1,
nan,nan,ENSRNOP00000057705,RAT,1.0,,,,,,,,,,,,,1,
nan,nan,ENSRNOP00000050658,RAT,1.0,,,,,,,,,,,,,1,
A2ACY2,nan,nan,nan,1.0,,,,,,,,,,,,,1,
nan,nan,ENSRNOP00000048418,RAT,1.0,,,,,,,,,,,,,1,
nan,nan,ENSRNOP00000047777,RAT,1.0,,,,,,,,,,,,,1,
nan,nan,ENSRNOP00000047419,RAT,1.0,,,,,,,,,,,,,1,
nan,nan,ENSRNOP00000046191,RAT,1.0,,,,,,,,,,,1,,,
nan,nan,ENSRNOP00000044452,RAT,1.0,,,,,,,,,,,,,1,
A2AK57,A2AK57_MOUSE,nan,MOUSE,1.0,,,,,,,,,,,,,1,
A2AK60,A2AK60_MOUSE,nan,MOUSE,1.0,,,,,,,,,,,,,1,
nan,nan,ENSRNOP00000041727,RAT,1.0,,,,,,,,,,,,,1,
A2AK61,A2AK61_MOUSE,nan,MOUSE,1.0,,,,,,,,,,,,,1,
nan,nan,ENSRNOP00000038757,RAT,1.0,,,,,,,,,,,,,1,
nan,nan,ENSRNOP00000028600,RAT,1.0,,,,,,,,,,,1,,,
nan,nan,ENSPTRP00000059648,PANTR,1.0,,,,,,,,,,,,,1,
A2AK62,A2AK62_MOUSE,nan,MOUSE,1.0,,,,,,,,,,,,,1,
nan,nan,ENSPTRP00000059382,PANTR,1.0,,,,,,,,,,,,,1,
nan,nan,ENSPTRP00000058656,PANTR,1.0,,,,,,,,,,,,,1,
nan,nan,ENSPTRP00000058581,PANTR,1.0,,,,,,,,,,,,,1,
nan,nan,ENSP00000350626,HUMAN,1.0,,,,,,,,,,,,,1,
nan,nan,ENSMUSP00000085121,MOUSE,1.0,,,,,,,,,,,,,1,
nan,nan,ENSCAFP00000035740,CANFA,1.0,,,,,,,,,,,,,1,
nan,nan,ENSGALP00000035082,CHICK,1.0,,,,,,,,,,,,,1,
nan,nan,ENSGALP00000035029,CHICK,1.0,,,,,,,,,,,,,1,
nan,nan,ENSGALP00000035019,CHICK,1.0,,,,,,,,,,,,,1,
nan,nan,ENSGALP00000034992,CHICK,1.0,,,,,,,,,,,,,1,
nan,nan,ENSGALP00000034936,CHICK,1.0,,,,,,,,,,,,,1,
nan,nan,ENSGALP00000034935,CHICK,1.0,,,,,,,,,,,,,1,
nan,nan,ENSGALP00000034864,CHICK,1.0,,,,,,,,,,,1,,,
nan,nan,ENSGALP00000034859,CHICK,1.0,,,,,,,,,,,,,1,
nan,nan,ENSGALP00000034858,CHICK,1.0,,,,,,,,,,,,,1,
nan,nan,ENSGALP00000034857,CHICK,1.0,,,,,,,,,,,,,1,
nan,nan,ENSGALP00000034841,CHICK,1.0,,,,,,,,,,,,,1,
nan,nan,ENSGALP00000034840,CHICK,1.0,,,,,,,,,,,,,1,
nan,nan,ENSGALP00000034834,CHICK,1.0,,,,,,,,,,,,,1,
nan,nan,ENSGALP00000034752,CHICK,1.0,,,,,,,,,,,1,,,
nan,nan,ENSGALP00000028955,CHICK,1.0,,,,,,,,,,,,,1,
A2ATE5,A2ATE5_MOUSE,nan,MOUSE,1.0,,,,,,,,,,,,,1,
nan,nan,ENSGALP00000022351,CHICK,1.0,,,,,,,,,,,,,1,
nan,nan,ENSGALP00000021736,CHICK,1.0,,,,,,,,,,,,,1,
nan,nan,ENSGALP00000020401,CHICK,1.0,,,,,,,,,,,,,1,
nan,nan,ENSGALP00000017551,CHICK,1.0,,,,,,,,,,,,,1,
nan,nan,ENSGALP00000007044,CHICK,1.0,,,,,,,,,,,,,1,
A2AU30,nan,nan,nan,1.0,,,,,,,,,,,,,1,
nan,nan,ENSGALP00000035039,CHICK,1.0,,,,,,,,,,,,,1,
nan,nan,ENSGALP00000035084,CHICK,1.0,,,,,,,,,,,,,1,
nan,nan,ENSMUSP00000078873,MOUSE,1.0,,,,,,,,,,,,,1,
nan,nan,ENSGALP00000035100,CHICK,1.0,,,,,,,,,,,1,,,
nan,nan,ENSMUSP00000074515,MOUSE,1.0,,,,,,,,,,,,1,,
A2ASU5,nan,nan,nan,1.0,,,,,,,,,,,,,1,
A2ASU7,A2ASU7_MOUSE,nan,MOUSE,1.0,,,,,,,,,,,,,1,
nan,nan,ENSGALP00000035422,CHICK,1.0,,,,,,,,,,,,,1,
nan,nan,ENSGALP00000035405,CHICK,1.0,,,,,,,,,,,1,,,
nan,nan,ENSGALP00000035375,CHICK,1.0,,,,,,,,,,,,,1,
nan,nan,ENSGALP00000035363,CHICK,1.0,,,,,,,,,,,,,1,
nan,nan,ENSGALP00000035345,CHICK,1.0,,,,,,,,,,,,,1,
nan,nan,ENSGALP00000035275,CHICK,1.0,,,,,,,,,,,,,1,
nan,nan,ENSGALP00000035218,CHICK,1.0,,,,,,,,,,,,,1,
nan,nan,ENSGALP00000035217,CHICK,1.0,,,,,,,,,,,,,1,
nan,nan,ENSGALP00000035205,CHICK,1.0,,,,,,,,,,,,,1,
nan,nan,ENSGALP00000035202,CHICK,1.0,,,,,,,,,,,,,1,
nan,nan,ENSGALP00000035199,CHICK,1.0,,,,,,,,,,,,,1,
nan,nan,ENSGALP00000035157,CHICK,1.0,,,,,,,,,,,,,1,
nan,nan,ENSGALP00000035153,CHICK,1.0,,,,,,,,,,,,,1,
nan,nan,ENSGALP00000035152,CHICK,1.0,,,,,,,,,,,,,1,
nan,nan,ENSGALP00000035149,CHICK,1.0,,,,,,,,,,,,,1,
nan,nan,ENSGALP00000035124,CHICK,1.0,,,,,,,,,,,,,1,
nan,nan,ENSGALP00000035113,CHICK,1.0,,,,,,,,,,,,,1,
nan,nan,ENSGALP00000035111,CHICK,1.0,,,,,,,,,,,,,1,
nan,nan,ENSCAFP00000005227,CANFA,1.0,,,,,,,,,,,,,1,
nan,nan,ENSCAFP00000003924,CANFA,1.0,,,,,,,,,,,,,1,
nan,nan,ENSCAFP00000003883,CANFA,1.0,,,,,,,,,,,,,1,
nan,nan,ENSBTAP00000048499,BOVIN,1.0,,,,,,,,,,,,,1,
nan,nan,ENSBTAP00000048432,BOVIN,1.0,,,,,,,,,,,,,1,
D3ZA98,D3ZA98_RAT,nan,RAT,1.0,,,,,,,,,,,,,1,
nan,nan,ENSBTAP00000048325,BOVIN,1.0,,,,,,,,,,,,,1,
nan,nan,ENSBTAP00000048298,BOVIN,1.0,,,,,,,,,,,,,1,
nan,nan,ENSBTAP00000048276,BOVIN,1.0,,,,,,,,,,,,,1,
nan,nan,ENSBTAP00000048215,BOVIN,1.0,,,,,,,,,,,,,1,
nan,nan,ENSBTAP00000048209,BOVIN,1.0,,,,,,,,,,,,,1,
nan,nan,ENSBTAP00000048168,BOVIN,1.0,,,,,,,,,,,,,1,
nan,nan,ENSBTAP00000048066,BOVIN,1.0,,,,,,,,,,,,,1,
nan,nan,ENSBTAP00000048021,BOVIN,1.0,,,,,,,,,,,,,1,
nan,nan,ENSBTAP00000048010,BOVIN,1.0,,,,,,,,,,,,,1,
D3ZAE7,D3ZAE7_RAT,nan,RAT,1.0,,,,,,,,,,,,,1,
nan,nan,ENSBTAP00000047967,BOVIN,1.0,,,,,,,,,,,,,1,
nan,nan,ENSBTAP00000047961,BOVIN,1.0,,,,,,,,,,,,,1,
D3ZAI1,D3ZAI1_RAT,nan,RAT,1.0,,,,,,,,,,,,,1,
nan,nan,ENSBTAP00000047836,BOVIN,1.0,,,,,,,,,,,,,1,
nan,nan,ENSBTAP00000047831,BOVIN,1.0,,,,,,,,,,,1,,,
nan,nan,ENSBTAP00000047828,BOVIN,1.0,,,,,,,,,,,1,,,
nan,nan,ENSBTAP00000047823,BOVIN,1.0,,,,,,,,,,,,,1,
D3ZAM2,D3ZAM2_RAT,nan,RAT,1.0,,,,,,,,,,,,,1,
nan,nan,ENSBTAP00000047806,BOVIN,1.0,,,,,,,,,,,1,,,
nan,nan,ENSBTAP00000048439,BOVIN,1.0,,,,,,,,,,,,,1,
nan,nan,ENSBTAP00000048561,BOVIN,1.0,,,,,,,,,,,,,1,
nan,nan,ENSBTAP00000047771,BOVIN,1.0,,,,,,,,,,,,,1,
nan,nan,ENSBTAP00000048648,BOVIN,1.0,,,,,,,,,,,,,1,
nan,nan,ENSBTAP00000049309,BOVIN,1.0,,,,,,,,,,,,,1,
D3Z947,D3Z947_RAT,nan,RAT,1.0,,,,,,,,,,,,,1,
nan,nan,ENSBTAP00000049293,BOVIN,1.0,,,,,,,,,,,,,1,
nan,nan,ENSBTAP00000049284,BOVIN,1.0,,,,,,,,,,,,,1,
nan,nan,ENSBTAP00000049283,BOVIN,1.0,,,,,,,,,,,,,1,
nan,nan,ENSBTAP00000049221,BOVIN,1.0,,,,,,,,,,,,,1,
nan,nan,ENSBTAP00000049220,BOVIN,1.0,,,,,,,,,,,,,1,
nan,nan,ENSBTAP00000049128,BOVIN,1.0,,,,,,,,,,,,,1,
nan,nan,ENSBTAP00000049116,BOVIN,1.0,,,,,,,,,,,,,1,
nan,nan,ENSBTAP00000049042,BOVIN,1.0,,,,,,,,,,,,,1,
nan,nan,ENSBTAP00000049037,BOVIN,1.0,,,,,,,,,,,,,1,
nan,nan,ENSBTAP00000049028,BOVIN,1.0,,,,,,,,,,,1,,,
nan,nan,ENSBTAP00000048959,BOVIN,1.0,,,,,,,,,,,,,1,
nan,nan,ENSBTAP00000048941,BOVIN,1.0,,,,,,,,,,,,,1,
nan,nan,ENSBTAP00000048786,BOVIN,1.0,,,,,,,,,,,,,1,
nan,nan,ENSBTAP00000048761,BOVIN,1.0,,,,,,,,,,,,,1,
nan,nan,ENSBTAP00000048733,BOVIN,1.0,,,,,,,,,,,,,1,
nan,nan,ENSBTAP00000048730,BOVIN,1.0,,,,,,,,,,,1,,,
nan,nan,ENSBTAP00000048701,BOVIN,1.0,,,,,,,,,,,,,1,
D3Z9W8,nan,nan,nan,1.0,,,,,,,,,,,,,1,
nan,nan,ENSBTAP00000048666,BOVIN,1.0,,,,,,,,,,,,,1,
nan,nan,ENSBTAP00000047785,BOVIN,1.0,,,,,,,,,,,1,,,
nan,nan,ENSBTAP00000047736,BOVIN,1.0,,,,,,,,,,,,,1,
nan,nan,ENSCAFP00000001802,CANFA,1.0,,,,,,,,,,,,,1,
nan,nan,ENSBTAP00000043682,BOVIN,1.0,,,,,,,,,,,,,1,
nan,nan,ENSBTAP00000041009,BOVIN,1.0,,,,,,,,,,,,,1,
nan,nan,ENSBTAP00000035722,BOVIN,1.0,,,,,,,,,,,,,1,
nan,nan,ENSBTAP00000030750,BOVIN,1.0,,,,,,,,,,,,,1,
nan,nan,ENSBTAP00000030592,BOVIN,1.0,,,,,,,,,,,,,1,
nan,nan,ENSBTAP00000030292,BOVIN,1.0,,,,,,,,,,,,,1,
nan,nan,ENSBTAP00000025549,BOVIN,1.0,,,,,,,,,,,,,1,
nan,nan,ENSBTAP00000020317,BOVIN,1.0,,,,,,,,,,,1,,,
D3ZBD9,D3ZBD9_RAT,nan,RAT,1.0,,,,,,,,,,,,,1,
D3ZBY9,D3ZBY9_RAT,nan,RAT,1.0,,,,,,,,,,,,,1,
nan,nan,ENSBTAP00000013779,BOVIN,1.0,,,,,,,,,,,,,1,
nan,nan,ENSBTAP00000013102,BOVIN,1.0,,,,,,,,,,,,,1,
D3ZC12,D3ZC12_RAT,nan,RAT,1.0,,,,,,,,,,,,,1,
nan,nan,ENSBTAP00000007605,BOVIN,1.0,,,,,,,,,,,,,1,
nan,nan,ENSBTAP00000006921,BOVIN,1.0,,,,,,,,,,,,,1,
nan,nan,ENSBTAP00000004818,BOVIN,1.0,,,,,,,,,,,,,1,
nan,nan,ENSBTAP00000000890,BOVIN,1.0,,,,,,,,,,,,,1,
Q9Z233,Q9Z233_RAT,nan,RAT,1.0,,,,,,,,,,,,,1,
Q9Z232,Q9Z232_RAT,nan,RAT,1.0,,,,,,,,,,,1,,,
Q9Z231,Q9Z231_RAT,nan,RAT,1.0,,,,,,,,,,,,,1,
Q9Z228,Q9Z228_RAT,nan,RAT,1.0,,,,,,,,,,,,,1,
Q9Z227,Q9Z227_RAT,nan,RAT,1.0,,,,,,,,,,,,,1,
nan,nan,ENSBTAP00000041010,BOVIN,1.0,,,,,,,,,,,,,1,
nan,nan,ENSBTAP00000043684,BOVIN,1.0,,,,,,,,,,,,,1,
nan,nan,ENSBTAP00000047726,BOVIN,1.0,,,,,,,,,,,,,1,
Q7TRA1,Q7TRA1_MOUSE,nan,MOUSE,1.0,,,,,,,,,,,,,1,
nan,nan,ENSBTAP00000047722,BOVIN,1.0,,,,,,,,,,,,,1,
nan,nan,ENSBTAP00000047715,BOVIN,1.0,,,,,,,,,,,,,1,
D3ZAS4,D3ZAS4_RAT,nan,RAT,1.0,,,,,,,,,,,,,1,
nan,nan,ENSBTAP00000047697,BOVIN,1.0,,,,,,,,,,,,,1,
D3ZAS5,D3ZAS5_RAT,nan,RAT,1.0,,,,,,,,,,,,,1,
nan,nan,ENSBTAP00000047674,BOVIN,1.0,,,,,,,,,,,,,1,
nan,nan,ENSBTAP00000047633,BOVIN,1.0,,,,,,,,,,,,,1,
nan,nan,ENSBTAP00000047625,BOVIN,1.0,,,,,,,,,,,,,1,
D3ZAW9,D3ZAW9_RAT,nan,RAT,1.0,,,,,,,,,,,1,,,
nan,nan,ENSBTAP00000047564,BOVIN,1.0,,,,,,,,,,,,,1,
nan,nan,ENSBTAP00000047537,BOVIN,1.0,,,,,,,,,,,,,1,
nan,nan,ENSBTAP00000047535,BOVIN,1.0,,,,,,,,,,,,,1,
nan,nan,ENSBTAP00000047476,BOVIN,1.0,,,,,,,,,,,,,1,
D3ZB06,D3ZB06_RAT,nan,RAT,1.0,,,,,,,,,,,,,1,
nan,nan,ENSBTAP00000047174,BOVIN,1.0,,,,,,,,,,,,,1,
nan,nan,ENSBTAP00000046709,BOVIN,1.0,,,,,,,,,,,1,,,
nan,nan,ENSBTAP00000046399,BOVIN,1.0,,,,,,,,,,,,,1,
nan,nan,ENSBTAP00000045926,BOVIN,1.0,,,,,,,,,,,,,1,
nan,nan,ENSBTAP00000045136,BOVIN,1.0,,,,,,,,,,,,,1,
nan,nan,ENSBTAP00000045000,BOVIN,1.0,,,,,,,,,,,,,1,
nan,nan,ENSBTAP00000044833,BOVIN,1.0,,,,,,,,,,,1,,,
D3Z8S3,D3Z8S3_RAT,nan,RAT,1.0,,,,,,,,,,,,,1,
nan,nan,ENSBTAP00000049523,BOVIN,1.0,,,,,,,,,,,1,,,
nan,nan,ENSBTAP00000049542,BOVIN,1.0,,,,,,,,,,,,,1,
nan,nan,ENSBTAP00000052400,BOVIN,1.0,,,,,,,,,,,,,1,
nan,nan,ENSBTAP00000052272,BOVIN,1.0,,,,,,,,,,,,,1,
C3ZCB9,C3ZCB9_BRAFL,nan,BRAFL,1.0,,,,,,,,,,,1,,,
C3ZET9,C3ZET9_BRAFL,nan,BRAFL,1.0,,,,,,,,,,,1,,,
nan,nan,ENSBTAP00000052228,BOVIN,1.0,,,,,,,,,,,,,1,
nan,nan,ENSBTAP00000052208,BOVIN,1.0,,,,,,,,,,,,,1,
nan,nan,ENSBTAP00000052196,BOVIN,1.0,,,,,,,,,,,,,1,
nan,nan,ENSBTAP00000052180,BOVIN,1.0,,,,,,,,,,,,,1,
C3ZFI5,C3ZFI5_BRAFL,nan,BRAFL,1.0,,,,,,,,,,,1,,,
nan,nan,ENSBTAP00000052100,BOVIN,1.0,,,,,,,,,,,,,1,
C4A0R8,C4A0R8_BRAFL,nan,BRAFL,1.0,,,,,,,,,,,1,,,
nan,nan,ENSBTAP00000052001,BOVIN,1.0,,,,,,,,,,,,,1,
nan,nan,ENSBTAP00000051903,BOVIN,1.0,,,,,,,,,,,1,,,
nan,nan,ENSBTAP00000051898,BOVIN,1.0,,,,,,,,,,,,,1,
nan,nan,ENSBTAP00000051887,BOVIN,1.0,,,,,,,,,,,,,1,
nan,nan,ENSBTAP00000051884,BOVIN,1.0,,,,,,,,,,,,,1,
nan,nan,ENSBTAP00000051881,BOVIN,1.0,,,,,,,,,,,,,1,
nan,nan,ENSBTAP00000051864,BOVIN,1.0,,,,,,,,,,,,,1,
nan,nan,ENSBTAP00000051785,BOVIN,1.0,,,,,,,,,,,,,1,
C4Q8W2,nan,nan,nan,1.0,,,,,,,,,,,1,,,
nan,nan,ENSBTAP00000051684,BOVIN,1.0,,,,,,,,,,,,,1,
nan,nan,ENSBTAP00000051653,BOVIN,1.0,,,,,,,,,,,,,1,
nan,nan,ENSBTAP00000052311,BOVIN,1.0,,,,,,,,,,,,,1,
nan,nan,ENSBTAP00000052419,BOVIN,1.0,,,,,,,,,,,,,1,
nan,nan,ENSBTAP00000049653,BOVIN,1.0,,,,,,,,,,,1,,,
nan,nan,ENSBTAP00000052421,BOVIN,1.0,,,,,,,,,,,,,1,
nan,nan,ENSCAFP00000001792,CANFA,1.0,,,,,,,,,,,,,1,
nan,nan,ENSCAFP00000001789,CANFA,1.0,,,,,,,,,,,,,1,
nan,nan,ENSCAFP00000001775,CANFA,1.0,,,,,,,,,,,,,1,
nan,nan,ENSCAFP00000001729,CANFA,1.0,,,,,,,,,,,,,1,
nan,nan,ENSCAFP00000001728,CANFA,1.0,,,,,,,,,,,,,1,
nan,nan,ENSCAFP00000001722,CANFA,1.0,,,,,,,,,,,,,1,
nan,nan,ENSBTAP00000053097,BOVIN,1.0,,,,,,,,,,,,,1,
C3YM73,C3YM73_BRAFL,nan,BRAFL,1.0,,,,,,,,,,,1,,,
nan,nan,ENSBTAP00000053039,BOVIN,1.0,,,,,,,,,,,1,,,
C3Z116,C3Z116_BRAFL,nan,BRAFL,1.0,,,,,,,,,1,,,,,
nan,nan,ENSBTAP00000052891,BOVIN,1.0,,,,,,,,,,,,,1,
nan,nan,ENSBTAP00000052859,BOVIN,1.0,,,,,,,,,,,,,1,
nan,nan,ENSBTAP00000052824,BOVIN,1.0,,,,,,,,,,,,,1,
nan,nan,ENSBTAP00000052773,BOVIN,1.0,,,,,,,,,,,,,1,
nan,nan,ENSBTAP00000052757,BOVIN,1.0,,,,,,,,,,,,,1,
nan,nan,ENSBTAP00000052753,BOVIN,1.0,,,,,,,,,,,,,1,
nan,nan,ENSBTAP00000052674,BOVIN,1.0,,,,,,,,,,,1,,,
C3Z1T2,C3Z1T2_BRAFL,nan,BRAFL,1.0,,,,,,,,,1,,,,,
C3Z1T3,C3Z1T3_BRAFL,nan,BRAFL,1.0,,,,,,,,,1,,,,,
nan,nan,ENSBTAP00000052452,BOVIN,1.0,,,,,,,,,,,,,1,
nan,nan,ENSBTAP00000052445,BOVIN,1.0,,,,,,,,,,,,,1,
nan,nan,ENSBTAP00000051621,BOVIN,1.0,,,,,,,,,,,,,1,
C4Q8W3,nan,nan,nan,1.0,,,,,,,,,,,1,,,
nan,nan,ENSBTAP00000051560,BOVIN,1.0,,,,,,,,,,,,,1,
nan,nan,ENSBTAP00000051514,BOVIN,1.0,,,,,,,,,,,,,1,
nan,nan,ENSBTAP00000050332,BOVIN,1.0,,,,,,,,,,,,,1,
nan,nan,ENSBTAP00000050320,BOVIN,1.0,,,,,,,,,,,,,1,
nan,nan,ENSBTAP00000050303,BOVIN,1.0,,,,,,,,,,,,,1,
nan,nan,ENSBTAP00000050300,BOVIN,1.0,,,,,,,,,,,,,1,
nan,nan,ENSBTAP00000050268,BOVIN,1.0,,,,,,,,,,,,,1,
nan,nan,ENSBTAP00000050266,BOVIN,1.0,,,,,,,,,,,,,1,
nan,nan,ENSBTAP00000050260,BOVIN,1.0,,,,,,,,,,,,,1,
nan,nan,ENSBTAP00000050209,BOVIN,1.0,,,,,,,,,,,,,1,
nan,nan,ENSBTAP00000050168,BOVIN,1.0,,,,,,,,,,,,,1,
nan,nan,ENSBTAP00000050066,BOVIN,1.0,,,,,,,,,,,,,1,
nan,nan,ENSBTAP00000050025,BOVIN,1.0,,,,,,,,,,,,,1,
nan,nan,ENSBTAP00000049994,BOVIN,1.0,,,,,,,,,,,,,1,
D3Z867,D3Z867_RAT,nan,RAT,1.0,,,,,,,,,,,,,1,
D3Z8A5,nan,nan,nan,1.0,,,,,,,,,,,,,1,
nan,nan,ENSBTAP00000049965,BOVIN,1.0,,,,,,,,,,,,,1,
nan,nan,ENSBTAP00000049855,BOVIN,1.0,,,,,,,,,,,,,1,
D3Z8A6,D3Z8A6_RAT,nan,RAT,1.0,,,,,,,,,,,,,1,
nan,nan,ENSBTAP00000049785,BOVIN,1.0,,,,,,,,,,,,,1,
nan,nan,ENSBTAP00000049767,BOVIN,1.0,,,,,,,,,,,,,1,
nan,nan,ENSBTAP00000049732,BOVIN,1.0,,,,,,,,,,,,,1,
nan,nan,ENSBTAP00000049719,BOVIN,1.0,,,,,,,,,,,,,1,
nan,nan,ENSBTAP00000050385,BOVIN,1.0,,,,,,,,,,,,,1,
nan,nan,ENSBTAP00000050389,BOVIN,1.0,,,,,,,,,,,,,1,
D3Z7Y3,D3Z7Y3_RAT,nan,RAT,1.0,,,,,,,,,,,,,1,
nan,nan,ENSBTAP00000051171,BOVIN,1.0,,,,,,,,,,,,,1,
nan,nan,ENSBTAP00000051507,BOVIN,1.0,,,,,,,,,,,,,1,
C4Q8W4,nan,nan,nan,1.0,,,,,,,,,,,1,,,
C4Q8W8,C4Q8W8_SCHMA,nan,SCHMA,1.0,,,,,,,,,,,1,,,
nan,nan,ENSBTAP00000051385,BOVIN,1.0,,,,,,,,,,,,,1,
nan,nan,ENSBTAP00000051348,BOVIN,1.0,,,,,,,,,,,,,1,
C4Q8W9,nan,nan,nan,1.0,,,,,,,,,,,1,,,
C4Q8X1,nan,nan,nan,1.0,,,,,,,,,,,1,,,
nan,nan,ENSBTAP00000051293,BOVIN,1.0,,,,,,,,,,,1,,,
C4Q8X3,nan,nan,nan,1.0,,,,,,,,,,,1,,,
D3YVL6,nan,nan,nan,1.0,,,,,,,,,,,,,1,
D3Z5J7,nan,nan,nan,1.0,,,,,,,,,,,,,1,
nan,nan,ENSBTAP00000051113,BOVIN,1.0,,,,,,,,,,,,,1,
D3Z0F8,nan,nan,nan,1.0,,,,,,,,,,,,,1,
nan,nan,ENSBTAP00000051054,BOVIN,1.0,,,,,,,,,,,,,1,
nan,nan,ENSBTAP00000051014,BOVIN,1.0,,,,,,,,,,,,,1,
nan,nan,ENSBTAP00000050993,BOVIN,1.0,,,,,,,,,,,,,1,
D3Z0F9,nan,nan,nan,1.0,,,,,,,,,,,,,1,
D3Z2Q1,nan,nan,nan,1.0,,,,,,,,,,,,,1,
nan,nan,ENSBTAP00000050826,BOVIN,1.0,,,,,,,,,,,,,1,
nan,nan,ENSBTAP00000050797,BOVIN,1.0,,,,,,,,,,,,,1,
Q7TRA2,Q7TRA2_MOUSE,nan,MOUSE,1.0,,,,,,,,,,,,,1,
Q7TQR7,Q7TQR7_MOUSE,nan,MOUSE,1.0,,,,,,,,,,,,,1,
Q7TRA0,Q7TRA0_MOUSE,nan,MOUSE,1.0,,,,,,,,,,,,,1,
E1B799,E1B799_BOVIN,ENSBTAP00000052334,BOVIN,1.0,,,,,,,,,,,,,1,
E1B938,E1B938_BOVIN,ENSBTAP00000005708,BOVIN,1.0,,,,,,,,,,,1,,,
E1B973,E1B973_BOVIN,ENSBTAP00000052017,BOVIN,1.0,,,,,,,,,,,,,1,
E1B9J0,E1B9J0_BOVIN,ENSBTAP00000053009,BOVIN,1.0,,,,,,,,,,,,,1,
E1B9Z3,E1B9Z3_BOVIN,ENSBTAP00000013417,BOVIN,1.0,,,,,,,,,,,,,1,
E1BA28,E1BA28_BOVIN,ENSBTAP00000024941,BOVIN,1.0,,,,,,,,,,,,,1,
F6YQH1,F6YQH1_MONDO,ENSMODP00000001276,MONDO,1.0,,,,,,,,,,,1,,,
F6YKV7,F6YKV7_MACMU,ENSMMUP00000000978,MACMU,1.0,,,,,,,,,,,1,,,
F6YK28,F6YK28_MONDO,ENSMODP00000037977,MONDO,1.0,,,,,,,,,,,,,1,
F6YJM4,F6YJM4_MONDO,ENSMODP00000037981,MONDO,1.0,,,,,,,,,,,,,1,
F6YJJ6,F6YJJ6_MONDO,ENSMODP00000037985,MONDO,1.0,,,,,,,,,,,,,1,
F6YJI8,F6YJI8_MONDO,ENSMODP00000037986,MONDO,1.0,,,,,,,,,,,,,1,
F6YJI1,F6YJI1_MONDO,ENSMODP00000037987,MONDO,1.0,,,,,,,,,,,,,1,
F6YJH7,F6YJH7_MONDO,ENSMODP00000037988,MONDO,1.0,,,,,,,,,,,,,1,
F6YJ16,F6YJ16_MONDO,ENSMODP00000037990,MONDO,1.0,,,,,,,,,,,,,1,
F6YEE6,F6YEE6_ORNAN,ENSOANP00000025913,ORNAN,1.0,,,,,,,,,,,,,1,
F6YCJ8,F6YCJ8_ORNAN,ENSOANP00000015078,ORNAN,1.0,,,,,,,,,,,,,1,
E1BAN0,E1BAN0_BOVIN,ENSBTAP00000049781,BOVIN,1.0,,,,,,,,,,,,,1,
F6YBW6,F6YBW6_ORNAN,ENSOANP00000027064,ORNAN,1.0,,,,,,,,,,,,,1,
E1BBC7,E1BBC7_BOVIN,ENSBTAP00000051838,BOVIN,1.0,,,,,,,,,,,,,1,
F6Y2S8,F6Y2S8_ORNAN,ENSOANP00000017060,ORNAN,1.0,,,,,,,,,,,,,1,
F6Y091,F6Y091_CANFA,ENSCAFP00000031097,CANFA,1.0,,,,,,,,,,,,,1,
E1B7B2,E1B7B2_BOVIN,ENSBTAP00000049959,BOVIN,1.0,,,,,,,,,,,,,1,
E1B700,E1B700_BOVIN,ENSBTAP00000014448,BOVIN,1.0,,,,,,,,,,,,,1,
D4AAQ3,D4AAQ3_RAT,nan,RAT,1.0,,,,,,,,,,,,,1,
F6YSG9,F6YSG9_MACMU,ENSMMUP00000040139,MACMU,1.0,,,,,,,,,,,,,1,
D4ADM1,D4ADM1_RAT,nan,RAT,1.0,,,,,,,,,,,1,,,
F6Z5X8,F6Z5X8_MONDO,ENSMODP00000033754,MONDO,1.0,,,,,,,,,,,,,1,
D4ADY4,D4ADY4_RAT,nan,RAT,1.0,,,,,,,,,,,,,1,
F6Z5G1,F6Z5G1_MONDO,ENSMODP00000033760,MONDO,1.0,,,,,,,,,,,,,1,
F6Z5E9,F6Z5E9_MONDO,ENSMODP00000033762,MONDO,1.0,,,,,,,,,,,,,1,
F6Z5E5,F6Z5E5_MONDO,ENSMODP00000033763,MONDO,1.0,,,,,,,,,,,,,1,
F6Z5D8,F6Z5D8_MONDO,ENSMODP00000033764,MONDO,1.0,,,,,,,,,,,,,1,
F6Z5D3,F6Z5D3_MONDO,ENSMODP00000033765,MONDO,1.0,,,,,,,,,,,,,1,
F6Z5B9,F6Z5B9_MONDO,ENSMODP00000033767,MONDO,1.0,,,,,,,,,,,,,1,
D4ADY8,D4ADY8_RAT,nan,RAT,1.0,,,,,,,,,,,,,1,
F6Z445,F6Z445_ORNAN,ENSOANP00000027248,ORNAN,1.0,,,,,,,,,,,,,1,
F6YZ43,F6YZ43_MONDO,ENSMODP00000009181,MONDO,1.0,,,,,,,,,,,,,1,
F6YW40,F6YW40_MONDO,ENSMODP00000004676,MONDO,1.0,,,,,,,,,,,,,1,
F6YTL5,F6YTL5_ORNAN,ENSOANP00000028256,ORNAN,1.0,,,,,,,,,,,,,1,
F6YTI4,F6YTI4_MONDO,ENSMODP00000013079,MONDO,1.0,,,,,,,,,,,1,,,
D4ADZ7,nan,nan,nan,1.0,,,,,,,,,,,,1,,
F6YT53,F6YT53_ORNAN,ENSOANP00000016290,ORNAN,1.0,,,,,,,,,,,,,1,
D4AE39,D4AE39_RAT,nan,RAT,1.0,,,,,,,,,,,,,1,
D4AE55,D4AE55_RAT,nan,RAT,1.0,,,,,,,,,,,,,1,
F6YSJ5,F6YSJ5_ORNAN,ENSOANP00000028285,ORNAN,1.0,,,,,,,,,,,,,1,
D4AEF3,D4AEF3_RAT,nan,RAT,1.0,,,,,,,,,,,,,1,
F6XXH2,F6XXH2_MONDO,ENSMODP00000019136,MONDO,1.0,,,,,,,,,,,,,1,
F6XXF7,F6XXF7_MONDO,ENSMODP00000019139,MONDO,1.0,,,,,,,,,,,,,1,
F6XUE8,F6XUE8_MONDO,ENSMODP00000034941,MONDO,1.0,,,,,,,,,,,,,1,
F6XUB8,F6XUB8_MONDO,ENSMODP00000034943,MONDO,1.0,,,,,,,,,,,,,1,
F6WC11,F6WC11_ORNAN,ENSOANP00000008540,ORNAN,1.0,,,,,,,,,,,,,1,
F6W966,F6W966_ORNAN,ENSOANP00000000237,ORNAN,1.0,,,,,,,,,,,,,1,
F6W957,F6W957_ORNAN,ENSOANP00000000239,ORNAN,1.0,,,,,,,,,,,,,1,
F6VTB2,F6VTB2_MONDO,ENSMODP00000029341,MONDO,1.0,,,,,,,,,,,,,1,
F6VJE7,F6VJE7_ORNAN,ENSOANP00000022646,ORNAN,1.0,,,,,,,,,,,,,1,
E1BDU4,E1BDU4_BOVIN,ENSBTAP00000042624,BOVIN,1.0,,,,,,,,,,,,,1,
E1BEI8,E1BEI8_BOVIN,ENSBTAP00000004342,BOVIN,1.0,,,,,,,,,,,,,1,
E1BEX9,E1BEX9_BOVIN,ENSBTAP00000048316,BOVIN,1.0,,,,,,,,,,,,,1,
F6VIE2,F6VIE2_MACMU,ENSMMUP00000026996,MACMU,1.0,,,,,,,,,,,,,1,
F6VHU8,F6VHU8_ORNAN,ENSOANP00000008552,ORNAN,1.0,,,,,,,,,,,,,1,
E1BEY7,E1BEY7_BOVIN,ENSBTAP00000050610,BOVIN,1.0,,,,,,,,,,,,,1,
E1BFC7,E1BFC7_BOVIN,ENSBTAP00000032334,BOVIN,1.0,,,,,,,,,,,,,1,
F6V1B4,F6V1B4_MONDO,ENSMODP00000038329,MONDO,1.0,,,,,,,,,,,1,,,
E1BFG8,E1BFG8_BOVIN,ENSBTAP00000049187,BOVIN,1.0,,,,,,,,,,,,,1,
E1BFI7,E1BFI7_BOVIN,ENSBTAP00000047851,BOVIN,1.0,,,,,,,,,,,,,1,
E1BFR3,E1BFR3_BOVIN,ENSBTAP00000050141,BOVIN,1.0,,,,,,,,,,,,,1,
E1BGJ3,E1BGJ3_BOVIN,ENSBTAP00000009943,BOVIN,1.0,,,,,,,,,,,,,1,
E1BGM4,E1BGM4_BOVIN,ENSBTAP00000025129,BOVIN,1.0,,,,,,,,,,,,,1,
E1BGV9,E1BGV9_BOVIN,ENSBTAP00000050556,BOVIN,1.0,,,,,,,,,,,,,1,
F6UYA4,F6UYA4_MONDO,ENSMODP00000015890,MONDO,1.0,,,,,,,,,,,,,1,
F6UM42,F6UM42_ORNAN,ENSOANP00000015319,ORNAN,1.0,,,,,,,,,,,,,1,
F6WEQ2,F6WEQ2_ORNAN,ENSOANP00000010644,ORNAN,1.0,,,,,,,,,,,,,1,
F6WFL8,F6WFL8_MONDO,ENSMODP00000033619,MONDO,1.0,,,,,,,,,,,,,1,
F6WFX4,F6WFX4_MONDO,ENSMODP00000033611,MONDO,1.0,,,,,,,,,,,,,1,
F6XGG8,F6XGG8_ORNAN,ENSOANP00000013962,ORNAN,1.0,,,,,,,,,,,,,1,
F6XU96,F6XU96_MONDO,ENSMODP00000034944,MONDO,1.0,,,,,,,,,,,,,1,
F6XU80,F6XU80_MONDO,ENSMODP00000034946,MONDO,1.0,,,,,,,,,,,,,1,
F6XU61,F6XU61_MONDO,ENSMODP00000034948,MONDO,1.0,,,,,,,,,,,,,1,
F6XU56,F6XU56_MONDO,ENSMODP00000034949,MONDO,1.0,,,,,,,,,,,,,1,
F6XTV4,F6XTV4_MONDO,ENSMODP00000034950,MONDO,1.0,,,,,,,,,,,,,1,
F6XME5,F6XME5_MONDO,ENSMODP00000024605,MONDO,1.0,,,,,,,,,,,,,1,
E1BCM5,E1BCM5_BOVIN,ENSBTAP00000047547,BOVIN,1.0,,,,,,,,,,,,,1,
F6XHW4,F6XHW4_MONDO,ENSMODP00000021282,MONDO,1.0,,,,,,,,,,,,,1,
F6XHT7,F6XHT7_MONDO,ENSMODP00000021287,MONDO,1.0,,,,,,,,,,,,,1,
F6XEU5,F6XEU5_ORNAN,ENSOANP00000027074,ORNAN,1.0,,,,,,,,,,,,,1,
F6WFZ1,F6WFZ1_MONDO,ENSMODP00000033610,MONDO,1.0,,,,,,,,,,,,,1,
F6XET5,F6XET5_ORNAN,ENSOANP00000027075,ORNAN,1.0,,,,,,,,,,,,,1,
F6XBM2,F6XBM2_ORNAN,ENSOANP00000008140,ORNAN,1.0,,,,,,,,,,,,,1,
F6X8S0,F6X8S0_MACMU,ENSMMUP00000005380,MACMU,1.0,,,,,,,,,,,1,,,
F6X3S5,F6X3S5_MONDO,ENSMODP00000012663,MONDO,1.0,,,,,,,,,,,1,,,
E1BD33,E1BD33_BOVIN,ENSBTAP00000047909,BOVIN,1.0,,,,,,,,,,,,,1,
F6WXH1,F6WXH1_MONDO,ENSMODP00000019179,MONDO,1.0,,,,,,,,,,,,,1,
F6WSR7,F6WSR7_ORNAN,ENSOANP00000013170,ORNAN,1.0,,,,,,,,,,,,,1,
F6WR58,F6WR58_ORNAN,ENSOANP00000025313,ORNAN,1.0,,,,,,,,,,,,,1,
F6WN41,F6WN41_MONDO,ENSMODP00000012682,MONDO,1.0,,,,,,,,,,,,,1,
D4ADA4,D4ADA4_RAT,nan,RAT,1.0,,,,,,,,,,,,,1,
D4AD42,D4AD42_RAT,nan,RAT,1.0,,,,,,,,,,,,,1,
D4AD00,D4AD00_RAT,nan,RAT,1.0,,,,,,,,,,,,,1,
F7BX16,F7BX16_MONDO,ENSMODP00000001916,MONDO,1.0,,,,,,,,,,,,,1,
F7CIS2,F7CIS2_MACMU,ENSMMUP00000010275,MACMU,1.0,,,,,,,,,,,,,1,
F7CHZ1,F7CHZ1_MACMU,ENSMMUP00000034238,MACMU,1.0,,,,,,,,,,,,,1,
F7CFA7,F7CFA7_ORNAN,ENSOANP00000013266,ORNAN,1.0,,,,,,,,,,,,,1,
F7CF93,F7CF93_ORNAN,ENSOANP00000013268,ORNAN,1.0,,,,,,,,,,,,,1,
F7CET0,F7CET0_ORNAN,ENSOANP00000013272,ORNAN,1.0,,,,,,,,,,,,,1,
F7CES4,F7CES4_ORNAN,ENSOANP00000013273,ORNAN,1.0,,,,,,,,,,,,,1,
F7CCE6,F7CCE6_MACMU,ENSMMUP00000034253,MACMU,1.0,,,,,,,,,,,,,1,
F7CC98,F7CC98_MACMU,ENSMMUP00000022280,MACMU,1.0,,,,,,,,,,,,,1,
F7CBA2,F7CBA2_MONDO,ENSMODP00000014795,MONDO,1.0,,,,,,,,,,,1,,,
F7CAJ6,F7CAJ6_MONDO,ENSMODP00000023031,MONDO,1.0,,,,,,,,,,,1,,,
F7CA97,F7CA97_MONDO,ENSMODP00000011065,MONDO,1.0,,,,,,,,,,,1,,,
D4AC00,D4AC00_RAT,nan,RAT,1.0,,,,,,,,,,,,,1,
F7C9I8,F7C9I8_ORNAN,ENSOANP00000022169,ORNAN,1.0,,,,,,,,,,,,,1,
F7C983,F7C983_ORNAN,ENSOANP00000018914,ORNAN,1.0,,,,,,,,,,,,,1,
F7C951,F7C951_MONDO,ENSMODP00000016095,MONDO,1.0,,,,,,,,,,,1,,,
F7C814,F7C814_MONDO,ENSMODP00000004295,MONDO,1.0,,,,,,,,,,,,,1,
F7C757,F7C757_MACMU,ENSMMUP00000018546,MACMU,1.0,,,,,,,,,,,1,,,
F7C735,F7C735_MACMU,ENSMMUP00000018549,MACMU,1.0,,,,,,,,,,,,,1,
F7C665,F7C665_MONDO,ENSMODP00000009432,MONDO,1.0,,,,,,,,,,,,,1,
F7C457,F7C457_MONDO,ENSMODP00000009606,MONDO,1.0,,,,,,,,,,,1,,,
D4AC35,nan,nan,nan,1.0,,,,,,,,,,,,,1,
D4ABS4,D4ABS4_RAT,nan,RAT,1.0,,,,,,,,,,,1,,,
F7CPB2,F7CPB2_MONDO,ENSMODP00000009425,MONDO,1.0,,,,,,,,,,,,,1,
F7CPV6,F7CPV6_MONDO,ENSMODP00000009406,MONDO,1.0,,,,,,,,,,,,,1,
F7D4Z9,F7D4Z9_MACMU,ENSMMUP00000006835,MACMU,1.0,,,,,,,,,,,,,1,
F7DG91,F7DG91_MONDO,ENSMODP00000033890,MONDO,1.0,,,,,,,,,,,,,1,
D4AAS4,nan,nan,nan,1.0,,,,,,,,,,,,,1,
F7D8M0,F7D8M0_MONDO,ENSMODP00000004766,MONDO,1.0,,,,,,,,,,,,,1,
F7D893,F7D893_MONDO,ENSMODP00000004770,MONDO,1.0,,,,,,,,,,,,,1,
F7D840,F7D840_MONDO,ENSMODP00000004779,MONDO,1.0,,,,,,,,,,,,,1,
F7D6V8,F7D6V8_MONDO,ENSMODP00000020178,MONDO,1.0,,,,,,,,,,,,,1,
D4AAX4,D4AAX4_RAT,nan,RAT,1.0,,,,,,,,,,,,,1,
D4AAZ7,D4AAZ7_RAT,nan,RAT,1.0,,,,,,,,,,,,,1,
F7D538,F7D538_MACMU,ENSMMUP00000006832,MACMU,1.0,,,,,,,,,,,1,,,
F7D4Y5,F7D4Y5_MACMU,ENSMMUP00000006836,MACMU,1.0,,,,,,,,,,,,,1,
D4ABP5,nan,nan,nan,1.0,,,,,,,,,,,,,1,
F7D3G0,F7D3G0_ORNAN,ENSOANP00000002227,ORNAN,1.0,,,,,,,,,,,,,1,
F7D2A4,F7D2A4_MONDO,ENSMODP00000018537,MONDO,1.0,,,,,,,,,,,,,1,
F7D298,F7D298_MONDO,ENSMODP00000018538,MONDO,1.0,,,,,,,,,,,,,1,
F7D1T0,F7D1T0_MONDO,ENSMODP00000018541,MONDO,1.0,,,,,,,,,,,,,1,
F7D1R9,F7D1R9_MONDO,ENSMODP00000018542,MONDO,1.0,,,,,,,,,,,,,1,
F7CWY8,F7CWY8_MONDO,ENSMODP00000034604,MONDO,1.0,,,,,,,,,,,1,,,
F7CWV4,F7CWV4_MOUSE,ENSMUSP00000077662,MOUSE,1.0,,,,,,,,,,,,,1,
F7CTK4,F7CTK4_MONDO,ENSMODP00000016069,MONDO,1.0,,,,,,,,,,,1,,,
D4ABL8,D4ABL8_RAT,nan,RAT,1.0,,,,,,,,,,,,,1,
F7C1Z5,F7C1Z5_MACMU,ENSMMUP00000018551,MACMU,1.0,,,,,,,,,,,,,1,
F7BVM6,F7BVM6_MACMU,ENSMMUP00000020895,MACMU,1.0,,,,,,,,,,,1,,,
D4ACZ8,D4ACZ8_RAT,nan,RAT,1.0,,,,,,,,,,,,,1,
F7BUG2,F7BUG2_MACMU,ENSMMUP00000001707,MACMU,1.0,,,,,,,,,,,,,1,
F7AD31,F7AD31_MONDO,ENSMODP00000011452,MONDO,1.0,,,,,,,,,,,,,1,
D4ACK5,D4ACK5_RAT,nan,RAT,1.0,,,,,,,,,,,,,1,
F7A800,F7A800_MONDO,ENSMODP00000025002,MONDO,1.0,,,,,,,,,,,1,,,
D4ACL1,D4ACL1_RAT,nan,RAT,1.0,,,,,,,,,,,,,1,
D4ACV1,D4ACV1_RAT,nan,RAT,1.0,,,,,,,,,,,,,1,
F7A6X5,F7A6X5_MACMU,ENSMMUP00000024854,MACMU,1.0,,,,,,,,,,,,,1,
F7A524,F7A524_ORNAN,ENSOANP00000018127,ORNAN,1.0,,,,,,,,,,,,,1,
F7A3B0,F7A3B0_MONDO,ENSMODP00000037561,MONDO,1.0,,,,,,,,,,,1,,,
F6ZWD7,F6ZWD7_ORNAN,ENSOANP00000015250,ORNAN,1.0,,,,,,,,,,,1,,,
F6ZUS0,F6ZUS0_MOUSE,ENSMUSP00000097249,MOUSE,1.0,,,,,,,,,,,,,1,
D4ACX4,D4ACX4_RAT,nan,RAT,1.0,,,,,,,,,,,,,1,
F6ZQ09,F6ZQ09_MONDO,ENSMODP00000004102,MONDO,1.0,,,,,,,,,,,,,1,
F6ZPX9,F6ZPX9_MONDO,ENSMODP00000004106,MONDO,1.0,,,,,,,,,,,,,1,
F6ZPM9,F6ZPM9_MONDO,ENSMODP00000004118,MONDO,1.0,,,,,,,,,,,,,1,
F6ZPI7,F6ZPI7_MACMU,ENSMMUP00000012764,MACMU,1.0,,,,,,,,,,,,,1,
F6ZPG6,F6ZPG6_MONDO,ENSMODP00000016100,MONDO,1.0,,,,,,,,,,,1,,,
F6ZMS3,F6ZMS3_MONDO,ENSMODP00000011479,MONDO,1.0,,,,,,,,,,,,,1,
F6ZMB9,F6ZMB9_ORNAN,ENSOANP00000005291,ORNAN,1.0,,,,,,,,,,,,,1,
D4ACY8,D4ACY8_RAT,nan,RAT,1.0,,,,,,,,,,,,,1,
F6ZH78,F6ZH78_ORNAN,ENSOANP00000028644,ORNAN,1.0,,,,,,,,,,,,,1,
F6ZH69,F6ZH69_MONDO,ENSMODP00000025034,MONDO,1.0,,,,,,,,,,,,,1,
D4ACJ6,D4ACJ6_RAT,nan,RAT,1.0,,,,,,,,,,,1,,,
F7AS35,F7AS35_ORNAN,ENSOANP00000006760,ORNAN,1.0,,,,,,,,,,,,,1,
F7AT43,F7AT43_MACMU,ENSMMUP00000018622,MACMU,1.0,,,,,,,,,,,1,,,
F7B6K1,F7B6K1_MONDO,ENSMODP00000034680,MONDO,1.0,,,,,,,,,,,,,1,
D4AC47,nan,nan,nan,1.0,,,,,,,,,,,,,1,
D4AC48,D4AC48_RAT,nan,RAT,1.0,,,,,,,,,,,,,1,
D4AC49,D4AC49_RAT,nan,RAT,1.0,,,,,,,,,,,,,1,
F7BNS7,F7BNS7_MACMU,ENSMMUP00000001738,MACMU,1.0,,,,,,,,,,,,,1,
F7BNN6,F7BNN6_ORNAN,ENSOANP00000020601,ORNAN,1.0,,,,,,,,,,,,,1,
F7BFU6,F7BFU6_MACMU,ENSMMUP00000025728,MACMU,1.0,,,,,,,,,,,1,,,
F7BAH6,F7BAH6_MONDO,ENSMODP00000001968,MONDO,1.0,,,,,,,,,,,1,,,
D4AC50,nan,nan,nan,1.0,,,,,,,,,,,,,1,
F7B7X8,F7B7X8_MONDO,ENSMODP00000034418,MONDO,1.0,,,,,,,,,,,,,1,
F7B6I8,F7B6I8_MONDO,ENSMODP00000034682,MONDO,1.0,,,,,,,,,,,,,1,
F7AUU4,F7AUU4_MONDO,ENSMODP00000013022,MONDO,1.0,,,,,,,,,,,1,,,
D4AC51,D4AC51_RAT,nan,RAT,1.0,,,,,,,,,,,,,1,
F7B4P5,F7B4P5_MONDO,ENSMODP00000033918,MONDO,1.0,,,,,,,,,,,1,,,
D4ACB1,D4ACB1_RAT,nan,RAT,1.0,,,,,,,,,,,,,1,
F7B277,F7B277_MONDO,ENSMODP00000011271,MONDO,1.0,,,,,,,,,,,,,1,
F7B0Y8,F7B0Y8_MACMU,ENSMMUP00000025780,MACMU,1.0,,,,,,,,,,,1,,,
F7B0T2,F7B0T2_MONDO,ENSMODP00000011415,MONDO,1.0,,,,,,,,,,,,,1,
F7B0I6,F7B0I6_MONDO,ENSMODP00000011426,MONDO,1.0,,,,,,,,,,,,,1,
F7B0E1,F7B0E1_MONDO,ENSMODP00000009116,MONDO,1.0,,,,,,,,,,,,,1,
F7AVT8,F7AVT8_ORNAN,ENSOANP00000020620,ORNAN,1.0,,,,,,,,,,,,,1,
F6ULF2,F6ULF2_MACMU,ENSMMUP00000007858,MACMU,1.0,,,,,,,,,,,,,1,
F6UFE3,F6UFE3_MONDO,ENSMODP00000008740,MONDO,1.0,,,,,,,,,,,,,1,
F6UEL3,F6UEL3_MONDO,ENSMODP00000008790,MONDO,1.0,,,,,,,,,,,,,1,
F1MR94,F1MR94_BOVIN,ENSBTAP00000024940,BOVIN,1.0,,,,,,,,,,,,,1,
F1NS90,F1NS90_CHICK,ENSGALP00000000210,CHICK,1.0,,,,,,,,,,,1,,,
F1NB91,F1NB91_CHICK,ENSGALP00000023619,CHICK,1.0,,,,,,,,,,,1,,,
F1N7U1,F1N7U1_BOVIN,ENSBTAP00000052220,BOVIN,1.0,,,,,,,,,,,,,1,
F1N6K2,F1N6K2_BOVIN,ENSBTAP00000052357,BOVIN,1.0,,,,,,,,,,,,,1,
E2RI25,E2RI25_CANFA,ENSCAFP00000033887,CANFA,1.0,,,,,,,,,,,,,1,
F1N2J3,F1N2J3_BOVIN,ENSBTAP00000002318,BOVIN,1.0,,,,,,,,,,,,,1,
E2RLF7,E2RLF7_CANFA,ENSCAFP00000033215,CANFA,1.0,,,,,,,,,,,,,1,
E2RPL6,E2RPL6_CANFA,ENSCAFP00000003308,CANFA,1.0,,,,,,,,,,,,,1,
F1N087,F1N087_BOVIN,ENSBTAP00000030404,BOVIN,1.0,,,,,,,,,,,1,,,
E2RRF7,E2RRF7_CANFA,ENSCAFP00000021076,CANFA,1.0,,,,,,,,,,,,,1,
F1MZ26,F1MZ26_BOVIN,ENSBTAP00000047175,BOVIN,1.0,,,,,,,,,,,,,1,
F1MXR7,F1MXR7_BOVIN,ENSBTAP00000028625,BOVIN,1.0,,,,,,,,,,,1,,,
F1MXR1,F1MXR1_BOVIN,ENSBTAP00000028631,BOVIN,1.0,,,,,,,,,,,,,1,
E9PT73,E9PT73_RAT,ENSRNOP00000042970,RAT,1.0,,,,,,,,,,,,,1,
F1MVW8,F1MVW8_BOVIN,ENSBTAP00000047998,BOVIN,1.0,,,,,,,,,,,,,1,
F1MV21,F1MV21_BOVIN,ENSBTAP00000004620,BOVIN,1.0,,,,,,,,,,,,,1,
E9PTU2,E9PTU2_RAT,ENSRNOP00000039964,RAT,1.0,,,,,,,,,,,,,1,
F1MUM1,F1MUM1_BOVIN,ENSBTAP00000049076,BOVIN,1.0,,,,,,,,,,,,,1,
F1MU73,F1MU73_BOVIN,ENSBTAP00000049172,BOVIN,1.0,,,,,,,,,,,1,,,
F1MT09,F1MT09_BOVIN,ENSBTAP00000036889,BOVIN,1.0,,,,,,,,,,,,,1,
F1MRS9,F1MRS9_BOVIN,ENSBTAP00000052014,BOVIN,1.0,,,,,,,,,,,,,1,
E2RGM7,E2RGM7_CANFA,ENSCAFP00000019011,CANFA,1.0,,,,,,,,,,,,,1,
E2RFK5,E2RFK5_CANFA,ENSCAFP00000001791,CANFA,1.0,,,,,,,,,,,,,1,
F1P7J6,F1P7J6_CANFA,ENSCAFP00000017325,CANFA,1.0,,,,,,,,,,,,,1,
F1PNE4,F1PNE4_CANFA,ENSCAFP00000001800,CANFA,1.0,,,,,,,,,,,,,1,
F1PR15,F1PR15_CANFA,ENSCAFP00000032878,CANFA,1.0,,,,,,,,,,,,,1,
F1PR11,F1PR11_CANFA,ENSCAFP00000032887,CANFA,1.0,,,,,,,,,,,,,1,
F1PR02,F1PR02_CANFA,ENSCAFP00000001700,CANFA,1.0,,,,,,,,,,,,,1,
F1PR01,F1PR01_CANFA,ENSCAFP00000001702,CANFA,1.0,,,,,,,,,,,,,1,
F1PQZ2,F1PQZ2_CANFA,ENSCAFP00000001716,CANFA,1.0,,,,,,,,,,,,,1,
F1PQJ2,F1PQJ2_CANFA,ENSCAFP00000034856,CANFA,1.0,,,,,,,,,,,,,1,
F1PQ72,F1PQ72_CANFA,ENSCAFP00000001782,CANFA,1.0,,,,,,,,,,,,,1,
F1PPN2,F1PPN2_CANFA,ENSCAFP00000027752,CANFA,1.0,,,,,,,,,,,,,1,
F1PNU8,F1PNU8_CANFA,ENSCAFP00000034905,CANFA,1.0,,,,,,,,,,,,,1,
F1PNE3,F1PNE3_CANFA,ENSCAFP00000001806,CANFA,1.0,,,,,,,,,,,,,1,
F1P7W1,F1P7W1_CANFA,ENSCAFP00000033636,CANFA,1.0,,,,,,,,,,,,,1,
F1PNE2,F1PNE2_CANFA,ENSCAFP00000001807,CANFA,1.0,,,,,,,,,,,,,1,
E2RBP7,E2RBP7_CANFA,ENSCAFP00000001810,CANFA,1.0,,,,,,,,,,,,,1,
F1PKK2,F1PKK2_CANFA,ENSCAFP00000003922,CANFA,1.0,,,,,,,,,,,,,1,
E2RBQ7,E2RBQ7_CANFA,ENSCAFP00000001805,CANFA,1.0,,,,,,,,,,,,,1,
F1PDG8,F1PDG8_CANFA,ENSCAFP00000017067,CANFA,1.0,,,,,,,,,,,,,1,
F1PCR4,F1PCR4_CANFA,ENSCAFP00000021996,CANFA,1.0,,,,,,,,,,,,,1,
E2REG2,E2REG2_CANFA,ENSCAFP00000033635,CANFA,1.0,,,,,,,,,,,,,1,
E2RFK0,E2RFK0_CANFA,ENSCAFP00000001799,CANFA,1.0,,,,,,,,,,,,,1,
F1P876,F1P876_CANFA,ENSCAFP00000021071,CANFA,1.0,,,,,,,,,,,,,1,
E9PV79,E9PV79_MOUSE,ENSMUSP00000087276,MOUSE,1.0,,,,,,,,,,,,,1,
F1MR68,F1MR68_BOVIN,ENSBTAP00000048729,BOVIN,1.0,,,,,,,,,,,,,1,
F1PU69,F1PU69_CANFA,ENSCAFP00000032785,CANFA,1.0,,,,,,,,,,,,,1,
F1MR48,F1MR48_BOVIN,ENSBTAP00000024942,BOVIN,1.0,,,,,,,,,,,,,1,
E9Q4J3,E9Q4J3_MOUSE,ENSMUSP00000074128,MOUSE,1.0,,,,,,,,,,,,,1,
F1MDY7,F1MDY7_BOVIN,ENSBTAP00000050726,BOVIN,1.0,,,,,,,,,,,,,1,
E9Q716,E9Q716_MOUSE,ENSMUSP00000079876,MOUSE,1.0,,,,,,,,,,,,,1,
F1MBY4,F1MBY4_BOVIN,ENSBTAP00000050553,BOVIN,1.0,,,,,,,,,,,,,1,
F1MBI7,F1MBI7_BOVIN,ENSBTAP00000031192,BOVIN,1.0,,,,,,,,,,,,,1,
F1MAR1,F1MAR1_RAT,ENSRNOP00000040929,RAT,1.0,,,,,,,,,,,,,1,
F1MAA6,F1MAA6_RAT,ENSRNOP00000041991,RAT,1.0,,,,,,,,,,,1,,,
F1M6J9,F1M6J9_RAT,ENSRNOP00000045878,RAT,1.0,,,,,,,,,,,,,1,
E9Q7W1,E9Q7W1_MOUSE,ENSMUSP00000072631,MOUSE,1.0,,,,,,,,,,,,,1,
F1M5I5,F1M5I5_RAT,ENSRNOP00000059451,RAT,1.0,,,,,,,,,,,,,1,
F1M3L9,F1M3L9_RAT,ENSRNOP00000011632,RAT,1.0,,,,,,,,,,,,,1,
E9Q840,E9Q840_MOUSE,ENSMUSP00000079451,MOUSE,1.0,,,,,,,,,,,,,1,
F1M1N8,F1M1N8_RAT,ENSRNOP00000037172,RAT,1.0,,,,,,,,,,,,,1,
F1LYP8,F1LYP8_RAT,ENSRNOP00000039457,RAT,1.0,,,,,,,,,,,,,1,
E9Q8F6,E9Q8F6_MOUSE,ENSMUSP00000093690,MOUSE,1.0,,,,,,,,,,,,,1,
F1LX44,F1LX44_RAT,ENSRNOP00000039283,RAT,1.0,,,,,,,,,,,,,1,
F1LWW9,F1LWW9_RAT,ENSRNOP00000041628,RAT,1.0,,,,,,,,,,,,,1,
E9Q8X1,E9Q8X1_MOUSE,ENSMUSP00000072231,MOUSE,1.0,,,,,,,,,,,,,1,
F1LVN2,F1LVN2_RAT,ENSRNOP00000062661,RAT,1.0,,,,,,,,,,,1,,,
E9Q9T3,E9Q9T3_MOUSE,ENSMUSP00000049578,MOUSE,1.0,,,,,,,,,,,,,1,
F1LU31,F1LU31_RAT,ENSRNOP00000039948,RAT,1.0,,,,,,,,,,,,,1,
F1MEP2,F1MEP2_BOVIN,ENSBTAP00000046723,BOVIN,1.0,,,,,,,,,,,1,,,
F1MFM4,F1MFM4_BOVIN,ENSBTAP00000048380,BOVIN,1.0,,,,,,,,,,,,,1,
F1MGH4,F1MGH4_BOVIN,ENSBTAP00000010658,BOVIN,1.0,,,,,,,,,,,,,1,
F1MLM1,F1MLM1_BOVIN,ENSBTAP00000034399,BOVIN,1.0,,,,,,,,,,,,,1,
F1MQZ3,F1MQZ3_BOVIN,ENSBTAP00000048810,BOVIN,1.0,,,,,,,,,,,,,1,
F1MPX9,F1MPX9_BOVIN,ENSBTAP00000041006,BOVIN,1.0,,,,,,,,,,,,,1,
F1MPX7,F1MPX7_BOVIN,ENSBTAP00000041008,BOVIN,1.0,,,,,,,,,,,,,1,
F1MPD7,F1MPD7_BOVIN,ENSBTAP00000044837,BOVIN,1.0,,,,,,,,,,,1,,,
F1MP80,F1MP80_BOVIN,ENSBTAP00000053081,BOVIN,1.0,,,,,,,,,,,,,1,
E9PYK6,E9PYK6_MOUSE,ENSMUSP00000078720,MOUSE,1.0,,,,,,,,,,,,,1,
F1MMU0,F1MMU0_BOVIN,ENSBTAP00000049913,BOVIN,1.0,,,,,,,,,,,,,1,
F1MMR1,F1MMR1_BOVIN,ENSBTAP00000049938,BOVIN,1.0,,,,,,,,,,,,,1,
F1MLW5,F1MLW5_BOVIN,ENSBTAP00000018558,BOVIN,1.0,,,,,,,,,,,,,1,
F1MKF7,F1MKF7_BOVIN,ENSBTAP00000049610,BOVIN,1.0,,,,,,,,,,,,,1,
F1MH05,F1MH05_BOVIN,ENSBTAP00000010718,BOVIN,1.0,,,,,,,,,,,,,1,
E9PYP4,E9PYP4_MOUSE,ENSMUSP00000076285,MOUSE,1.0,,,,,,,,,,,,,1,
F1MJK8,F1MJK8_BOVIN,ENSBTAP00000049535,BOVIN,1.0,,,,,,,,,,,,,1,
F1MJ86,F1MJ86_BOVIN,ENSBTAP00000051798,BOVIN,1.0,,,,,,,,,,,,,1,
F1MIJ7,F1MIJ7_BOVIN,ENSBTAP00000051885,BOVIN,1.0,,,,,,,,,,,,,1,
F1MI86,F1MI86_BOVIN,ENSBTAP00000051618,BOVIN,1.0,,,,,,,,,,,,,1,
F1MI80,F1MI80_BOVIN,ENSBTAP00000049308,BOVIN,1.0,,,,,,,,,,,,,1,
E9Q0Y7,E9Q0Y7_MOUSE,ENSMUSP00000050893,MOUSE,1.0,,,,,,,,,,,1,,,
E9Q1P0,E9Q1P0_MOUSE,ENSMUSP00000074740,MOUSE,1.0,,,,,,,,,,,,,1,
F1MHD1,F1MHD1_BOVIN,ENSBTAP00000050036,BOVIN,1.0,,,,,,,,,,,,,1,
F1PRV3,F1PRV3_CANFA,ENSCAFP00000032825,CANFA,1.0,,,,,,,,,,,,,1,
F1PXA7,F1PXA7_CANFA,ENSCAFP00000030334,CANFA,1.0,,,,,,,,,,,,,1,
F6UCG1,F6UCG1_ORNAN,ENSOANP00000017341,ORNAN,1.0,,,,,,,,,,,,,1,
E1BN41,E1BN41_BOVIN,ENSBTAP00000046414,BOVIN,1.0,,,,,,,,,,,,,1,
F6SM72,F6SM72_MONDO,ENSMODP00000033545,MONDO,1.0,,,,,,,,,,,1,,,
E1BHX4,E1BHX4_BOVIN,ENSBTAP00000047781,BOVIN,1.0,,,,,,,,,,,,,1,
F6SJW8,F6SJW8_MACMU,ENSMMUP00000037188,MACMU,1.0,,,,,,,,,,,,,1,
E1BI55,E1BI55_BOVIN,ENSBTAP00000008503,BOVIN,1.0,,,,,,,,,,,,,1,
F6SJJ9,F6SJJ9_MACMU,ENSMMUP00000037193,MACMU,1.0,,,,,,,,,,,,,1,
F6SJJ1,F6SJJ1_MACMU,ENSMMUP00000037194,MACMU,1.0,,,,,,,,,,,,,1,
E1BKS7,E1BKS7_BOVIN,ENSBTAP00000043685,BOVIN,1.0,,,,,,,,,,,,,1,
F6SJH6,F6SJH6_MACMU,ENSMMUP00000037196,MACMU,1.0,,,,,,,,,,,,,1,
F6SD67,F6SD67_MACMU,ENSMMUP00000006012,MACMU,1.0,,,,,,,,,,,1,,,
F6SAV3,F6SAV3_MONDO,ENSMODP00000012777,MONDO,1.0,,,,,,,,,,,,,1,
F6S8G0,F6S8G0_MONDO,ENSMODP00000024938,MONDO,1.0,,,,,,,,,,,,,1,
F6S4J5,F6S4J5_ORNAN,ENSOANP00000018676,ORNAN,1.0,,,,,,,,,,,,,1,
F6RQ25,F6RQ25_MONDO,ENSMODP00000012968,MONDO,1.0,,,,,,,,,,,1,,,
F6RPF9,F6RPF9_MONDO,ENSMODP00000024944,MONDO,1.0,,,,,,,,,,,,,1,
F6RP87,F6RP87_MONDO,ENSMODP00000012977,MONDO,1.0,,,,,,,,,,,,,1,
E1BLN0,E1BLN0_BOVIN,ENSBTAP00000030742,BOVIN,1.0,,,,,,,,,,,,,1,
F6RN82,F6RN82_MONDO,ENSMODP00000024961,MONDO,1.0,,,,,,,,,,,,,1,
E1BM68,E1BM68_BOVIN,ENSBTAP00000014524,BOVIN,1.0,,,,,,,,,,,,,1,
F6RLE0,F6RLE0_ORNAN,ENSOANP00000028391,ORNAN,1.0,,,,,,,,,,,,,1,
F6RJ40,F6RJ40_MACMU,ENSMMUP00000001038,MACMU,1.0,,,,,,,,,,,,,1,
F6RHL2,F6RHL2_ORNAN,ENSOANP00000011905,ORNAN,1.0,,,,,,,,,,,,,1,
F6SMA7,F6SMA7_MONDO,ENSMODP00000033543,MONDO,1.0,,,,,,,,,,,1,,,
F6SMC9,F6SMC9_MONDO,ENSMODP00000033542,MONDO,1.0,,,,,,,,,,,1,,,
E1BHQ6,E1BHQ6_BOVIN,ENSBTAP00000001104,BOVIN,1.0,,,,,,,,,,,,,1,
F6TQT2,F6TQT2_ORNAN,ENSOANP00000015348,ORNAN,1.0,,,,,,,,,,,,,1,
F6UBL1,F6UBL1_ORNAN,ENSOANP00000023498,ORNAN,1.0,,,,,,,,,,,,,1,
F6U9J8,F6U9J8_ORNAN,ENSOANP00000004503,ORNAN,1.0,,,,,,,,,,,,,1,
F6U8V4,F6U8V4_MONDO,ENSMODP00000031859,MONDO,1.0,,,,,,,,,,,,,1,
F6U8H3,F6U8H3_MONDO,ENSMODP00000031862,MONDO,1.0,,,,,,,,,,,,,1,
F6U7Z1,F6U7Z1_MONDO,ENSMODP00000031870,MONDO,1.0,,,,,,,,,,,,,1,
F6U7A7,F6U7A7_ORNAN,ENSOANP00000016707,ORNAN,1.0,,,,,,,,,,,,,1,
F6U325,F6U325_MACMU,ENSMMUP00000023293,MACMU,1.0,,,,,,,,,,,,,1,
F6TXQ9,F6TXQ9_MACMU,ENSMMUP00000021833,MACMU,1.0,,,,,,,,,,,,,1,
F6TVS9,F6TVS9_MACMU,ENSMMUP00000007591,MACMU,1.0,,,,,,,,,,,,,1,
F6TPE6,F6TPE6_ORNAN,ENSOANP00000003538,ORNAN,1.0,,,,,,,,,,,,,1,
F6SMY9,F6SMY9_MONDO,ENSMODP00000033539,MONDO,1.0,,,,,,,,,,,1,,,
F6TKB0,F6TKB0_MACMU,ENSMMUP00000014576,MACMU,1.0,,,,,,,,,,,,,1,
F6THP1,F6THP1_MACMU,ENSMMUP00000011111,MACMU,1.0,,,,,,,,,,,,,1,
F6T7H7,F6T7H7_MONDO,ENSMODP00000029955,MONDO,1.0,,,,,,,,,,,1,,,
F6T705,F6T705_MONDO,ENSMODP00000029960,MONDO,1.0,,,,,,,,,,,1,,,
F6T4Y4,F6T4Y4_ORNAN,ENSOANP00000018233,ORNAN,1.0,,,,,,,,,,,,,1,
F6SRI8,F6SRI8_ORNAN,ENSOANP00000027713,ORNAN,1.0,,,,,,,,,,,,,1,
F6SN86,F6SN86_MACMU,ENSMMUP00000020148,MACMU,1.0,,,,,,,,,,,,,1,
F6SN05,F6SN05_MONDO,ENSMODP00000033537,MONDO,1.0,,,,,,,,,,,1,,,
F6SMZ7,F6SMZ7_MONDO,ENSMODP00000033538,MONDO,1.0,,,,,,,,,,,1,,,
F6R4T6,F6R4T6_ORNAN,ENSOANP00000027198,ORNAN,1.0,,,,,,,,,,,,,1,
F6QY87,F6QY87_MONDO,ENSMODP00000038291,MONDO,1.0,,,,,,,,,,,,,1,
F1PY32,F1PY32_CANFA,ENSCAFP00000016888,CANFA,1.0,,,,,,,,,,,,,1,
F6QY56,F6QY56_MONDO,ENSMODP00000038294,MONDO,1.0,,,,,,,,,,,,,1,
F6PJA5,F6PJA5_MONDO,ENSMODP00000015580,MONDO,1.0,,,,,,,,,,,,,1,
F1Q4G1,F1Q4G1_CANFA,ENSCAFP00000035215,CANFA,1.0,,,,,,,,,,,,,1,
E1BPG6,E1BPG6_BOVIN,ENSBTAP00000052933,BOVIN,1.0,,,,,,,,,,,,,1,
F1Q321,F1Q321_CANFA,ENSCAFP00000016571,CANFA,1.0,,,,,,,,,,,,,1,
F1Q2Q7,F1Q2Q7_CANFA,ENSCAFP00000011329,CANFA,1.0,,,,,,,,,,,,,1,
F1Q1U2,F1Q1U2_CANFA,ENSCAFP00000016625,CANFA,1.0,,,,,,,,,,,,,1,
E1C5F0,E1C5F0_CHICK,nan,CHICK,1.0,,,,,,,,,,,1,,,
F1Q1A1,F1Q1A1_CANFA,ENSCAFP00000011810,CANFA,1.0,,,,,,,,,,,,,1,
F1Q197,F1Q197_CANFA,ENSCAFP00000011819,CANFA,1.0,,,,,,,,,,,,,1,
F1Q0X7,F1Q0X7_CANFA,ENSCAFP00000011868,CANFA,1.0,,,,,,,,,,,,,1,
F1Q0T7,F1Q0T7_CANFA,ENSCAFP00000011452,CANFA,1.0,,,,,,,,,,,,,1,
F1Q0T6,F1Q0T6_CANFA,ENSCAFP00000011453,CANFA,1.0,,,,,,,,,,,,,1,
F1Q0T5,F1Q0T5_CANFA,ENSCAFP00000011455,CANFA,1.0,,,,,,,,,,,,,1,
E2R0Q6,E2R0Q6_CANFA,ENSCAFP00000011877,CANFA,1.0,,,,,,,,,,,,,1,
E2R0T1,E2R0T1_CANFA,ENSCAFP00000011864,CANFA,1.0,,,,,,,,,,,,,1,
E2R1U1,E2R1U1_CANFA,ENSCAFP00000011828,CANFA,1.0,,,,,,,,,,,,,1,
F1PZM5,F1PZM5_CANFA,ENSCAFP00000011983,CANFA,1.0,,,,,,,,,,,,,1,
F1PZM3,F1PZM3_CANFA,ENSCAFP00000011987,CANFA,1.0,,,,,,,,,,,,,1,
F1PZD2,F1PZD2_CANFA,ENSCAFP00000035511,CANFA,1.0,,,,,,,,,,,,,1,
F1PYK8,F1PYK8_CANFA,ENSCAFP00000016860,CANFA,1.0,,,,,,,,,,,1,,,
F1PYF9,F1PYF9_CANFA,ENSCAFP00000035163,CANFA,1.0,,,,,,,,,,,,,1,
F6Q2J7,F6Q2J7_ORNAN,ENSOANP00000010737,ORNAN,1.0,,,,,,,,,,,,,1,
F6Q2K7,F6Q2K7_ORNAN,ENSOANP00000010736,ORNAN,1.0,,,,,,,,,,,,,1,
F6Q2L6,F6Q2L6_ORNAN,ENSOANP00000010735,ORNAN,1.0,,,,,,,,,,,,,1,
F6QRX6,F6QRX6_MACMU,ENSMMUP00000037563,MACMU,1.0,,,,,,,,,,,,,1,
F6QXC1,F6QXC1_MACMU,ENSMMUP00000013267,MACMU,1.0,,,,,,,,,,,,,1,
F6QWG6,F6QWG6_MONDO,ENSMODP00000026422,MONDO,1.0,,,,,,,,,,,,,1,
F6QVF8,F6QVF8_MONDO,ENSMODP00000010948,MONDO,1.0,,,,,,,,,,,,,1,
F6QS97,F6QS97_MACMU,ENSMMUP00000037559,MACMU,1.0,,,,,,,,,,,,,1,
F6QS09,F6QS09_MONDO,ENSMODP00000031233,MONDO,1.0,,,,,,,,,,,,,1,
F6QS03,F6QS03_MACMU,ENSMMUP00000037560,MACMU,1.0,,,,,,,,,,,,,1,
F6QRZ5,F6QRZ5_MACMU,ENSMMUP00000037561,MACMU,1.0,,,,,,,,,,,,,1,
F6QRY6,F6QRY6_MACMU,ENSMMUP00000037562,MACMU,1.0,,,,,,,,,,,,,1,
F6QRX8,F6QRX8_MONDO,ENSMODP00000031236,MONDO,1.0,,,,,,,,,,,,,1,
F6QRW0,F6QRW0_MACMU,ENSMMUP00000037565,MACMU,1.0,,,,,,,,,,,,,1,
F6Q2M6,F6Q2M6_ORNAN,ENSOANP00000010733,ORNAN,1.0,,,,,,,,,,,,,1,
F6QRS0,F6QRS0_MACMU,ENSMMUP00000037569,MACMU,1.0,,,,,,,,,,,,,1,
F6QRL4,F6QRL4_MACMU,ENSMMUP00000037570,MACMU,1.0,,,,,,,,,,,1,,,
F6QKB7,F6QKB7_ORNAN,ENSOANP00000023914,ORNAN,1.0,,,,,,,,,,,,,1,
F6QGL9,F6QGL9_MACMU,ENSMMUP00000037260,MACMU,1.0,,,,,,,,,,,,,1,
F6QGK8,F6QGK8_MACMU,ENSMMUP00000037261,MACMU,1.0,,,,,,,,,,,,,1,
F6QGD7,F6QGD7_MACMU,ENSMMUP00000037269,MACMU,1.0,,,,,,,,,,,1,,,
F6QG51,F6QG51_MACMU,ENSMMUP00000037270,MACMU,1.0,,,,,,,,,,,,,1,
F6QAR0,F6QAR0_ORNAN,ENSOANP00000013839,ORNAN,1.0,,,,,,,,,,,,,1,
F6Q2P3,F6Q2P3_ORNAN,ENSOANP00000010731,ORNAN,1.0,,,,,,,,,,,,,1,
F7DG96,F7DG96_MONDO,ENSMODP00000033889,MONDO,1.0,,,,,,,,,,,,,1,
D4AAM4,nan,nan,nan,1.0,,,,,,,,,,,,,1,
D3ZPR3,D3ZPR3_RAT,nan,RAT,1.0,,,,,,,,,,,,,1,
H9H9A5,H9H9A5_MONDO,ENSMODP00000027385,MONDO,1.0,,,,,,,,,,,,,1,
D3ZVS3,D3ZVS3_RAT,nan,RAT,1.0,,,,,,,,,,,,,1,
H9H830,H9H830_MONDO,ENSMODP00000026951,MONDO,1.0,,,,,,,,,,,,,1,
D3ZVZ0,D3ZVZ0_RAT,nan,RAT,1.0,,,,,,,,,,,,,1,
H9H5T6,H9H5T6_MACMU,ENSMMUP00000041384,MACMU,1.0,,,,,,,,,,,,,1,
H9H581,H9H581_MACMU,ENSMMUP00000037471,MACMU,1.0,,,,,,,,,,,,,1,
H9H510,H9H510_MACMU,ENSMMUP00000035895,MACMU,1.0,,,,,,,,,,,,,1,
H9H4G5,H9H4G5_MACMU,ENSMMUP00000032252,MACMU,1.0,,,,,,,,,,,,,1,
H9H4G2,H9H4G2_MACMU,ENSMMUP00000032249,MACMU,1.0,,,,,,,,,,,,,1,
H9H476,H9H476_MACMU,ENSMMUP00000027591,MACMU,1.0,,,,,,,,,,,1,,,
D3ZWF1,D3ZWF1_RAT,nan,RAT,1.0,,,,,,,,,,,,,1,
H9H3S9,H9H3S9_MACMU,ENSMMUP00000020185,MACMU,1.0,,,,,,,,,,,,,1,
H9H3P1,H9H3P1_MACMU,ENSMMUP00000018481,MACMU,1.0,,,,,,,,,,,,,1,
D3ZWG7,D3ZWG7_RAT,nan,RAT,1.0,,,,,,,,,,,,,1,
H9GWF9,H9GWF9_CANFA,ENSCAFP00000035675,CANFA,1.0,,,,,,,,,,,,,1,
H2V2F9,H2V2F9_TAKRU,ENSTRUP00000043390,TAKRU,1.0,,,,,,,,,,,1,,,
H2UVU0,H2UVU0_TAKRU,ENSTRUP00000041068,TAKRU,1.0,,,,,,,,,,,1,,,
H2TMQ7,H2TMQ7_TAKRU,ENSTRUP00000025963,TAKRU,1.0,,,,,,,,,,,1,,,
H2T014,H2T014_TAKRU,ENSTRUP00000018002,TAKRU,1.0,,,,,,,,,,,1,,,
H2S7C3,H2S7C3_TAKRU,ENSTRUP00000008295,TAKRU,1.0,,,,,,,,,,,1,,,
H2S6S7,H2S6S7_TAKRU,ENSTRUP00000008099,TAKRU,1.0,,,,,,,,,,,1,,,
H2RXN6,H2RXN6_TAKRU,ENSTRUP00000004906,TAKRU,1.0,,,,,,,,,,,1,,,
H9H9A2,H9H9A2_MONDO,ENSMODP00000027382,MONDO,1.0,,,,,,,,,,,,,1,
K7N5P3,K7N5P3_MOUSE,ENSMUSP00000039040,MOUSE,1.0,,,,,,,,,,,,,1,
D4AAG7,D4AAG7_RAT,nan,RAT,1.0,,,,,,,,,,,,,1,
K7N5T5,K7N5T5_MOUSE,ENSMUSP00000071224,MOUSE,1.0,,,,,,,,,,,,,1,
M0QVY8,M0QVY8_BOVIN,ENSBTAP00000003469,BOVIN,1.0,,,,,,,,,,,1,,,
L7N205,L7N205_MOUSE,ENSMUSP00000086719,MOUSE,1.0,,,,,,,,,,,,,1,
L7N1Z8,L7N1Z8_MOUSE,ENSMUSP00000077604,MOUSE,1.0,,,,,,,,,,,,,1,
L7N1Y8,L7N1Y8_MOUSE,ENSMUSP00000072407,MOUSE,1.0,,,,,,,,,,,,,1,
L7N1Y5,L7N1Y5_MOUSE,ENSMUSP00000071824,MOUSE,1.0,,,,,,,,,,,,,1,
L7N1X7,L7N1X7_MOUSE,ENSMUSP00000059540,MOUSE,1.0,,,,,,,,,,,,,1,
D3ZTS7,D3ZTS7_RAT,nan,RAT,1.0,,,,,,,,,,,,,1,
L7N1X3,L7N1X3_MOUSE,ENSMUSP00000053192,MOUSE,1.0,,,,,,,,,,,,,1,
L7N0Q1,L7N0Q1_CANFA,ENSCAFP00000035777,CANFA,1.0,,,,,,,,,,,,,1,
L7N0P5,L7N0P5_CANFA,ENSCAFP00000035415,CANFA,1.0,,,,,,,,,,,,,1,
L7N0N4,L7N0N4_CANFA,ENSCAFP00000034636,CANFA,1.0,,,,,,,,,,,,,1,
L7N0K7,L7N0K7_CANFA,ENSCAFP00000032818,CANFA,1.0,,,,,,,,,,,,,1,
L7N0B5,L7N0B5_CANFA,ENSCAFP00000013444,CANFA,1.0,,,,,,,,,,,,,1,
D3ZV28,D3ZV28_RAT,nan,RAT,1.0,,,,,,,,,,,,,1,
D3ZV77,nan,nan,nan,1.0,,,,,,,,,,,,,1,
D3ZVM8,D3ZVM8_RAT,nan,RAT,1.0,,,,,,,,,,,,,1,
L7N057,L7N057_CANFA,ENSCAFP00000003920,CANFA,1.0,,,,,,,,,,,,,1,
L7N056,L7N056_CANFA,ENSCAFP00000003916,CANFA,1.0,,,,,,,,,,,,,1,
L7N054,L7N054_CANFA,ENSCAFP00000001796,CANFA,1.0,,,,,,,,,,,,,1,
L7N053,L7N053_CANFA,ENSCAFP00000001785,CANFA,1.0,,,,,,,,,,,,,1,
K7N641,K7N641_MOUSE,ENSMUSP00000080740,MOUSE,1.0,,,,,,,,,,,,,1,
H2RCX3,H2RCX3_PANTR,ENSPTRP00000057936,PANTR,1.0,,,,,,,,,,,,,1,
H2RB31,H2RB31_PANTR,ENSPTRP00000054937,PANTR,1.0,,,,,,,,,,,1,,,
H2RAQ3,H2RAQ3_PANTR,ENSPTRP00000054313,PANTR,1.0,,,,,,,,,,,,,1,
H2R9G6,H2R9G6_PANTR,ENSPTRP00000052823,PANTR,1.0,,,,,,,,,,,,,1,
H2R1W5,H2R1W5_PANTR,ENSPTRP00000042993,PANTR,1.0,,,,,,,,,,,,,1,
H2R187,H2R187_PANTR,ENSPTRP00000041964,PANTR,1.0,,,,,,,,,,,,,1,
D3ZXY0,D3ZXY0_RAT,nan,RAT,1.0,,,,,,,,,,,,,1,
H2QXM3,H2QXM3_PANTR,ENSPTRP00000036246,PANTR,1.0,,,,,,,,,,,,,1,
H2QXM2,H2QXM2_PANTR,ENSPTRP00000036245,PANTR,1.0,,,,,,,,,,,,,1,
H2QX93,H2QX93_PANTR,ENSPTRP00000035792,PANTR,1.0,,,,,,,,,,,,,1,
H2QX92,H2QX92_PANTR,ENSPTRP00000035791,PANTR,1.0,,,,,,,,,,,,,1,
H2QSL0,H2QSL0_PANTR,ENSPTRP00000030501,PANTR,1.0,,,,,,,,,,,,,1,
H2QS20,H2QS20_PANTR,ENSPTRP00000029977,PANTR,1.0,,,,,,,,,,,1,,,
H2QMZ7,H2QMZ7_PANTR,ENSPTRP00000026144,PANTR,1.0,,,,,,,,,,,,,1,
H2QFM9,H2QFM9_PANTR,ENSPTRP00000018146,PANTR,1.0,,,,,,,,,,,,,1,
H2QF90,H2QF90_PANTR,ENSPTRP00000017747,PANTR,1.0,,,,,,,,,,,,,1,
H2QBW1,H2QBW1_PANTR,ENSPTRP00000014615,PANTR,1.0,,,,,,,,,,,1,,,
H2Q7V7,H2Q7V7_PANTR,ENSPTRP00000010331,PANTR,1.0,,,,,,,,,,,1,,,
H2Q655,H2Q655_PANTR,ENSPTRP00000008595,PANTR,1.0,,,,,,,,,,,,,1,
H2Q507,H2Q507_PANTR,ENSPTRP00000007557,PANTR,1.0,,,,,,,,,,,,,1,
D3ZYE0,D3ZYE0_RAT,nan,RAT,1.0,,,,,,,,,,,,,1,
H2Q4J7,H2Q4J7_PANTR,ENSPTRP00000007177,PANTR,1.0,,,,,,,,,,,,,1,
D3ZYE4,D3ZYE4_RAT,nan,RAT,1.0,,,,,,,,,,,,,1,
H2Q3P8,H2Q3P8_PANTR,ENSPTRP00000006344,PANTR,1.0,,,,,,,,,,,,,1,
H2Q3P7,H2Q3P7_PANTR,ENSPTRP00000006343,PANTR,1.0,,,,,,,,,,,,,1,
D3ZXT0,D3ZXT0_RAT,nan,RAT,1.0,,,,,,,,,,,,,1,
H2R2R1,H2R2R1_PANTR,ENSPTRP00000044329,PANTR,1.0,,,,,,,,,,,1,,,
H2R355,H2R355_PANTR,ENSPTRP00000044948,PANTR,1.0,,,,,,,,,,,,,1,
D3ZWI7,nan,nan,nan,1.0,,,,,,,,,,,,,1,
H2R8J5,H2R8J5_PANTR,ENSPTRP00000051693,PANTR,1.0,,,,,,,,,,,,,1,
H2R852,H2R852_PANTR,ENSPTRP00000051204,PANTR,1.0,,,,,,,,,,,,,1,
H2R7Y1,H2R7Y1_PANTR,ENSPTRP00000050954,PANTR,1.0,,,,,,,,,,,,,1,
H2R7Y0,H2R7Y0_PANTR,ENSPTRP00000050952,PANTR,1.0,,,,,,,,,,,,,1,
H2R7X8,H2R7X8_PANTR,ENSPTRP00000050950,PANTR,1.0,,,,,,,,,,,,,1,
H2R7X7,H2R7X7_PANTR,ENSPTRP00000050948,PANTR,1.0,,,,,,,,,,,,,1,
H2R7X6,H2R7X6_PANTR,ENSPTRP00000050947,PANTR,1.0,,,,,,,,,,,,,1,
H2R7X5,H2R7X5_PANTR,ENSPTRP00000050946,PANTR,1.0,,,,,,,,,,,,,1,
H2R7U1,H2R7U1_PANTR,ENSPTRP00000050812,PANTR,1.0,,,,,,,,,,,,,1,
H2R7T8,H2R7T8_PANTR,ENSPTRP00000050807,PANTR,1.0,,,,,,,,,,,,,1,
H2R3D8,H2R3D8_PANTR,ENSPTRP00000045343,PANTR,1.0,,,,,,,,,,,,,1,
D3ZX28,D3ZX28_RAT,nan,RAT,1.0,,,,,,,,,,,,,1,
D3ZX55,D3ZX55_RAT,nan,RAT,1.0,,,,,,,,,,,,,1,
D3ZX88,D3ZX88_RAT,nan,RAT,1.0,,,,,,,,,,,,,1,
H2R7S9,H2R7S9_PANTR,ENSPTRP00000050771,PANTR,1.0,,,,,,,,,,,,,1,
H2R7F6,H2R7F6_PANTR,ENSPTRP00000050314,PANTR,1.0,,,,,,,,,,,,,1,
H2R6H4,H2R6H4_PANTR,ENSPTRP00000049124,PANTR,1.0,,,,,,,,,,,,,1,
D3ZXC4,nan,nan,nan,1.0,,,,,,,,,,,,,1,
H2R5E7,H2R5E7_PANTR,ENSPTRP00000048082,PANTR,1.0,,,,,,,,,,,1,,,
H2R4W8,H2R4W8_PANTR,ENSPTRP00000047588,PANTR,1.0,,,,,,,,,,,,,1,
M0QW35,M0QW35_BOVIN,ENSBTAP00000038889,BOVIN,1.0,,,,,,,,,,,,,1,
O17899,O17899_CAEEL,nan,CAEEL,1.0,,,,,,,,,,,1,,,
O35184,O35184_RAT,nan,RAT,1.0,,,,,,,,,,,,,1,
Q6IEZ7,OR2T5_HUMAN,nan,HUMAN,1.0,,,,,,,,,,,,,1,
D3ZRY8,D3ZRY8_RAT,nan,RAT,1.0,,,,,,,,,,,,,1,
Q7TR29,Q7TR29_MOUSE,nan,MOUSE,1.0,,,,,,,,,,,,,1,
Q7TQT1,Q7TQT1_MOUSE,nan,MOUSE,1.0,,,,,,,,,,,,,1,
Q7TQR9,Q7TQR9_MOUSE,nan,MOUSE,1.0,,,,,,,,,,,,,1,
E9QAT7,E9QAT7_MOUSE,ENSMUSP00000052798,MOUSE,1.0,,,,,,,,,,,,,1,
D3ZS20,D3ZS20_RAT,nan,RAT,1.0,,,,,,,,,,,,,1,
D3ZS90,nan,nan,nan,1.0,,,,,,,,,,,,,1,
D3ZSI2,D3ZSI2_RAT,nan,RAT,1.0,,,,,,,,,,,,,1,
D3ZSI9,D3ZSI9_RAT,nan,RAT,1.0,,,,,,,,,,,,,1,
Q7TQQ3,Q7TQQ3_MOUSE,nan,MOUSE,1.0,,,,,,,,,,,,,1,
Q7TQQ2,Q7TQQ2_MOUSE,nan,MOUSE,1.0,,,,,,,,,,,,,1,
Q7PRZ2,Q7PRZ2_ANOGA,nan,ANOGA,1.0,,,,,,,,,,,1,,,
Q7PRU8,Q7PRU8_ANOGA,nan,ANOGA,1.0,,,,,,,,,,,1,,,
Q7PR06,Q7PR06_ANOGA,nan,ANOGA,1.0,,,,,,,,,,,1,,,
Q7PQX8,Q7PQX8_ANOGA,nan,ANOGA,1.0,,,,,,,,,,,1,,,
Q7PNR0,Q7PNR0_ANOGA,nan,ANOGA,1.0,,,,,,,,,,,1,,,
Q792R9,Q792R9_RAT,nan,RAT,1.0,,,,,,,,,,,,,1,
Q6W071,Q6W071_MOUSE,nan,MOUSE,1.0,,,,,,,,,,,,,1,
D3ZSM3,D3ZSM3_RAT,nan,RAT,1.0,,,,,,,,,,,,,1,
Q6SMY7,Q6SMY7_MACMU,ENSMMUP00000026167,MACMU,1.0,,,,,,,,,,,,,1,
Q6IF99,O10K2_HUMAN,nan,HUMAN,1.0,,,,,,,,,,,,,1,
D3ZRY4,D3ZRY4_RAT,nan,RAT,1.0,,,,,,,,,,,,,1,
D3ZRV8,D3ZRV8_RAT,nan,RAT,1.0,,,,,,,,,,,1,,,
D3ZRU1,D3ZRU1_RAT,nan,RAT,1.0,,,,,,,,,,,,,1,
Q7TR72,Q7TR72_MOUSE,nan,MOUSE,1.0,,,,,,,,,,,,,1,
D3ZQD6,D3ZQD6_RAT,nan,RAT,1.0,,,,,,,,,,,,,1,
Q7TR85,Q7TR85_MOUSE,nan,MOUSE,1.0,,,,,,,,,,,,,1,
D3ZQE6,D3ZQE6_RAT,nan,RAT,1.0,,,,,,,,,,,,,1,
D3ZQI2,D3ZQI2_RAT,nan,RAT,1.0,,,,,,,,,,,,,1,
Q7TR80,Q7TR80_MOUSE,nan,MOUSE,1.0,,,,,,,,,,,,,1,
D3ZQK3,D3ZQK3_RAT,nan,RAT,1.0,,,,,,,,,,,,,1,
Q7TR76,Q7TR76_MOUSE,nan,MOUSE,1.0,,,,,,,,,,,,,1,
Q7TR75,Q7TR75_MOUSE,nan,MOUSE,1.0,,,,,,,,,,,,,1,
D3ZQS4,D3ZQS4_RAT,nan,RAT,1.0,,,,,,,,,,,1,,,
Q7TR71,Q7TR71_MOUSE,nan,MOUSE,1.0,,,,,,,,,,,,,1,
D3ZRR0,D3ZRR0_RAT,nan,RAT,1.0,,,,,,,,,,,,,1,
Q7TR70,Q7TR70_MOUSE,nan,MOUSE,1.0,,,,,,,,,,,,,1,
Q7TR67,Q7TR67_MOUSE,nan,MOUSE,1.0,,,,,,,,,,,,,1,
Q7TR64,Q7TR64_MOUSE,nan,MOUSE,1.0,,,,,,,,,,,,,1,
Q7TR63,Q7TR63_MOUSE,nan,MOUSE,1.0,,,,,,,,,,,,,1,
D3ZQT3,D3ZQT3_RAT,nan,RAT,1.0,,,,,,,,,,,,,1,
D3ZQT5,D3ZQT5_RAT,nan,RAT,1.0,,,,,,,,,,,,,1,
D3ZQV5,D3ZQV5_RAT,nan,RAT,1.0,,,,,,,,,,,,,1,
D3ZQX7,D3ZQX7_RAT,nan,RAT,1.0,,,,,,,,,,,1,,,
D3ZRP9,nan,nan,nan,1.0,,,,,,,,,,,,,1,
Q6IF00,OR2T2_HUMAN,nan,HUMAN,1.0,,,,,,,,,,,,,1,
Q6IEU7,OR5MA_HUMAN,nan,HUMAN,1.0,,,,,,,,,,,,,1,
O43869,OR2T1_HUMAN,nan,HUMAN,1.0,,,,,,,,,,,,,1,
Q63395,Q63395_RAT,nan,RAT,1.0,,,,,,,,,,,,,1,
Q2PRH5,Q2PRH5_DANRE,nan,DANRE,1.0,,,,,,,,,1,,,,,
Q15617,OR8G1_HUMAN,nan,HUMAN,1.0,,,,,,,,,,,,,1,
Q15614,OR8G2_HUMAN,nan,HUMAN,1.0,,,,,,,,,,,,,1,
Q14AJ9,Q14AJ9_MOUSE,nan,MOUSE,1.0,,,,,,,,,,,,,1,
D3ZT49,D3ZT49_RAT,nan,RAT,1.0,,,,,,,,,,,,,1,
D3ZT66,D3ZT66_RAT,nan,RAT,1.0,,,,,,,,,,,,,1,
D3ZTF8,D3ZTF8_RAT,nan,RAT,1.0,,,,,,,,,,,,,1,
Q0MQ71,Q0MQ71_BOVIN,ENSBTAP00000001437,BOVIN,1.0,,,,,,,,,,,,,1,
P47881,OR3A1_HUMAN,nan,HUMAN,1.0,,,,,,,,,,,1,,,
P37072,OLF6_CHICK,nan,CHICK,1.0,,,,,,,,,,,,,1,
P0C629,O10J4_HUMAN,nan,HUMAN,1.0,,,,,,,,,,,,,1,
P0C628,O5AC1_HUMAN,nan,HUMAN,1.0,,,,,,,,,,,,,1,
P0C617,O5AL1_HUMAN,nan,HUMAN,1.0,,,,,,,,,,,,,1,
D3ZTQ9,nan,nan,nan,1.0,,,,,,,,,,,,,1,
O76000,OR2B3_HUMAN,nan,HUMAN,1.0,,,,,,,,,,,,,1,
O70271,O70271_RAT,nan,RAT,1.0,,,,,,,,,,,1,,,
O70270,O70270_RAT,nan,RAT,1.0,,,,,,,,,,,,,1,
O70268,O70268_RAT,nan,RAT,1.0,,,,,,,,,,,,,1,
O70267,O70267_RAT,nan,RAT,1.0,,,,,,,,,,,,,1,
O70266,O70266_RAT,nan,RAT,1.0,,,,,,,,,,,,,1,
O60403,O10H2_HUMAN,nan,HUMAN,1.0,,,,,,,,,,,,,1,
Q2PRJ6,Q2PRJ6_DANRE,nan,DANRE,1.0,,,,,,,,,,,1,,,
Q2PRK2,Q2PRK2_DANRE,nan,DANRE,1.0,,,,,,,,,,,1,,,
Q3B889,Q3B889_MOUSE,nan,MOUSE,1.0,,,,,,,,,,,,,1,
Q5USB7,Q5USB7_RAT,nan,RAT,1.0,,,,,,,,,,,,,1,
Q62943,Q62943_RAT,nan,RAT,1.0,,,,,,,,,,,,,1,
Q62942,Q62942_RAT,nan,RAT,1.0,,,,,,,,,,,,,1,
Q62942,Q62942_RAT,ENSRNOP00000045723,RAT,1.0,,,,,,,,,,,,,1,
Q62342,Q62342_MOUSE,nan,MOUSE,1.0,,,,,,,,,,,,,1,
Q60895,OL150_MOUSE,nan,MOUSE,1.0,,,,,,,,,,,,,1,
Q60894,OLF12_MOUSE,nan,MOUSE,1.0,,,,,,,,,,,,,1,
D3ZSQ8,D3ZSQ8_RAT,nan,RAT,1.0,,,,,,,,,,,,,1,
Q60886,OL147_MOUSE,nan,MOUSE,1.0,,,,,,,,,,,,,1,
D3ZT21,D3ZT21_RAT,nan,RAT,1.0,,,,,,,,,,1,,,,
Q5NCD8,nan,nan,nan,1.0,,,,,,,,,,,,,1,
Q4LBB6,OCTB3_DROME,nan,DROME,1.0,,,,,,,,,,,1,,,
Q5NCD7,Q5NCD7_MOUSE,nan,MOUSE,1.0,,,,,,,,,,,,,1,
Q5NCD5,nan,nan,nan,1.0,,,,,,,,,,,,,1,
Q5NCD3,Q5NCD3_MOUSE,nan,MOUSE,1.0,,,,,,,,,,,,,1,
Q5NCD2,Q5NCD2_MOUSE,nan,MOUSE,1.0,,,,,,,,,,,,,1,
Q5NCC7,Q5NCC7_MOUSE,nan,MOUSE,1.0,,,,,,,,,,,,,1,
Q5NC45,Q5NC45_MOUSE,nan,MOUSE,1.0,,,,,,,,,,,,,1,
Q5NC44,Q5NC44_MOUSE,nan,MOUSE,1.0,,,,,,,,,,,,,1,
Q5CZY0,Q5CZY0_MOUSE,nan,MOUSE,1.0,,,,,,,,,,,,,1,
Q4LBB9,OCTB2_DROME,nan,DROME,1.0,,,,,,,,,,,1,,,
H2Q3N4,H2Q3N4_PANTR,ENSPTRP00000006305,PANTR,1.0,,,,,,,,,,,,,1,
D3ZYI1,nan,nan,nan,1.0,,,,,,,,,,,,,1,
D3ZYQ1,D3ZYQ1_RAT,nan,RAT,1.0,,,,,,,,,,,,,1,
D4A8J0,nan,nan,nan,1.0,,,,,,,,,,,,,1,
F7FR66,F7FR66_MONDO,ENSMODP00000028187,MONDO,1.0,,,,,,,,,,,1,,,
D4A841,D4A841_RAT,nan,RAT,1.0,,,,,,,,,,,1,,,
F7FR58,F7FR58_MONDO,ENSMODP00000028190,MONDO,1.0,,,,,,,,,,,1,,,
F7FR39,F7FR39_ORNAN,ENSOANP00000026041,ORNAN,1.0,,,,,,,,,,,,,1,
F7FQK8,F7FQK8_ORNAN,ENSOANP00000007141,ORNAN,1.0,,,,,,,,,,,,,1,
F7FQF6,F7FQF6_MACMU,ENSMMUP00000021229,MACMU,1.0,,,,,,,,,,,,,1,
D4A846,D4A846_RAT,nan,RAT,1.0,,,,,,,,,,,1,,,
F7FQ56,F7FQ56_ORNAN,ENSOANP00000021440,ORNAN,1.0,,,,,,,,,,,,,1,
F7FNT5,F7FNT5_ORNAN,ENSOANP00000019347,ORNAN,1.0,,,,,,,,,,,,,1,
F7FKI6,F7FKI6_ORNAN,ENSOANP00000005555,ORNAN,1.0,,,,,,,,,,,,,1,
F7FK14,F7FK14_ORNAN,ENSOANP00000005575,ORNAN,1.0,,,,,,,,,,,1,,,
F7FIK9,F7FIK9_ORNAN,ENSOANP00000026098,ORNAN,1.0,,,,,,,,,,,,,1,
F7FHN4,F7FHN4_ORNAN,ENSOANP00000019153,ORNAN,1.0,,,,,,,,,,,,,1,
F7FET1,F7FET1_MONDO,ENSMODP00000007530,MONDO,1.0,,,,,,,,,,,,,1,
F7FE53,F7FE53_MONDO,ENSMODP00000007759,MONDO,1.0,,,,,,,,,,,,,1,
F7FDZ4,F7FDZ4_MONDO,ENSMODP00000007769,MONDO,1.0,,,,,,,,,,,,,1,
F7FD88,F7FD88_MONDO,ENSMODP00000007951,MONDO,1.0,,,,,,,,,,,,,1,
F7FCB4,F7FCB4_MONDO,ENSMODP00000011350,MONDO,1.0,,,,,,,,,,,,,1,
F7FC01,F7FC01_ORNAN,ENSOANP00000005797,ORNAN,1.0,,,,,,,,,,,1,,,
F7F8S1,F7F8S1_ORNAN,ENSOANP00000002500,ORNAN,1.0,,,,,,,,,,,,,1,
D4A8I2,D4A8I2_RAT,nan,RAT,1.0,,,,,,,,,,,,,1,
F7FRK7,F7FRK7_MONDO,ENSMODP00000011199,MONDO,1.0,,,,,,,,,,,,,1,
F7FSM4,F7FSM4_ORNAN,ENSOANP00000005502,ORNAN,1.0,,,,,,,,,,,,,1,
F7FTD5,F7FTD5_MACMU,ENSMMUP00000021255,MACMU,1.0,,,,,,,,,,,,,1,
F7FZ75,F7FZ75_MACMU,ENSMMUP00000019226,MACMU,1.0,,,,,,,,,,,,,1,
F7G6C0,F7G6C0_ORNAN,ENSOANP00000026661,ORNAN,1.0,,,,,,,,,,,,,1,
F7G581,F7G581_MONDO,ENSMODP00000003133,MONDO,1.0,,,,,,,,,,,,,1,
F7G4B3,F7G4B3_ORNAN,ENSOANP00000012656,ORNAN,1.0,,,,,,,,,,,,,1,
F7G1R5,F7G1R5_MONDO,ENSMODP00000030473,MONDO,1.0,,,,,,,,,,,,,1,
F7FZY8,F7FZY8_MONDO,ENSMODP00000009383,MONDO,1.0,,,,,,,,,,,,,1,
F7FZW1,F7FZW1_MONDO,ENSMODP00000009388,MONDO,1.0,,,,,,,,,,,,,1,
F7FZV7,F7FZV7_ORNAN,ENSOANP00000007723,ORNAN,1.0,,,,,,,,,,,,,1,
F7FZV3,F7FZV3_ORNAN,ENSOANP00000007724,ORNAN,1.0,,,,,,,,,,,,,1,
F7FZF6,F7FZF6_ORNAN,ENSOANP00000019937,ORNAN,1.0,,,,,,,,,,,,,1,
F7FZ71,F7FZ71_MACMU,ENSMMUP00000019227,MACMU,1.0,,,,,,,,,,,,,1,
F7FTD8,F7FTD8_MACMU,ENSMMUP00000021254,MACMU,1.0,,,,,,,,,,,,,1,
D4A6R0,nan,nan,nan,1.0,,,,,,,,,,,,,1,
F7FYV6,F7FYV6_ORNAN,ENSOANP00000012661,ORNAN,1.0,,,,,,,,,,,,,1,
F7FVS4,F7FVS4_ORNAN,ENSOANP00000021619,ORNAN,1.0,,,,,,,,,,,,,1,
D4A6Y2,D4A6Y2_RAT,nan,RAT,1.0,,,,,,,,,,,,,1,
D4A796,nan,nan,nan,1.0,,,,,,,,,,,,,1,
D4A7L2,D4A7L2_RAT,nan,RAT,1.0,,,,,,,,,,,,,1,
D4A808,D4A808_RAT,nan,RAT,1.0,,,,,,,,,,,,,1,
F7FTR7,F7FTR7_MACMU,ENSMMUP00000021239,MACMU,1.0,,,,,,,,,,,,,1,
F7FTE2,F7FTE2_MACMU,ENSMMUP00000021253,MACMU,1.0,,,,,,,,,,,,,1,
F7F6I6,F7F6I6_ORNAN,ENSOANP00000014947,ORNAN,1.0,,,,,,,,,,,,,1,
F7F0R3,F7F0R3_MACMU,ENSMMUP00000030867,MACMU,1.0,,,,,,,,,,,1,,,
F7G803,F7G803_MONDO,ENSMODP00000013299,MONDO,1.0,,,,,,,,,,,,,1,
F7F0L7,F7F0L7_MONDO,ENSMODP00000033825,MONDO,1.0,,,,,,,,,,,,,1,
D4AAC8,nan,nan,nan,1.0,,,,,,,,,,,,,1,
F7E0L5,F7E0L5_MONDO,ENSMODP00000033876,MONDO,1.0,,,,,,,,,,,,,1,
D4AAC9,nan,nan,nan,1.0,,,,,,,,,,,,,1,
F7DZT7,F7DZT7_ORNAN,ENSOANP00000000585,ORNAN,1.0,,,,,,,,,,,,,1,
F7DZE0,F7DZE0_ORNAN,ENSOANP00000000595,ORNAN,1.0,,,,,,,,,,,,,1,
D4AAD9,nan,nan,nan,1.0,,,,,,,,,,,,,1,
D4AAE0,D4AAE0_RAT,nan,RAT,1.0,,,,,,,,,,,,,1,
F7DXW7,F7DXW7_ORNAN,ENSOANP00000019016,ORNAN,1.0,,,,,,,,,,,1,,,
F7DSS0,F7DSS0_MONDO,ENSMODP00000020137,MONDO,1.0,,,,,,,,,,,,,1,
F7DSC5,F7DSC5_MONDO,ENSMODP00000020144,MONDO,1.0,,,,,,,,,,,,,1,
F7DRH8,F7DRH8_MONDO,ENSMODP00000025140,MONDO,1.0,,,,,,,,,,,,,1,
F7DRC8,F7DRC8_MONDO,ENSMODP00000025146,MONDO,1.0,,,,,,,,,,,,,1,
F7DQU2,F7DQU2_MONDO,ENSMODP00000025154,MONDO,1.0,,,,,,,,,,,,,1,
D4AAE1,D4AAE1_RAT,nan,RAT,1.0,,,,,,,,,,,,,1,
D4AAF2,D4AAF2_RAT,nan,RAT,1.0,,,,,,,,,,,,,1,
F7DPX8,F7DPX8_MACMU,ENSMMUP00000023482,MACMU,1.0,,,,,,,,,,,,,1,
F7DM99,F7DM99_MONDO,ENSMODP00000018518,MONDO,1.0,,,,,,,,,,,,,1,
F7DM13,F7DM13_ORNAN,ENSOANP00000021573,ORNAN,1.0,,,,,,,,,,,,,1,
F7DGE9,F7DGE9_MONDO,ENSMODP00000033880,MONDO,1.0,,,,,,,,,,,,,1,
F7DGE3,F7DGE3_MONDO,ENSMODP00000033881,MONDO,1.0,,,,,,,,,,,,,1,
D4AAF4,D4AAF4_RAT,nan,RAT,1.0,,,,,,,,,,,,,1,
F7E178,F7E178_MONDO,ENSMODP00000033860,MONDO,1.0,,,,,,,,,,,,,1,
F7E388,F7E388_MACMU,ENSMMUP00000028611,MACMU,1.0,,,,,,,,,,,,,1,
F7E404,F7E404_ORNAN,ENSOANP00000021723,ORNAN,1.0,,,,,,,,,,,,,1,
F7EI94,F7EI94_MONDO,ENSMODP00000033839,MONDO,1.0,,,,,,,,,,,,,1,
F7F0L3,F7F0L3_MONDO,ENSMODP00000033826,MONDO,1.0,,,,,,,,,,,,,1,
F7F0H7,F7F0H7_MONDO,ENSMODP00000007796,MONDO,1.0,,,,,,,,,,,,,1,
F7EZ25,F7EZ25_ORNAN,ENSOANP00000002993,ORNAN,1.0,,,,,,,,,,,,,1,
F7ETG5,F7ETG5_ORNAN,ENSOANP00000026518,ORNAN,1.0,,,,,,,,,,,,,1,
F7ES51,F7ES51_ORNAN,ENSOANP00000026725,ORNAN,1.0,,,,,,,,,,,,,1,
F7ENR2,F7ENR2_ORNAN,ENSOANP00000024740,ORNAN,1.0,,,,,,,,,,,,,1,
F7EIE9,F7EIE9_MONDO,ENSMODP00000033830,MONDO,1.0,,,,,,,,,,,,,1,
D4A9G7,D4A9G7_RAT,nan,RAT,1.0,,,,,,,,,,,,,1,
D4A9G8,nan,nan,nan,1.0,,,,,,,,,,,,,1,
F7EI24,F7EI24_MONDO,ENSMODP00000033840,MONDO,1.0,,,,,,,,,,,,,1,
F7E4E8,F7E4E8_MACMU,ENSMMUP00000016482,MACMU,1.0,,,,,,,,,,,,,1,
D4A9I2,D4A9I2_RAT,nan,RAT,1.0,,,,,,,,,,,,,1,
D4AA28,D4AA28_RAT,nan,RAT,1.0,,,,,,,,,,,,,1,
D4AA37,D4AA37_RAT,nan,RAT,1.0,,,,,,,,,,,,,1,
F7EG65,F7EG65_ORNAN,ENSOANP00000012501,ORNAN,1.0,,,,,,,,,,,,,1,
F7EFD6,F7EFD6_MONDO,ENSMODP00000009083,MONDO,1.0,,,,,,,,,,,1,,,
F7EE71,F7EE71_ORNAN,ENSOANP00000024998,ORNAN,1.0,,,,,,,,,,,,,1,
F7ED86,F7ED86_ORNAN,ENSOANP00000026186,ORNAN,1.0,,,,,,,,,,,,,1,
F7ED81,F7ED81_ORNAN,ENSOANP00000026187,ORNAN,1.0,,,,,,,,,,,,,1,
F7EB04,F7EB04_ORNAN,ENSOANP00000026785,ORNAN,1.0,,,,,,,,,,,,,1,
F7G768,F7G768_ORNAN,ENSOANP00000026458,ORNAN,1.0,,,,,,,,,,,,,1,
D4A5A1,nan,nan,nan,1.0,,,,,,,,,,,,,1,
D3ZYS6,D3ZYS6_RAT,nan,RAT,1.0,,,,,,,,,,,,,1,
G3V8V2,G3V8V2_RAT,ENSRNOP00000028608,RAT,1.0,,,,,,,,,,,,,1,
H2Q1H5,H2Q1H5_PANTR,ENSPTRP00000003746,PANTR,1.0,,,,,,,,,,,,,1,
H2Q1H2,H2Q1H2_PANTR,ENSPTRP00000003735,PANTR,1.0,,,,,,,,,,,,,1,
H2Q1H0,H2Q1H0_PANTR,ENSPTRP00000003730,PANTR,1.0,,,,,,,,,,,,,1,
H2Q0B6,H2Q0B6_PANTR,ENSPTRP00000002532,PANTR,1.0,,,,,,,,,,,,,1,
G7MFG3,G7MFG3_MACMU,ENSMMUP00000007353,MACMU,1.0,,,,,,,,,,,,,1,
G5E6F4,G5E6F4_BOVIN,ENSBTAP00000051700,BOVIN,1.0,,,,,,,,,,,,,1,
G5E6B8,G5E6B8_BOVIN,ENSBTAP00000050186,BOVIN,1.0,,,,,,,,,,,,,1,
G5E5X6,G5E5X6_BOVIN,ENSBTAP00000037425,BOVIN,1.0,,,,,,,,,,,,,1,
G5E5X2,G5E5X2_BOVIN,ENSBTAP00000037043,BOVIN,1.0,,,,,,,,,,,,,1,
D4A1N4,nan,nan,nan,1.0,,,,,,,,,,,,,1,
G3X868,G3X868_BOVIN,ENSBTAP00000049822,BOVIN,1.0,,,,,,,,,,,,,1,
G3X865,G3X865_BOVIN,ENSBTAP00000049482,BOVIN,1.0,,,,,,,,,,,,,1,
G3X829,G3X829_BOVIN,ENSBTAP00000047192,BOVIN,1.0,,,,,,,,,,,,,1,
G3X828,G3X828_BOVIN,ENSBTAP00000047191,BOVIN,1.0,,,,,,,,,,,,,1,
G3X827,G3X827_BOVIN,ENSBTAP00000047189,BOVIN,1.0,,,,,,,,,,,,,1,
G3X826,G3X826_BOVIN,ENSBTAP00000047186,BOVIN,1.0,,,,,,,,,,,,,1,
G3X818,G3X818_BOVIN,ENSBTAP00000046912,BOVIN,1.0,,,,,,,,,,,,,1,
G3X7H2,G3X7H2_BOVIN,ENSBTAP00000028184,BOVIN,1.0,,,,,,,,,,,,,1,
G3X6E7,G3X6E7_BOVIN,ENSBTAP00000005524,BOVIN,1.0,,,,,,,,,,,1,,,
G3V9Z0,G3V9Z0_RAT,ENSRNOP00000063503,RAT,1.0,,,,,,,,,,,,,1,
G3V9G9,G3V9G9_RAT,ENSRNOP00000047260,RAT,1.0,,,,,,,,,,,,,1,
H2Q1H6,H2Q1H6_PANTR,ENSPTRP00000003748,PANTR,1.0,,,,,,,,,,,,,1,
H2Q1H7,H2Q1H7_PANTR,ENSPTRP00000003749,PANTR,1.0,,,,,,,,,,,,,1,
H2Q1H8,H2Q1H8_PANTR,ENSPTRP00000003750,PANTR,1.0,,,,,,,,,,,,,1,
D4A0C0,D4A0C0_RAT,nan,RAT,1.0,,,,,,,,,,,1,,,
H2Q3M8,H2Q3M8_PANTR,ENSPTRP00000006291,PANTR,1.0,,,,,,,,,,,,,1,
H2Q3M7,H2Q3M7_PANTR,ENSPTRP00000006289,PANTR,1.0,,,,,,,,,,,,,1,
H2Q3M6,H2Q3M6_PANTR,ENSPTRP00000006288,PANTR,1.0,,,,,,,,,,,,,1,
H2Q3M5,H2Q3M5_PANTR,ENSPTRP00000006287,PANTR,1.0,,,,,,,,,,,,,1,
D3ZZH4,nan,nan,nan,1.0,,,,,,,,,,,,,1,
H2Q3M2,H2Q3M2_PANTR,ENSPTRP00000006283,PANTR,1.0,,,,,,,,,,,,,1,
D3ZZM5,D3ZZM5_RAT,nan,RAT,1.0,,,,,,,,,,,,,1,
D4A012,D4A012_RAT,nan,RAT,1.0,,,,,,,,,,,,,1,
D4A026,D4A026_RAT,nan,RAT,1.0,,,,,,,,,,,,,1,
D4A0C2,D4A0C2_RAT,nan,RAT,1.0,,,,,,,,,,,1,,,
D4A1E3,D4A1E3_RAT,nan,RAT,1.0,,,,,,,,,,,,,1,
D4A0P9,D4A0P9_RAT,nan,RAT,1.0,,,,,,,,,,,,,1,
D4A103,D4A103_RAT,nan,RAT,1.0,,,,,,,,,,,,,1,
D4A178,D4A178_RAT,nan,RAT,1.0,,,,,,,,,,,,,1,
H2Q344,H2Q344_PANTR,ENSPTRP00000005805,PANTR,1.0,,,,,,,,,,,,,1,
H2Q343,H2Q343_PANTR,ENSPTRP00000005803,PANTR,1.0,,,,,,,,,,,,,1,
H2Q329,H2Q329_PANTR,ENSPTRP00000005784,PANTR,1.0,,,,,,,,,,,,,1,
D4A1C9,nan,nan,nan,1.0,,,,,,,,,,,,,1,
H2Q1I1,H2Q1I1_PANTR,ENSPTRP00000003754,PANTR,1.0,,,,,,,,,,,,,1,
H2Q1I0,H2Q1I0_PANTR,ENSPTRP00000003752,PANTR,1.0,,,,,,,,,,,,,1,
G3V9E6,G3V9E6_RAT,ENSRNOP00000043969,RAT,1.0,,,,,,,,,,,,,1,
D4A232,D4A232_RAT,nan,RAT,1.0,,,,,,,,,,,,,1,
D4A571,D4A571_RAT,nan,RAT,1.0,,,,,,,,,,,,,1,
G3V6P0,G3V6P0_RAT,ENSRNOP00000007229,RAT,1.0,,,,,,,,,,,,,1,
F7GLP2,F7GLP2_MACMU,ENSMMUP00000014323,MACMU,1.0,,,,,,,,,,,,,1,
F7GL88,F7GL88_MACMU,ENSMMUP00000033154,MACMU,1.0,,,,,,,,,,,,,1,
F7GKW8,F7GKW8_MONDO,ENSMODP00000004170,MONDO,1.0,,,,,,,,,,,,,1,
D4A3H7,D4A3H7_RAT,nan,RAT,1.0,,,,,,,,,,,,,1,
F7GKQ0,F7GKQ0_MONDO,ENSMODP00000016154,MONDO,1.0,,,,,,,,,,,1,,,
F7GKL8,F7GKL8_MONDO,ENSMODP00000004186,MONDO,1.0,,,,,,,,,,,,,1,
F7GKJ4,F7GKJ4_MONDO,ENSMODP00000009195,MONDO,1.0,,,,,,,,,,,,,1,
D4A3K0,D4A3K0_RAT,nan,RAT,1.0,,,,,,,,,,,,,1,
D4A431,D4A431_RAT,nan,RAT,1.0,,,,,,,,,,,,,1,
D4A443,nan,nan,nan,1.0,,,,,,,,,,,,,1,
F7GIH2,F7GIH2_MONDO,ENSMODP00000025079,MONDO,1.0,,,,,,,,,,,,,1,
F7GIF6,F7GIF6_MACMU,ENSMMUP00000033179,MACMU,1.0,,,,,,,,,,,1,,,
D4A4A0,D4A4A0_RAT,nan,RAT,1.0,,,,,,,,,,,,,1,
D4A4K2,nan,nan,nan,1.0,,,,,,,,,,,,,1,
D4A4M8,D4A4M8_RAT,nan,RAT,1.0,,,,,,,,,,,,,1,
F7GHU4,F7GHU4_MONDO,ENSMODP00000025237,MONDO,1.0,,,,,,,,,,,,,1,
F7GHU2,F7GHU2_MONDO,ENSMODP00000025238,MONDO,1.0,,,,,,,,,,,,,1,
F7GHU0,F7GHU0_MONDO,ENSMODP00000025239,MONDO,1.0,,,,,,,,,,,,,1,
F7GHL8,F7GHL8_MONDO,ENSMODP00000025240,MONDO,1.0,,,,,,,,,,,,,1,
F7GD56,F7GD56_ORNAN,ENSOANP00000026426,ORNAN,1.0,,,,,,,,,,,,,1,
D4A4Z8,nan,nan,nan,1.0,,,,,,,,,,,,,1,
F7GNZ3,F7GNZ3_MACMU,ENSMMUP00000026168,MACMU,1.0,,,,,,,,,,,,,1,
D4A326,nan,nan,nan,1.0,,,,,,,,,,,,,1,
F7GT01,F7GT01_MACMU,ENSMMUP00000007152,MACMU,1.0,,,,,,,,,,,,,1,
F7HFZ4,F7HFZ4_MACMU,ENSMMUP00000031036,MACMU,1.0,,,,,,,,,,,,,1,
F8VQ90,F8VQ90_MOUSE,ENSMUSP00000128358,MOUSE,1.0,,,,,,,,,,,,,1,
D4A293,nan,nan,nan,1.0,,,,,,,,,,,,,1,
F7HTC9,F7HTC9_MACMU,ENSMMUP00000031329,MACMU,1.0,,,,,,,,,,,,,1,
F7HT48,F7HT48_MACMU,ENSMMUP00000027294,MACMU,1.0,,,,,,,,,,,,,1,
F7HRV9,F7HRV9_MACMU,ENSMMUP00000008630,MACMU,1.0,,,,,,,,,,,,,1,
D4A2D1,D4A2D1_RAT,nan,RAT,1.0,,,,,,,,,,,,,1,
F7HLG7,F7HLG7_MACMU,ENSMMUP00000008179,MACMU,1.0,,,,,,,,,,,,,1,
F7HKX2,F7HKX2_MACMU,ENSMMUP00000039487,MACMU,1.0,,,,,,,,,,,,,1,
F7HKN8,F7HKN8_MACMU,ENSMMUP00000039601,MACMU,1.0,,,,,,,,,,,,,1,
F7HES1,F7HES1_MACMU,ENSMMUP00000024273,MACMU,1.0,,,,,,,,,,,,,1,
F7GT69,F7GT69_MACMU,ENSMMUP00000021424,MACMU,1.0,,,,,,,,,,,,,1,
F7HER9,F7HER9_MACMU,ENSMMUP00000024274,MACMU,1.0,,,,,,,,,,,1,,,
D4A2F3,D4A2F3_RAT,nan,RAT,1.0,,,,,,,,,,,,,1,
D4A2H3,D4A2H3_RAT,nan,RAT,1.0,,,,,,,,,,,,,1,
F7HBY8,F7HBY8_MACMU,ENSMMUP00000010691,MACMU,1.0,,,,,,,,,,,,,1,
D4A2Y4,D4A2Y4_RAT,nan,RAT,1.0,,,,,,,,,,,,,1,
F7H2V8,F7H2V8_MACMU,ENSMMUP00000008252,MACMU,1.0,,,,,,,,,,,1,,,
F7H1W1,F7H1W1_MACMU,ENSMMUP00000008794,MACMU,1.0,,,,,,,,,,,,,1,
F7GV40,F7GV40_MACMU,ENSMMUP00000014105,MACMU,1.0,,,,,,,,,,,,,1,
D4A300,D4A300_RAT,nan,RAT,1.0,,,,,,,,,,,,,1,
A0A096P6M5,A0A096P6M5_RAT,ENSRNOP00000047074,RAT,1.0,,,,,,,,,,,1,,,
